PULocationID,DOLocationID,pickup_hour,avg_trip_time,avg_fare_amount,std_trip_time,num_trips,avg_trip_miles,std_trip_miles,avg_speed_mph,std_speed_mph
1,6,0,0.36999999999999994,77.83333333333333,0.006567550231964956,3,15.493333333333334,0.41932485418030363,41.86949439974234,0.4377399470105393
1,6,23,0.35458333333333336,76.9,0.01276720577142375,2,15.379999999999999,0.5374011537017765,43.37568502993129,0.046209567713712256
1,48,11,0.9240277777777778,96.5,0.15772409591466602,2,17.41,1.0748023074035544,19.22070155166722,4.443989868314802
1,132,14,1.726388888888889,165.96666666666667,0.8279673067888074,3,23.47,20.31720207115143,19.337616196512037,17.965524944304047
1,132,17,0.9272222222222223,153.55,0.18816897121575354,2,36.815,0.30405591591021275,40.50542706580518,7.892184255656532
1,132,18,1.2329166666666667,147.75,0.23275598214057186,2,37.379999999999995,2.2344574285494905,30.69424730477591,3.9822742134011953
1,132,20,0.9559722222222222,151.25,0.289717361736155,2,38.975,3.924442635585337,42.08040413394105,8.647720967952498
1,138,12,0.8659722222222223,111.15,0.3231085152921864,2,29.425,3.7830212793480302,37.39728277097641,18.322067826522858
1,138,14,0.9212499999999999,117.65,0.21507831261090818,2,27.885,6.908433252192571,32.01656090388485,14.97367831425183
1,161,15,1.2048611111111112,104.0,0.6118437842766932,2,20.665,6.455884912233179,18.128277225547805,3.8475711309064526
1,231,20,0.45694444444444443,73.05,0.15084944665313008,2,13.11,0.8626702730475878,30.01449482112853,8.020667953954046
3,1,1,0.6608333333333334,90.83500000000001,0.10174480907073093,2,31.735,3.3587572106361008,48.202752227960005,2.3388992859744406
3,1,2,0.74375,83.57000000000001,0.12193878118968013,6,29.624,1.2583379514264026,40.765287476328226,6.9789146717755655
3,1,3,0.7699561403508772,90.09263157894736,0.1453266702173299,19,30.50436842105263,1.546681688523542,40.653133220673006,5.991260257250214
3,1,4,0.7718013468013468,99.4778787878788,0.12774409129499398,33,31.631787878787875,2.1882507677020206,41.78388476958494,5.663463653128896
3,1,5,0.8327394636015326,98.1244827586207,0.17702747678265532,29,30.859896551724137,1.7536079816201708,38.3223826538702,6.688087910301871
3,1,6,0.798034188034188,97.44076923076923,0.11112166972624063,13,30.439923076923076,1.6410748744617774,38.93240727157913,6.572957165463393
3,1,7,0.849520202020202,93.34363636363636,0.14592611286285861,11,29.74090909090909,1.122866461743823,35.95046929658524,6.2262757159110755
3,1,8,0.9816161616161616,102.21909090909092,0.13780772625795,11,29.955,1.18554417884784,31.14184907873042,5.105811990274419
3,1,9,0.9511728395061729,89.66666666666667,0.1969607410677261,9,30.543555555555557,1.2962227924927778,33.38796866351505,7.20033415613755
3,1,10,0.9448015873015873,90.39857142857143,0.07972701532334693,7,31.00357142857143,1.987099549355195,32.89624367679293,1.7050783993844039
3,1,11,1.1142222222222222,98.92999999999999,0.28078809120134324,5,30.9544,2.5653994425819926,28.746568084488047,5.128412839888711
3,1,12,1.0194642857142857,99.825,0.16951250784759805,14,31.592857142857145,2.4411037181237027,31.80208638929844,5.764445110611957
3,1,13,1.1603472222222222,120.30625,0.23882009129935122,16,32.840375,3.9880343341049604,29.361759872712447,6.692736646557005
3,1,14,1.1990370370370371,110.69333333333334,0.3622992338686986,15,31.2986,2.4958281133580824,27.975428995162606,7.11099828603859
3,1,15,1.304318181818182,111.88818181818182,0.29507402198631183,11,32.474545454545456,2.6973744405861195,25.803911319350583,4.755001460152966
3,1,16,1.3825694444444443,117.34500000000001,0.3642586047834839,12,33.23825,3.149545425353257,25.271124031222893,5.442792704377587
3,1,17,1.0900833333333333,111.077,0.24063380994151348,10,30.826999999999998,2.4882302948079382,29.31002667294488,5.6101723486797495
3,1,18,1.0733134920634921,99.68142857142857,0.20345576460631387,14,32.13785714285714,3.4364625339515564,30.738022460581742,5.253858746884785
3,1,19,0.9345138888888889,96.6575,0.10198414628497132,8,32.142125,1.9176202839904037,34.699747511337016,3.8488648921229154
3,1,20,1.0382222222222222,108.16199999999999,0.23506603682086163,5,30.638800000000003,1.7501820476739003,30.898684141936503,7.87199497498731
4,1,0,0.6466666666666667,61.9675,0.047685634661671646,4,19.80875,2.477816158771,30.546319884384204,1.6974184703831101
4,1,1,0.7033333333333334,74.514,0.18725508696052184,5,22.3002,5.764848497575629,32.32392548357287,7.129980781243991
4,1,2,0.6460897435897436,66.36461538461539,0.18325173009059578,52,18.677153846153846,3.852643006136179,29.64853403700132,4.985873282773759
4,1,3,0.6431834795321638,65.1419298245614,0.10998602964075342,228,19.38742105263158,3.523146673462042,30.407986101802237,4.217564935533243
4,1,4,0.6511331728840754,67.41693140794224,0.12200357318409163,554,19.22653249097473,3.5782602397571734,29.846305234344076,4.32303389438419
4,1,5,0.6054979897660818,63.53983552631579,0.11890027435436751,608,17.192550986842104,3.4946463584142426,28.6641626484038,3.981506660535369
4,1,6,0.5699562226391495,60.20898686679175,0.1082798107787303,533,15.854581613508444,2.6707916597258765,28.21765563096419,3.8970915715204555
4,1,7,0.5749652777777777,63.02245454545455,0.11515586458502193,440,15.63411590909091,2.395037233739629,27.597754879127976,3.3661804022805852
4,1,8,0.594705935577271,64.57687296416938,0.14276078604417194,307,15.774596091205213,3.260775762742147,26.973330871256348,3.6401461647373714
4,1,9,0.578998513563731,60.89795986622074,0.091883163869873,299,15.162157190635451,1.7988686168565906,26.517782724674877,3.0723577062057132
4,1,10,0.6078525641025642,60.31166666666667,0.10722992175388488,234,15.225089743589743,1.7963207522963172,25.475931053220656,3.411851529759202
4,1,11,0.6609666666666667,61.13644,0.15174734897378334,250,15.369468000000001,3.045924113268609,23.681895455777642,3.3378285704387993
4,1,12,0.7082193268186754,62.25250814332248,0.14560511787249422,307,15.11485667752443,1.2925884019196368,21.97040430091729,3.622387156929023
4,1,13,0.7769088669950739,65.99431034482758,0.18387043437411799,406,15.291364532019704,2.374675597363612,20.368208408467336,3.783460106633724
4,1,14,0.8850551057130005,70.72155870445343,0.21313460063285286,494,15.334455465587045,2.4646100912038356,17.987532563169182,3.5738766450883244
4,1,15,1.0310408496732026,74.58403921568627,0.28307044454540536,510,15.669343137254902,2.4777527260832413,16.07093801770597,4.135866433565962
4,1,16,1.0704606586224232,76.5252262443439,0.28906714834446245,442,15.624029411764706,2.465816621603861,15.463982833556972,4.160202157627556
4,1,17,1.0216394335511982,75.79817927170869,0.2672195072941162,357,15.547316526610643,1.997261346315131,16.05918563569843,3.8192052178050617
4,1,18,0.8696447305674774,70.33515021459228,0.1983705648080145,233,15.65889270386266,2.1664199097836234,18.71213743880218,3.919186869031488
4,1,19,0.7617905773420479,64.1585294117647,0.21364608906790886,204,15.242789215686274,2.1466866598201113,20.8700937831843,4.0402694688057625
4,1,20,0.6812836021505376,59.563709677419354,0.15675226297292114,124,14.864258064516129,1.3191894275915779,22.564193139094435,3.7572383425703255
4,1,21,0.625472972972973,56.97729729729729,0.09776885272610189,37,15.043756756756757,1.8577447858059482,24.387915693512916,3.251589816268951
4,1,22,0.6127777777777778,55.97,0.12849100463302845,6,14.822666666666668,1.5142124905926084,24.837495481929697,4.232359392976547
4,1,23,0.8998611111111112,97.1,0.31289475067504724,2,21.57,3.478965363437815,24.79727580713407,4.756258510128358
5,1,2,0.45353174603174606,44.63214285714286,0.10856962115326109,14,15.386214285714285,2.2025289373309556,35.02284630339521,6.181663325183566
5,1,3,0.41670420420420423,48.48369369369369,0.0814468928904782,111,14.629243243243243,1.3602837151673122,35.966806693157814,5.505714808756596
5,1,4,0.41795674132630656,49.36300395256917,0.062045762594610664,253,14.953592885375494,1.8310155100068621,36.232129510205944,4.5951863803696655
5,1,5,0.4415322580645161,50.266359447004604,0.0703003128404416,217,15.094562211981566,1.883485320084248,34.63958945135021,4.288323919812594
5,1,6,0.4688751714677641,52.4620987654321,0.09196199473501702,162,15.29272222222222,1.9748865719452562,33.37558496900946,5.363739527792548
5,1,7,0.4574300411522634,52.45481481481481,0.07063933632030472,135,15.155244444444445,1.2588197176689122,33.70030250699989,4.432009465497026
5,1,8,0.4580648148148148,52.16406666666666,0.07935901588330381,150,15.039046666666666,1.2831228387352926,33.50866735347981,4.647614732473467
5,1,9,0.44664251207729466,50.6075,0.07121063715204191,92,15.06941304347826,1.401248369260593,34.28325252046084,4.18883766331909
5,1,10,0.42654953145917,48.95096385542168,0.07278058498694878,83,15.185578313253012,1.7784597276684626,36.158052280109246,4.487668845692517
5,1,11,0.4331392694063927,49.0868493150685,0.08189535677847119,73,15.074465753424656,1.3906851537021419,35.54176053973981,4.713510521649169
5,1,12,0.439859477124183,50.713764705882355,0.07298207098863642,85,15.235364705882354,1.6189380179248225,35.2220517862205,4.593095358000284
5,1,13,0.43906966490299826,48.516825396825396,0.06444133827041333,63,14.85515873015873,0.8036247560845232,34.414442091907524,4.34746585974908
5,1,14,0.4721901709401709,52.24410256410256,0.09401488532544724,78,15.326076923076922,1.61608630000719,33.230216220929414,4.672189871849223
5,1,15,0.4853932178932179,53.34766233766234,0.09974640268104791,77,15.2042987012987,1.3598693635490666,32.2289142122485,5.063442783873822
5,1,16,0.4736640211640212,51.736785714285716,0.10552732022305134,84,15.043083333333332,1.122504044679254,32.749094754595475,4.920349195112462
5,1,17,0.44659985935302393,49.73924050632912,0.057120380274046645,79,14.918139240506328,0.9881786889976729,33.81917356406477,3.8312165737592
5,1,18,0.4514155982905983,49.986538461538466,0.08631899602127346,52,14.792076923076923,0.9374149654748576,33.57563941841282,4.6566167631043
5,1,19,0.4366059027777778,49.8878125,0.06510953054367297,32,15.03678125,1.8614269887577664,34.6768999483622,2.9614512819453886
5,1,20,0.4351282051282051,51.371538461538464,0.03460733128857785,13,14.776307692307693,0.7912913901354948,34.07337019114108,2.1743913856657087
5,1,21,0.4818650793650794,50.06714285714286,0.045667971698290497,7,14.065428571428571,0.5368484755629706,29.47660863670086,3.623839819306227
6,1,0,0.36625,58.480000000000004,0.024159481690540382,2,14.745,0.6434671708797584,40.28909411642627,0.9007411897733761
6,1,1,0.3894444444444444,47.82,0.045583917323092325,5,13.346,1.1075784396601447,34.69581995269592,5.601626696010235
6,1,2,0.4175966183574879,47.56521739130435,0.06760620612792993,23,14.772391304347826,1.5973997262349495,35.91242826192307,4.797550149550896
6,1,3,0.4001056338028169,50.449436619718306,0.050021740560014516,71,14.441591549295776,1.1141436247176542,36.52059951387365,4.320323362817266
6,1,4,0.41586559139784945,53.36367741935484,0.073151317654639,155,14.605025806451613,1.5313082639787785,35.84765690565485,5.30521003580246
6,1,5,0.44249287749287747,52.637897435897436,0.07738753369196595,195,14.879405128205129,1.718254432203798,34.27319159877431,5.089171122586264
6,1,6,0.4574188034188034,53.14638461538461,0.09001204477888189,130,14.98593076923077,1.2931778847790332,33.657421768279015,5.224190364881765
6,1,7,0.4497894965277778,52.908203125,0.10120430618301093,128,14.866,1.1927011294754308,34.0651734156727,5.332858260038688
6,1,8,0.4776238286479251,53.63192771084337,0.09608735875386042,83,14.920060240963856,1.4592885031244371,32.158968045571356,5.413993411027507
6,1,9,0.4777425044091711,51.37809523809524,0.07999891868892096,63,14.922460317460317,1.222069131477256,31.911337349478348,4.75450390753085
6,1,10,0.47552991452991455,49.67553846153846,0.09825889174421823,65,14.905338461538461,1.3254367944771435,32.3266440342685,5.527445157677873
6,1,11,0.48943548387096775,52.765967741935484,0.10628169096224241,62,14.900322580645161,1.0002755321097747,31.69610043893299,6.2623958513103535
6,1,12,0.4919246031746031,54.254714285714286,0.11187388462694907,70,15.190314285714285,2.195831522158748,31.869449738014417,5.4298445318615975
6,1,13,0.5238545953360768,55.537777777777784,0.13331610408586936,81,14.984407407407408,1.0743599115028653,30.056764145505344,6.242911673713507
6,1,14,0.5551041666666666,56.4496875,0.13014000214843352,96,15.000697916666667,0.8711372375994818,28.461824418132352,6.5778394296446265
6,1,15,0.6013011695906433,57.452,0.16546626052265745,95,14.926694736842105,1.158714365273493,26.402656948504927,6.466966600430246
6,1,16,0.6101907131011608,59.69835820895522,0.1607183707873994,67,15.021805970149254,1.3889267301704575,25.985728765472416,5.978743174982132
6,1,17,0.6026890432098766,56.924305555555556,0.14090248358966406,72,14.909680555555557,0.8933803793187981,25.959617704945458,5.688928562053094
6,1,18,0.5100886524822694,52.81829787234042,0.1037734301577537,47,14.921085106382977,1.5001109644432715,30.072787476010248,4.865838185864051
6,1,19,0.45147569444444446,48.8196875,0.07858298753172085,32,14.54159375,0.6730003048158733,32.99354189424341,4.924073025130016
6,1,20,0.4282070707070707,49.16318181818181,0.041072995278620815,22,14.264545454545454,0.8457255958937179,33.56317602960497,3.361604040023385
6,1,21,0.4261111111111111,44.345,0.06366991459623107,8,14.76425,1.3726386216751607,35.14349839400357,4.828748307111683
6,1,22,0.4363888888888889,48.4,0.08249579113843056,2,14.175,0.47376154339498616,33.1779486381888,7.357663649108407
7,1,0,0.9129444444444446,96.73,0.34724147724388943,5,30.293799999999997,9.327737517747803,33.93836892400532,5.616959442873246
7,1,1,0.7822407407407408,68.69933333333333,0.11417045462890338,15,24.924733333333332,3.9608246159222,32.46978078043722,6.855253436250628
7,1,2,0.7526068376068376,77.00523076923078,0.11619797443127053,65,23.9902,4.218771352538557,32.36293627076277,6.644574562990131
7,1,3,0.7409015873015873,75.56062857142858,0.11111573352910048,175,24.13922857142857,4.01980593033666,33.1349017402012,6.7801280936574635
7,1,4,0.7574177313201703,76.67020905923344,0.1013317177448156,287,23.996167247386758,4.0863050469789295,32.14846522378686,6.594637565264768
7,1,5,0.7600619658119658,78.738,0.10545446493342127,260,23.270303846153848,3.8234393979898496,31.146007056248404,6.579976642979438
7,1,6,0.8019571187156739,80.63988593155894,0.12023442512878617,263,24.329498098859318,4.57053412105346,31.122860940136775,7.94960842175251
7,1,7,0.905870596205962,84.04359756097561,0.17316490176979915,164,24.769737804878048,4.966592306543887,28.380855614252035,7.89057287737353
7,1,8,0.9637738715277778,85.02296875,0.18585906179612247,128,24.1045703125,4.72251691815512,26.058343227351763,7.4867117742648315
7,1,9,0.9904938271604938,86.89157407407409,0.1828852115293386,108,24.88126851851852,4.5842813817475285,26.165384757715827,7.439718478737629
7,1,10,0.9993803418803419,88.2523076923077,0.17326084969198527,78,24.2445,4.4758580741574,25.05512232463499,6.923846922165149
7,1,11,1.053556505223172,92.28743589743588,0.19449425757435906,117,24.28869230769231,3.815637173846633,23.82893089006823,6.071003850747697
7,1,12,1.0629043839758126,92.65544217687075,0.18525606713012105,147,24.676061224489796,4.091412291290351,24.04860832106434,6.412049580832113
7,1,13,1.1459058565955118,94.6532512315271,0.2485795525158544,203,24.701206896551724,4.25641986601343,22.73329740441431,6.981907248937523
7,1,14,1.2918893678160919,100.43737068965518,0.3520031048531941,232,24.961383620689656,4.43833758261128,20.664629228655407,6.6665428326795135
7,1,15,1.408733885819521,105.3528729281768,0.3273782147205735,181,24.572834254143647,4.559824986302548,18.69162333766534,6.670596587026653
7,1,16,1.42111301369863,111.51390410958905,0.40667929457260726,146,25.357691780821916,5.207678425853922,19.49937737759625,7.475036044781784
7,1,17,1.3161356932153392,98.73716814159292,0.32526908875606564,113,25.083017699115043,4.4869144305220265,20.66870531303609,7.817885416523351
7,1,18,1.0908075601374572,95.8821649484536,0.24979505193160317,97,25.730690721649484,5.033697769700107,24.760436777783553,7.179364113333923
7,1,19,1.001122334455668,86.85606060606061,0.20563592731918615,99,25.555141414141413,4.6431316798174604,26.639690426259083,7.543025314921089
7,1,20,0.9173232323232323,84.05761363636363,0.16094419934229928,88,24.646545454545457,4.74586041496902,27.730093021208596,7.41155134088165
7,1,21,0.8527333333333335,80.2172,0.20130441523372655,25,24.918159999999997,4.319607010288474,30.594650873664797,8.026182712990364
7,1,22,0.9247222222222223,77.16000000000001,0.10615800301879398,3,21.653333333333336,1.5708702471347957,23.700300203419403,3.8590176328029666
7,1,23,1.0000555555555555,103.71199999999999,0.19229440279342253,5,34.897800000000004,12.781226826873857,34.59487162711374,7.783929640228214
8,1,10,0.9008333333333333,91.22999999999999,0.33626855816426926,2,27.535,4.193143212436227,33.78904190820552,17.267717613314225
8,1,12,1.169861111111111,121.035,0.2602545791867155,2,34.647,4.8832794308743,29.89171129366199,2.475657396866337
8,1,14,1.1433333333333333,119.82,0.18266925180652474,2,31.0435,1.0274261530640518,27.43005490327757,3.4838496674602526
9,1,2,0.8246428571428571,95.39428571428572,0.07477980609999424,7,30.283714285714286,3.732133291398086,36.81281235728443,4.091015368304044
9,1,3,0.8653174603174604,94.33142857142857,0.0760565698538604,14,29.081142857142858,2.4730531070580897,33.68722503278025,2.347212659981185
9,1,4,0.8459829059829059,91.09461538461538,0.1340341358484829,26,30.45165384615385,4.24764760254245,36.544565699526444,5.985721326780042
9,1,5,0.8848333333333334,95.84133333333332,0.17924505483426784,15,27.3422,1.3564477347626993,31.878946680406724,5.389527344989061
9,1,6,1.024,104.98299999999999,0.2608012411396321,10,30.569499999999998,5.938146198754101,31.26344507434473,7.998618032428161
9,1,7,0.9878846153846154,114.57153846153847,0.2485985548883198,13,31.028846153846153,6.823799892608149,32.89509990015318,9.180717846560459
9,1,8,1.0812345679012347,118.35333333333334,0.3764872542415081,9,31.086888888888893,5.244886949316554,31.864863862958188,11.722068525175239
9,1,9,1.1601851851851852,111.35444444444445,0.3536418769892698,9,28.400333333333336,3.50257394639999,26.365215332586157,7.663040711920506
9,1,10,1.118425925925926,96.86416666666668,0.15165835684737616,12,32.946,6.560022269917853,30.122291946435183,7.794177977747134
9,1,11,1.2104166666666667,97.458,0.2234948992553103,10,32.4036,7.210928560949076,27.70430171184963,8.707476913813752
9,1,12,1.2350347222222222,103.3725,0.20013258598515146,8,28.29025,3.450503803794453,23.630306985884875,6.120183735283201
9,1,13,1.2572916666666667,115.519375,0.2716478729392666,16,29.7660625,4.359626459055867,24.68691704005184,6.426931522049095
9,1,14,1.4735956790123457,124.03444444444443,0.27754224446065834,18,32.56127777777778,5.460544109987959,23.00984260605541,6.330271057489141
9,1,15,1.8789814814814814,122.1222222222222,0.2271288605398342,9,28.67133333333333,3.300875603533098,15.512692425360399,3.0516751239977067
9,1,16,1.5761111111111112,119.95,0.6809942803552342,6,33.73333333333333,3.9866159417062823,25.05275227979922,10.292214293207538
9,1,17,1.2156746031746033,111.70285714285714,0.12996327998562054,7,31.745714285714286,4.395356857498821,26.470563177290877,5.355211202543115
9,1,18,1.027037037037037,97.78333333333335,0.11972232963817477,3,30.04733333333333,5.484877513065661,29.610032729738066,6.778423720311791
9,1,19,1.1803703703703703,115.52333333333333,0.264429485260054,6,33.92466666666667,6.416102544899565,29.25454040890601,5.500230440171008
9,1,20,0.985625,92.8275,0.06950381721168913,4,28.04675,1.4771963026851462,28.58316368326264,2.7802335941340792
9,1,21,0.9584722222222222,102.2,0.07326411927293953,2,27.03,0.7919595949289326,28.315430966860212,2.9906601778231567
10,1,1,0.7269444444444444,133.25333333333333,0.0488486260974138,3,31.98,3.0318970958790774,44.27435481021963,6.684715295080444
10,1,2,0.8138492063492063,100.41214285714285,0.10882928647112228,14,33.41985714285715,2.087901296559734,41.63219013561634,5.279320425892434
10,1,3,0.7748784722222222,101.9459375,0.11564062680305492,32,33.31521875,2.4854002563924804,43.634704340674894,5.4522763804841325
10,1,4,0.7664432367149759,98.02173913043478,0.0775219916487001,46,32.71030434782609,2.650428643484464,43.081845770363316,5.337024803626753
10,1,5,0.8395123456790123,101.10333333333332,0.10951004218367243,45,32.929,2.2012546422438284,39.97555602507521,6.303028200270837
10,1,6,0.9003870673952642,108.56868852459016,0.158798644394867,61,33.45188524590164,3.4379829168586657,38.19766720154745,6.887344510843801
10,1,7,0.9987186379928314,114.63741935483871,0.26090820389408176,62,33.93895161290323,2.1157261934118887,35.93870824179529,8.018846575969375
10,1,8,0.9989880952380953,109.79071428571429,0.28785100472948694,42,33.3832619047619,2.551030055559325,35.145858581653606,7.032922951844569
10,1,9,0.9852462121212121,111.73250000000002,0.273997652665225,44,33.766113636363634,2.9436709261855656,36.08514231127253,7.483666665758359
10,1,10,1.0803589743589743,119.93153846153847,0.28481790703791143,65,34.19804615384616,1.9806395307984583,33.7371964782109,8.44233141336015
10,1,11,1.0927579365079365,112.32271428571428,0.21179316743386417,70,33.878971428571425,2.064166069963663,32.248816440013215,6.820833674489553
10,1,12,1.2143897996357014,125.35360655737705,0.7933351955894085,61,37.299868852459014,22.546120776810227,32.12515803076229,6.91712343289437
10,1,13,1.1338161375661375,123.01095238095238,0.30251309295206014,42,35.86333333333333,8.335465737252512,32.92121587318145,7.20267230605097
10,1,14,1.4251767676767677,127.57878787878789,0.38154461912596627,33,34.40460606060606,2.745845634082899,25.693523350903142,6.4417066384033514
10,1,15,1.463568376068376,125.32153846153847,0.4666328869540643,26,33.91680769230769,2.7003620648976794,25.740652518638473,8.845205928691684
10,1,16,1.5302923976608187,145.01473684210526,0.6932286423418584,19,34.72963157894737,4.705182830436695,25.30656813973285,7.6894458065898315
10,1,17,1.5063235294117647,139.58705882352942,0.21637338879310938,17,34.317,3.514406404359065,23.375100409839433,5.193256447997751
10,1,18,1.097020202020202,112.46181818181817,0.18133137130053603,11,34.717,2.4722438391064925,32.410623231607126,5.544130878512235
10,1,19,1.058611111111111,101.92999999999999,0.1560741603165575,5,33.6526,2.770658549875826,32.39741625334805,5.697514817428353
10,1,21,0.8865277777777778,153.87,0.19504362047728938,2,31.5,3.181980515339464,36.81777433907895,11.689484278006372
10,1,22,0.85375,90.905,0.08819192909798881,2,32.345,2.5526554800834362,38.24427538436028,6.940546885136037
10,1,23,1.1427777777777777,118.54666666666667,0.16218511752216672,3,39.21066666666667,6.064369821616537,34.39459679279015,3.1953503782166885
11,1,2,0.5295987654320987,58.24777777777778,0.03471919739911056,9,18.88511111111111,2.167514500784506,35.59627872959816,2.088611135719942
11,1,3,0.4806818181818182,54.97212121212121,0.04179944647299691,33,18.39890909090909,0.7413752998497272,38.537412162868975,3.4507136565689693
11,1,4,0.48455215419501135,56.90326530612246,0.04550227011273111,49,18.671836734693876,0.808959731871195,38.845450590979986,3.7886921213417493
11,1,5,0.5428869047619048,62.53142857142857,0.10546705059602152,56,19.29957142857143,1.9080565158119578,36.22499213540648,4.540263655810784
11,1,6,0.5384191919191919,63.42963636363636,0.13980802731385822,55,19.632090909090913,2.8962451762950114,37.58429038156743,5.7554340007541915
11,1,7,0.5592562724014337,57.986774193548385,0.07584752231579032,31,19.11883870967742,1.0865421635253185,34.77701293279444,4.926208587760344
11,1,8,0.5775095785440613,59.25896551724138,0.16557625248076613,29,19.277241379310343,1.1886830244065552,35.1579518762764,7.168026960632816
11,1,9,0.618007662835249,62.632413793103446,0.35503025019666173,29,19.53058620689655,1.799923976911274,34.84795238491987,7.299338509645927
11,1,10,0.5758055555555556,58.900999999999996,0.22368471419505276,20,19.555799999999998,1.2108178445297124,36.65278806630253,7.692314861053916
11,1,11,0.5987280701754386,64.33473684210527,0.12443997717777747,19,19.310052631578948,0.9867691091911018,33.32847590648849,5.835125989246235
11,1,12,0.6265444444444445,63.69,0.13969794631168955,25,19.126279999999998,0.581297150058958,31.859821622862633,6.369549445007787
11,1,13,0.6209722222222221,63.35441176470589,0.12453715751061224,34,19.268882352941176,0.8281042887296727,32.03649164253036,5.443411766022817
11,1,14,0.7117283950617284,64.85685185185186,0.17386138913122437,54,19.822425925925927,1.8906272653999399,28.915729432035555,5.384633260677662
11,1,15,0.7005121527777778,65.8009375,0.15105709274210577,32,19.382875,2.1766282114701494,28.74008440394229,5.835946743964265
11,1,16,0.78084229390681,73.07096774193548,0.16239052158729544,31,19.54116129032258,1.7195914843701332,26.014312783546227,5.410102968231124
11,1,17,0.8146296296296296,75.89909090909092,0.18440785785196742,33,19.483272727272727,1.1971550983667296,24.968698181127902,5.076515510504375
11,1,18,0.6612606837606838,62.07730769230769,0.14087226572914172,26,19.097461538461538,0.8165927372084196,30.048656311014767,5.899638613062636
11,1,19,0.5729761904761905,70.41857142857143,0.0812091845658379,21,19.298,1.2880388969281944,34.264855825678005,4.806614836938408
11,1,20,0.5404166666666667,56.685,0.02119561547175116,4,18.974,0.48869076793680766,35.15515802396048,1.80326567049728
11,1,21,0.5044444444444445,58.19875,0.0573653626542315,8,18.817875,0.8346676733886365,37.602178926185715,3.3129671270221652
11,1,22,0.4648611111111111,49.815,0.02101678488526682,2,18.4395,0.06434671708797658,39.70413562375346,1.6566379547886918
11,1,23,0.53125,57.115,0.00019641855032962724,2,19.3485,0.08697413408594738,36.42067810641569,0.1502502348993162
12,1,3,0.7011111111111111,70.49,0.014927809825049316,2,20.5915,0.6526595590351847,29.386380875761404,1.5565776192955845
12,1,6,0.49083333333333334,55.230000000000004,0.06874649261535871,2,14.67,2.206173157302029,29.86611869853904,0.31167860524989
12,1,7,0.5386111111111112,49.835,0.060889750602174886,2,16.325000000000003,0.1626345596729075,30.52154136739178,3.7523986413091692
12,1,8,0.5915277777777778,56.364999999999995,0.055979286843934974,2,14.879999999999999,0.1697056274847722,25.281986078524493,2.67945688723734
12,1,9,0.5480555555555555,61.26,0.09951719871211293,6,14.9245,0.6227640805313032,27.98596418587582,5.049183519574696
12,1,10,0.6778472222222223,69.59,0.2122335384562935,4,15.649999999999999,2.4897924947004455,23.995342655513603,4.444668744524013
12,1,11,0.5874007936507937,60.515,0.08034792037702847,14,15.813214285714285,2.8240016936847017,27.315166733310285,5.578893999772778
12,1,12,0.6533111111111112,67.8356,0.18709778395618926,25,14.70956,0.4873716993561828,23.95519763162191,5.455078680287851
12,1,13,0.7149172576832151,68.37191489361702,0.21263778579668263,47,16.017468085106383,3.052255615336075,23.172269869570485,3.8724716003069433
12,1,14,0.8798973429951691,77.48130434782608,0.23176900187195681,46,16.386630434782607,3.336857233044262,19.24446934217065,3.784865809271407
12,1,15,1.0447524154589372,86.9645652173913,0.31811625777015035,46,16.645891304347828,5.94930924927241,16.579420124445587,4.2588542957251025
12,1,16,1.0591966966966968,79.68108108108108,0.2986690281458035,37,16.35518918918919,2.8456460879135443,16.703271918608287,6.264600649233809
12,1,17,0.9659413580246914,77.83777777777777,0.2874243473273214,18,16.790166666666668,3.97677785990855,18.718066549937454,7.113758107092901
12,1,18,0.8381790123456789,69.42444444444445,0.24119901078068612,18,17.173333333333332,4.23687068205658,21.979727187407942,7.50101225504777
12,1,19,0.6019444444444444,74.86,0.08837830790777777,3,14.6,0.5864298764558299,24.738366928282506,4.958888824766693
13,1,0,0.50125,73.55833333333334,0.08630743748618713,6,17.716166666666666,5.658318139400318,34.74525457136732,5.320279402770207
13,1,1,0.6306481481481482,56.50555555555556,0.343214481855815,9,18.011444444444447,3.509794299923826,32.350450637634445,8.733408187404683
13,1,2,0.5848798798798799,68.7054054054054,0.13011848201169457,37,19.549216216216216,3.9445108845861507,34.192156489570976,6.167184300317897
13,1,3,0.5690022831050229,66.07761643835617,0.11772203496576081,365,19.368216438356164,3.67193682981429,34.50966411059091,5.0524114864392
13,1,4,0.5886889699918897,69.9931605839416,0.11532137257299134,1370,19.79629197080292,3.7569781065658687,34.08823865545576,5.283972267147609
13,1,5,0.5190967313153284,65.38601413811854,0.11923392336225565,1839,16.642,3.842331473087023,32.46794775139289,4.925628946220846
13,1,6,0.49066299521857926,60.83978483606557,0.11458265772666962,1952,14.998660348360655,2.599366902754652,31.138364792385552,4.325351371719894
13,1,7,0.48523765831894067,60.31746113989637,0.10315967788146709,1544,14.868949481865284,2.272403879053984,31.20094119258394,4.155421504682515
13,1,8,0.4855535329018339,60.472095469255656,0.09257038571646456,1236,14.62603155339806,1.985599117567224,30.69255353525617,4.316382101318324
13,1,9,0.4892691056910569,59.83766829268293,0.20029576199654417,1025,14.37361463414634,1.4062847734521775,30.212462019320274,4.059802239413784
13,1,10,0.5004237378588964,60.04618635926993,0.4056733389487597,1041,14.318760806916426,1.3674333626855468,29.87998101955468,4.010747095010015
13,1,11,0.5381036462819409,61.369974160206716,0.13894816891083825,1161,14.353060292850989,1.4377959430836642,27.686985637055876,4.682678613432575
13,1,12,0.5552939742250087,63.20858307210032,0.138431343723846,1595,14.370118495297806,1.4989494168270048,26.859856115831565,4.76650225007821
13,1,13,0.6150671704450041,64.91042317380352,0.16580301427486907,1985,14.437192947103275,1.6068391873308805,24.613365460617267,4.985370768050258
13,1,14,0.7271818494180303,69.13156938538847,0.18787487654869395,2587,14.588245458059527,2.0977134405600206,21.007804178936368,4.496768320492735
13,1,15,0.8541287681348276,73.74768178264269,0.21515401650984323,2558,14.726006645817044,2.2562330053905386,18.101758852086927,4.39514471699753
13,1,16,0.9174986633615242,76.70849956255468,0.514754594697656,2286,14.935669728783902,3.1576475862668714,17.31044075927614,4.638980658424904
13,1,17,0.8626101259587643,78.6421849271691,0.2227009034591182,1579,15.175324255858138,2.6182039493018974,18.58491789580924,5.062987495509641
13,1,18,0.7387375512595196,72.9573374340949,0.19326638710516156,1138,15.136275922671352,2.816845816334179,21.55812346676264,5.576747282303527
13,1,19,0.6505706035464455,65.93534407027818,0.17778404911259257,683,14.859228404099559,2.48312114471069,24.074021356314095,5.796788561593539
13,1,20,0.5839214814814815,60.76272,0.15534745626879892,375,14.459498666666667,1.594390492354529,25.99487994656362,5.355390654900008
13,1,21,0.5530010893246187,57.26882352941177,0.14661677318763044,102,14.443372549019607,1.9041179186047943,27.195499388977154,5.048375329749357
13,1,22,0.5609578544061302,57.414482758620686,0.2468527378305145,29,14.646344827586207,2.563540900449193,27.71736947113878,4.869123113933137
13,1,23,0.7276736111111111,76.85062500000001,0.23206684228929275,16,19.485500000000002,4.421541661758563,27.97625845139533,5.891739664190466
14,1,0,0.48375,60.9725,0.044574174090887805,4,16.88775,0.6171279580983726,35.14043398326858,3.5592454660404953
14,1,1,0.5459722222222222,57.894000000000005,0.227670188758011,10,18.3845,3.8018613350714294,35.2126278056995,4.662832292082875
14,1,2,0.4895473251028807,56.45388888888889,0.07090239565551403,54,17.929259259259258,1.888335047673251,37.03388410082895,4.431559974911823
14,1,3,0.4911150234741784,55.69859154929577,0.1297666941687843,284,17.88207042253521,1.3143257909573984,37.50475214380969,5.376835487138695
14,1,4,0.49714641321565967,58.432505091649695,0.0976427166989936,491,18.12361099796334,2.0889812694916543,37.158899142236464,4.821649657621512
14,1,5,0.5093031470777135,59.64921001926782,0.10760024576611349,519,18.363624277456648,2.8412103006394425,36.78883987231341,5.069442082686982
14,1,6,0.5176403759219604,60.9717773019272,0.08830518398467696,467,18.519426124197004,1.3482619523955417,36.429776940556266,4.438772365596227
14,1,7,0.5348278560250391,62.56008450704225,0.17288892332086817,355,18.381777464788733,2.187358290757621,35.41282476724575,4.869774440699332
14,1,8,0.551706204379562,60.606751824817515,0.09400719885810953,274,18.204317518248175,0.900040730409065,33.80985148830976,5.099361308964377
14,1,9,0.5566410414104142,60.22081180811808,0.09738851547441159,271,18.454963099630998,1.2315672544920244,33.94657821763623,5.0078869436952855
14,1,10,0.5533986175115208,58.43866359447005,0.11727605614343906,217,18.295082949308757,1.0750644952808568,34.08505465067583,5.313351274922427
14,1,11,0.5720475497331393,60.103013100436684,0.12341752731862761,229,18.4857903930131,1.2636178773991513,33.36098266134681,5.375203364878293
14,1,12,0.5818602312719959,60.224027149321266,0.1508747579328401,221,18.512131221719457,1.2446745123900869,33.139748151977116,5.780511284118237
14,1,13,0.6207838383838384,62.38065454545455,0.17475004216386295,275,18.676414545454545,2.534986321924125,31.43459506163218,5.869766918518973
14,1,14,0.6596441485864563,63.66020710059172,0.17849030259946952,338,18.376168639053255,1.1988091536632288,29.34107594060559,6.015831408528543
14,1,15,0.7132746362433862,67.72205357142857,0.1971430469604676,336,18.384223214285715,1.5060481353023043,27.325655320588847,6.346013245682109
14,1,16,0.7592131519274377,68.71351020408164,0.24214870386147533,245,18.48699591836735,1.2493667559875603,26.301497181860817,6.810755478046822
14,1,17,0.701768438697318,64.64620689655172,0.1887782863963143,232,18.344456896551723,1.1211969090916016,27.736946114041753,6.527616203562126
14,1,18,0.6367495636998255,62.54612565445026,0.169961121463889,191,18.521429319371727,1.2688239660489002,30.68074526628738,6.474101082997411
14,1,19,0.5497566371681416,59.82088495575221,0.09949310137966447,113,18.329982300884957,0.9629975892113131,34.2199531196382,5.245473644543795
14,1,20,0.545599128540305,61.51205882352941,0.09028943180341018,102,18.295303921568628,1.407293869605781,34.16239168389744,4.402373077835946
14,1,21,0.5760754985754986,65.20410256410257,0.1316921900688984,39,19.107358974358974,3.8243269960882595,33.663138757405775,4.156083200372422
14,1,22,0.5545833333333333,51.499,0.07928589138060098,10,17.383000000000003,0.7378921932700533,32.04508346435968,5.580337536278861
14,1,23,0.3979166666666667,54.15,0.018659762281311623,2,17.200499999999998,1.031668793751174,43.213110547370476,0.5662553051339035
15,1,2,0.7219444444444445,95.04333333333334,0.04924428900898056,3,33.22,0.958175349296777,46.16585594426194,3.623628203467132
15,1,3,0.7479861111111111,92.84,0.07814476087533558,4,32.947500000000005,1.7673968616772708,44.545664594964315,6.403999142012991
15,1,4,0.8106313131313132,99.51090909090908,0.12058109630300316,11,33.48136363636364,1.746032546817341,42.16332772832671,6.74540521143595
15,1,5,0.7710555555555556,97.928,0.08845590920791968,10,33.5426,2.737405145997453,44.060986074714435,6.481881680863161
15,1,6,0.979017094017094,108.28923076923077,0.2595188502480339,13,35.45815384615385,5.810661047393173,37.89613544088941,8.480699991139904
15,1,7,1.1977430555555555,114.59625,0.346467765662692,8,31.492,2.5313007384685506,29.13890499653764,11.410976819672301
15,1,8,1.0345555555555557,109.10799999999999,0.09960543300418213,5,32.4364,2.6414399103519273,31.721386899911504,5.283150720807948
15,1,9,1.2526388888888889,139.375,0.3415718590231684,2,35.285,1.0394469683442265,29.138706385638905,7.1157898899619445
15,1,10,0.9986805555555556,105.975,0.08077281526098488,4,35.647999999999996,1.8867262652541843,35.80331955727493,2.4211591136372674
15,1,11,1.2646296296296295,121.62666666666667,0.226835902689524,6,31.6645,2.873567382192385,25.707236687513284,5.115646793461279
15,1,12,1.3911574074074073,120.745,0.29293140691359576,6,33.294333333333334,2.4490780033854906,24.7689191926045,5.248582849602259
15,1,13,1.2303086419753086,102.56111111111112,0.3223588504769112,9,33.914,3.7075457852870812,28.91395980948478,6.645751576327695
15,1,14,1.5560470085470084,124.69769230769231,0.359196458222897,13,32.73984615384615,3.261664729504292,22.146252012901236,5.612251571310024
15,1,15,1.4841666666666666,123.83111111111111,0.5610895554165403,9,34.21233333333333,3.81222526878987,26.019949346353986,9.384403378472275
15,1,16,1.5339583333333333,115.94375,0.5530516939187371,8,33.39625,2.0794719625080655,24.98546399641528,10.411253945852309
15,1,17,1.0422916666666666,113.85749999999999,0.07408647176343272,4,34.7975,0.9871972109631055,33.5255916295192,2.7508039131226747
15,1,18,0.9534027777777778,110.81,0.16693271589416636,4,33.54525,0.7200950747412933,35.90456960931288,5.612709479067094
15,1,19,1.0206597222222222,118.815,0.24455530213075435,8,34.515125,3.581828560845106,34.87196160838548,5.786786670436855
15,1,20,0.8632222222222221,100.208,0.056939227403293345,5,32.30800000000001,2.02905643095504,37.64212926861523,4.263835040048031
15,1,21,0.9973611111111111,117.20499999999998,0.016695576778015805,2,33.614999999999995,0.41719300090005795,33.71216544695049,0.9826300991232579
16,1,1,0.8256944444444445,125.61,0.15383798797179413,4,34.174,1.8732139938262964,42.65483217683669,9.258736768429221
16,1,2,0.733298611111111,106.16875,0.04580878070119103,8,32.115,3.838269699449778,43.9499406944141,5.866170206902633
16,1,3,0.7878535353535354,97.78272727272726,0.13924155730047436,11,35.529363636363634,3.314947126960769,45.94904674646139,6.70466377760684
16,1,4,0.7950347222222223,101.90333333333332,0.1277636075029737,24,31.933666666666667,4.029944833657011,40.94051055378721,7.426142861182269
16,1,5,0.8771851851851852,106.34566666666666,0.11302599784319087,30,31.97896666666667,4.082479169728166,37.356273905208475,8.37472546105773
16,1,6,0.9739814814814816,111.89428571428573,0.1596967693084992,21,33.178333333333335,4.151418038855319,35.058472888727316,7.6374778812826465
16,1,7,1.0413095238095238,107.11428571428573,0.2422049567616397,14,33.462714285714284,3.1784915006619427,33.74211966145666,7.896630668984946
16,1,8,1.0985185185185184,111.21933333333332,0.2617567302513225,15,33.294599999999996,3.8288457940070812,32.26585884620694,9.847266222069084
16,1,9,1.0032539682539683,96.50285714285714,0.23617301553874753,7,34.489428571428576,2.2303099079980515,36.28566748695912,9.87913193843494
16,1,10,1.1866025641025642,111.15615384615384,0.18189963237541076,13,32.732615384615386,3.6436739366208744,28.37169627501705,6.233248023235494
16,1,11,1.1935858585858587,116.35909090909091,0.1979570603826271,11,35.43545454545455,4.88708026051622,30.473374933601416,6.356452512850971
16,1,12,1.2793055555555555,129.365,0.22643979101789724,12,36.92916666666667,4.864286135298849,29.43981148686986,4.9222487615325035
16,1,13,1.2739772727272727,114.0781818181818,0.21697853329119401,22,33.586954545454546,3.666912370260413,27.25871048651892,6.147800688045803
16,1,14,1.4484104938271605,125.51444444444445,0.4600904899545118,18,34.492,3.816395203977331,26.27030118307825,8.932907924433682
16,1,15,1.6148039215686276,125.8664705882353,0.5322376509585335,17,32.93629411764706,3.573326807134807,22.69620052980955,8.16466658275397
16,1,16,1.6605555555555556,129.52923076923076,0.5006898790052298,13,33.174846153846154,5.0307583233238615,20.95606798051819,4.52257322694697
16,1,17,1.3815,115.55799999999999,0.3638451627672626,10,32.774,3.1956267686393613,25.491944948040405,7.9175436891418025
16,1,18,1.1857341269841268,118.77642857142857,0.27238893829049915,14,34.06914285714286,4.983447290892011,29.92575390859466,7.349745471065053
16,1,19,1.0003703703703704,117.6,0.16647865277066687,15,34.06806666666667,4.195937907525506,34.91871944841649,6.903928575995614
16,1,20,0.9276262626262626,114.44272727272727,0.1455827139440895,11,34.21263636363636,4.0372525874095935,37.583430462819784,6.466816488952828
17,1,0,0.7326984126984127,78.88428571428571,0.06556471889145637,7,23.011428571428574,4.364615059664209,31.284471345140354,4.4656455354642794
17,1,1,0.8096895424836601,78.80529411764707,0.23105010718211558,17,24.75829411764706,7.851692180389411,31.07080727558708,6.128509713571666
17,1,2,0.7008527131782946,69.11302325581396,0.09641155758657927,86,23.621383720930233,4.3013235477920855,33.87357767732379,5.645636979991813
17,1,3,0.717589605734767,72.1356129032258,0.1387115010159126,310,23.69958064516129,4.273778667106788,33.57432405547133,6.101322051575973
17,1,4,0.7194198312236287,75.26257383966245,0.12887716848492248,474,23.761991561181432,4.145368212252154,33.53837142229789,6.097340865975148
17,1,5,0.6944957343083485,74.0683180987203,0.11251187671961901,547,21.066751371115174,4.430698168920762,30.577659873534483,5.742156824221981
17,1,6,0.7001895761741123,74.43746391752578,0.11190076744124444,485,18.99283711340206,3.439911888085694,27.455628763259327,4.794065274575221
17,1,7,0.7659139100932993,77.51287531806616,0.13873583469516976,393,19.11237659033079,3.387861401108974,25.534510497904467,5.466267410751765
17,1,8,0.8020767195767196,78.82930402930404,0.1478286450022113,273,18.365311355311352,2.6280333905729165,23.481830888026117,4.4310109620087506
17,1,9,0.831989734299517,75.5913768115942,0.16325430787963294,276,18.168909420289854,2.307628694518571,22.395125354263257,3.7536746909432916
17,1,10,0.874520202020202,74.50810606060605,0.15575899580324118,264,17.96096590909091,1.7842332418130789,21.0261314006827,3.4992064973697268
17,1,11,0.9275704089506173,78.36791666666666,0.18194500410446662,288,18.251149305555558,2.287094430892247,20.10736502952488,3.1366563358469697
17,1,12,0.9646908453303803,78.5728903654485,0.18944887591174941,301,18.462707641196012,2.924454326464126,19.552192415668788,3.4054797201094154
17,1,13,1.0437691430433365,80.191788856305,0.2266644868207542,341,18.07900879765396,2.0727811119743613,17.948746602017682,3.6119785130558197
17,1,14,1.1747669438145627,85.1397052154195,0.2908237928021013,441,18.51259410430839,2.636920358686637,16.475436970857725,3.764566256821703
17,1,15,1.310776566757493,88.68482288828338,0.3227332385303017,367,18.819705722070847,2.7547564093604557,15.097612268101738,3.861445290779573
17,1,16,1.310107709750567,88.1062925170068,0.3562697818641593,294,18.594414965986395,2.46238759475554,15.122996105927479,4.085522537800716
17,1,17,1.2152192378328743,87.72285123966942,0.3129618252619282,242,19.00748347107438,3.510132898403699,16.440456561383296,4.204647145348907
17,1,18,1.0440092165898618,79.25741935483872,0.27778269753944834,217,18.267350230414745,2.3336432625340966,18.33898019728012,4.0590756030250015
17,1,19,0.917323717948718,76.178125,0.17840806629483355,208,18.421355769230768,2.5838761820227623,20.63818862389244,3.8277290970066047
17,1,20,0.8417629928315412,72.84758064516129,0.14782065928175392,124,18.23457258064516,2.5235368977615558,22.109316082153768,3.7343087058955247
17,1,21,0.8347289972899729,71.72634146341463,0.15627210322434648,41,18.334951219512195,3.5448433530356422,22.406338261687228,4.136297235143136
17,1,22,0.8269675925925926,69.45166666666667,0.15660036289190085,12,19.35025,3.4611086275669223,23.893284267281576,4.6988707494948585
17,1,23,0.9227777777777778,76.764,0.3094479976855642,5,21.738,6.106952595198362,25.625619645157332,10.736394768150275
18,1,2,0.710734126984127,83.00285714285714,0.13120730242691478,14,27.55257142857143,1.4687196262933713,39.63460733973006,5.624628384754831
18,1,3,0.684932098765432,78.69266666666667,0.0955942918966522,45,27.272311111111108,1.7786548904135167,40.359123990838334,4.461337863690499
18,1,4,0.7144385342789598,84.91957446808512,0.10291480435643016,47,27.934170212765956,1.6462284473403315,39.72320396616503,4.9757315437935645
18,1,5,0.7442690058479533,82.63710526315789,0.09855685012769563,38,27.413789473684208,1.369359312764101,37.38857893891126,4.676846335433219
18,1,6,0.7979084967320261,86.84882352941177,0.21914854784742482,34,27.586470588235297,2.224866550104837,35.93545808838876,5.654931359417718
18,1,7,0.7835416666666667,89.36321428571429,0.09952285644035064,28,27.39039285714286,1.3447055946352657,35.34305845300016,3.4316699778160284
18,1,8,0.7940138888888889,87.84700000000001,0.1326320334409145,20,27.89995,2.630922961423875,35.77605636492391,4.755759362035763
18,1,9,0.8749404761904762,87.33214285714287,0.1971921903994974,14,28.387285714285717,2.185562466895718,33.526608225980546,5.4523085824617175
18,1,10,0.8244696969696969,86.71681818181818,0.10838371875003204,22,27.334454545454545,2.2588417328414074,33.573753745159486,4.260716183840742
18,1,11,0.859645061728395,90.51777777777778,0.13923951837812842,18,29.242055555555552,2.4784043128409246,34.786456868940334,6.032661895082243
18,1,12,0.8155050505050506,87.67909090909092,0.10593752658922556,11,27.663999999999998,2.675009420544159,34.34092147916669,4.647934483857085
18,1,13,0.9794841269841269,89.27357142857143,0.2522990172902531,14,28.199571428571428,2.363693612654884,30.537450279241163,8.05259381372686
18,1,14,1.1080847953216373,100.19105263157896,0.1992630862984585,19,29.296526315789475,3.22624179999683,27.462280909933508,6.906755080775603
18,1,15,1.0891931216931217,96.99380952380952,0.25421707005939354,21,28.200904761904763,2.697845953807627,27.060452507979633,5.798157789548896
18,1,16,1.0705208333333334,109.18708333333332,0.1999601629759668,24,28.72275,3.419924462044002,27.792597597770467,6.463359348588694
18,1,17,0.9810897435897435,92.00269230769231,0.17735355501309658,26,28.589307692307692,2.586909550320317,29.995918216718636,5.642621129565181
18,1,18,0.9567534722222222,95.8125,0.16601005593116183,16,27.627187499999998,2.4357914311026994,29.737152549022785,5.94880015075339
18,1,19,0.8589583333333333,92.00083333333333,0.10555164300297988,12,28.704166666666666,3.2066818260209935,33.821018738180435,5.188867510227364
18,1,20,0.7744444444444445,97.97,0.04321208107251124,2,29.406,3.131068827094034,38.142615004244384,6.171250414745367
18,1,21,0.7825925925925926,83.02666666666666,0.05527870834876494,3,25.813333333333333,1.2371068399024114,33.16139230984696,3.7631520160642316
18,1,23,0.7584722222222222,81.4,0.09251313720523999,2,26.560000000000002,0.636396103067893,35.33175562183031,5.148570434354236
19,1,2,0.7725694444444444,100.76249999999999,0.053013302449720245,4,34.813,4.111596121540476,45.47747483294993,8.305606803098705
19,1,3,0.8308055555555555,90.123,0.15260598927618454,10,36.1396,3.5443133232451856,44.75752913696054,8.824722662619823
19,1,4,0.83239898989899,112.03272727272726,0.08746447892116971,11,34.81872727272727,4.412277441206731,42.112594703868965,6.0262207816966935
19,1,5,0.9213095238095238,110.96285714285715,0.11122039929474618,7,33.34171428571428,4.595612027223567,36.41392214495411,4.628376306827065
19,1,6,1.015734126984127,109.34,0.1601362195811236,14,35.54014285714286,4.178923653418294,35.7129543851941,6.427425923076794
19,1,7,1.2275925925925926,121.91000000000001,0.2668107635368084,6,37.12,2.9885915746384613,32.15033289646381,10.69549505953363
19,1,8,1.263611111111111,116.42125,0.29750098187261087,8,35.0695,4.863495803285064,28.937202970417427,6.8315375654100965
19,1,9,1.0286111111111111,121.16,0.09349522995688792,2,35.025,5.876057351660208,33.93131415653618,2.62843877793131
19,1,10,1.1197222222222223,128.07333333333335,0.12922877837576985,3,34.88666666666666,3.577461856307251,31.285319551734446,2.8450929538944347
19,1,11,1.1169444444444445,111.75999999999999,0.1467492402234943,5,34.0144,5.054982027663402,30.848937270162207,5.7180072875449675
19,1,12,1.4159722222222222,151.3,0.14711749419686787,2,36.504999999999995,5.465935418572013,26.122402130670736,6.5742799303150905
19,1,13,1.441611111111111,132.272,0.15227257378922537,5,40.324,5.7220651866262395,28.34019356170014,5.673857559944404
19,1,14,1.6400396825396826,126.41,0.44253110805802043,7,40.315999999999995,4.798207443063156,26.37799159455016,8.43736410721037
19,1,16,1.8434722222222222,133.505,0.007267486362195187,2,31.974999999999998,0.558614357137372,17.344523541764723,0.23464593804261
19,1,17,1.5339930555555554,143.5675,0.47549704657643255,8,36.520625,3.989348709376005,25.940166267324486,8.292017370999512
19,1,18,1.1075694444444444,110.9175,0.1275840671370951,4,36.091499999999996,5.906285042224088,32.94998846268939,6.67815019025567
19,1,21,0.9137500000000001,102.63,0.11372634064083639,2,38.8695,0.8478210306426691,42.92867577535625,6.27079861573828
20,1,1,0.7029861111111111,85.92,0.09999798829546187,8,27.055375,1.0359575194682737,39.153177162230506,5.613424483022178
20,1,2,0.6521296296296296,84.67222222222222,0.0839254427350348,9,29.573555555555558,4.72721152242818,45.31908560734889,3.4009491903156657
20,1,3,0.6868650793650793,82.4545238095238,0.12202654769062078,42,27.93707142857143,1.5854400080620408,41.69267575694772,6.351402867529445
20,1,4,0.6669675925925925,82.54354166666667,0.10650661556245018,48,27.811854166666667,2.0596989037295765,42.447680014480305,5.516002709200336
20,1,5,0.7071166666666667,83.0794,0.10352793421712474,50,27.623939999999997,1.8536867336555578,39.70481478103521,5.131852929676741
20,1,6,0.6715311653116531,85.07195121951219,0.06539298704327119,41,26.901048780487805,1.3565758908225427,40.41222079299922,4.308714832000439
20,1,7,0.757485380116959,90.32026315789474,0.093000060709624,38,26.954447368421054,1.4055472281885666,35.98446458034195,3.742536031945105
20,1,8,0.7656517094017095,87.35230769230769,0.1569350919987775,26,26.857307692307693,1.1076685702584788,36.19089470526057,6.106278748766026
20,1,9,0.839312865497076,90.1421052631579,0.14293025701801818,19,27.424631578947366,1.869791081928268,33.38738926053448,4.793711662740729
20,1,10,0.8861200716845878,90.33612903225807,0.16302394929765304,31,27.533870967741933,1.7771591326596787,31.859158787568855,5.004248071281265
20,1,11,0.9242054263565892,97.07883720930234,0.2562545835711956,43,28.48839534883721,5.00310067258074,31.6248883151448,4.461848173207231
20,1,12,0.9273490338164251,94.82521739130435,0.22806451168502617,46,27.831413043478257,3.2843802295517692,30.715489049755348,4.103161792619275
20,1,13,0.9976940035273368,100.27857142857142,0.18247301832508897,63,27.37331746031746,1.8526361586407412,28.16579542313331,4.469153161612259
20,1,14,1.1602119883040936,100.98986842105262,0.3013944098092081,76,28.009289473684213,2.075781002037799,25.489754861624675,5.771778466350259
20,1,15,1.287777777777778,108.26307692307692,0.311907610718074,78,27.851282051282052,2.5951054924254082,22.815379378257514,5.6149847333716885
20,1,16,1.2411629001883238,111.31050847457627,0.2835552126615632,59,27.554322033898305,1.7844812096543876,23.32771156792584,5.391870124134523
20,1,17,1.214963768115942,101.74021739130436,0.25347813443939093,46,27.726347826086958,2.4345522720240353,23.66520139868641,4.703245729043252
20,1,18,0.9153184281842818,93.57780487804878,0.13753037769058343,41,26.816243902439023,1.1290627701879072,29.981394050669824,4.996875890624796
20,1,19,0.9314772727272728,99.30454545454545,0.194486756287617,22,27.223363636363636,1.2569355609294386,30.30138553880397,5.776196452456765
20,1,20,0.8765277777777778,89.414,0.2430564285698607,10,28.696500000000004,6.001753470630248,33.72000055981197,5.95439122164191
20,1,21,0.8163888888888889,85.10666666666667,0.018648387213885592,3,27.846666666666668,1.243878343461825,34.11657658662005,1.5486249635784124
20,1,22,0.8006944444444445,84.19,0.09329881140655834,2,27.265,1.7182694782833103,34.15855751054238,1.8342619297576022
21,1,0,0.7734027777777778,81.00750000000001,0.44086477256091267,4,25.6475,10.386785627260563,34.951695689711606,4.395967860440038
21,1,1,0.7296111111111111,71.398,0.22241992941281136,5,24.8732,7.301552554080537,34.33264383722284,3.2628071824850897
21,1,2,0.6038888888888889,65.39941176470587,0.07340984014169787,17,20.497941176470587,2.029481814115005,34.23612985563584,3.826957301652132
21,1,3,0.5836888888888889,63.9396,0.09984302115707304,50,20.76618,2.249054873515013,36.19313297403069,4.93358295687354
21,1,4,0.5846601307189542,65.1389411764706,0.08548554968106775,85,20.546282352941176,2.57959751664851,35.764248992920635,5.630686566844512
21,1,5,0.6130514705882353,66.34720588235294,0.09868173016921071,68,20.849441176470588,1.686782695595312,34.61233371469737,4.589435380816896
21,1,6,0.6221037037037036,69.01866666666666,0.10239776525934484,75,21.09648,1.7230438682436062,34.39498893583231,3.657627125492578
21,1,7,0.6419632768361582,69.37949152542373,0.12867434772258057,59,21.16328813559322,1.4681778649512016,33.73271707005442,4.476514033997034
21,1,8,0.6651829268292683,63.389512195121945,0.15306036504033707,41,20.867170731707315,0.9992239964702372,32.679938417769165,6.238832227671977
21,1,9,0.6682118055555556,67.4859375,0.12765525014969248,32,20.946,1.2868483881924668,32.279261215334564,5.351188419905836
21,1,10,0.7281678486997636,69.9068085106383,0.15709082844079386,47,21.433914893617022,1.6653498369880022,30.483093866331284,5.302893324534047
21,1,11,0.7093790849673203,68.50911764705882,0.16123797772320003,34,21.00408823529412,1.3823549157834725,30.587485174446087,4.947785932619173
21,1,12,0.7609427609427609,74.21606060606061,0.2808620690474935,33,21.457424242424242,4.386711987855362,29.392548141506754,5.02614709050898
21,1,13,0.7792753623188405,73.58108695652174,0.15927379862853783,46,20.72863043478261,1.0227552842677397,27.65939415926871,5.572503534924336
21,1,14,0.7867241379310346,70.14310344827587,0.19075372851716663,58,21.121931034482756,1.2822764961989184,28.156522473532767,5.803189180983033
21,1,15,0.8952995642701526,74.77509803921569,0.24031291870927735,51,20.66207843137255,0.9188969440179302,24.403604118705342,5.544689769123079
21,1,16,0.8571040189125295,78.87127659574467,0.20309966960588066,47,21.234468085106382,1.1759399543060052,26.174062336000492,6.3623598980921585
21,1,17,0.7770138888888889,69.00375,0.14418885921134494,32,20.74921875,1.1343427181490353,27.521974054960992,4.878063327165839
21,1,18,0.7086892361111111,74.725625,0.11009990653235764,32,20.9554375,1.1815465244822685,30.085702815051608,3.6818220963414268
21,1,19,0.6777572016460905,72.13333333333333,0.12840948285401196,27,20.999037037037034,1.5235670564496255,31.55912398301723,3.7461728629615214
21,1,20,0.7182083333333333,75.4035,0.2143146532313379,20,22.8923,9.03362379406136,31.7435959151568,3.7682477350146697
21,1,21,0.6174206349206349,61.67285714285714,0.14251071310947125,7,20.403428571428574,1.1178028832107583,34.216195581559106,6.323656773382774
21,1,22,0.6787777777777777,65.404,0.12248985848672851,5,20.6194,0.622514096225941,31.077785119988242,4.996896340021931
22,1,0,0.5343518518518519,64.08999999999999,0.02060866512390601,3,19.273333333333333,0.6180884510596628,36.09254539241743,1.4335472506359885
22,1,1,0.5771527777777777,53.745,0.05239057526448064,4,18.55325,0.7776946165858855,32.31049941431917,2.747056390274405
22,1,2,0.5699126984126984,63.62314285714285,0.09668086373632664,35,19.67674285714286,2.3287332499837405,35.024350152569205,4.3925881223758525
22,1,3,0.5727516339869281,61.52470588235295,0.09216649268692467,85,19.7968,1.740284711244249,35.15553242369503,4.586436634846296
22,1,4,0.5639195261437909,63.29882352941176,0.08955655035745534,136,19.737132352941178,1.7210369863192565,35.59055856958016,4.712036843509658
22,1,5,0.5744050925925925,61.264,0.0906378139667312,120,19.646116666666668,1.3636242624460932,34.808090160559495,4.574060434525523
22,1,6,0.5840029761904761,65.46642857142857,0.09026695903120895,112,20.0025,1.489142518848159,34.78236510125809,4.119841566213628
22,1,7,0.5986535947712418,65.87952941176471,0.09096446719522908,85,19.940223529411767,1.2230063502587019,33.90984570462016,4.479010451076648
22,1,8,0.644676511954993,65.77645569620253,0.11097457271720776,79,20.089240506329112,1.080462759537995,31.90997281541729,4.770950471702811
22,1,9,0.6196949891067538,63.11098039215686,0.1085096464805182,51,19.612823529411767,0.9451814155151878,32.331320098481115,4.3540711527955365
22,1,10,0.6895625,63.64325,0.17441617768130885,40,19.793799999999997,0.8828707313107221,30.172130484564867,6.3981469669187065
22,1,11,0.6720781893004115,65.20203703703703,0.19003323465216324,54,20.0057962962963,1.4615326586973185,31.01889716703805,5.315280092024908
22,1,12,0.6992881944444445,66.2096875,0.1434546442175361,64,19.919703125,0.8525295634158467,29.511350250165304,5.370263849961779
22,1,13,0.71359477124183,68.97529411764705,0.18092665577144912,68,19.85488235294118,1.359018231340834,29.094474949601715,5.562401733080476
22,1,14,0.795,68.79208333333332,0.23740540951000852,72,20.20702777777778,2.603988506131045,26.79725411245467,5.674153290081048
22,1,15,0.8384791666666667,73.204875,0.23422597311877033,80,19.822937500000002,1.2364177056641283,25.0532176382649,5.64713640725952
22,1,16,0.8376428571428571,72.48,0.20161683053843318,70,19.839971428571427,0.8713344583466655,24.927526639528235,5.5178887882809375
22,1,17,0.8399017094017094,71.86507692307691,0.1710353186469267,65,19.869246153846152,0.9835809262391882,24.60082282882815,4.9746029704058135
22,1,18,0.7188997821350763,69.32254901960783,0.1814731211670875,51,19.974666666666668,0.803043851023508,29.271740547388728,6.285442288603434
22,1,19,0.6751388888888888,67.71555555555555,0.096909212682002,36,19.793777777777777,0.6717003205559166,29.852764094094837,4.041263530861995
22,1,20,0.634375,64.62178571428572,0.1700148031593843,28,20.884607142857142,5.865218661828235,33.090866944250294,2.9797346263218136
22,1,21,0.6116111111111111,60.345499999999994,0.22183397370745137,20,19.24505,1.6377860368899162,32.985993718647514,5.097886200350111
22,1,22,0.6284444444444445,61.001999999999995,0.14793298032104496,5,19.5308,0.5972116040399761,32.40012115903615,7.159776602456975
22,1,23,0.5565277777777777,66.855,0.008445997664172675,2,19.616,0.6137686860699247,35.24280748962888,0.5680004286504022
23,1,0,0.36833333333333335,40.91166666666667,0.09509920096768089,6,10.345666666666666,1.4427797706741896,29.377386036890375,7.249134059708333
23,1,1,0.369537037037037,39.343333333333334,0.061006381218547276,9,10.51611111111111,1.8543913721518204,29.442485160572332,7.9531857821509275
23,1,2,0.33149895178197064,36.97490566037736,0.0609604382734626,53,10.561490566037737,1.0892418962577295,32.597943594686235,5.380553686782304
23,1,3,0.3408070175438596,38.41691228070175,0.07903304355038891,285,10.625322807017545,1.9241296077814998,31.951414684083055,5.533001816510816
23,1,4,0.335519877675841,38.61045871559633,0.06993565528235586,654,10.928987767584099,1.727894181674927,33.309097823635085,5.530138909993965
23,1,5,0.3538442144373673,40.3190127388535,0.07292479934593828,628,10.906619426751591,1.3964111005685464,31.61051658541374,5.150067249159759
23,1,6,0.3561374327956989,40.93637096774193,0.07058001792583181,496,10.895072580645161,1.259790841536156,31.409759432736458,5.217492920164984
23,1,7,0.35627561475409836,39.94389344262295,0.07705031388581715,488,10.800137295081967,1.3451447681310924,31.146257789191637,5.065538896876839
23,1,8,0.36580335731414865,40.968393285371704,0.11157470572331178,417,11.004657074340528,3.423798217694012,30.839926248405142,5.201521978977614
23,1,9,0.3607383604684376,39.83154241645244,0.13715922656333734,389,10.817544987146528,1.3473080591858833,31.063260184201248,4.8571506586372655
23,1,10,0.3472577335858586,39.34957386363636,0.07358074870478375,352,10.959752840909092,1.8280740690645467,32.15088943933505,4.414052893166278
23,1,11,0.3436453960257487,38.728564231738034,0.06627551812412578,397,10.631987405541562,1.4191213501341724,31.581746115531573,4.721482841925845
23,1,12,0.3406048126614987,39.17296511627907,0.060542756719799626,344,10.805168604651163,1.276432170227708,32.25768805168662,4.275857632223191
23,1,13,0.36176295160190863,39.83969325153374,0.07897942293847358,326,10.98277300613497,1.4252493214575632,31.061621402199833,4.402472997113753
23,1,14,0.3894573844030366,40.596801242236026,0.08677915631975769,322,11.052226708074533,1.2418200671934947,29.244785783233095,4.7861538876653364
23,1,15,0.39160691214470283,40.85369186046512,0.09697035040427947,344,10.985604651162792,1.2931663743753297,29.01384591590232,4.677119688935198
23,1,16,0.39614966389877426,41.471423487544484,0.08238870624195171,281,11.10220284697509,1.1687925720859518,28.816695747877013,4.605039993383603
23,1,17,0.39916444444444443,41.426,0.09113963196791049,250,10.988712,1.1713727526104718,28.49831317699599,4.983677571607233
23,1,18,0.38362619406737053,40.199140271493214,0.09318767823142694,221,11.191131221719457,1.30523847907118,30.10700135233174,4.697886743800791
23,1,19,0.37833531746031746,40.29928571428571,0.07578293928224263,140,11.230371428571429,1.1102196641993527,30.53890676191929,5.073252100858564
23,1,20,0.36916319444444445,39.400375,0.06297478661588542,80,11.075637500000001,1.2925153011238357,30.616363876369586,4.988883276498857
23,1,21,0.36274193548387096,36.77483870967742,0.059330313677472706,31,11.062838709677418,1.10190402173614,31.032900832477857,4.36379570964065
23,1,22,0.38792929292929296,39.36363636363637,0.0748962619635768,11,11.873363636363637,2.0535208434650607,31.436994429069056,6.5861141435079515
23,1,23,0.47587301587301584,42.16857142857143,0.32109366656813787,7,9.963571428571429,3.5919571200643463,25.185822905687342,8.158884234042324
24,1,1,0.7896428571428571,77.55428571428571,0.15735195490717602,7,21.642142857142858,1.7390750825818706,28.002802682417354,3.7686092313614776
24,1,2,0.6441913580246914,71.05888888888889,0.10839634631757368,45,20.833266666666667,1.9415165510965442,32.84808983156066,3.8951142031942854
24,1,3,0.6358364197530864,71.512,0.09404583694632648,180,22.154916666666665,3.1370341112845934,35.27700007627232,5.547461836521007
24,1,4,0.6325925925925926,72.89015151515152,0.08868572343884605,330,21.56937878787879,2.856971348770333,34.489414827176596,5.002379665428114
24,1,5,0.6550533584431889,75.51389830508475,0.10576806604731813,354,21.8335790960452,3.3766471847736743,33.83477899766259,5.591275974336379
24,1,6,0.6804230467216333,74.9674558303887,0.10970295463876835,283,21.11891519434629,2.487445605068092,31.52526408268901,4.835321312319515
24,1,7,0.7082987462170341,78.03435797665371,0.11628272121326609,257,21.91593385214008,3.286601545405774,31.52470399894585,5.7970207762588295
24,1,8,0.74375,79.09604938271605,0.10971460321582924,162,22.524055555555556,3.480743793665781,30.9496653195602,6.5927460413830055
24,1,9,0.7295555555555556,77.19292857142857,0.11328992248647991,140,22.321514285714287,3.2856427324439994,31.26986380864562,6.405307295547264
24,1,10,0.7275469219219219,75.46527027027028,0.1252642599650521,148,21.742716216216216,2.945044390690334,30.50798337052771,5.90755250294814
24,1,11,0.7742945643485212,77.64539568345323,0.12381049375360752,139,22.09517985611511,3.008265122479653,29.196029004581487,5.75915632548444
24,1,12,0.7649970131421745,78.92252688172043,0.11008664342280362,186,22.777575268817206,3.293616388701878,30.29959331634964,5.767089102831774
24,1,13,0.8138735702614379,81.00139705882353,0.15854241621568985,272,22.220125,3.2228020386966536,28.11818049607336,5.912998606360023
24,1,14,0.899691884717482,86.25505119453925,0.1970368730152441,293,22.623829351535836,3.284560594591992,26.192923535115305,6.430346155941978
24,1,15,0.992528409090909,89.93109848484849,0.21828923649793824,264,22.93210984848485,3.5283647597181997,24.167572564617597,6.278647315251953
24,1,16,1.0700068418171866,91.62689655172413,0.29547429810559006,203,23.554960591133007,3.7387191707914105,23.501572879243778,6.881558439207952
24,1,17,1.00545197740113,91.54372881355933,0.282654180670692,177,23.741079096045198,3.705042677717529,25.184657651294803,7.216128455480521
24,1,18,0.8552103758169934,84.09169117647059,0.18337984974264868,136,23.99614705882353,3.8952488182388674,29.2150974677004,7.150759834510656
24,1,19,0.7992627206645898,79.79168224299066,0.17204478374920124,107,22.596682242990653,3.2630406805591,29.224520544303918,6.237344916063203
24,1,20,0.7448214285714286,73.38900000000001,0.107781119066381,70,21.705342857142856,3.200404869703317,29.63410833159824,5.328032254615749
24,1,21,0.6866851851851852,76.97933333333334,0.09628301826445852,15,21.30773333333333,2.7682495879079227,31.525267887759732,5.3018244125581555
24,1,22,0.7681944444444444,71.18,0.12839634896671917,4,21.453000000000003,0.2718112089913387,28.414476422781544,3.9154862338759355
24,1,23,0.834484126984127,75.71428571428571,0.18444140647399285,7,21.386,2.964365924330756,26.242721268544802,4.214481342275381
25,1,0,0.7884259259259259,79.91,0.16941833435747414,3,23.366666666666664,1.2554016621517354,30.483056658138626,5.933485249834695
25,1,1,0.6764351851851852,59.29916666666667,0.19072980788189658,12,20.437,4.247960858405531,31.11192310302505,6.354996638738783
25,1,2,0.6652538314176246,70.47948275862069,0.13833625223443308,58,22.37051724137931,3.6659224216357766,34.27649464149194,5.456076749878265
25,1,3,0.6238649940262844,67.30408602150537,0.12224492687463069,279,21.295408602150538,3.5569013479924054,34.68236473245376,5.610351611153549
25,1,4,0.6279400342285414,69.79976303317535,0.11765495574319314,844,21.5619490521327,3.429025469602894,34.89728904297261,5.832305787309435
25,1,5,0.61344499449945,69.40555445544554,0.10601178608238233,1010,19.38399801980198,3.8515341929214197,31.966025722483298,5.875165911972152
25,1,6,0.6206595525143913,67.8515835777126,0.09477624030865865,1023,17.785689149560117,3.154776763224674,29.011653121537936,5.23824517948302
25,1,7,0.6551202949165696,70.58215366705471,0.13170981500287068,859,17.549174621653084,3.14615929800862,27.316167158095734,4.978656391664604
25,1,8,0.6719700068166327,70.15246932515338,0.12971850868819243,652,17.541581288343558,2.9961794373375907,26.704200636999186,5.33893703065519
25,1,9,0.6896762939409998,67.54623211446741,0.1292647623478705,629,17.061868044515105,2.430627382264408,25.23414248818209,4.272025968521626
25,1,10,0.7208854482898199,68.25779599271402,0.15592126393279296,549,17.236391621129325,3.0863098234428805,24.43208999253435,4.437553868623879
25,1,11,0.7750660660660661,70.28275675675675,0.17252748080423458,555,17.41310810810811,3.2512326425331004,23.139461699082037,5.019125227537108
25,1,12,0.795905179615706,71.86151879699248,0.16925720773354005,665,17.5247022556391,2.8493370300145915,22.796926601715473,5.39735437176938
25,1,13,0.8551026649191787,73.73422018348624,0.1930864039416243,763,17.57651114023591,3.1714000614777924,21.400898166370308,5.59142471940745
25,1,14,0.9521432018337556,77.56633007600433,0.2376348589960556,921,17.756239956568947,3.17875783060288,19.62714995769974,5.5788906984037245
25,1,15,1.0709551838083438,82.44205700123916,0.2811286327079661,807,18.288682775712516,3.3530853605633175,18.333215848982068,6.370406858345802
25,1,16,1.1163509685672515,84.91629934210526,0.3084321955361807,608,18.84274013157895,3.6353207434345394,18.388709539902102,6.91128332720529
25,1,17,1.0156453924162259,81.80539682539683,0.2838771927556077,504,19.07986507936508,3.6914270395230697,20.214923389753828,6.76383814490472
25,1,18,0.8908445945945946,77.57948648648649,0.20976627268188386,370,19.25265135135135,3.7763904820922134,22.692231520215426,6.541474472762665
25,1,19,0.792898023862789,71.21989932885906,0.1618688747074814,298,18.128181208053693,3.361218978925969,23.739945095506663,6.314893959258912
25,1,20,0.7306051051051052,67.29702702702703,0.14776977963614804,185,17.716605405405407,3.209134633960325,24.984429295023695,5.875367647580898
25,1,21,0.6891515151515152,62.345636363636366,0.08796293726740723,55,17.150236363636363,2.9645266186572297,25.28633867051938,5.514232545436696
25,1,22,0.6541880341880343,63.28615384615385,0.09780719922057488,13,16.122615384615383,0.8640884926192007,25.060612950796557,3.1676780840858165
25,1,23,0.6738888888888889,67.96000000000001,0.10877952983494235,5,22.853,0.6439293439500956,34.602319944993205,5.389591298120629
26,1,0,0.6346296296296295,63.153333333333336,0.0934912134688858,6,20.13,1.0256120124101515,32.26288769918981,4.629485631110977
26,1,1,0.5650000000000001,67.646,0.07980493193088901,5,18.844,0.9734885720952268,33.91405299424916,5.210178592239523
26,1,2,0.6463477366255144,65.9637037037037,0.2206835311898292,27,20.499407407407407,4.69914106929913,32.44100489277175,3.5260106314546062
26,1,3,0.6208705357142856,66.27366071428571,0.10780318998791817,112,20.334955357142857,2.0239172809557266,33.29971257811086,4.077466324795081
26,1,4,0.6312165963431786,66.82603375527427,0.11667303899116019,237,20.573413502109705,1.8194716818826422,33.17894819372572,3.992506931256791
26,1,5,0.6577919238683128,70.53013888888889,0.11627752937940497,216,20.524305555555557,1.9901643566968699,31.831912836202292,4.386684463176166
26,1,6,0.6394857142857142,71.84205714285714,0.1202870059659524,175,20.204497142857143,1.279900202082428,32.324745311481955,4.323942394789042
26,1,7,0.7019476372924649,69.25172413793103,0.126743429442694,174,20.40766091954023,1.346084952515532,29.79621369586963,4.432752970482051
26,1,8,0.7127165032679739,71.42588235294117,0.1283008825912019,136,20.152933823529413,1.1549296800925168,29.012967857239744,4.50896818175469
26,1,9,0.7375399017802332,74.13867403314917,0.14947734771508164,181,20.350939226519337,2.0474577303078023,28.413144483374197,4.8364367121561145
26,1,10,0.772977346278317,74.00810679611651,0.14734566547138886,206,20.252830097087376,1.5387770992694456,26.96375022773283,4.468751912421869
26,1,11,0.7797243755383291,74.41271317829457,0.20465564230019143,129,20.42332558139535,1.2542737201438945,27.32215370447104,4.8959229985432815
26,1,12,0.7861241319444444,70.681796875,0.15878031587161806,128,20.7379609375,1.7019498701979536,27.10291862598302,4.12300038309142
26,1,13,0.8082897897897897,74.73156756756757,0.1619604161044237,185,20.257345945945946,1.0828541790791755,25.831952848928307,4.168337381580012
26,1,14,0.928504938271605,80.02137777777779,0.2856943631362745,225,20.717853333333334,1.885785851442311,23.552521541847483,4.846906830964178
26,1,15,0.9821062567421791,82.69747572815534,0.37124257490118096,206,20.679233009708735,3.6035678937622126,22.313178130896944,4.977209068572626
26,1,16,0.9419429347826087,80.59766304347826,0.2125600333414939,184,20.395804347826086,1.2120699202462264,22.574742980015255,4.452535528690675
26,1,17,0.9127097505668934,79.72280612244899,0.2037054321134565,196,20.633326530612244,2.5822991337000256,23.37779802294462,4.23629592611615
26,1,18,0.7923508898508899,73.07965367965369,0.1541374645246412,231,20.465225108225106,1.4813956643393278,26.63998585830915,4.594279208934458
26,1,19,0.7346394407652685,70.74165562913907,0.12183736458979745,151,20.400867549668874,1.211385018208479,28.353462418854257,3.891648125013491
26,1,20,0.7234276729559749,72.46094339622641,0.1349918884426586,106,20.50252830188679,1.6088553766578586,28.990035370009117,4.154588755396909
26,1,21,0.6887373737373738,67.60522727272728,0.09911821344208765,44,20.21793181818182,1.3195952938038145,29.83724167947079,3.8591602505885843
26,1,22,0.6080555555555556,59.43142857142857,0.07055154552617317,7,20.30442857142857,1.2220777194519805,33.61067528271135,2.4820482996240987
26,1,23,0.7000308641975308,85.97666666666666,0.18429301872941511,9,21.85822222222222,3.151444342590306,32.105532786777424,4.837577112799229
27,1,6,0.7073611111111111,90.03,0.009624508966150165,2,29.968,0.3280975464705571,42.372991744989484,1.0403693020200793
27,1,13,1.2977777777777777,109.01666666666667,0.32059298356500426,3,31.120666666666665,1.1187378304738487,24.999860415214453,6.192898520196437
27,1,18,0.9089444444444446,110.45599999999999,0.200452555114301,5,30.618000000000002,1.7940930856563708,34.98105260437087,7.637094970636505
28,1,1,0.8217592592592592,119.91333333333334,0.1479422469621642,3,29.58366666666667,5.827680527734283,37.28469689141402,12.709726482042289
28,1,2,0.7892222222222223,93.35,0.08430165803425874,10,29.772399999999998,4.0535611284674395,37.85073874678529,4.326694724120923
28,1,3,0.8335222222222223,85.9308,0.09781314201593164,25,29.715,3.726819119571006,36.009049204495476,5.460006229901314
28,1,4,0.8437931034482758,88.07344827586208,0.0881902191170713,29,28.96448275862069,2.63790393820399,34.530551629115614,3.343634600545573
28,1,5,0.858968253968254,95.34857142857143,0.10918429257865395,28,28.182607142857144,3.11926174004524,33.14266672647022,4.073384063109104
28,1,6,0.981060606060606,96.74499999999999,0.16423939374133995,22,29.28968181818182,5.3406316051154885,30.555282449709463,6.835799995286427
28,1,7,1.1071560846560846,98.69761904761906,0.24739134204128893,21,29.988761904761905,4.91940131423288,28.484067676289424,8.001457025015517
28,1,8,1.14260582010582,113.62095238095237,0.28797916961318465,21,32.86704761904762,6.544510176294255,30.344649597424596,8.825797229960937
28,1,9,1.0890821256038647,102.45565217391304,0.1453970008019079,23,33.31356521739131,5.76405191152328,30.941461880679594,5.817585834959537
28,1,10,1.1500555555555556,117.75866666666667,0.16577028127865032,15,30.549066666666665,5.309598376884029,27.302449907636184,7.050442933573946
28,1,11,1.180631313131313,101.42681818181818,0.175384103996297,22,29.41490909090909,4.1756418943004725,25.502820301169027,5.692341685680255
28,1,12,1.180448717948718,114.2576923076923,0.2873500131769753,13,32.12030769230769,5.750003744703351,28.651633128290072,8.637211608477797
28,1,13,1.340756172839506,116.04722222222222,0.40597252051618726,18,31.974333333333334,5.95172403099946,25.436119333109612,7.0851051957465625
28,1,14,1.4958169934640522,118.06823529411766,0.38259036885593667,17,31.453176470588232,5.551800746551677,22.553766953023665,7.749782123225343
28,1,15,1.7205324074074075,133.54166666666666,0.3966258229957779,12,33.01425,9.336755413905353,19.67716128562121,4.939774983692333
28,1,16,1.6666865079365079,135.2657142857143,0.3473284190469528,14,30.693214285714284,5.692122507716884,19.40858875050383,6.217057029081177
28,1,17,1.351190476190476,121.49000000000001,0.34819736086938124,7,30.989857142857144,5.317709921528608,24.060365337025917,6.385454336490245
28,1,18,1.291388888888889,104.13,0.21583976824384232,9,32.724666666666664,5.164442370672751,26.111367210560044,6.668607780059461
28,1,19,1.2047222222222222,102.58833333333332,0.19542419112820825,12,29.545916666666667,5.139362455302184,24.971653922016845,5.062614982567072
28,1,20,1.1776666666666666,106.008,0.09477894196236943,5,31.8728,5.336230804603566,27.197085554547265,4.890494156877933
29,1,0,0.6040740740740741,73.00666666666666,0.10948192157732423,3,22.054999999999996,0.3725251669350675,37.31085098305191,6.752359576140399
29,1,2,0.5888888888888889,62.917500000000004,0.07495780706174754,16,21.7915,0.9050963116339241,37.477218288921996,4.194426380255059
29,1,3,0.5692063492063492,63.99428571428571,0.0895949553594796,28,21.928357142857145,1.0013669625321147,39.352126891821904,5.782075653156128
29,1,4,0.6102614379084967,71.35529411764706,0.15300650970340923,51,22.517999999999997,2.568241787682772,37.98455460299636,5.418882763063008
29,1,5,0.6120449172576833,70.0259574468085,0.11092450249938782,47,22.680468085106384,1.8731194029939304,37.7317340691254,4.468680445341545
29,1,6,0.6250925925925925,71.82088888888889,0.0987858744451806,45,22.567600000000002,1.182835064964296,36.74882653177992,4.674113201052997
29,1,7,0.658858024691358,74.10622222222221,0.12772505530420766,45,23.218866666666663,3.871655510361051,35.65484595011489,3.842967358693366
29,1,8,0.6865246913580246,73.1588888888889,0.12923105300625265,45,22.731555555555556,1.4223165572012753,33.87455519513608,4.498406623705393
29,1,9,0.6669623655913979,71.12645161290322,0.12288293501340869,31,22.46264516129032,1.4837067443486955,34.50546245132395,5.102247271151975
29,1,10,0.6834837962962963,68.64999999999999,0.17182231072381407,24,22.710333333333335,1.763198394880776,34.413423774203714,5.485468334182282
29,1,11,0.7423444444444445,73.4896,0.20428259621227243,25,22.734119999999997,1.0645245934218714,32.224416879867064,6.502282549567357
29,1,12,0.83996996996997,76.12297297297297,0.23335602828878557,37,22.57518918918919,0.8792744748382618,28.6349708097474,6.889349800072947
29,1,13,0.8411481481481482,79.73155555555556,0.3343178306593072,45,23.23346666666667,4.889267739372914,29.733178047848707,7.032337684348753
29,1,14,0.9103944444444444,82.4914,0.35079866085806755,50,23.10832,3.706808371587811,26.96143815733303,5.7450342671543
29,1,15,1.0058006535947712,84.53098039215686,0.28664350491625545,51,22.466666666666665,1.496969267108268,23.95492169901495,6.230006228834915
29,1,16,0.9366962174940898,81.71148936170214,0.2984192970840248,47,22.51404255319149,1.2003544396379588,26.085607723546662,7.026132234465563
29,1,17,0.8887943262411347,78.27510638297872,0.22211171978263664,47,22.782808510638297,1.3027046887199534,27.10234580482814,6.358053782852512
29,1,18,0.7301984126984127,74.94428571428573,0.1779545762450539,35,22.50702857142857,0.7780895716513658,32.26644798197308,6.429333740339683
29,1,19,0.7088164251207729,74.39,0.15845532287550995,23,22.590695652173913,1.2436938542752614,32.892274211703686,5.322700250918439
29,1,20,0.6638762626262626,70.50363636363636,0.10363227925644314,22,22.31931818181818,0.8178438194343799,34.321678918445194,4.949992041940449
29,1,21,0.6765972222222222,65.975,0.20747345695174163,4,21.532,0.5310517865519335,33.75102527979361,8.396155892912663
29,1,22,0.5802777777777778,65.42333333333333,0.07358070650904602,3,21.999,0.40022868462917577,38.34680417725291,5.250332568904611
29,1,23,0.6065277777777778,74.91,0.044587010924818475,2,22.23,0.9758073580374373,36.691253241468075,1.0884018428700009
30,1,16,1.1593055555555556,90.755,0.4692439167374061,2,34.099999999999994,3.1112698372208056,31.447055618840075,10.044866649191789
31,1,5,0.7469444444444444,86.02000000000001,0.08171011693711218,2,29.72,0.7071067811865476,39.976181840113966,3.4264284722968896
31,1,6,0.9175,94.5,0.2341309119928792,2,28.6,1.8384776310850208,31.956476199508593,6.1509768780214324
31,1,12,1.390388888888889,113.30799999999999,0.6414083955938459,5,30.2166,3.1595318957086027,24.774969101479144,9.840595437193146
31,1,13,1.0133333333333332,101.646,0.2832284664321912,5,30.7014,3.3693611857442645,31.561489079123504,6.560397227691797
31,1,14,1.0892460317460317,115.78714285714285,0.35466343933766536,7,28.774285714285718,3.0941173062380667,27.972669137632803,6.397896884071743
31,1,15,1.3358333333333334,122.674,0.5443033051185368,5,30.418,3.58572447351996,25.82146277717377,9.566628023304016
31,1,16,1.41625,133.725,0.5360644529686943,4,36.71,15.366309468010419,27.658079428162335,11.857237182126477
31,1,18,0.8673611111111111,99.035,0.03633743181097539,2,27.716,0.6561950929411154,31.998323452874054,2.09708732173312
32,1,1,0.7291666666666667,85.855,0.0023570226039551735,2,30.165,1.4495689014324242,41.372572068947946,2.1217165563191287
32,1,2,0.7565432098765432,82.98222222222222,0.14283796228771795,9,29.941555555555553,1.2687054535146358,40.65498575684879,6.596384239588479
32,1,3,0.7057449494949495,82.31954545454545,0.07581573755410732,22,29.453818181818182,1.2144247172794995,42.10728542253926,3.8623295171956737
32,1,4,0.7139043209876543,95.03833333333334,0.09613242954763944,18,29.840055555555555,2.99648826760735,42.36921868262842,5.793471654115968
32,1,5,0.7355769230769231,92.02846153846153,0.08042617815707437,13,29.697846153846154,1.5710721841125914,40.73453034653315,4.03060488512568
32,1,6,0.8224494949494949,89.71772727272727,0.15167489454695263,22,29.412181818181818,1.3446115614117904,36.64175702927244,5.25073674360067
32,1,7,0.8731481481481481,99.02933333333334,0.18360530772312517,15,29.669933333333333,2.2302132334525027,35.04503736051331,5.955143651676613
32,1,8,0.9482575757575756,92.95,0.17840436846352348,11,29.92,2.4229586872251883,32.49733084927272,6.210419778003939
32,1,9,0.8424652777777778,92.1175,0.1594001540650485,8,28.823,0.8744400657400309,35.266211238280064,6.51473501096322
32,1,10,0.9677525252525253,91.42636363636365,0.13752864205306733,11,29.249181818181818,1.1615126188020362,30.668247015748477,3.624236023713054
32,1,11,0.9311111111111111,104.925,0.11121897542158514,6,30.640833333333333,1.8842883448842611,33.21446995445208,3.5095892004447995
32,1,12,1.1953703703703704,106.97333333333333,0.5892824942459187,9,31.814888888888888,5.384644845401703,29.054729953240805,6.710446755468061
32,1,13,1.0394642857142857,99.87071428571429,0.15903083225095258,14,29.77042857142857,2.761053414196103,29.296763339589315,5.257961896748471
32,1,14,1.1082692307692308,104.64538461538463,0.20349053936785136,13,31.097615384615384,2.6325697058976907,28.925261863202483,5.639476396819791
32,1,15,1.2466358024691357,110.50999999999999,0.35662267826602834,9,30.296,1.7043713650492942,26.02697620061778,7.0117987173103495
32,1,16,1.2812654320987655,107.495,0.2181571039141727,18,30.62211111111111,2.8400498315613483,24.66496650145802,5.384581988061917
32,1,17,1.2581666666666667,100.761,0.34917925520192994,10,29.994099999999996,2.2053720497407645,25.274761857345805,5.8769014220112545
32,1,18,0.9433585858585858,100.17818181818183,0.138911523408168,11,30.45836363636364,2.6673704756830197,32.785223783041985,4.475759164989803
32,1,19,0.8332407407407407,89.18166666666667,0.15799932280940462,6,29.366,2.4416355174349844,35.79128622606062,3.7308737462892747
32,1,21,0.7662962962962964,92.07333333333334,0.05103128831247828,3,27.983333333333334,0.470567033836129,36.63862861823859,2.7961850944443336
33,1,0,0.7930555555555555,64.48333333333333,0.24423396872974382,3,22.68133333333333,1.8829448566894718,30.669705630182364,10.219804493103297
33,1,1,0.7439814814814815,53.81,0.33431018130637724,3,21.102,5.0992709282798465,31.459336042500908,13.745633297396758
33,1,2,0.6000179211469534,64.20129032258065,0.12268198323181238,31,21.100322580645162,3.5062815668178238,35.7703387570652,5.879860112561005
33,1,3,0.5997451690821256,69.02247826086956,0.11264319965061376,230,21.976382608695655,2.9298951755027365,37.38977610098141,6.272255034552089
33,1,4,0.5921817199945997,70.31950182260024,0.10855138775005832,823,21.73281652490887,3.4924505439679976,37.282836031884464,6.398384595503735
33,1,5,0.5862381796690307,71.04022243713733,0.09489162832706902,1034,19.804408123791106,4.061704847346987,34.109138269381546,6.632374460300915
33,1,6,0.5964088824909363,68.82902111324375,0.0971549183814672,1042,18.096380998080615,3.635360866796911,30.675459432142613,5.882934751774602
33,1,7,0.610808112652375,68.98438839848676,0.10543158730923792,793,17.838912988650694,3.4087871071191715,29.65753660666123,5.975333680719424
33,1,8,0.635996533795494,71.28752166377816,0.120016750332936,577,17.524792027729635,3.2663921257516595,28.153108743154817,5.945295191263655
33,1,9,0.6438284542027056,68.61241516966068,0.12168898405502451,501,17.260055888223555,3.0992210216230567,27.328105654399163,5.312732147641456
33,1,10,0.6683370288248337,69.6270731707317,0.15019648877415634,451,17.340643015521064,3.031021529864332,26.613973677130826,5.405654422228312
33,1,11,0.7054322371699053,69.79928251121076,0.15309595632801426,446,17.124284753363227,2.855304258108716,25.037016157763784,5.495429875599968
33,1,12,0.7315717447006755,70.2075890985325,0.1569061646650623,477,17.380526205450735,3.2983448029144364,24.529219212758935,5.9228739879328955
33,1,13,0.7922612162635821,75.16312302839117,0.18251758615015648,634,17.61681861198738,3.322484926305886,23.163197665827877,6.169744572335885
33,1,14,0.9031544730620878,78.62458006718926,0.23008412790683597,893,18.061004479283316,3.6563289312291287,21.205481293723338,6.82829279392698
33,1,15,1.0065582238642583,82.38711822660098,0.2739516812236678,812,18.697673645320197,3.8681985590041332,20.10074569081884,7.472158075824319
33,1,16,1.0398743275830087,84.83345575959933,0.29616403853552814,599,19.344754590984973,4.071269022847313,20.39313480415258,8.020412643147656
33,1,17,0.9583517699115045,82.17758849557521,0.24069703861675393,452,19.256557522123895,3.997752960177566,21.588564611203925,7.744778436200733
33,1,18,0.8435211489898989,78.48730113636363,0.19308145109502634,352,19.40103409090909,4.028808922270677,24.279584412341784,7.681624505801825
33,1,19,0.7647263071895425,73.53400735294117,0.19856782726582844,272,18.713702205882356,4.105960536761357,25.63031191150073,7.238168309383033
33,1,20,0.7200523560209424,69.16376963350785,0.16828046814134515,191,18.292921465968586,4.923427165267572,26.07354712962784,6.47179264564687
33,1,21,0.7170621468926553,68.23305084745763,0.18416550512649138,59,17.931135593220336,3.71125215628154,26.11411379775647,7.122672662650527
33,1,22,0.6744246031746032,61.410000000000004,0.13397705471638116,14,16.61807142857143,2.7369243958048326,25.19235835187856,4.858435818289337
33,1,23,0.7887777777777778,64.96000000000001,0.2363597220549147,5,24.157,2.484108491994663,32.819513853079144,9.666933657082097
34,1,1,0.7161111111111111,69.57666666666667,0.13708354441050957,3,22.03833333333333,5.011146209534634,30.69380473027375,3.499274537603178
34,1,2,0.7008333333333333,66.41333333333334,0.1434915147833307,3,25.147333333333336,2.618668427528261,37.18492010451922,9.781996107198742
34,1,3,0.6494444444444445,71.12642857142858,0.11752785529877634,14,22.130928571428573,3.805192736739662,34.54450273510266,5.863126088908929
34,1,4,0.7114473684210526,73.35157894736842,0.13961518673913825,19,22.45542105263158,4.789385918834706,32.077258245695724,6.814675014902578
34,1,5,0.5478947368421053,65.4621052631579,0.08113215923152524,19,17.92084210526316,3.920698991862972,32.81910355167007,5.343126934661909
34,1,6,0.5955864197530865,67.33333333333333,0.08194961703453431,18,17.982166666666664,3.788168954707771,30.203905511005487,4.695140045592575
34,1,7,0.6114850427350428,71.36730769230769,0.0973401171630009,26,17.382346153846154,3.3633942491751725,28.6957469518414,4.701640810695873
34,1,8,0.6323544973544973,67.22666666666666,0.14086356291407978,21,16.50604761904762,1.8884544600331368,26.90479668726909,4.67956117383815
34,1,9,0.6666787439613526,71.53391304347826,0.09684032056439651,23,16.74608695652174,1.4889802768412128,25.472658966749865,3.1264163023370717
34,1,10,0.7429259259259259,69.24,0.2506313207400863,15,16.8066,2.248539996149883,23.792749152846024,4.393939480239637
34,1,11,0.7374103942652329,72.70548387096774,0.19913880154129784,31,17.214451612903225,2.919420728371865,24.18624472802622,4.634975075603476
34,1,12,0.7239,66.5556,0.16294055269941785,25,16.02508,0.6905490520834372,23.092505149449337,4.563640847775215
34,1,13,0.7745565302144249,72.1021052631579,0.1644766151538102,57,16.212403508771928,1.6747910835560647,21.674430445939375,4.134950992386582
34,1,14,0.963862962962963,79.88133333333334,0.2725478883839933,75,16.826439999999998,2.390625346437001,18.51044088050671,4.566547368554676
34,1,15,1.1440586419753087,83.78444444444443,0.2530114017995279,54,17.439666666666668,3.1255292019836936,16.03578005778798,4.87252164944871
34,1,16,1.2434333333333334,86.2676,0.3720645110433526,50,16.8237,2.4941915319315746,14.476224924034497,3.9476232374960927
34,1,17,1.117861952861953,87.13545454545455,0.20025375112141292,33,16.957696969696972,1.98123729467296,15.734527800205484,3.9846545479151976
34,1,18,0.8801190476190477,77.95523809523809,0.21363393122269903,21,16.457571428571427,2.2299196077757735,19.74472770999713,5.432740345384869
34,1,19,0.8344444444444444,66.48571428571428,0.06203468762826004,7,16.180142857142858,0.5651655888827127,19.487256651335446,1.667893980900926
34,1,20,0.6310317460317459,56.90571428571429,0.07276535699170664,7,15.949142857142858,0.6528543555218197,25.498157438259646,2.3942305225999982
34,1,21,0.7418055555555556,60.53,0.04340849962284083,2,20.419999999999998,6.335676759431465,27.32431735436893,6.941939301065661
35,1,1,0.9073611111111111,69.895,0.0056961379595583655,2,25.227,6.274865576249424,27.781442859536796,6.741107338748292
35,1,2,0.7844949494949496,74.55000000000001,0.07805830542623711,11,28.862636363636362,3.6554142384339214,36.99801898372572,5.2511768760314
35,1,3,0.8598611111111112,79.598,0.15333010140827352,30,27.244333333333334,3.816681067081201,32.32312163839167,6.067265854372795
35,1,4,0.792946127946128,82.24636363636364,0.06987287768819245,33,26.471333333333334,4.772446887254658,33.59256042485856,6.625304958540395
35,1,5,0.8409060846560846,84.85952380952381,0.0808922284147279,42,24.659119047619047,4.882636568856089,29.393417734803876,5.581165327618005
35,1,6,0.8989021164021164,85.19761904761906,0.1004473587715763,21,22.664238095238098,4.355637610095242,25.555793656103262,5.83749016395425
35,1,7,1.0639285714285713,90.56214285714285,0.18499280860303527,14,22.151999999999997,3.581149557592668,21.785191710290594,6.996266248924821
35,1,8,1.0378787878787878,84.78636363636363,0.2248259708568322,11,20.536727272727273,0.8985932440107808,20.493447824503104,3.7482441688285815
35,1,9,1.0483547008547007,89.22538461538463,0.14323714030727558,13,26.208000000000002,5.351468334329685,25.601302838280503,6.972349820726877
35,1,10,1.0567777777777778,86.72200000000001,0.16183639429534544,10,23.0617,4.36824673829978,22.59094863857156,7.085096211346396
35,1,11,1.08375,85.46071428571429,0.153143143148648,14,23.069071428571426,4.729553377260018,21.865122463181226,6.321848519367665
35,1,12,1.2419658119658121,98.76615384615386,0.20063070760115942,13,25.19330769230769,5.395930586788148,21.101584388291897,6.7964584603610705
35,1,13,1.4076143790849673,107.25529411764705,0.2827536632035223,17,23.335823529411766,4.568291888595972,17.137581925201545,4.731798527249965
35,1,14,1.396797385620915,99.66176470588235,0.3316418035425199,17,25.05735294117647,5.36241027828411,18.883949014449144,5.7928374578761215
35,1,15,1.6919576719576719,111.36666666666666,0.4538658235349679,21,25.453428571428574,7.071118409215254,16.251711555743164,6.400994321458745
35,1,16,1.4891435185185184,105.22666666666667,0.3634940887524683,12,25.89033333333333,5.205375968140722,18.426901051843355,6.057510447736035
35,1,17,1.4202136752136751,95.35923076923078,0.4135544285253874,13,24.390153846153847,4.554657357148357,18.90694706443096,7.7284616693841155
35,1,18,1.2578703703703704,95.63666666666667,0.20273753405832223,9,25.64,5.405686843501018,21.096228253991036,6.491622730039667
35,1,19,1.2508333333333335,90.54875,0.5778068712150111,8,27.6675,4.379543159476144,25.89918906156018,10.252546219663259
35,1,20,1.1754166666666666,108.45,0.4028544467260024,2,38.961,12.42952299969713,33.289616589400865,0.8348929370975171
35,1,21,1.0041666666666667,87.125,0.02317738893889252,2,27.445500000000003,11.010359689855731,27.212327834360934,10.336579900786159
36,1,0,0.8728703703703703,71.56333333333333,0.14819941242670764,3,27.370333333333335,9.02921847854693,31.143478670541782,7.994527133271918
36,1,1,0.8410763888888888,81.35375,0.14871898899397404,8,27.528750000000002,1.8298858473374007,33.398394493264945,4.992280116456237
36,1,2,0.8033521021021021,76.36972972972973,0.16933128274031017,74,24.246108108108107,4.412771339222339,30.74134110839931,5.530233015373232
36,1,3,0.8069034608378871,78.58897540983607,0.13480384642429488,244,24.775704918032787,4.007538387717479,31.168685417916368,5.535075874658882
36,1,4,0.8023717948717948,82.72076923076924,0.13031410337750451,325,24.718843076923076,4.128850290229266,31.24358658588746,5.668464581856587
36,1,5,0.7820121082621083,76.81,0.11449330450130724,312,21.089576923076923,4.07132478741385,27.241743229132943,5.195207587172101
36,1,6,0.8082421227197346,78.88335820895523,0.1253857518303256,268,19.98802985074627,3.2659829360288204,25.039724440276114,4.156079710813333
36,1,7,0.8975267094017094,79.96153846153847,0.16374249727621829,208,19.43575480769231,2.699078991685576,22.320355495801152,4.934658793691168
36,1,8,0.982101677148847,82.47465408805031,0.16911894195008007,159,19.709566037735847,2.959691211930479,20.59781291632231,4.315576060759404
36,1,9,1.0019776119402983,80.71089552238806,0.18521420386776333,134,19.66034328358209,3.5364337822597407,20.04140381050399,3.8554847153699674
36,1,10,1.03218,81.92072,0.14987737278109822,125,19.250768,1.7436118109702166,19.000111929724916,2.9810918418072303
36,1,11,1.0884098228663446,83.58789855072463,0.15061215902987027,138,19.229130434782608,1.6409937919438808,17.935284538481515,2.467136650198594
36,1,12,1.1466269841269843,86.3012,0.19712915508310355,175,19.801165714285716,3.757717935340059,17.501640053927837,2.8934061442178853
36,1,13,1.2510337202874515,88.65597014925372,0.2525162982134613,201,19.75710447761194,3.8981627536609933,16.207057268808732,3.3449463992636317
36,1,14,1.3775500212856535,92.39892720306513,0.2886252405458942,261,19.678758620689656,2.6215981369218158,14.792927376892221,3.317317177994108
36,1,15,1.5093769841269842,99.58666666666667,0.4019088606321945,210,20.123790476190475,3.3356021649440852,14.197685858958502,4.246888516435007
36,1,16,1.4635416666666667,97.70033333333335,0.3413017559919407,180,20.302611111111112,3.430495640507455,14.527875429811347,3.830883222919061
36,1,17,1.3752317763623496,94.71019108280255,0.2878018630937252,157,20.17832484076433,3.103387033500575,15.264966968840579,3.7820437089127994
36,1,18,1.1567531876138435,84.58368852459016,0.2110999890803274,122,20.01912295081967,3.439494099783297,17.753492635086253,3.8285983242971886
36,1,19,1.0522718253968253,82.18392857142858,0.1743190878430986,112,20.53025,3.913996518617223,19.860479391814952,4.0919969692771305
36,1,20,1.0011877394636015,76.4101724137931,0.194404380397058,58,19.42701724137931,2.2159233669327483,20.008761378184424,3.883115851895769
36,1,21,0.9424999999999999,72.01210526315789,0.14725782821236252,19,19.205263157894734,2.1676682003712155,20.822156334909263,3.792484673613526
36,1,22,0.8325694444444445,66.4525,0.18906083881016958,4,18.18975,0.6932351092282228,22.510083582967706,3.899369836386329
36,1,23,0.8486805555555555,79.515,0.2079402928262304,4,21.8485,4.961621609917469,27.011335985570735,9.384165922616747
37,1,0,0.8326068376068376,75.27384615384616,0.1590705521667509,13,22.586999999999996,4.717929153770751,27.634998748876146,5.729304017139149
37,1,1,0.7653373015873015,72.71214285714287,0.11932135272326667,14,24.278285714285715,4.070879538844183,32.132441163073395,5.877076999007042
37,1,2,0.7875753660637382,76.12527131782946,0.16407894447251714,129,24.461744186046513,4.805538336907269,31.423345564065638,5.39888396681023
37,1,3,0.7819916807670615,77.51977157360406,0.15072638471024133,394,24.670837563451776,4.1180524602231925,32.062815478595645,5.782740861818821
37,1,4,0.7829947589098533,79.11677358490566,0.16210795237098366,530,24.288132075471697,4.436247356307083,31.594941019727578,5.995647764479556
37,1,5,0.7468875563755637,77.41850553505536,0.12194635395070838,542,21.14417527675277,4.434077737204488,28.52399569199445,5.18904314638899
37,1,6,0.7791706067769897,76.27390070921986,0.12211429775560446,423,19.605340425531914,3.6287221266530496,25.4792375607594,4.743966304983586
37,1,7,0.8471738493110526,79.38366754617414,0.1617605921677605,379,19.08773350923483,3.069358985559355,23.079636663736494,4.413975559324727
37,1,8,0.9376819311324105,80.66894568690095,0.1906030728563079,313,19.26820447284345,3.0926101346979284,21.230101110542588,4.811633324863199
37,1,9,0.932517146776406,78.01798353909464,0.15820772174331582,243,18.679156378600823,1.929646434939426,20.508328866834347,3.666571505321085
37,1,10,0.9921043771043772,81.4557142857143,0.1667128462837324,231,19.029450216450215,3.4117514940706677,19.473864681624836,3.278252612361197
37,1,11,1.051315331010453,81.87550522648084,0.16738318999740537,287,19.212703832752613,2.7377999141683507,18.602828690062925,3.259415697851286
37,1,12,1.0801016473887137,82.85583596214511,0.18022542140313427,317,18.84988643533123,2.507749246741109,17.76019329346825,2.8198481432123845
37,1,13,1.2024010217113665,87.22557471264368,0.26399112813603226,348,18.923922413793104,2.593921395173275,16.263371516724376,3.1663325776438116
37,1,14,1.3284456790123456,91.62442222222222,0.2984706423614062,450,18.855735555555555,2.324505032703224,14.788937600430355,3.3269737314137653
37,1,15,1.4387667018284107,94.77661392405064,0.38339258796738246,316,19.187037974683545,2.8425493909206194,14.159603460879582,4.043648408272788
37,1,16,1.4363308599695586,95.24695205479452,0.3898975989041385,292,19.47875684931507,3.375376833607363,14.413102248917022,4.230949241111607
37,1,17,1.312128841607565,90.33255319148937,0.3028807112437746,235,19.175493617021278,2.5397011893861325,15.295667088458831,3.7308135696593343
37,1,18,1.1589772727272727,84.01059090909092,0.2599475771600547,220,19.446140909090907,3.041836325510547,17.375459464011332,3.5934362787253695
37,1,19,1.019619341563786,79.09,0.21058584304749778,189,19.209058201058202,3.013821748847908,19.327003803283507,3.4548411602353504
37,1,20,0.9424606918238995,73.89132075471697,0.15405415570660566,106,19.272575471698115,3.3548174201916274,20.8534908548307,4.219195778202469
37,1,21,0.8855128205128205,70.73076923076923,0.11796742311112667,26,19.22673076923077,3.62736930083158,21.963999107516106,4.331292382529683
37,1,22,0.8617222222222223,72.37,0.0736565373461661,5,19.130000000000003,1.8982084975049496,22.286840405039186,2.4116827715550513
37,1,23,0.9072222222222223,77.66499999999999,0.010999438818457398,2,22.1375,5.9290903602492,24.442823776398434,6.831785590245225
38,1,1,0.8641666666666667,103.13499999999999,0.08603132504436327,2,34.960499999999996,3.15440335087319,40.83981720309521,7.715996458351078
38,1,2,0.8756746031746031,111.53857142857143,0.05280478284325076,7,37.347142857142856,2.5705882224743415,42.81932224033771,4.3646265900198085
38,1,3,0.8851923076923077,103.10076923076923,0.07574665924326116,13,37.830615384615385,3.43269441154859,43.01613430615849,5.185247199864833
38,1,4,0.926031746031746,107.06142857142856,0.143010154963687,14,37.754357142857145,3.187037944963531,41.45604640226204,5.8884672568994
38,1,5,0.9742708333333333,117.54124999999999,0.14085175965835012,8,37.96325,3.1470210744221503,39.639505108552136,6.487506547605943
38,1,6,1.1352222222222221,112.78,0.21226343040874676,5,36.571600000000004,3.6922062239262847,33.33788583548584,7.671301642902637
38,1,7,1.1859444444444445,116.69800000000001,0.431415565820357,5,37.2966,3.22657136911614,34.39242834930244,10.180133066137754
38,1,8,1.2164814814814815,93.95666666666666,0.29177436283296776,3,33.67033333333333,4.494056111502538,28.71708914336781,7.304855248306779
38,1,9,1.1768055555555557,108.215,0.07679965317887208,2,36.72,4.228498551495557,31.38720321130792,5.641564862637469
38,1,10,1.2539351851851852,120.82916666666667,0.1746719642084383,12,38.53333333333333,4.06273191412633,31.45714217863467,6.382713399803699
38,1,11,1.2029513888888888,110.69624999999999,0.31961865289469366,8,37.803625,3.269843855490002,33.56023974230298,9.768055618853174
38,1,12,1.2020833333333334,118.26625,0.24828259309050657,8,37.488375,3.4126733524781256,32.79272584757851,9.037565522034209
38,1,13,1.1902083333333333,119.05125,0.31300915312219163,8,38.81125,2.1850821331408627,34.30127146594094,7.562614737263566
38,1,14,1.4577631578947368,129.02368421052634,0.46874984658144914,19,39.438105263157894,2.3415618931420963,29.345398338063784,7.9936680674234335
38,1,15,1.383923611111111,130.235,0.18854452956112264,8,39.903,1.7921003638986626,29.31537702423497,4.26827065436816
38,1,16,1.4675347222222221,141.52375,0.29834731565102596,8,38.38625,2.8373525764094163,27.244431182958518,6.222246415626079
38,1,17,1.3768287037037037,135.24166666666667,0.37958290983971715,12,39.09158333333333,3.7607412581306443,30.2630246473782,8.194661442726526
38,1,18,1.290625,125.20625,0.21634432422084704,8,39.4375,1.0386155620412605,31.237207504050026,4.699966129840852
38,1,19,1.1642592592592593,130.87555555555556,0.19118044204299006,9,39.52611111111111,2.7865331257875106,34.883412265363994,6.590579062019803
38,1,20,1.1236111111111111,121.04,0.19806967769505313,5,38.042,3.001819448268001,34.55546761733565,5.566005500324392
39,1,1,0.7178472222222222,86.3075,0.08021651994456293,4,28.997,1.2442866765071996,40.78671660539762,4.9569999446635125
39,1,2,0.7626461988304093,86.24473684210527,0.11598959795984107,19,28.970105263157894,1.062915325086666,38.63585438972773,4.718842830212422
39,1,3,0.7831283068783069,85.43238095238095,0.18404150058283153,42,29.206,3.675644074968856,38.24304595585223,5.169671816765365
39,1,4,0.754161220043573,84.39627450980392,0.10606568967058358,51,28.7401568627451,2.263607610629978,38.796602390927795,5.750398315933037
39,1,5,0.7701754385964912,92.14140350877193,0.11975678560003347,57,28.84821052631579,2.1903876021709863,38.31161756334423,6.209663181288339
39,1,6,0.8717624521072798,96.23413793103448,0.2637822912923007,29,28.33451724137931,3.5172623345507312,34.988060306137115,9.330346722872047
39,1,7,0.892611111111111,94.8172,0.18551597770418346,25,28.07036,3.078870435186689,32.9940406810352,8.231017839883659
39,1,8,0.8582777777777777,100.40266666666666,0.17634414505616805,15,28.770933333333335,1.7647650781201392,34.81724511557099,6.862461777117544
39,1,9,0.897932098765432,95.00037037037038,0.18384084334602555,27,28.39411111111111,2.8566298235364607,32.98815689718607,7.594065017809765
39,1,10,0.9717901234567901,102.33277777777778,0.31143099250406675,18,28.72427777777778,2.7202991142964095,31.96542381763,8.620006487771487
39,1,11,0.9979166666666667,102.04318181818181,0.2054784774335711,22,29.05218181818182,3.163138761184976,30.428670701695776,7.1230798972801725
39,1,12,0.9933429118773947,95.49758620689654,0.2615274614843384,29,30.02358620689655,3.579658997299297,31.747114210765776,6.782002543915453
39,1,13,1.0631609195402298,96.56793103448275,0.24733981969668745,29,29.898275862068964,2.8958263673351854,29.21258560993461,5.435173733683002
39,1,14,1.2699845679012345,103.74555555555555,0.4255401696930049,18,29.047111111111107,2.274420828381407,24.862067857372963,6.520696871866651
39,1,15,1.199074074074074,111.49777777777778,0.2861056855885097,18,29.541833333333336,0.7977593806479287,26.143823583510375,6.889153765352671
39,1,16,1.31,111.14956521739131,0.35775293611606224,23,28.383304347826087,3.2981322598043366,23.613657128370996,7.867172064661875
39,1,17,1.1416228070175438,108.83105263157894,0.2324050697676057,19,28.462947368421055,1.7546542386111355,26.041334443489383,5.884900309879008
39,1,18,1.0727287581699347,99.66411764705882,0.35513560588277054,17,28.94029411764706,2.7529570411810345,28.966293626299027,7.26781927098742
39,1,19,0.969594017094017,91.09,0.1790170785019638,13,28.592307692307692,2.6766709542706018,30.48255466953439,6.315063732547826
39,1,20,0.8598148148148148,85.67333333333333,0.061051949477305203,3,29.189999999999998,0.7901898506055367,34.113105864448,3.464378946727129
39,1,21,0.8280555555555557,78.86333333333333,0.10661601806783991,3,29.170666666666666,0.6223860002709986,35.58048482677995,4.12996663203894
40,1,1,0.6676388888888889,69.03,0.07365695637359876,2,22.405,1.1808683245815343,33.66587583791157,1.9454493213421404
40,1,2,0.583179012345679,65.33555555555556,0.06903994850103863,9,22.11911111111111,2.312695150924806,38.43287977552931,6.198316651935514
40,1,3,0.5981779100529101,67.37738095238095,0.09614120126189635,84,21.587940476190475,2.4689447643530382,36.6741404964195,5.500763677319932
40,1,4,0.6093438003220613,68.42376811594202,0.10462617823947133,345,21.783791304347826,3.327711111440301,36.25156323771931,5.46144134821367
40,1,5,0.610447796934866,69.42915948275862,0.08687938105934023,464,20.130306034482757,3.1297215460511243,33.45932124849604,6.219747143682477
40,1,6,0.6295798898071625,68.31326446280993,0.09090593510194506,484,18.722952479338844,2.826150811571349,30.206273760263723,5.66244850000129
40,1,7,0.6624266247379456,69.50959568733154,0.12904520598911717,371,18.53819137466307,2.857123849311362,28.80058763790199,6.381675577237904
40,1,8,0.7052777777777778,71.39194630872483,0.17817511509240735,298,19.244651006711408,4.741793908823242,28.11474139908375,6.442523774286684
40,1,9,0.6945612373737374,68.98208333333334,0.13107352634148994,264,18.56606818181818,2.9357469876611813,27.49160327831538,5.910518875410586
40,1,10,0.6910125968992248,68.12244186046512,0.124768884903423,172,18.176127906976742,2.372987451617145,26.94878537786233,5.203600919731792
40,1,11,0.7294820601851852,69.49234375,0.12824890458164062,192,18.519395833333334,2.8444231556800657,26.091133196257847,5.7650048727032575
40,1,12,0.7549394418114798,70.54554502369669,0.17271333583146226,211,18.922800947867298,2.925839820534896,26.224981829451284,6.904042026606091
40,1,13,0.8196085069444445,73.10234375,0.19018590732275137,320,18.93398125,3.002703106073094,24.301666289134946,6.836752843218415
40,1,14,0.9047440944881889,77.54391076115485,0.224881974692921,381,19.506320209973754,3.520750120034374,22.963837394192716,7.298030402400916
40,1,15,0.9881979458450048,81.597675070028,0.29633400907077717,357,19.945478991596637,3.1193291274432444,22.394078499563843,8.672447618272994
40,1,16,0.9939891395154553,83.26296992481203,0.3040490665864425,266,20.990710526315787,3.0350827489950354,23.315020525206386,8.23331454851524
40,1,17,0.9472236042012162,81.93726368159204,0.28415850767247575,201,21.139577114427862,3.085060005133389,24.27092876703698,7.627197176026831
40,1,18,0.8307665598290599,76.79427884615384,0.24051056906737614,208,21.13152884615385,2.9282960419514974,27.43468291932028,8.216854194815987
40,1,19,0.733984126984127,70.61102857142858,0.1607332146970182,175,19.71346857142857,3.2662351130409673,28.04696679891592,7.33607010950838
40,1,20,0.6990801886792454,67.61858490566037,0.17244616931039328,106,18.852283018867926,3.9102508329108914,27.77147751589783,6.177318263250257
40,1,21,0.6630555555555556,62.489999999999995,0.08901083281067862,34,20.335676470588236,2.9160958408054634,31.067178746175415,5.295037586502249
40,1,22,0.8075,72.74714285714286,0.12995666419195762,7,20.777142857142856,2.606303412151102,26.148345242508565,4.4002086870896715
41,1,0,0.7054166666666666,77.32,0.05872914654854932,2,20.685000000000002,0.09192388155424921,29.43051576934388,2.5805357899654195
41,1,1,0.6991414141414141,81.2009090909091,0.08951097030372202,11,23.711181818181817,3.180224734768969,34.45480186490711,6.6087840506257445
41,1,2,0.6991827697262479,73.53652173913044,0.1556223514680873,69,23.174695652173913,3.0017206796041456,34.00042873998606,5.802452792586472
41,1,3,0.6746215277777778,76.0306875,0.09097361837902757,320,22.877634375,2.9085496467685554,34.31621301458428,5.126023296720321
41,1,4,0.679521471211246,77.37038128249567,0.0879601224204663,577,58.92935008665511,863.2265506693805,83.30522842425388,1177.0109163120162
41,1,5,0.701096278317152,79.81273462783172,0.12058979197170787,618,23.26268932038835,3.147527131626764,33.8398978062915,6.11107682214274
41,1,6,0.719501123366013,81.61795955882353,0.1012806094748126,544,23.120724264705885,2.9183802921694775,32.712782439615125,6.035864463055303
41,1,7,0.7568410852713178,85.44141860465116,0.1681529913895422,430,24.245895348837212,3.919167426298975,32.87124217661456,6.528131118196522
41,1,8,0.7854777008842753,85.24397923875432,0.12668899671522976,289,23.985629757785468,3.0154102962624902,31.33625230008319,6.379906205039863
41,1,9,0.7851372419850681,82.0406719367589,0.12731922700520407,253,23.652790513833992,2.8859628526531287,30.9739772357635,6.592207378674053
41,1,10,0.7852287581699345,84.6358431372549,0.12349098267274365,255,24.274411764705885,3.0419153698260377,31.75395759630871,6.775942889989597
41,1,11,0.8031420940170939,83.49257692307692,0.15579500799027127,260,24.25514230769231,3.214373033575186,31.17066781707487,6.852489253515581
41,1,12,0.8245450498575497,86.46576923076923,0.13898302639819268,312,24.164419871794873,2.8526488711342073,30.103283170765042,6.085999621579677
41,1,13,0.8701410541945063,87.3308017817372,0.15943755700654313,449,24.50029398663697,2.865814290443034,29.055478337818336,6.127343751245119
41,1,14,0.9433985765124556,90.86446619217082,0.2061307996252956,562,24.47837722419929,2.8858985730662443,27.12063961644348,6.469841964824027
41,1,15,1.0341505722460658,94.46564377682402,0.2616044240020499,466,24.88430472103004,2.881287961233234,25.526735068084893,6.751162460119596
41,1,16,1.0964186507936506,97.41897959183673,0.2733622787180808,392,25.128104591836735,3.2661050685726325,24.363883416573312,6.792009099588122
41,1,17,1.0179293725902558,95.85511041009464,0.24893643834261847,317,25.242763406940064,2.9273077887453334,26.245841461178845,6.8197848020592735
41,1,18,0.8778519214703425,89.53560150375941,0.1574807140559709,266,25.18190977443609,3.0566556195839736,29.59651314648558,6.188089527432532
41,1,19,0.8177857796067672,84.92037037037038,0.13847054857129779,243,24.118230452674894,2.732817716926037,30.281531513364943,5.896393410819147
41,1,20,0.7919107142857144,79.57028571428572,0.14116297530878807,140,23.486842857142857,2.714977703769038,30.397403145544605,5.77616754467193
41,1,21,0.7873263888888888,79.28333333333333,0.12196506937974017,48,23.443645833333335,3.067079631773822,30.39321845161045,5.661863064593779
41,1,22,0.7671111111111111,75.91600000000001,0.09148768534969459,10,23.750799999999998,2.283033498561849,31.243701895566176,3.688864634004048
41,1,23,0.8975617283950618,81.19888888888889,0.18915334723144991,9,24.820555555555554,2.773473053371489,28.890057376187606,7.304645994992
42,1,0,0.6443055555555556,75.34125,0.12166648546772038,8,24.825,1.7016992347986424,39.47857709560287,6.677091059087444
42,1,1,0.6456851851851851,83.10866666666668,0.07584916593448529,15,24.971066666666665,1.9847324204920886,39.25367223977942,5.976600406266934
42,1,2,0.6690185185185185,78.88466666666666,0.16352307210468228,60,25.224816666666666,3.231724053140941,39.0172588330853,7.330146255371809
42,1,3,0.6514042675893886,76.56366782006921,0.10466340551271004,289,24.96536678200692,2.2659341334090635,39.25811719903736,6.943733175033041
42,1,4,0.6462090869939706,78.84732558139535,0.10722504049023626,516,25.021062015503876,2.603536898262176,39.62077128281093,6.915702962993136
42,1,5,0.6586450839328537,79.00450839328536,0.098031308632942,417,24.873580335731415,2.2238326829651376,38.63311392711414,6.793949001762617
42,1,6,0.6838939657673339,81.58971279373368,0.1313524169973666,383,24.848219321148825,2.431968645159581,37.53531033606795,7.4605727120214915
42,1,7,0.7091493055555556,84.63972222222223,0.17466836719408316,288,25.29360763888889,2.6386227987508537,37.24529342621277,7.7911930540883505
42,1,8,0.7360272988505747,83.94068965517242,0.1287162050594596,232,25.169366379310343,2.447486812294183,35.28528768658694,7.065209958528033
42,1,9,0.7384394506866417,82.95011235955057,0.13068110127140622,178,25.127629213483146,2.651640689764797,35.08183433255158,6.957348011321555
42,1,10,0.7697660818713451,82.99747368421053,0.1569074085823684,190,25.015221052631578,3.128748244986615,33.68337811990237,7.057578432684468
42,1,11,0.7690655193236715,83.91809782608696,0.1245308449388531,184,25.155445652173913,1.9796349548356693,33.615239814320624,6.262413837339787
42,1,12,0.8003950916936354,85.23402912621358,0.14629468032158602,206,25.17409223300971,2.2105202513651574,32.468704919735245,6.390769841069116
42,1,13,0.8438901458019106,86.59339366515837,0.17811626058608304,221,25.022850678733032,2.182508296425341,30.768399194630597,6.241037018845206
42,1,14,0.948810013717421,90.63305555555556,0.2113922298829512,324,25.196981481481483,2.091768092303251,27.740359273121786,6.020666668212279
42,1,15,1.0337157534246577,94.81438356164384,0.26529790257772656,292,25.564938356164387,2.411449974394005,26.16490287320336,6.357177600834346
42,1,16,1.073840877914952,95.97111111111111,0.292158320553126,243,25.591185185185186,2.2660844690647868,25.392919374704007,6.570637464992235
42,1,17,0.978609871031746,93.84589285714286,0.23189472836998595,224,25.646848214285715,2.0581052878705983,27.64058270749015,6.62856653264303
42,1,18,0.8477143719806763,90.51782608695652,0.15949786176226394,184,25.503054347826087,2.0859006670161913,31.027712240324036,5.6739405282703
42,1,19,0.7922086247086246,84.2062937062937,0.14203287890363003,143,25.058335664335665,2.8877281482797144,32.568182348791346,6.310268296765411
42,1,20,0.7457777777777779,80.4837,0.12999380662868398,100,25.07312,2.7707246263660914,34.37595752478263,5.85296380758972
42,1,21,0.7921527777777778,82.2663888888889,0.1485483011460199,36,24.86825,3.210259138405229,32.339522063931554,6.713991515164615
42,1,22,0.7603787878787878,80.19454545454545,0.17608356219539878,11,24.806090909090912,3.4061833906748316,33.57170738248882,6.490623925267544
42,1,23,0.8331597222222222,84.69625,0.20716481488635063,8,25.82375,3.2142270232736925,32.99005591956696,9.689026447978268
43,1,0,0.8897222222222222,81.17500000000001,0.10567318007732296,2,19.73,1.0889444430272825,22.406180204122023,3.8851190542918213
43,1,2,0.5805555555555555,75.152,0.11226570252291199,5,19.038,2.3688963675095627,33.684099384534974,6.602336341956954
43,1,3,0.574002849002849,80.77435897435898,0.09412533632895027,39,19.538871794871795,2.9721650639460506,34.4115665056352,4.431864422903978
43,1,4,0.57293347487615,80.56305732484076,0.08784658858469732,157,18.68020382165605,1.7870110116130586,33.08188627619326,4.1352682193084735
43,1,5,0.5688561427280939,79.95882113821138,0.08074348939714401,246,18.56667886178862,2.382251395796809,33.050672551058426,4.732292080393739
43,1,6,0.6029155982905983,81.50234615384616,0.10397667500655992,260,18.519503846153846,2.723985730262258,31.274142935571856,5.12305099511004
43,1,7,0.6342755795363709,82.77989208633095,0.15023845669171554,278,18.611741007194247,2.650100259224943,30.245683308971213,5.663001455275821
43,1,8,0.6739136413641365,85.66975247524753,0.11718941101431338,202,18.392925742574256,1.9527020772300618,28.010474307362614,5.076466213157399
43,1,9,0.6499518369175628,84.02451612903226,0.1197840211944154,248,18.859068548387096,2.6563544375922623,29.67512368847832,5.075914884006078
43,1,10,0.6680938271604939,87.1284,0.13035470176584454,225,18.679017777777776,1.7423373565323836,28.83682722304475,5.335238055679022
43,1,11,0.7249800159872103,88.77712230215828,0.16496155671541776,278,19.119553956834533,2.5757460288975293,27.262502258546885,5.06108594379504
43,1,12,0.7276125688370587,89.423527696793,0.13336610108655705,343,19.059749271137026,2.0165366091433965,26.87810501679148,4.565979008279288
43,1,13,0.7873066026114807,89.26614190687361,0.19925604060098007,451,19.20991352549889,2.321102416059851,25.5096576708396,5.360358924845982
43,1,14,0.8786873522458629,90.61240425531915,0.24944280598060287,470,19.28888936170213,2.438071048081713,23.269251780543932,5.511689031770207
43,1,15,0.9966276346604216,96.71398126463701,0.27938859615813233,427,19.542362997658078,2.8314374875419106,20.86071312068333,5.418158275443992
43,1,16,1.127098861283644,97.44739130434783,1.3105815053375531,322,19.758195652173914,2.576254445475351,20.296508506585422,6.327142762086385
43,1,17,0.9364583333333333,96.21508474576271,0.25177160714120217,236,19.995495762711865,3.233715106726524,22.510695808793812,5.591052340540036
43,1,18,0.8465802845528455,95.26067073170732,0.22814147184749636,164,20.119664634146343,3.3713723722122144,25.06605533373367,6.32805099977316
43,1,19,0.7401305220883534,86.84132530120482,0.13326450160815123,83,19.53609638554217,2.424710239738781,27.03759115165185,4.635903911137775
43,1,20,0.7138161375661376,84.39214285714286,0.11930500242045047,42,19.215666666666667,2.2603281400745794,27.418613674272144,4.083612281793372
43,1,21,0.7175292397660818,90.99473684210527,0.15928253745511983,19,19.171526315789475,4.144555871775528,27.155426309420662,4.198735539732363
43,1,22,0.6663194444444445,69.1075,0.032879921669176616,4,17.447499999999998,1.1542493953503572,26.25026793920569,2.4290260590147867
43,1,23,1.0679166666666666,92.97,0.324287026594164,2,24.56,10.2813325984524,25.64204704962787,17.414014007301326
44,1,1,0.4405555555555556,43.053333333333335,0.05755030006035621,3,14.916666666666666,0.5934924880176106,34.259985507643044,4.730846668334702
44,1,2,0.5112373737373738,57.70636363636363,0.07775261136859163,11,17.78609090909091,1.2529271690362083,35.348572012983404,4.675140831091465
44,1,3,0.4755804843304844,56.173846153846156,0.0834917348061425,78,17.546717948717948,2.125701399278469,37.57833235665577,5.465039320811448
44,1,4,0.45472377405338305,53.97441340782123,0.07732844893555677,179,17.223474860335195,1.9920245173529445,38.41919443336231,4.522481136180771
44,1,5,0.481931330472103,57.59502145922747,0.08888524163503113,233,17.4458669527897,1.9328118774919256,36.82885864456755,4.550963316411603
44,1,6,0.5278221450617284,60.24652777777778,0.09658889435011936,144,18.11764583333333,1.7304625497035677,35.071688074687415,4.955661795178052
44,1,7,0.5243766404199475,60.57,0.12817654839312456,127,18.033889763779527,2.27833183623578,35.35355853913781,4.988258107653556
44,1,8,0.5190936911487759,59.90008474576271,0.08872771050070594,118,17.79064406779661,1.5768902618351377,35.007125903198414,5.1331037824955486
44,1,9,0.49105447680690395,60.45087378640776,0.08015383606092073,103,17.948533980582525,1.5296277954003872,37.14780593586788,4.527575410717383
44,1,10,0.4988699494949495,59.130795454545456,0.15208651693661923,88,17.87421590909091,1.6431668782047213,37.12991234192839,5.16517304701058
44,1,11,0.4775462962962963,57.30642857142857,0.06801787517009455,84,17.699321428571427,2.0858863774847003,37.42194480217014,4.123264255053503
44,1,12,0.48373148148148154,57.196666666666665,0.07196925892441164,90,17.946011111111112,1.8214326593260108,37.59855069614238,4.5673482660611215
44,1,13,0.4930714285714286,57.562666666666665,0.07406656218270134,105,17.96252380952381,1.6709728056482889,36.88483602892512,3.910731372101821
44,1,14,0.5161697247706423,58.050733944954125,0.11661735358819436,109,17.670330275229357,1.712540651342574,35.234159657638564,5.124595619100933
44,1,15,0.5007808641975309,58.01144444444444,0.08124707379137366,90,17.6994,1.6521761121678216,35.91582069182297,4.492463911815648
44,1,16,0.5093310657596372,60.071734693877545,0.08777987872787199,98,17.801204081632655,1.3985738240888348,35.61107815194903,4.4844371200260325
44,1,17,0.5163267973856209,59.93894117647059,0.09135928679471718,85,17.62175294117647,1.6768051318325738,34.67147408592494,3.785673195338477
44,1,18,0.4957950191570881,59.48172413793104,0.0979233345340847,58,17.529172413793102,1.8495547414666567,36.156115633770554,4.942584457887608
44,1,19,0.4678743961352657,57.3,0.050516871695180904,23,17.84204347826087,1.309163802455628,38.366968882097765,2.936276106567543
44,1,20,0.48703216374269004,55.736315789473686,0.07274254946973717,19,17.507578947368422,1.8710694302632118,36.22633243406906,2.992376979317921
44,1,21,0.49430555555555555,57.5475,0.12620254883849744,4,16.791249999999998,1.7415815369944636,35.01016221176323,5.567188107660499
44,1,23,0.36493055555555554,54.58,0.26046762464393597,4,13.716000000000001,9.178205234866638,35.22098823828573,8.407097950308883
45,1,0,0.860111111111111,74.09400000000001,0.2321961874029039,5,25.0348,2.5715527799366673,30.79061974900449,8.472650291377953
45,1,1,0.6216666666666667,62.155,0.1491411627276423,6,18.44066666666667,4.264413566560666,30.166761097024093,5.562028372254003
45,1,2,0.6178,67.5516,0.12262585707364197,25,18.88248,2.9251784293156087,30.955170809314755,2.8098473839114395
45,1,3,0.6099382716049383,65.49087301587302,0.14975718985146758,126,19.746968253968255,4.493294137599289,32.97922127809664,5.546157111080769
45,1,4,0.61369092039801,68.06007462686567,0.12808627300184344,268,19.809391791044778,4.3413462865806105,32.689514517632574,5.5611715620839
45,1,5,0.5391190266783934,62.17704485488126,0.13283203259094933,379,16.893717678100263,4.563299303266725,31.603881996577034,4.898219995098885
45,1,6,0.4997180762852405,57.643791044776115,0.10452196550200671,335,14.637605970149254,2.2375461792230955,29.824044720883407,3.844875921998593
45,1,7,0.5038546296296297,60.69916666666666,0.137823129879648,300,14.852663333333334,2.819363196320185,30.099965510367372,3.9405041125329405
45,1,8,0.5152431950022311,60.931967871485945,0.11029710668804144,249,14.532690763052209,2.009001835678881,28.90591748330602,4.407469535274607
45,1,9,0.5256200897867565,56.65888888888888,0.09917380191955481,297,14.271558922558924,1.4138545684066095,27.768978414064343,3.9349067224316956
45,1,10,0.5579813477737665,58.68198555956678,0.13038906349479643,277,14.336707581227436,1.45532129192566,26.446503732887233,3.954916022562721
45,1,11,0.6079547619047619,60.482142857142854,0.1700108024622008,350,14.520948571428573,2.429213136291442,24.73611869912417,4.099364498702616
45,1,12,0.6317958836273599,60.95189415041783,0.16145391201555606,359,14.342941504178272,1.44079332950857,23.624231105782172,4.248880014030779
45,1,13,0.6734064885496184,64.45698473282442,0.18107002893191926,524,14.538484732824427,1.7329483860614792,22.55127585374009,4.355737160066467
45,1,14,0.7674205669710806,69.33282534246575,0.2115139243951569,584,14.476006849315068,1.8635777197692192,19.79728190161663,4.073789174735235
45,1,15,0.8860883620689655,72.43721982758622,0.2549216298100278,464,14.436446120689656,1.5801040296103812,17.306573981499387,4.122843385275934
45,1,16,0.9591610121571954,74.66508905852417,0.2816405968315675,393,14.614277353689568,1.863448467421581,16.364825135410968,4.497884870893999
45,1,17,0.895599128540305,73.39816993464052,0.263023745521201,306,14.721078431372549,2.5558907709784098,17.563981873140538,4.64753647191724
45,1,18,0.7882990867579908,66.44552511415525,0.22853902844145751,219,14.70283105022831,2.5183257369126415,19.726455718065814,4.652525789419789
45,1,19,0.6533747412008282,61.04981366459628,0.15595579774998006,161,14.350155279503106,1.9757326285425307,22.939496024987815,4.8605485818726
45,1,20,0.6125799086757991,56.49698630136986,0.13396607899459084,73,14.187287671232877,1.539122346225746,23.950376028932872,4.372349214582978
45,1,21,0.5846168582375479,52.4003448275862,0.18743740009958187,29,13.679137931034482,2.990380490890008,23.81977318925476,6.032378605044747
45,1,22,0.5706372549019608,58.44705882352941,0.20089229397853078,17,14.559999999999999,1.5823516913126485,27.33136929595249,5.786352349050227
45,1,23,0.91875,68.0,0.044587010924818433,2,21.130000000000003,1.711198410471445,23.071001843744952,2.982166445414973
46,1,2,0.8269444444444445,99.91749999999999,0.059460451288984625,4,34.301500000000004,1.367033162241016,41.62803748652758,3.2464164457089906
46,1,3,0.7801666666666667,100.85,0.028849198161611016,5,34.7404,0.496730107805032,44.56671820310356,1.353757783649852
46,1,4,0.778125,107.0175,0.08060052795000854,8,33.903999999999996,0.9888973657564281,43.95672840658114,4.438168762770581
46,1,5,0.7256944444444444,101.575,0.07954951288348662,2,34.333,0.03252691193458326,47.59898174421262,5.262549207415117
46,1,6,0.9482777777777779,105.998,0.18211764444927647,5,34.414,1.683932896525272,37.42723495348658,7.631280129274587
46,1,7,0.6934722222222223,98.91499999999999,0.013945717073401453,2,34.44,1.08894444302728,49.657380250389494,0.5716691379197101
46,1,9,1.0027777777777778,115.0875,0.10820671612999751,4,36.29,4.25221510901475,36.47212032708455,5.27159243817472
46,1,12,1.3627314814814815,134.745,0.3486235020669371,6,34.09166666666667,1.0132872577244145,26.142014822607262,5.2797288643260085
46,1,13,1.2862777777777779,119.53800000000001,0.21500400154186047,5,37.0292,4.353086629048405,29.733655162643764,7.995866743942811
46,1,14,1.3649074074074072,114.36666666666667,0.38941134217641615,6,36.368833333333335,3.956524910406438,28.125845230642422,6.647636854286335
46,1,15,1.4919135802469137,120.36333333333333,0.3280939930806574,9,35.94255555555556,3.592124201329595,25.266149683972497,6.464060115009453
46,1,17,1.1295833333333332,126.9,0.06079950014685159,4,34.53,1.5299019576430348,30.626397262076804,1.9445428110414344
47,1,2,0.6245833333333334,75.35249999999999,0.015821958227094313,4,25.595,1.147765945943103,40.97431101916815,1.3060358772049752
47,1,3,0.6414351851851852,77.75944444444445,0.0682304508726788,18,26.137833333333333,1.2033200273556885,41.14930387634789,4.369464467258364
47,1,4,0.659484126984127,80.35714285714286,0.1354634046327974,21,26.515904761904764,2.9518222660716193,41.177533367862594,5.907692557203165
47,1,5,0.671593567251462,79.78736842105263,0.12696898627160635,19,26.89857894736842,3.7313387873789803,40.70772452993823,5.352590812241838
47,1,6,0.7227513227513227,80.05285714285714,0.11563321725094748,21,25.886047619047616,1.2899903672582385,36.61407277243282,5.4953238471692645
47,1,7,0.6953611111111111,79.159,0.1176948410818586,10,25.765300000000003,1.2827014938099301,37.78042849336763,5.123245715851322
47,1,8,0.7111805555555555,79.68875,0.12174743187974099,8,26.283375,1.604893315323929,37.86128508310799,6.479638822729751
47,1,9,0.8102136752136752,84.99923076923076,0.16761010576515337,13,26.18053846153846,2.5117896214779014,32.94547687868015,3.903815402053874
47,1,10,0.7768055555555556,90.17166666666667,0.10981609588682761,12,25.851583333333334,1.1279962490535098,33.821726003750705,4.500589663173573
47,1,11,0.8238461538461539,91.91153846153846,0.11950487522522149,13,26.609461538461538,1.9351560494950886,32.740179861956406,3.7294819442510057
47,1,12,0.8917171717171718,93.18909090909091,0.1261634019210298,11,26.648363636363637,1.0558491627810553,30.41102037518898,4.298764715467262
47,1,13,0.8898333333333334,88.3145,0.09876640847876707,20,25.8762,0.9850136306831387,29.3765374012704,3.0610509389991765
47,1,14,1.1376315789473685,105.29315789473684,0.3040146805634933,19,26.82215789473684,2.1358595267780727,24.74289195829574,4.993005942882185
47,1,15,1.0480246913580247,102.69777777777777,0.18776027417958663,18,25.938555555555556,1.1455280427523473,25.567959064455735,5.105627958255173
47,1,16,1.169751461988304,97.02842105263157,0.30468454552205265,19,26.16884210526316,1.6521059376564695,23.632683292989395,5.554771836000883
47,1,17,1.0551282051282052,94.54461538461538,0.18920376857100074,13,26.549923076923076,1.661670517959686,25.824453748986596,4.222058088874418
47,1,18,0.9928787878787879,94.61636363636363,0.2633130346351168,11,26.174818181818182,2.2710250909306047,27.84386953022835,6.619222920788602
47,1,19,0.8513333333333334,80.662,0.1586403456226041,5,26.401999999999997,0.944521042645425,31.919846710227954,6.110063873055084
47,1,20,0.7438888888888889,78.635,0.1572014447728873,4,25.375,0.9744229061347024,35.389649133831895,8.118518203070764
48,1,0,0.6134810126582279,64.95493670886076,0.18740476549170929,79,17.593354430379748,2.5230740613232965,30.27164110550938,6.453112692128637
48,1,1,0.5362096774193548,61.34120967741936,0.17255878976411906,124,17.100620967741936,2.1659825070900713,33.75231181131036,6.735808842609486
48,1,2,0.49764029892837003,61.61005076142132,0.13328949373072319,394,17.28430456852792,2.2697391592476723,35.90760808679668,5.8357629834521
48,1,3,0.4912566060840423,60.44814965197216,0.5471229578977445,1724,17.165324245939676,1.7151895018133982,36.66015119966575,5.112072296192365
48,1,4,0.4849279131307601,63.04761292088694,0.08810881103845489,3653,23.031159594853545,349.2480129652858,51.36220151079206,911.2287315131476
48,1,5,0.4985967107149373,62.54905934787708,0.08226944055940529,4263,17.13278301665494,1.5628309912616467,35.010598441912855,5.009569559786922
48,1,6,0.5202313264221159,63.40613157894737,0.38252747047242547,4180,17.033002153110047,1.4751233574156943,34.02608112030324,5.488825447413121
48,1,7,0.5328845210727969,63.72116689655173,0.3899013078827758,3625,17.092541241379312,1.5772072240218584,33.35905272985539,5.668355995875858
48,1,8,0.5498114309328733,65.70176261319534,0.11578573594718228,3092,17.175025873221216,1.8490998341564728,32.18530824737816,5.609009780852306
48,1,9,0.543200850507033,65.11735688583579,0.1093354501594241,3057,17.16085148838731,1.735060252376519,32.49522195506658,5.502222918438468
48,1,10,0.5601262193263222,66.16508573388204,0.451134861359435,2916,17.269450274348422,1.7800379491579565,32.27140179928076,5.5939083805506415
48,1,11,0.5636866130792895,67.1350967549866,0.13913072856936742,3359,17.332629056266747,1.6771267122300455,31.8172690545621,5.645199499587493
48,1,12,0.5732041735613165,67.45105901820187,0.13702918713896736,3626,17.424441809156093,1.9222692688929224,31.489071119653637,5.704652732542521
48,1,13,0.5916050453645872,69.18814480684709,0.13467758198672639,4323,17.426289151052508,1.6700566924459794,30.585302851001558,5.777633451652431
48,1,14,0.6423696858267208,71.48154635184827,0.16313094548784823,5167,17.482571317979485,1.7197676892668772,28.524559969407502,5.934896366333913
48,1,15,0.7555385571264449,75.48203207427727,0.3663448637338558,4739,17.55266976155307,1.7632751616014597,24.81898881885869,6.057975788425866
48,1,16,0.8517220308398951,79.39250246062993,0.4479191399960941,4064,17.856994832677167,2.131808757974964,22.670481751102038,6.231621505013262
48,1,17,0.8115099692715971,78.71633878064111,0.4728664890506805,3182,17.859299811439346,2.183660223213129,23.776151813943954,6.279110304801096
48,1,18,0.68809473358937,73.89904251092571,0.20066971642861275,2517,17.671269765593962,2.1173412066329105,27.287875283104434,6.527347744234212
48,1,19,0.6062276096355775,67.71822730080297,0.6004128137584674,1619,17.373841877702286,1.794450464809645,30.59480947914143,5.892834110600844
48,1,20,0.5735041291291291,64.82417792792793,0.1298743848084854,888,17.06749211711712,1.4842104449195,30.869578369754834,5.702229017582521
48,1,21,0.5540652557319224,64.63087301587302,0.10891777070233578,378,16.90430158730159,1.7711460777411152,31.355695914161416,5.297147117963351
48,1,22,0.550625,65.25006944444445,0.14579195402139722,144,17.2964375,2.5423521588408904,32.5399932622402,5.6719428365380615
48,1,23,0.6361358024691358,72.443,0.24410914910293768,90,17.549866666666667,2.230573238157967,29.59640130088603,6.448985104597246
49,1,1,0.6265972222222222,61.9475,0.08281361857696293,4,21.686999999999998,4.983797347404889,34.39219086105964,4.963309910766022
49,1,2,0.6929559748427673,70.69698113207548,0.1263378324406578,53,23.555339622641508,4.398224527900199,34.3920172007428,5.860049726039468
49,1,3,0.6798011240812797,70.23688715953308,0.12195435582302872,257,23.006867704280157,4.089810447692468,34.28830787720881,5.913628813391045
49,1,4,0.697062397875817,72.45386029411765,0.12451175416353671,544,23.086873161764707,3.8783644661528465,33.68988015738879,6.306312553773409
49,1,5,0.659966791686201,72.46496483825597,0.11205834249198086,711,20.18709142053446,4.4894467831116005,30.781707889050722,5.634149525135762
49,1,6,0.6552426616243472,69.24188006482981,0.09228523159466862,617,17.942523500810374,3.0927647079617455,27.628493671456916,4.437877773831507
49,1,7,0.6881891981444666,71.20304174950297,0.1179949168345925,503,17.789946322067596,2.9201890975823543,26.273719959559074,4.4438067539529165
49,1,8,0.7374251207729469,72.59202898550724,0.13505744271426026,345,17.720979710144928,2.6232486166621127,24.602777280367356,4.644202635305544
49,1,9,0.7506511544011544,69.91022727272727,0.1329264375092748,308,17.21939935064935,1.906412822494532,23.430381391328588,3.530858889081489
49,1,10,0.7904560185185185,70.00529166666666,0.15325199128926645,240,17.2970375,2.392864511795355,22.311803219217644,3.241103959864024
49,1,11,0.8347628968253968,70.6212857142857,0.15725135897348502,280,17.349914285714284,2.140266015308061,21.24198027826579,3.2543424148372213
49,1,12,0.8576219914276294,73.31041543026707,0.16512457121156662,337,17.513961424332344,2.4200135456247955,20.891921494907226,3.5779397184457387
49,1,13,0.9322238155937964,74.92908221797323,0.21540377497100038,523,17.364118546845123,2.3389203843790365,19.336074840308374,3.915309351095076
49,1,14,1.0493988323298669,80.39934318555008,0.26464007560550373,609,17.451180623973727,2.4081370311388786,17.434425050793,4.053424530846421
49,1,15,1.2002612761276128,84.10269306930694,0.3029962932444962,505,17.726536633663365,2.538464768340055,15.608343565529685,4.179141239396321
49,1,16,1.2572713209577615,86.87089588377724,0.3368215704487898,413,17.90475060532688,2.5731273147558396,15.1922831102269,4.366691541514229
49,1,17,1.1723742138364779,83.25858490566037,0.3091537741949038,318,18.427393081761007,3.1761229842261947,16.757269024473647,5.1383962643089385
49,1,18,0.9950011200716846,77.92165322580645,0.2583375711274113,248,17.880935483870967,2.6174675471136784,18.976945109694704,4.739813170403652
49,1,19,0.8480897085610201,72.94077868852459,0.1801136411785425,244,17.98022950819672,3.2996930828391275,21.84446473481635,4.6982956567422525
49,1,20,0.7491565656565656,65.89860606060606,0.13892998000178888,165,17.054054545454544,2.093056888202171,23.32923558435059,3.9486536240539065
49,1,21,0.7593176328502416,70.9491304347826,0.15505115208128692,46,17.229978260869565,1.9157718895657285,23.346511668399984,4.01969410785119
49,1,22,0.7360069444444445,69.873125,0.13288063097561423,16,17.106625,1.6189552546832988,23.761308070302164,3.559784225376249
49,1,23,0.9188492063492063,70.3,0.3845521896145321,7,21.593857142857143,4.680341242137921,26.539774393302054,10.866996326188605
50,1,0,0.7172777777777778,66.684,0.2942968066854278,10,18.6856,4.143156906943733,29.046920756286557,9.683279692736516
50,1,1,0.4964880952380953,60.13142857142857,0.09838019835120154,14,16.967285714285715,1.2570239841400384,35.300730005693104,6.515954012440135
50,1,2,0.5079214559386973,57.249051724137935,0.1660989989717531,116,17.115818965517242,1.5260409168777247,35.380074762336704,6.213899972462483
50,1,3,0.4794712135319677,58.7422905027933,0.10934321415663129,716,17.207635474860336,2.131784392546817,36.81276558339985,5.327792750017569
50,1,4,0.478115845959596,61.630278409090906,0.08985257467311168,1760,17.11239090909091,1.6982494941983444,36.53481058695661,5.05585601103022
50,1,5,0.488734919847959,60.89340604858701,0.08441867584821706,2017,17.08401636093208,1.6187038113867742,35.680162700049095,5.298000892940634
50,1,6,0.502940489032722,61.42557173678533,0.09058804090265292,1854,17.075886731391584,1.4432933984115364,34.77594231055327,5.398866200894875
50,1,7,0.512046783625731,62.914708237986275,0.11053711224413244,1748,17.210230549199085,2.060417142021223,34.55480591141969,5.76360794393088
50,1,8,0.5333297375044947,67.43860841423948,0.1117969642866409,1545,17.387719741100323,2.2763814722679747,33.55901148029012,6.015494825239268
50,1,9,0.5355563293098112,66.9841573816156,0.12276258044978633,1436,17.318437325905293,2.2663988564586393,33.44972327966511,6.1735304473920944
50,1,10,0.5454289281255573,66.4884911717496,0.12265814543920273,1246,17.28553772070626,2.0520699487297276,32.76403500383575,5.893612937598684
50,1,11,0.5458050213675214,63.89628846153846,0.11908118156052529,1040,17.27572403846154,2.0189254757924315,32.63127758620466,5.558585502809502
50,1,12,0.5544971014492753,64.5050695652174,0.1433160131491989,1150,17.27626608695652,2.010777839131942,32.270238614077016,5.639222138214076
50,1,13,0.5836129227053141,65.7364347826087,0.15178996455624644,1380,17.263095652173913,1.8107641288998566,30.85845399091458,5.907510773218206
50,1,14,0.6477044114850732,68.09995436394752,0.18731546280866926,1753,17.289537934968624,1.6339553093768222,28.264426928228627,6.350114801240585
50,1,15,0.7650222285281877,72.64154370034052,0.24008964925970513,1762,17.41006526674234,2.023694234890343,24.45670894075297,6.3133797731459325
50,1,16,0.883310246749409,76.1832579787234,0.29587668368751013,1504,17.533305186170214,2.1244983046639487,21.657892265060813,6.434594899671023
50,1,17,0.8301440942646223,76.60802385008519,0.2581668155718358,1174,17.560888415672913,1.9061911707708357,22.95745574495952,6.668111076988149
50,1,18,0.6925532286212914,72.06785340314137,0.21220182358615894,955,17.45942827225131,1.768545266121097,27.061280850272976,6.851240536844778
50,1,19,0.584929276009678,63.64006700167505,0.15958616716843338,597,17.17712730318258,1.4015432256255635,30.81880525348747,6.0595259259836585
50,1,20,0.5438060825052695,61.38449864498645,0.11636765369190102,369,16.931257452574524,1.3106758385072768,32.102190017100085,5.225088664094711
50,1,21,0.5348159303882196,60.96343373493976,0.11816297372579943,166,16.70059036144578,1.5707688373118984,32.258253167935344,5.437179691808858
50,1,22,0.5792641325536062,65.9278947368421,0.1457251062053502,57,16.501894736842107,0.9089239455101866,29.8334757052601,5.967230278003493
50,1,23,0.6136988304093567,67.42684210526315,0.16835441879491658,19,17.653263157894735,3.6219846131660605,29.966812528195444,6.498505673015435
51,1,1,0.7447222222222223,89.59666666666668,0.082749342617955,3,32.056666666666665,1.0518713482804516,43.34523641451377,4.1454438055744305
51,1,2,0.7810493827160494,92.46,0.16400465413366602,9,33.83011111111111,4.222855326803313,44.00081932402028,4.444045528979429
51,1,3,0.7524794238683128,95.11703703703704,0.12190123754943816,27,32.95985185185185,1.501580979749824,44.68625457535973,5.968096722518689
51,1,4,0.7434620596205962,92.51341463414634,0.08160809259887906,41,32.89841463414634,1.0005928986258534,44.69044436895432,4.348387199474919
51,1,5,0.7880701754385965,97.32684210526315,0.11669306414087778,38,33.0875,1.6091343778398204,42.671310411277695,5.1661763113253985
51,1,6,0.868900462962963,97.95916666666666,0.12281218721178283,24,33.076166666666666,1.9569029805696352,38.75927306604201,5.620245524375538
51,1,7,0.9778298611111111,110.62,0.21612608771180086,16,33.3580625,3.2465333812904706,35.368825992691995,6.943613641196747
51,1,8,0.9516666666666668,101.51111111111112,0.18346848974250338,9,32.662444444444446,1.0853633160273015,35.63701259056773,7.8346794765162
51,1,9,0.9543611111111112,104.114,0.12475305167652737,10,33.9602,3.0113907012467753,36.059743319332576,4.989989219258833
51,1,10,1.0629761904761905,106.4207142857143,0.23868656778736203,14,33.38542857142857,2.5262643967324174,32.646338550505575,6.5714657443136035
51,1,11,1.059236111111111,105.7925,0.17415022643351066,8,34.773125,3.957141877578529,33.69745595475685,6.99256153566578
51,1,12,1.1238636363636365,108.36363636363636,0.1877172590900191,11,35.96272727272727,3.1909513030100944,32.8071421707802,5.95551885911698
51,1,13,1.2139814814814816,117.48666666666668,0.2632504859803187,12,35.95291666666667,3.5239047417301013,30.62875271897283,5.986648969502068
51,1,14,1.2072222222222222,113.634375,0.23044399353504225,16,33.544125,2.0949497010668297,28.928659910623427,6.750045657633162
51,1,15,1.3855381944444445,116.98125,0.28288572975364285,16,33.804875,2.5542393225120215,25.326259689499363,5.289849182396912
51,1,16,1.2593518518518518,108.81222222222222,0.20425706615457412,9,32.80866666666667,1.3454816981289643,26.706917964049644,4.692548791300653
51,1,17,1.298174603174603,108.14642857142857,0.26240581257563095,14,32.468785714285715,1.2029887894209692,26.033993769883573,5.52560485858094
51,1,18,0.9837626262626262,100.68272727272728,0.18841297740897975,11,33.22118181818182,1.9134336057559889,34.70162218867502,5.645941750789852
51,1,19,1.085611111111111,111.998,0.20783443968935383,5,32.9852,1.318231277128561,31.265091437504232,5.859631389844969
51,1,20,0.8172916666666666,81.63,0.11398581580049208,4,31.375500000000002,0.6498315166256572,38.952030158473086,5.398508242536567
52,1,2,0.545,68.675,0.08316798410594615,6,20.706333333333333,3.7614667706450193,37.971532723873686,4.099454539708147
52,1,3,0.6248963515754561,67.26671641791044,0.14036658218356218,67,21.975298507462686,2.575074520927709,36.21990477679704,6.563221620333633
52,1,4,0.5993069306930693,71.28777227722772,0.10312143644752175,202,21.919896039603962,2.7290767184905453,37.38830469880792,6.757225687040778
52,1,5,0.6123587570621469,70.86810169491525,0.10201414918591607,295,20.35375593220339,3.579169191794879,33.771279581661815,6.633295615751423
52,1,6,0.6275796296296295,70.30693333333333,0.07877457446258201,300,18.828253333333333,3.460043415519497,30.31220872990545,5.988865627620413
52,1,7,0.6625942460317461,74.4635267857143,0.13760508334534924,224,19.233866071428572,3.4242781858503157,29.840677939747845,6.721940187366858
52,1,8,0.6717871485943775,71.26704819277109,0.1182613531475144,166,18.48009638554217,3.8171210652816816,28.03410147265065,6.024648246770219
52,1,9,0.6913626421697289,69.82062992125984,0.15432531691354143,127,18.706275590551183,3.2809953427763485,27.9645595052421,6.973035445945255
52,1,10,0.6916812865497076,69.96228070175438,0.12223905333574485,114,17.91686842105263,2.5182447936888206,26.530687753792275,5.317930609433018
52,1,11,0.7314908256880734,73.09357798165138,0.17075630879484946,109,18.65226605504587,3.6958794113179247,26.269287763864384,6.091814310824972
52,1,12,0.7551611111111112,71.07326666666667,0.14383588486896373,150,18.655140000000003,3.1581767997357684,25.58863382431595,6.650302206097792
52,1,13,0.8534390096618357,75.85831521739131,0.22570085005114277,184,19.134239130434782,3.376228927019134,23.743100846702355,6.943412609932122
52,1,14,0.9261618876941456,77.31329749103942,0.24424668490945015,279,19.36845878136201,3.392798461487703,22.6291792576254,8.061134638731753
52,1,15,0.9695891690009337,80.64567226890756,0.3060475556675415,238,20.225378151260507,3.447020319062095,23.296818330581097,9.045305176651139
52,1,16,1.0293192729766805,85.33074074074074,0.3356539762901542,162,21.080703703703705,3.313281160467547,22.711039499599124,8.177079616792753
52,1,17,0.9180467651195499,81.86449367088608,0.22054681908197518,158,21.426367088607595,3.363238785090073,24.994302870168962,7.7458793088339295
52,1,18,0.851030303030303,77.76227272727273,0.20868771539617545,110,20.820454545454545,3.3624858040322785,26.10724424413934,8.043414608568265
52,1,19,0.7400925925925926,73.8231182795699,0.17337547938721454,93,19.21120430107527,3.4342167658381597,27.3029757134818,7.793576997881856
52,1,20,0.6985790598290598,70.97596153846153,0.10237543655793471,52,19.429192307692308,3.4505364234204845,28.255786564859243,6.00727567648488
52,1,21,0.661875,60.63375,0.0910914794471248,8,17.99425,3.1853986855202736,27.986804641355526,8.097172719395392
52,1,22,0.7016666666666667,63.260000000000005,0.046043569454005645,4,20.4945,3.8441461557368832,29.436927696584817,6.57274844397529
53,1,1,0.7886111111111112,102.125,0.06874649261535883,2,27.875,1.2940054095713807,35.55356534371133,4.740217674153232
53,1,2,0.8395833333333333,91.36,0.10584426890134042,4,31.725499999999997,2.843509744429699,38.27060450402382,6.3454707866206865
53,1,3,0.8629074074074073,97.52266666666668,0.17795637936607966,15,31.468733333333333,4.182342482161789,37.246593891388436,6.202836645049971
53,1,4,0.8035912698412698,95.1842857142857,0.1023149932226431,14,33.17328571428571,3.047091890477047,41.9304556388798,6.7519032471086735
53,1,5,0.935181623931624,93.19769230769231,0.15490622297209228,26,30.314,3.929943765500977,33.24274804003814,6.815201456992808
53,1,6,0.9360714285714286,95.52571428571427,0.17997186578242108,14,31.33857142857143,5.250708856383631,34.59386390310014,8.489133675545741
53,1,7,1.0487179487179488,108.55846153846154,0.2255767510356226,13,32.56061538461539,4.600941670615946,32.27226180957858,7.778780447066609
53,1,8,0.7963194444444445,100.0775,0.0737782431795897,4,28.35,4.471204162937171,35.549561260439575,3.612356393911482
53,1,9,1.0496111111111113,106.44800000000001,0.15195645392311868,5,29.665399999999998,3.110950144248537,29.052030602133698,7.2086871408824145
53,1,10,1.063611111111111,93.041,0.12125204168659891,10,29.4707,4.833206252352341,28.108034653342212,6.185254353808974
53,1,11,1.2494753086419754,113.76666666666667,0.18875400844225226,9,30.043777777777777,4.296521086232958,24.50761477643177,5.080199310769981
53,1,12,1.2355381944444443,101.751875,0.3339691231130525,16,32.086125,4.217037726097945,28.05993406683166,9.170887710507108
53,1,13,1.411574074074074,109.74888888888889,0.33335407921552374,9,32.93966666666667,5.399810019806253,24.095508586629048,5.170972500338142
53,1,14,1.5449305555555555,126.36,0.21378969643401155,12,31.656833333333335,3.9009134788786297,20.98491833541936,4.505832390069903
53,1,15,1.5236111111111112,131.795,0.28637528257364636,4,35.3725,1.7008894731874846,23.77538504414682,4.278612895414535
53,1,16,1.580472222222222,122.263,0.3071566929980494,10,32.3123,5.2239031395223146,21.072655758381266,4.809658128098472
53,1,17,1.330277777777778,118.33,0.26085938558468436,8,31.075375,4.380771912981937,24.015731979081078,5.283086363432138
53,1,18,1.308888888888889,109.36666666666667,0.12846163620049622,3,31.837333333333333,3.4484230212277245,24.447828937977178,3.3485777928807066
53,1,20,1.0239814814814816,97.22000000000001,0.10664291305731384,3,34.20133333333333,2.1989509620119634,33.49637880970299,1.5298226514180673
54,1,2,0.4697222222222222,54.39666666666667,0.012493825635582748,3,18.54,3.7100404310465414,39.35419728463581,6.780159721147184
54,1,3,0.5674616858237548,65.61206896551724,0.1093160485912118,29,22.22444827586207,2.6205478105896503,40.03198311833356,6.56496547589693
54,1,4,0.5635097597597597,69.32472972972973,0.08711917409708597,74,21.703878378378377,2.5826124818835856,39.13789676821017,6.14455872106444
54,1,5,0.5901045400238949,68.2931182795699,0.08195973322103567,93,19.944688172043012,3.2840725710170293,34.26719966284186,6.670916223602703
54,1,6,0.6254722222222222,70.1699,0.1055957710325447,100,19.70687,3.460156385953173,32.112473529797604,6.8708959019375975
54,1,7,0.627844827586207,67.70850574712644,0.1182847597587314,87,18.926218390804596,3.771735580466925,31.054232285326094,8.174355161344694
54,1,8,0.697562893081761,74.31018867924529,0.20249238376803633,53,19.492169811320757,3.5943936245633816,29.226153299533586,7.543215536383097
54,1,9,0.6338753387533875,63.78634146341463,0.09329866566841873,41,18.666951219512196,2.905844739066589,30.033962617514344,6.2404629596833106
54,1,10,0.6263071895424837,64.12029411764706,0.10179979989360982,34,18.441529411764705,2.945089742268956,30.10240180381088,6.608162583023313
54,1,11,0.6844212962962963,66.43416666666667,0.14190408637893606,36,19.395333333333333,3.0568910256757826,29.537970927152628,7.867949196683556
54,1,12,0.7229607046070461,68.30341463414635,0.18558907516766682,41,18.424999999999997,2.8820573554320545,26.93772706768647,8.033837758001306
54,1,13,0.7631648451730418,69.52377049180328,0.19854876176671565,61,19.787622950819674,3.6630636229069893,27.39719064753869,7.994907591012637
54,1,14,0.8162435400516795,73.62686046511628,0.2217189838123023,86,19.713441860465117,3.2346089048242384,26.145387017236587,8.930266596077646
54,1,15,0.9428201506591337,79.68627118644068,0.28259742540694716,59,19.372457627118642,3.038975577859875,22.915282403128145,9.150854039321148
54,1,16,0.9100205761316872,80.26092592592593,0.2805506561409377,54,20.98651851851852,2.898084225638702,25.734431832430737,9.480017014829807
54,1,17,0.8254106280193237,83.38521739130434,0.31044725655960564,46,22.73763043478261,6.943323835354987,28.842007803392903,6.912205626506122
54,1,18,0.7611915204678362,77.8021052631579,0.2394030181263025,38,22.056236842105264,4.499016916245151,31.178457496746223,8.869203717040516
54,1,19,0.6865833333333333,66.70833333333333,0.15485189352840226,30,20.164566666666666,3.39664932953287,31.18238944345508,9.61819116817961
54,1,20,0.6468954248366012,66.11117647058823,0.0753802241662375,17,19.916529411764706,3.4706511477971795,31.378990003339435,7.47854135831144
54,1,21,0.6095370370370371,55.38666666666666,0.05748143375332116,3,19.046666666666667,3.0202207424844523,31.440469789899513,5.873872220627744
54,1,22,0.5888888888888889,66.76333333333334,0.052823810334654976,3,20.41,4.025406811739653,34.47362584991071,4.539927290224369
55,1,1,0.6356944444444445,68.77,0.05206759021327264,4,21.53125,1.891711636763561,33.90596276985867,2.0789603730237456
55,1,2,0.5919696969696969,60.77272727272727,0.06027245938460914,11,20.833000000000002,0.7894949018201454,35.470130937329785,3.3239688184955463
55,1,3,0.6338617886178862,67.67658536585367,0.14378484286369736,41,22.025560975609757,2.117125610926056,35.727228247183014,5.1741036232704145
55,1,4,0.6149116161616162,70.50727272727272,0.10506293233547255,66,21.693454545454546,1.9365829079697465,35.86601940875452,4.3749813506221695
55,1,5,0.6339007936507937,68.26542857142857,0.09519497225299667,70,22.205457142857142,1.624687302673958,35.5862791175324,4.3977625238152696
55,1,6,0.631060606060606,70.20477272727273,0.1806240008682719,44,22.160863636363636,1.818880739290846,36.16136697940763,4.479714275001892
55,1,7,0.6884761904761905,77.98885714285714,0.18044410048469378,35,22.92497142857143,3.615761741286046,34.23886225504864,4.78752398223347
55,1,8,0.711111111111111,69.73782608695652,0.1920809641826769,23,22.44417391304348,3.812095518360828,32.37708789317153,4.56946439737392
55,1,9,0.6912537537537538,71.92972972972973,0.10539615200811354,37,21.981783783783783,1.1444075161685467,32.45533642303017,4.736483094234682
55,1,10,0.7052116402116402,75.95,0.11260433792469607,21,21.964761904761904,1.0650937472711923,31.785774409227717,4.39586830541143
55,1,11,0.8903809523809524,80.846,0.4605973202881044,35,23.441485714285715,8.039235778617375,28.36043032696389,6.704306992315498
55,1,12,0.8218954248366013,78.80735294117646,0.187313399735034,34,22.077882352941177,0.9317997822625838,27.870973788284207,4.8341394307019785
55,1,13,0.8193807870370371,78.99104166666667,0.18182924311679774,48,21.994979166666667,1.0591956299642953,27.99574725899524,5.618603432782631
55,1,14,0.907232510288066,82.02851851851852,0.2827258046734338,54,22.437314814814815,2.2295242053049193,26.28048958866752,6.035167375383669
55,1,15,0.8909166666666667,79.183,0.19529690243841763,50,22.018939999999997,2.1268708298669137,25.706804112333757,5.232029070098248
55,1,16,0.921326530612245,84.21020408163265,0.24645365516694154,49,21.874,0.8632345181544434,25.226198390816432,5.955002822851209
55,1,17,0.8590458937198067,77.66456521739131,0.2146119065012914,46,21.948021739130436,1.2420245209447434,26.824044398790548,5.45002204757744
55,1,18,0.7278009259259259,74.60875,0.14003991448176012,24,21.907875,0.7514112121752037,30.93753624154181,4.673517843720611
55,1,19,0.7039555555555556,70.6572,0.12707883720036758,25,21.82024,1.2490756342191616,31.754729970981256,4.682638929825632
55,1,20,0.6495138888888888,73.5775,0.1230195905028885,20,23.02925,5.044325836495582,35.45426638631051,2.4888970836403086
55,1,21,0.6711111111111111,76.22666666666667,0.10827106472548483,6,21.915333333333333,0.6847351799540219,33.231158094708,4.369496610857231
55,1,23,0.6070833333333334,74.02000000000001,0.06776439986371084,2,21.36,0.2687005768508861,35.38033697000034,3.5066466298921846
56,1,1,0.8877777777777778,76.975,0.24945155891858767,2,24.6565,1.5224008998946397,28.663894872702002,6.339257978349748
56,1,2,0.8230555555555555,83.9425,0.2683896881241118,8,25.005125,2.682834611669424,31.708808822581048,5.029492240247175
56,1,3,0.7673737373737374,78.63363636363637,0.08689716176483203,11,24.747545454545456,1.481030476636883,32.47355238936468,2.5847052153610313
56,1,4,0.8002380952380952,80.99928571428572,0.12809176662976432,14,25.440214285714287,3.176810693339892,32.06426288168094,2.9278023261511046
56,1,5,0.7786601307189542,76.75823529411764,0.11232343119470761,17,24.36905882352941,2.4851668573404746,31.605293145952682,3.1506373727427297
56,1,6,0.8809188034188035,79.48538461538462,0.23625231030222799,13,24.078307692307696,3.517225193828591,28.499230393929807,5.803937901116987
56,1,7,0.8415277777777778,81.16499999999999,0.20028716157044885,8,24.441125,4.3800223560257905,29.906567187375927,5.520391872780163
56,1,8,1.0980555555555556,86.88,0.147363532810764,5,23.157999999999998,1.5086590071981145,21.506028366596205,4.152698789195879
56,1,9,1.0159375,83.3475,0.26433170605646156,8,22.8095,1.2967669688222994,23.6665336061023,5.449680093318787
56,1,10,1.0107291666666667,91.39625,0.13767060423766586,8,26.96525,5.471826953978508,26.939374852580436,5.189350507435014
56,1,11,1.1306565656565657,95.11,0.1881269876121272,11,24.00790909090909,2.485185484206177,21.557326734981444,2.67876406004831
56,1,12,1.1551797385620917,89.47294117647058,0.22989173892073944,17,23.405117647058823,1.1588350768310893,20.90642297471066,3.663478585375081
56,1,13,1.3614444444444445,89.741,0.37418268958516127,10,23.881999999999998,2.587303014509295,18.243279873557235,3.1707874127151228
56,1,14,1.6073809523809524,115.75714285714285,0.4943222866457287,7,24.64542857142857,3.364081789391317,16.714849517027783,5.879808643663847
56,1,15,1.6451282051282052,109.24384615384616,0.7027130845588355,13,24.07892307692308,2.83622770188204,16.471653697186074,5.733329023974103
56,1,16,1.4692361111111112,109.0325,0.37865287907160844,4,25.6025,4.446582020683602,18.96099955200896,8.084534285650495
56,1,17,1.4295,111.83600000000001,0.38970823408807953,5,23.9482,1.8959322772715281,17.687322283098638,4.5478353979241835
56,1,18,1.3526767676767677,106.77090909090909,0.5098818441065489,11,26.633909090909093,5.145058336978219,21.855716514594395,7.6075644346601345
56,1,19,1.020674603174603,87.83428571428571,0.22428314342468134,7,24.33657142857143,2.8489798090511194,24.708083575156472,5.334467166265101
56,1,21,0.9297222222222222,97.25999999999999,0.024748737341529107,2,23.08,0.36769552621700313,24.83868324516629,1.0566828997728792
57,1,4,0.7090740740740741,79.68666666666667,0.04408039559396179,3,25.192666666666668,2.076629560931207,35.5645664169085,2.7638831419900427
57,1,7,1.2656944444444445,86.305,0.23668435314716377,2,24.589,2.2344574285494914,19.94100122919682,5.494359587428827
57,1,8,0.9843518518518518,93.35000000000001,0.33887025601478005,3,26.993333333333336,5.328605195858792,29.87683438680317,11.245853969040507
57,1,10,1.1531944444444444,94.025,0.18129432195421769,2,22.755000000000003,0.007071067811865324,19.9785494863403,3.134706841814941
58,1,2,0.6594444444444445,85.395,0.0742462120245876,2,32.038000000000004,0.5656854249492372,48.9418102177529,6.368132264396434
58,1,3,0.6844097222222222,98.1825,0.037125685493585275,8,31.75975,1.5767033193162423,46.46478532627906,2.323132656248795
58,1,4,0.7736111111111111,92.47,0.11730269749458526,11,32.24636363636363,1.6555377538870732,42.337336831729516,5.0838194418168685
58,1,5,0.7446180555555556,92.92125,0.09907730595406113,8,31.61725,1.0767453273639027,43.03276923104998,5.075058366585968
58,1,6,0.8791203703703704,89.665,0.13581434957853433,6,30.71383333333333,0.8950218805519043,35.72150443288483,6.406671517846082
58,1,7,0.9281172839506174,100.6,0.16008339465469268,9,31.23988888888889,1.752601098684784,34.43761569942941,5.500822378936294
58,1,8,0.74625,91.9525,0.1401750632384714,4,30.5125,0.7568960738877356,42.00111497192957,7.929100517727647
58,1,9,1.254722222222222,114.725,0.1877761341150942,2,37.74,4.20021428024809,30.672339286550727,7.937810775442821
58,1,10,0.8769444444444444,96.11500000000001,0.1834549260078431,2,30.4005,0.8082230508962243,35.540486841133465,8.356630207357844
58,1,11,1.3112962962962964,118.37833333333333,0.29586046650044356,6,30.808666666666664,0.8859631294058836,24.61015746974151,6.335322651420552
58,1,12,1.022962962962963,98.70666666666666,0.03910883568717668,3,29.893333333333334,0.7454081655934095,29.249290096110567,1.269124053257567
58,1,13,1.1023888888888889,114.752,0.094164331337807,5,31.144,1.793886841470221,28.35354246693435,1.9498070453843006
58,1,14,1.317037037037037,105.165,0.2065523628546114,6,32.782333333333334,2.442961536059595,25.296995465630744,3.4641554312403935
58,1,15,1.2718055555555554,110.495,0.5171700430178277,2,30.825,0.049497474683058526,26.430343394442595,10.786616904633924
58,1,16,1.22625,116.515,0.3073950312658186,2,33.5025,5.384618138735559,28.77561086580787,11.604565089112006
58,1,17,1.024722222222222,101.798,0.20195065327456777,5,31.181,1.805533716107236,31.27123413294202,5.649638255394313
58,1,18,1.0844444444444445,104.53333333333335,0.24550134519759187,3,32.528666666666666,1.4541063693324967,31.09813139164579,7.42861018142148
58,1,19,0.7945833333333333,105.625,0.008838834764831813,2,30.034999999999997,2.057680733252852,37.78761992550923,2.169290661237554
58,1,20,0.9169444444444445,103.095,0.07738890882986105,2,31.465,0.23334523779155947,34.42693100033598,2.6511065107747074
60,1,1,0.6686111111111112,73.52333333333333,0.049750147341428345,3,27.302666666666667,1.5416099809398398,40.95460688922062,3.2832503652039824
60,1,2,0.5945555555555556,80.43199999999999,0.06503162810756774,5,27.913600000000002,1.3130517126145487,47.258806624037604,3.981738699160106
60,1,3,0.6791666666666667,80.87307692307692,0.07578371392519832,13,28.22023076923077,1.7509453710232343,41.922457910221695,4.343356852371615
60,1,4,0.6599444444444444,83.4505,0.1025107404949799,20,27.329950000000004,1.2233521881763194,42.24351177533021,5.901854530016042
60,1,5,0.7375505050505051,84.20681818181818,0.10866783375052355,22,27.6475,2.1609960611233143,38.1200253189274,5.291879202877174
60,1,6,0.7174801587301588,87.88785714285714,0.118079734290501,14,27.389785714285715,0.9675523582391108,38.9566907771213,5.271800942932903
60,1,7,0.7178968253968254,82.70714285714287,0.08270330622575009,7,27.58657142857143,1.144556225085055,38.811970120316616,4.192521925850671
60,1,8,0.748125,83.445,0.09319573071759182,8,26.7665,0.9619122324085194,36.297754350927335,5.015970991503394
60,1,9,0.8114285714285714,86.15857142857143,0.0822902978588188,7,28.164714285714286,1.1049353999647389,35.005274735652506,3.775821012944569
60,1,10,0.8298809523809523,88.50142857142858,0.1976102636113279,7,28.65942857142857,4.034534911533293,35.21030149355734,3.938990774696137
60,1,11,0.9640740740740741,94.63,0.3384927405291676,6,27.764666666666667,2.5127380815888216,30.421481533783133,5.574512015877711
60,1,12,0.8817901234567901,83.81777777777778,0.09467619759084452,9,27.019,1.1001536256359838,30.98857901011054,3.847666727301399
60,1,13,0.8784722222222222,85.92999999999999,0.09968584913877458,4,26.4005,0.8877047181730352,30.353315350854587,3.6383253046530064
60,1,14,1.133888888888889,94.726,0.10868692295866236,5,26.2018,0.6199993548383738,23.295387377509268,2.484729699755015
60,1,15,1.1398456790123457,97.73777777777778,0.2632414246809161,9,27.629555555555555,2.504984436633844,25.164546425553443,4.998595426244178
60,1,16,1.3053571428571427,105.00428571428571,0.12325757957621297,7,29.09057142857143,5.098081791456561,22.226798975204794,2.4686198598260876
60,1,17,1.0304545454545455,96.25818181818181,0.1836054912876421,11,26.763181818181817,1.0929644841605626,26.73146793550602,4.87068566264639
60,1,18,0.8955246913580246,85.02111111111111,0.18786941204143803,9,26.996222222222222,0.9345033143036174,31.16905462051949,5.655057438461522
60,1,19,0.9238888888888889,87.7425,0.05640507886538858,4,27.18775,0.28050000000000036,29.49590363961309,1.4981700567794918
60,1,20,0.7934722222222222,83.59,0.10665834747650911,4,27.23875,1.987051312036675,34.60715133147186,3.463572962109145
61,1,0,1.040949074074074,87.60583333333334,0.45016640922255696,12,27.90025,10.689738300436458,27.690072918787127,6.551097100361073
61,1,1,0.7439149305555556,72.9046875,0.08072832046613972,32,22.01921875,3.2247420575453187,29.753647590527763,4.207825985191594
61,1,2,0.7775270562770562,71.84337662337661,0.1469394551207876,154,23.30172077922078,3.5611780207372936,30.456781108120854,4.772188744174366
61,1,3,0.7688888888888888,73.51896073903002,0.12364221992604144,433,23.46407621247113,3.6362978701141535,30.84392188438634,4.5934230767132345
61,1,4,0.7671542428504454,77.2286075949367,0.13046814050573483,711,23.57918987341772,3.7113569849222405,31.131306327895256,4.9883176966521265
61,1,5,0.7442642418202956,76.86766816143498,0.11281538636935382,669,21.20975485799701,3.986929976863682,28.686920193686205,4.619737812210867
61,1,6,0.7640666477057262,75.39,0.11439201575338406,586,19.562709897610922,3.0042546202659057,25.915312528143158,4.102894136553698
61,1,7,0.825973122150228,80.24758099352051,0.15288876644582647,463,19.171200863930885,2.765427491091407,23.763702031662927,4.387096566928127
61,1,8,0.9027545003103663,80.76776536312849,0.1855378610411219,358,19.250701117318435,2.9371390551328025,22.002408405368186,4.629007294522624
61,1,9,0.8904468599033817,77.5517701863354,0.1560793906800726,322,19.119478260869563,2.96446906582023,21.89856961201508,3.8101198452062675
61,1,10,0.9288777777777778,78.15593333333332,0.163167269470626,300,19.020143333333333,2.7150517212296457,20.875722862250132,3.4876969641581614
61,1,11,0.9779326309067687,79.25494252873564,0.1627198121748101,348,19.357307471264367,2.8226929546339226,20.18580210833469,3.7353787771402147
61,1,12,1.0125985663082437,81.58401759530793,0.219174289768867,341,19.091296187683284,2.9232432185769293,19.30974088597759,3.3192733842495383
61,1,13,1.1101400659133709,85.13947033898306,0.2357573025928432,472,19.394273305084745,2.7016343020089106,18.125393869105555,4.1386306446423236
61,1,14,1.217822766269094,88.18242937853108,0.3364722923972586,531,20.199365348399244,4.135759046282824,17.543566692103614,5.059653318980339
61,1,15,1.3323842079329884,92.60767184035477,0.37520338463407527,451,20.21458314855876,3.178529299196206,16.43729775493972,5.6676293458585585
61,1,16,1.3073095238095238,93.6166,0.3666250264060196,350,21.161045714285713,3.813373743090819,17.429200073413526,5.724204175463146
61,1,17,1.2226694775132276,88.56642857142857,0.29231556889767807,336,20.349357142857144,3.195076432011697,17.673472970070417,5.415492713744035
61,1,18,1.0564460784313727,83.69698529411765,0.2333806989295101,272,20.78031617647059,3.3417956078885798,20.621587041391543,5.6573120213666055
61,1,19,0.9516709732988803,77.7118992248062,0.16831338635973428,258,20.14612015503876,3.089064770559662,21.72678292515538,4.672808508428243
61,1,20,0.9048057644110276,75.31293233082707,0.15381216250011584,133,19.300834586466166,2.840473848595035,21.75499245504825,4.103761211801453
61,1,21,0.881875,76.76194444444444,0.17562777767735702,36,20.11163888888889,3.187960899139832,23.3873532469261,4.689766559864844
61,1,22,0.9472649572649572,79.95769230769231,0.2027225269146109,13,21.63653846153846,4.145610763514116,23.248757344131516,3.7429272049570517
61,1,23,0.8884375,80.7125,0.12553439011622214,8,24.906875,1.6018066975851275,28.51272650410734,4.16924725030947
62,1,0,0.8537962962962963,82.17,0.02661791454050442,3,20.673333333333332,4.379843985044826,24.148531879536623,4.510725232099731
62,1,1,0.7751984126984127,65.3457142857143,0.15570600481462546,7,23.897,5.887815978781946,31.002115548760088,5.3081412844444555
62,1,2,0.755548048048048,70.59027027027028,0.11960270678168847,37,22.72062162162162,3.252779259096505,30.4444634783514,4.6697319192549775
62,1,3,0.7342620232172471,71.08723880597016,0.12631797566514943,134,22.84526119402985,3.1507549063894063,31.5417453426325,4.53512878587866
62,1,4,0.7586228689006467,76.28597883597884,0.11927069951382142,189,23.335354497354494,2.7336395126946242,31.317162899006806,5.03978268288757
62,1,5,0.755475768321513,76.56718085106382,0.12838573511166185,188,21.234781914893617,3.4321573297478296,28.480518368262842,4.64781259673983
62,1,6,0.7705,75.49729032258064,0.11356752340054074,155,19.737167741935483,2.7710402515257773,26.025583056524695,4.564693659634691
62,1,7,0.842253086419753,79.44833333333332,0.15785998476397425,144,19.975131944444442,3.182088178896544,24.34919085511916,5.103269164268961
62,1,8,0.9360730994152047,79.48105263157895,0.1995649186806227,95,20.306821052631577,3.187936443141475,22.50938454639093,5.194704810999267
62,1,9,0.9127282728272827,78.8519801980198,0.14690216991165403,101,19.365534653465346,2.4668327246262822,21.730652616019444,4.29418045984538
62,1,10,0.9654676511954993,80.48417721518987,0.13973597481144512,79,19.299544303797468,2.3806580150350176,20.382538599038565,3.8009240980002477
62,1,11,1.006171085858586,76.80454545454546,0.17130036125546988,88,20.215511363636363,2.964867975949674,20.535620354123168,3.9972327360286086
62,1,12,1.0408650097465888,81.52938596491228,0.19688234927041828,114,20.36092105263158,2.9104828786015062,20.240634572565412,4.873643943651967
62,1,13,1.094450396825397,84.93157142857143,0.19320328287332705,140,20.019757142857145,3.065398341318108,18.929246003042312,4.8256267905155275
62,1,14,1.2562397119341564,93.04358024691358,0.32395397594723696,162,20.605777777777778,4.175880520827145,17.296874931174212,5.156453894332824
62,1,15,1.3029429429429429,92.44608108108109,0.3743079471760354,148,21.05114864864865,3.072208727861631,17.69931367152993,6.3660300700507095
62,1,16,1.368168044077135,92.7099173553719,0.31990956392016967,121,21.642173553719008,3.4823934816868074,16.846868681772868,5.4032015200425185
62,1,17,1.2349448685326547,89.51954198473283,0.28945116512828345,131,21.529694656488548,3.432833841445174,18.518814152088392,5.627167329831845
62,1,18,1.0758512544802867,90.38182795698926,0.29746430670841617,93,22.561924731182796,5.053376777261782,21.9678159657374,5.734065509487325
62,1,19,0.9546535947712419,82.84164705882353,0.1531337657863762,85,20.968752941176472,3.1889061862064523,22.574592201188565,5.186547444567445
62,1,20,0.9160714285714285,78.0167857142857,0.15585303831709396,56,20.957,3.1593872996343633,23.41187888443771,4.82320099518293
62,1,21,0.9262962962962964,71.53222222222222,0.08993385343588457,9,20.271555555555555,3.3382260300611426,22.14141019843301,4.75674496166919
62,1,22,0.8390277777777778,76.07499999999999,0.18090148485355842,2,19.104,0.701449926937057,23.218768672795175,4.170135834727481
62,1,23,0.6745833333333333,69.11,0.033980409207020175,2,24.3985,1.171675936426108,36.25799787101474,3.563292216593638
63,1,0,0.9248611111111111,101.5,0.11451201484215479,2,32.445,0.19091883092036502,35.33904156846746,4.169086552945434
63,1,1,0.9652222222222223,85.376,0.27521949713808125,5,30.713600000000003,5.270498012522156,34.15128108177821,11.809540644582473
63,1,2,0.8902222222222221,98.328,0.14491661608416043,5,30.814,6.971651884596649,35.41257935133699,9.866074342359342
63,1,3,0.8492025089605735,87.81354838709677,0.07542894286332553,31,32.15822580645161,3.714430792729688,38.17368552007641,5.606809128273266
63,1,4,0.9044005847953217,84.91052631578947,0.08210834535458682,19,29.344526315789476,5.4294715864071295,32.808145471803556,7.2247485335794375
63,1,5,0.9332638888888889,94.95166666666667,0.09608615640591502,12,27.303416666666667,6.050872370738758,29.44964647135203,6.721378349156809
63,1,6,1.0522037037037038,89.77399999999999,0.16683666814857667,15,23.86573333333333,4.919455493485125,23.223481323166702,6.578632580742015
63,1,7,1.1589814814814814,112.87833333333333,0.23214138834556522,18,29.096277777777775,7.9065622767387165,26.247042434224962,9.02147181654761
63,1,8,1.2736574074074074,102.69333333333333,0.20793090144002782,6,26.81183333333333,5.290509254000662,21.830393468351286,6.8113002067893875
63,1,9,1.0363888888888888,96.6,0.31034130952076244,2,26.075499999999998,7.82837917451627,27.5249295873479,15.795713407031398
63,1,10,1.1745138888888889,99.245,0.2155739450202759,12,26.072666666666667,6.3429487311549835,23.26774672568853,8.790296254303199
63,1,11,1.2178968253968254,98.51785714285714,0.22478439375067166,14,28.901857142857143,7.156003868265958,25.006273907854627,9.226237364545034
63,1,12,1.2800833333333332,98.559,0.2362379105686967,20,24.447899999999997,5.77539515986842,19.90665995579039,6.9204709446026325
63,1,13,1.3486965811965812,99.19615384615385,0.31135806552386214,13,25.943461538461538,6.129502027290971,20.91208782372592,9.315310444888908
63,1,14,1.6993589743589745,111.35,0.4545036322812889,13,25.018153846153844,5.407411855440547,16.04029681026665,7.155644641043656
63,1,15,1.5414285714285716,109.30142857142857,0.3766803377753465,7,30.268285714285717,5.640843988691933,21.33927939259047,8.24230310469454
63,1,16,1.501474358974359,108.12153846153845,0.41864695133713914,13,29.697384615384614,5.164324746735393,21.19725738609607,6.4977917382074475
63,1,17,1.108888888888889,100.31777777777778,0.24131036153969798,9,31.488777777777777,4.4924679681044415,29.478438977772214,7.252876814499874
63,1,18,1.2026515151515151,102.54454545454546,0.1800226050464821,11,29.143090909090912,5.190645556278052,24.915069268657145,6.675029901093286
63,1,19,1.0940740740740742,77.39,0.13047111138236617,3,29.015333333333334,7.463760602627429,27.257013572579293,9.400391644291012
63,1,20,0.9129166666666666,85.59,0.04733687062943267,2,32.99,1.0182337649086268,36.1566132007585,0.7594418876211251
63,1,21,0.9615277777777778,81.42,0.08190653548744169,2,26.529,8.568719974418585,28.071875468546743,11.302835227287519
64,1,2,0.8675,124.59200000000001,0.03063058968892627,5,37.6436,1.5496531224761247,43.39340696717117,0.8966880012809194
64,1,3,0.8247916666666666,103.71124999999999,0.06755537770183355,8,33.71625,3.6515043377451213,41.22202073407465,6.434818684487427
64,1,4,0.8232478632478633,114.01769230769231,0.12731929544045154,13,34.91907692307692,4.613970352121522,42.96088665488383,6.4772426422748595
64,1,5,0.8587407407407407,114.538,0.0699008704326548,15,36.019999999999996,3.6800718160694315,42.16181905090962,5.053576334200251
64,1,6,0.9792592592592593,112.71499999999999,0.19688576840068464,12,35.39675,6.257185500395816,36.679481059524015,5.91259613727677
64,1,7,1.1878333333333333,135.29000000000002,0.2933149457620724,5,36.19,6.070873083832344,31.283110098820533,5.540354260277067
64,1,8,0.9745370370370369,104.17666666666666,0.05846963793004689,3,34.910333333333334,4.69023883542548,35.71207649709523,2.763499326522426
64,1,9,1.141875,119.025,0.09385090591545861,4,36.3585,3.8575610170158043,32.04785092610985,4.546421401342022
64,1,10,1.2684722222222222,119.03,0.20297193900805927,4,40.432,4.846197340871159,32.661922116086295,7.260590167668917
64,1,11,1.2528333333333332,116.46,0.0618479567414027,5,35.61,4.628417656175813,28.49945932622802,3.9957066253064935
64,1,12,1.4829012345679011,127.80111111111111,0.2976827335593995,9,38.74388888888889,5.604844811510049,27.37057045072603,7.732917083161016
64,1,13,1.2843209876543211,110.36722222222221,0.2690541311224526,18,32.79077777777778,3.945726110102894,26.900190125216646,7.90513127403451
64,1,14,1.4870524691358025,140.19,0.2752686371738613,18,36.74761111111111,4.97178274499185,25.663429970039953,6.26778268888303
64,1,15,1.6302380952380953,154.78,0.6775743552612519,7,34.10957142857143,3.5174246192890837,24.07663426252655,9.58955855953221
64,1,16,1.8303125,124.1275,0.43370409041202673,8,35.73075,5.2041005741351976,20.702157994572488,6.3134716625773155
64,1,17,1.5382539682539682,147.00857142857143,0.42607944237084744,7,38.578714285714284,4.908052727042424,26.14415503797829,5.127435945718612
64,1,18,1.0878333333333334,147.13000000000002,0.3171013342337738,5,37.6718,1.285963140995885,36.51670908886604,8.133420602352743
64,1,19,1.0625617283950617,107.72222222222223,0.18782291010147,9,34.89333333333333,4.13914704377605,34.0756903757721,8.348835906764087
64,1,20,0.9283333333333333,138.78,0.020034692133618838,2,38.7025,1.8632263684265562,41.67835355164435,1.1075907214182192
65,1,0,0.7651736111111112,83.83875,0.387654188971398,8,21.327375,4.027533982742152,31.125626604567326,8.690434442405806
65,1,1,0.6026587301587301,69.26928571428572,0.12477856522866287,14,19.690499999999997,4.27465888427639,33.09653693474074,5.876997246816987
65,1,2,0.6640458937198068,65.76695652173913,0.14452949260800005,69,21.24789855072464,3.5871590846211743,32.81760128665527,6.203449271515834
65,1,3,0.6343119810201661,67.8714590747331,0.16303424769820904,281,21.601032028469753,3.7921963192812838,34.78279247729054,5.682154195976901
65,1,4,0.6377409297052155,70.44880466472303,0.13302989300926144,686,21.68048979591837,4.159985990190571,34.58977276114584,6.127944567618008
65,1,5,0.5842746113989638,65.91998704663213,0.12302638321468673,772,18.675327720207253,4.282599266195794,32.23671503107371,5.223082587758475
65,1,6,0.5669300589121797,62.730480887792844,0.10323202265544541,811,34.14084463625154,494.4511083342678,71.61719669902072,1187.0310645921872
65,1,7,0.5772880658436214,65.13671111111111,0.11598944049803715,675,16.607816296296296,2.8536236210049104,29.220166119755888,4.146166090223058
65,1,8,0.5931525054466231,65.61703921568628,0.11690020639627702,510,16.389680392156862,2.5898462041797705,28.16798638349353,4.3504647679279165
65,1,9,0.6071552096843926,62.41313229571984,0.11235908429205657,514,15.889982490272374,1.7458292403711533,26.724626627513185,3.7739530673782906
65,1,10,0.6323212448559671,64.23481481481481,0.12369310733006683,432,15.923763888888889,1.579208766842753,25.804886275996704,3.917915839800051
65,1,11,0.6899578325954037,67.01182163187856,0.19134306328162787,527,16.066656546489565,2.2818522897658653,24.131583564659074,4.269431284653504
65,1,12,0.7187899361022364,68.61908945686902,0.16877131856585445,626,16.023218849840255,2.054739552553587,23.131419318789852,4.463102975867277
65,1,13,0.7804801145156298,70.18263231197771,0.19008528391247984,718,16.12409888579387,2.218516944026618,21.543743170776153,4.546827896026713
65,1,14,0.8840740740740741,74.30980725623583,0.243198966213593,882,16.33298639455782,2.587990257521641,19.44849290667324,4.5829335001709195
65,1,15,1.0291329392147945,80.12942701227831,0.2983574748132644,733,16.716609822646657,2.9890086620784335,17.352985449259233,5.15706846899
65,1,16,1.0947837013103572,80.5778675282714,0.34886931073324173,619,16.805424878836835,2.9786369217175297,16.64780826017691,5.410596067907062
65,1,17,1.0209725221982242,78.86043196544276,0.2957061072474706,463,16.97929373650108,3.1176940036740457,17.87663724007647,5.6382824307911195
65,1,18,0.8627899254940072,72.49463556851312,0.23054011038632075,343,17.05869387755102,3.3186894946003296,20.837143589258837,5.61193246159443
65,1,19,0.7694131944444444,67.25695833333333,0.2066334242353873,240,16.5561125,3.2110994024209267,22.559846111257343,5.4134197964757345
65,1,20,0.6849891774891774,62.68487012987013,0.16434431656946347,154,16.06596103896104,3.251256040610977,24.187701783665332,4.404573938206774
65,1,21,0.6649848484848484,58.55381818181818,0.13375108615233827,55,16.48730909090909,3.029853369344899,25.265197328475452,4.432976295520227
65,1,22,0.6713636363636364,71.68727272727273,0.08685675863606229,11,18.204454545454546,3.9814318370062893,27.06615893928491,4.057590943019041
65,1,23,0.6662962962962963,69.395,0.26649060545984343,6,18.894166666666667,5.791196574687019,29.424357163062652,5.428343418878365
66,1,0,0.4668055555555556,47.105,0.036337431810975325,2,15.215,0.615182899632297,32.64147348770602,1.2230454643101065
66,1,1,0.6097222222222223,72.065,0.13317177712346642,2,22.575,10.175266581274418,36.062751748632394,8.811759924650532
66,1,2,0.6000520833333334,59.64625,0.11872597087402324,16,21.5875,3.843592017891597,36.43504981986533,5.510672445904175
66,1,3,0.6116430260047282,69.67170212765957,0.12234206313506411,94,21.726010638297872,3.5639105967772373,36.22831305783851,6.549746680885646
66,1,4,0.6050259952465835,76.62975935828877,0.1035910385894051,374,22.131296791443848,3.6272390271301496,37.086330591501124,6.2891625261712765
66,1,5,0.5944359583616202,71.82700610997964,0.11065297453363156,491,19.571847250509165,4.550172070651653,33.172702127362285,6.326075892635742
66,1,6,0.5748246209549671,66.87602851323828,0.10352348695587472,491,16.955993890020366,3.2795829466632243,29.78708243718172,4.669555437432984
66,1,7,0.5664786059351277,66.29937888198758,0.08010332534617165,322,16.746611801242235,3.1234508167402777,29.80301280715768,4.931657821220518
66,1,8,0.59712890625,69.181640625,0.09685514128980158,256,16.58596875,2.9957614291188275,28.075854933547408,4.446479692321331
66,1,9,0.6125700183654729,62.134090909090915,0.10383912947286078,242,15.98651652892562,2.0572466940808463,26.52722717334837,3.7553108020552215
66,1,10,0.639104609929078,68.05367021276597,0.14161435576239143,188,16.369021276595745,2.875401799325839,26.141822089363,4.359386797914816
66,1,11,0.6825025720164609,67.24657407407408,0.14906279613361587,216,16.306449074074074,2.4250003418266983,24.563902731632194,4.364415249027148
66,1,12,0.7098014509354715,66.97893470790378,0.14907143349974725,291,16.628013745704468,3.0685415551483866,23.945037975090475,4.384666852885746
66,1,13,0.7914878048780487,73.66843902439025,0.22809563053026238,410,16.712734146341464,3.2387942261238942,22.259402200830113,5.807691704491007
66,1,14,0.8741404238463062,75.25224598930481,0.2143690819214609,561,16.676632798573976,3.0518833325729573,19.993278933486227,5.424230753729564
66,1,15,1.0183333333333333,82.52601851851853,0.27452973748828424,540,17.656025925925928,3.8900767021824616,18.545350475564184,6.423824324829767
66,1,16,1.0905309734513275,83.07940265486725,0.315989794326372,452,18.162909292035398,4.5334381932551215,18.04511784978859,6.9067808596642655
66,1,17,1.0213989593823432,83.65725075528701,0.25595343037659724,331,18.226317220543805,4.077686795859485,18.875623293227722,6.197487695442964
66,1,18,0.8832196482196483,79.89173745173746,0.24718190874759943,259,17.927586872586872,4.246391288149863,21.396801574196978,6.520808820217097
66,1,19,0.7462152777777777,73.01244047619048,0.17348710990787738,168,17.144339285714288,3.5341750222348507,23.773546832931178,5.807216152662479
66,1,20,0.6857509157509157,66.70989010989011,0.15470412651292145,91,16.517252747252748,3.2152772425593645,24.806846706706736,5.429259719084632
66,1,21,0.7030623306233063,63.61975609756097,0.21521523722213662,41,15.938463414634146,2.0926963360406705,24.024270537624396,5.153031500766373
66,1,22,0.775,95.39142857142858,0.29526427619736517,7,18.841714285714286,4.340743588921362,25.95173191352013,6.213862924517194
66,1,23,0.7133680555555556,73.85625,0.2006877195830532,8,21.754125000000002,5.054743583647796,31.603868501501502,8.070273682402382
67,1,1,0.4725925925925926,56.76666666666667,0.1075456884439384,3,17.737333333333332,1.0664339329434964,38.43924920859154,6.119633657983151
67,1,2,0.5514619883040935,56.497368421052634,0.12967323479909743,19,17.86405263157895,2.2591147841991415,33.58169922806492,6.6831572824341325
67,1,3,0.5105510752688173,57.365161290322575,0.08416777867119182,62,18.339645161290324,1.540578155223958,36.49082822752534,4.236269327008937
67,1,4,0.4945360824742268,58.49783505154639,0.07440005372247194,97,18.076092783505157,1.1321249846571182,37.20232635665737,4.9439049891724896
67,1,5,0.4969743130227001,59.578817204301075,0.07364618914421596,93,17.91252688172043,1.0013987238661841,36.71376717187915,5.04158654148757
67,1,6,0.5149608262108263,60.65192307692308,0.09263297281981775,78,18.445807692307692,1.2527763770318912,36.68431723489303,5.333363951844936
67,1,7,0.5241501322751323,60.93071428571429,0.09738460670336835,84,18.345988095238095,1.341256608189945,35.73568308464194,4.645916212780088
67,1,8,0.5730429292929293,59.94909090909091,0.11790174589822984,44,18.347863636363638,1.3390347198532664,32.91444152639056,5.157397466174748
67,1,9,0.5391666666666667,61.415,0.084665312838001,30,18.23806666666667,1.0148895959433337,34.48940242512817,4.695801229107464
67,1,10,0.5412345679012346,57.75555555555555,0.07781437473590518,36,18.748194444444447,1.5501124718538408,35.11904076485916,4.157495196063683
67,1,11,0.5768541666666667,60.00675,0.168922206606161,40,18.3717,1.3480589692648406,33.50792225095108,6.379636192364029
67,1,12,0.6514181286549707,62.16105263157895,0.2456910931149989,38,18.739815789473685,1.822814335110544,30.738109556738006,6.288978162682489
67,1,13,0.6148119658119658,61.02769230769231,0.13429155200044077,65,18.41156923076923,0.9834581201243202,31.082996367674543,5.674415804225634
67,1,14,0.6723451730418943,65.34786885245902,0.19872590262455944,61,18.36283606557377,0.7773325581827433,29.110486078453633,6.5337460051435015
67,1,15,0.7567049808429118,71.6948275862069,0.1891297086597879,58,18.956982758620686,2.371809151011169,26.14326952748927,5.221164200872526
67,1,16,0.7606432748538012,67.98508771929825,0.2697085881967953,57,18.47801754385965,1.8224351986444252,26.412549903520357,6.884014492447742
67,1,17,0.7619925213675214,68.42384615384616,0.2672794097284415,52,18.48721153846154,1.3608058503023837,26.383393624279336,7.2794567581172
67,1,18,0.6339102564102564,66.34153846153846,0.14707203506539102,39,18.251923076923077,1.6028727727134409,30.080116061390136,6.241284591025138
67,1,19,0.6004411764705883,61.20499999999999,0.15920799402428779,34,18.67864705882353,1.1550066478190666,32.48107840187917,5.7190769123325085
67,1,20,0.5312745098039215,64.41,0.07909274441180518,17,18.223176470588236,0.8884682911684383,34.81385265030632,4.081793439329956
67,1,21,0.4936111111111111,63.162499999999994,0.07192710358726168,4,17.22,0.36331804249169974,35.48944501686045,5.5380079499441806
68,1,0,0.5966666666666667,67.6378947368421,0.18169224090130284,38,18.225657894736845,4.942838703353409,31.497040904193295,7.084500879781048
68,1,1,0.5516908212560386,62.44144927536232,0.22661278344354482,69,17.867115942028985,3.3404348102685493,34.54400460077392,6.476212770675012
68,1,2,0.48258226037195995,59.85995708154507,0.15204886040845497,233,17.082776824034333,2.2204336971470404,36.719597767397985,5.5394227212446125
68,1,3,0.4651673333333333,59.570440000000005,0.08760390874283015,1250,16.938204000000002,2.036643281251789,37.07301883615967,4.937173765578811
68,1,4,0.4857752259280931,63.07621123464014,0.409367411018317,3418,17.102367758923346,1.7777687780282354,36.41338903827344,5.085006097345968
68,1,5,0.48525151491095764,61.816587282686356,0.0874618967454907,4199,16.53300690640629,1.7650929823931354,34.73485517185376,5.1818292211110055
68,1,6,0.4877458233273943,61.38046246804555,0.08594874291533008,4303,16.10247920055775,2.3079483218880608,33.612257899695834,5.2040031069945565
68,1,7,0.5018628382659064,60.91052131414608,0.1050345555857363,3683,16.151764594080912,1.7760967915198522,32.987996757042424,5.41857914679939
68,1,8,0.5275848688807974,62.68931810658722,0.10103622718716695,3021,16.2080619000331,1.7094701124536842,31.51819980555894,5.419644198748562
68,1,9,0.5195121479418137,62.504066852367686,0.10039948139181624,2872,16.22979979108635,1.593665183400064,32.099309967127304,5.619779294708273
68,1,10,0.5332386276317812,63.67913554633471,0.12062278448529283,2892,16.401297717842322,2.1079082707718957,31.653491286150526,5.5879651874938
68,1,11,0.5474319289194611,64.61989681857266,0.12174864063496815,3489,16.60232158211522,1.948831496608817,31.340241242481493,6.022360916533101
68,1,12,0.5649628150299901,65.57990559186638,0.37935322412595557,4131,16.639433793270396,2.075395289437528,30.96084798369752,6.522273750106042
68,1,13,0.5920447328995326,66.67831958140471,0.36246461379381656,4969,16.605282753069027,1.7882590525863402,29.726670483800824,6.898604397845991
68,1,14,0.6561708735671128,70.0395510757242,0.18922305373081058,5903,16.68344502795189,1.8693876481103178,27.144515016248615,7.07690355946347
68,1,15,0.7713316640844031,75.16695219123505,0.2365409410933061,6024,16.981883632138114,2.242277548221568,23.73846620960793,6.8055927960022355
68,1,16,0.8584135481288774,78.71853111867121,0.26983617462500753,4997,17.24603522113268,2.4034452155777655,21.826900562265685,6.805271920105923
68,1,17,0.8196905337848734,79.21386066763425,0.2343810955659164,3445,17.23627198838897,2.4679618648984816,22.670344077268492,6.800454769428306
68,1,18,0.6904627206645898,73.32572336448598,0.20368040333567725,2675,17.181963738317755,2.391860195073254,26.68763681354903,7.327261907954582
68,1,19,0.5916524516690079,66.7396387718242,0.16234058941640148,1661,16.769778446718842,1.9415720196559996,29.938518585480484,6.991383632032794
68,1,20,0.5917412358882946,63.67095187165775,0.7767541055447423,935,16.577885561497325,2.002480020927335,30.546341126532813,6.69614388563285
68,1,21,0.5410034188034188,64.78732307692307,0.128607130951977,325,16.28461846153846,1.9380730125893737,31.33402127469478,6.450527697982199
68,1,22,0.54898753894081,67.01616822429907,0.15137633500704037,107,16.903420560747662,1.8253649624084383,32.242063264145784,6.394992540819013
68,1,23,0.6412284820031299,65.90478873239437,0.2688346013919742,71,18.36707042253521,4.481606498707302,31.2095268767493,8.045303909869792
69,1,0,0.6758333333333333,92.47,0.04360491817317046,2,25.619999999999997,0.43840620433566146,37.966853151967236,1.8009400552137802
69,1,1,0.6272222222222222,74.64375,0.05498757275027235,8,24.986125,1.0913915674822805,40.03279249094132,3.0031515323222573
69,1,2,0.714781746031746,74.21857142857142,0.13893670880068873,14,26.398071428571427,2.637259255196744,37.58695252908711,4.446826773314663
69,1,3,0.6690939153439154,76.77761904761904,0.11912202118061911,42,25.999333333333333,1.5485712953915192,39.80733080355754,6.009368862342232
69,1,4,0.6685725308641975,79.67361111111111,0.09200079363874533,72,26.117361111111112,1.4141234910869056,39.6092390531439,4.543076755484052
69,1,5,0.6905506822612086,80.31350877192982,0.1348610241775919,57,25.856807017543858,2.110979777924701,38.31089630739125,5.183011987841938
69,1,6,0.6950997150997151,80.08282051282052,0.13979571630369356,39,26.96425641025641,3.4872995865293577,39.503127637718,5.097607144728895
69,1,7,0.7288888888888889,91.12750000000001,0.17522167356801038,28,26.4445,2.1602366211272463,37.38260605046236,5.068382135768403
69,1,8,0.7168376068376069,80.85615384615386,0.0878373594172873,26,25.825076923076924,1.147567511672474,36.525219542946786,4.603842450869949
69,1,9,0.785,79.06058823529412,0.14420442799189329,17,25.76494117647059,0.9625958050103529,33.72416157305843,5.456307770292742
69,1,10,0.8200416666666668,82.6535,0.18146534786016064,20,25.911099999999998,1.4295739114928796,32.47573643065556,4.628800731350703
69,1,11,0.8100925925925926,85.32185185185186,0.17465632377328372,27,25.430518518518518,0.8212012950255054,32.564400133382826,5.910068513693378
69,1,12,0.791712962962963,82.63933333333333,0.08672629970623137,30,26.078899999999997,1.472348683168354,33.24746147867604,3.353841117323779
69,1,13,0.8984920634920635,90.68035714285715,0.22009746080526027,28,26.13567857142857,1.6353279216645389,30.295789488723866,5.457411472169426
69,1,14,0.9625902777777778,93.68525,0.20164627316673983,40,26.143375,1.4740806032914213,28.041355738774648,4.780195360416501
69,1,15,1.0805426356589147,91.59651162790698,0.33036574712281813,43,25.81546511627907,1.0136649993449558,25.571863095011167,6.083229745792893
69,1,16,1.1342717717717719,99.54432432432432,0.22200616764987793,37,26.905837837837836,2.497187278981355,24.35081251694076,3.8180636957855945
69,1,17,1.0081481481481482,92.82030303030302,0.23230795976187357,33,25.738060606060607,0.9742159007181723,26.829521804408138,5.999558943417104
69,1,18,0.8789087301587302,87.58,0.17041194689570363,28,25.699535714285712,1.4844741301624946,30.0969324502854,4.954576043754237
69,1,19,0.7947916666666667,78.28333333333333,0.1176783046002575,24,25.64754166666667,1.4515532004858038,32.84753854997126,4.547633357423953
69,1,20,0.8568686868686869,88.08363636363637,0.20824379894244102,11,26.022454545454547,1.9398128963194545,31.68774389572883,6.5385240506775055
69,1,21,0.7147222222222223,88.17,0.08040215278734465,8,24.81825,0.9486367286043369,35.152976697342176,4.411240835902406
69,1,22,0.7633333333333334,92.44,0.02160604053625566,2,24.494999999999997,1.0960155108391505,32.122707899167494,2.345056820754841
69,1,23,0.81875,90.44749999999999,0.12019970094387042,4,27.10425,1.8707656854881622,33.39533249587482,2.969210192615282
70,1,0,0.8288888888888889,118.48166666666667,0.1290310518661264,6,32.273,4.736375618550539,39.43682266118054,6.841414354528007
70,1,1,0.7583333333333333,81.865,0.16747710364976337,6,28.444333333333333,3.3668954641726945,38.67798259191154,8.299420978175064
70,1,2,0.7493703703703704,92.74866666666667,0.10007021711732951,15,27.083000000000002,4.209376353536743,36.64005346856985,7.118917608338787
70,1,3,0.7721643518518518,90.010625,0.11966482717983022,48,27.547,4.545410577621006,36.167470508234906,6.631459630998651
70,1,4,0.7774468954248367,94.06205882352941,0.10787216611693098,68,28.97919117647059,4.650699389731864,37.76128958360496,6.978328688233792
70,1,5,0.762515873015873,87.83557142857143,0.08679541983614032,70,26.22245714285714,4.098666112765683,34.82051591697598,6.8300569832806906
70,1,6,0.8436988304093567,94.62842105263158,0.15232096831334233,76,28.789842105263162,5.237508860906126,35.062396772512656,8.150546806253795
70,1,7,0.9107857142857143,100.356,0.2303878722593174,70,29.203814285714287,5.206432741575231,33.56177410389555,8.382815542193992
70,1,8,1.0329729729729729,109.94324324324324,0.3337927124227447,37,28.991486486486487,8.1356086353676,29.407546005641944,8.042973840479469
70,1,9,0.9634159159159158,106.33756756756756,0.17206997283780873,37,28.654756756756754,4.929936163691988,30.504997582427112,6.857168655970872
70,1,10,1.0241719077568134,110.8920754716981,0.19575193412382497,53,29.267264150943397,6.965114969924548,29.751178757787333,10.154857860120474
70,1,11,1.2438966049382716,106.7713888888889,1.3723788345020165,72,27.166347222222225,4.294546453810441,25.884136832195587,7.596991961998971
70,1,12,1.026015625,109.0346875,0.19200738584941981,64,28.5061875,4.686621458411639,29.083668900475732,8.641137338790154
70,1,13,1.0982504145936982,116.6344776119403,0.22572908962230542,67,29.51107462686567,4.497860741721804,28.24716891178497,8.036444835820884
70,1,14,1.2810108024691358,125.13152777777776,0.3195479056295825,72,29.40769444444444,4.392438119964263,24.831849599121607,8.492913018281548
70,1,15,1.4727154195011338,130.29999999999998,0.4376024177053476,49,29.932489795918368,4.025266658467325,22.215220814560965,7.357810787416745
70,1,16,1.3587037037037037,125.20854166666668,0.39149454382893284,48,29.305979166666663,5.058344327937974,23.548237336675697,8.10252145570347
70,1,17,1.3432823129251703,126.14408163265307,0.8320417144519003,49,30.181122448979593,4.725453376099894,25.723473299362983,8.691715467981236
70,1,18,1.036309523809524,125.04628571428572,0.23990496381707704,35,28.903742857142856,4.583058607157304,29.418701539751822,8.172675919762082
70,1,19,0.9843004115226337,116.39740740740741,0.22326388301192818,27,28.60485185185185,4.760931338296868,30.51217553778058,8.610165201379049
70,1,20,0.9702415458937198,108.61739130434782,0.3735023057398873,23,29.67326086956522,8.755379656465717,32.069933003619724,8.226609489112699
70,1,21,0.8548055555555555,96.931,0.11831928059489638,10,27.5627,5.050527542302443,32.89584140542165,8.152820073015134
70,1,22,0.7220833333333334,112.94999999999999,0.1600811185186212,2,24.595,3.684026329981913,34.339490398316336,2.510898145191024
70,1,23,0.9297777777777778,115.11100000000002,0.25747343943883,10,30.141700000000004,4.411071425654114,34.22707055929548,9.596352125984758
71,1,1,0.7991319444444445,69.19875,0.10141268882435538,8,24.59375,2.4493748327743905,31.138890501117526,4.290509255845491
71,1,2,0.8282638888888889,79.34833333333334,0.2719649145987902,12,25.468083333333336,3.9003544467914786,32.08933220443763,5.579471232562391
71,1,3,0.8295230607966457,79.82320754716982,0.26995525187422814,53,24.856018867924526,2.560543936283296,31.29731199269765,5.2706786695651955
71,1,4,0.8340538194444445,82.481875,0.3778820199276388,64,24.431515625,2.5604662583344946,30.95239278292467,5.014066644549388
71,1,5,0.8126282051282051,80.90442307692307,0.1241521897651767,52,22.41328846153846,2.6090920916306017,28.09036369121975,4.759145749782135
71,1,6,0.8330246913580246,82.63416666666666,0.09788575787692565,36,22.525916666666667,2.9709164951961493,27.466122559682894,5.216451654097005
71,1,7,1.016813725490196,90.5564705882353,0.19149516842223369,34,22.294470588235296,2.6996933859045202,22.808225723112923,5.535324754148966
71,1,8,1.0176444444444446,93.68520000000001,0.21548332660140987,25,23.777040000000003,3.492009026334268,24.18504560113032,5.265232063215349
71,1,9,1.038859649122807,85.73157894736842,0.35992549781995176,19,23.76115789473684,4.117306080749049,24.086680464333842,5.499226865487151
71,1,10,0.9871825396825397,89.17285714285715,0.16935836351064948,21,23.594190476190477,3.188805428668354,24.493096883416374,5.1248013410094755
71,1,11,1.0631,87.74600000000001,0.20721281504811565,25,22.41228,2.731477797823003,22.00695561717258,6.003575925430007
71,1,12,1.1417798353909465,84.33666666666667,0.31192285983025075,27,22.797259259259256,2.79662878910405,21.194352905090014,5.588817118669934
71,1,13,1.2170138888888888,93.6613888888889,0.25378500162591283,36,22.34466666666667,2.6896868219181203,19.232885412917202,5.268668898088448
71,1,14,1.3289814814814813,95.89121212121212,0.2930992649955754,33,23.252939393939393,2.6093960381115253,18.56924509675743,5.485270988895888
71,1,15,1.4909876543209877,103.22777777777777,0.4399093360719678,27,23.656333333333333,2.6705530110101505,17.66750753500854,6.825884418324353
71,1,16,1.2528670634920636,97.58749999999999,0.3084004214039025,28,24.155607142857143,2.8615764412008953,20.49668605009603,5.646963690195757
71,1,17,1.1581818181818182,93.15772727272726,0.23167651139539217,22,24.411272727272728,2.229717346635543,21.996977533079914,5.105645140401104
71,1,18,1.0590925925925925,94.96733333333333,0.19754345811098292,15,24.850933333333334,2.4968114656974203,24.316945992281834,5.579562774298344
71,1,19,0.9584027777777777,89.0185,0.1107428060651873,20,24.1085,3.146315865630117,25.624455848033342,5.339779224126227
71,1,20,0.9672685185185186,90.92833333333333,0.17934796311201298,6,23.99,2.3072473642849824,25.526708597397825,5.1880967655461765
71,1,21,0.8620833333333333,83.59,0.15244062124025612,4,23.002,1.146504252063637,27.417428124670717,5.609989452679063
71,1,22,1.013611111111111,73.5,0.38498035864600916,2,23.483,3.355928783511356,24.29097297479741,5.915107518517951
72,1,1,0.917420634920635,82.88571428571429,0.10112531878783482,7,28.333285714285715,4.134793856783582,31.271027799124486,5.849620260762663
72,1,2,0.8262698412698413,85.48857142857142,0.12282131311750534,14,24.8475,4.942407055271753,30.465689442078816,6.511659729074931
72,1,3,0.8039351851851853,76.68266666666666,0.08901954248894513,30,24.8292,3.498330443176455,31.113772749066598,4.964670374472723
72,1,4,0.8179537037037037,83.53833333333334,0.09611234256440203,30,25.318466666666666,3.1995941200929425,31.391175010406982,5.717093578767328
72,1,5,0.8538316993464052,87.29735294117647,0.13389578302471714,34,25.071205882352942,4.927294689414058,29.834021159628293,6.073810939741221
72,1,6,0.9127962962962963,87.67733333333334,0.11950308044262885,30,24.031200000000002,4.01065590473764,26.752048997001133,5.643768391622301
72,1,7,1.0399845679012347,90.09166666666667,0.22096953854871637,18,23.020833333333332,3.4389697200315847,22.95778736311946,5.21114883350527
72,1,8,1.0276010101010102,92.30818181818182,0.36521763917127636,11,24.775545454545455,4.103568577802407,26.10232122297767,8.041281162946971
72,1,9,1.0173765432098767,90.92944444444444,0.10393567950447978,18,23.790000000000003,3.930816529454827,23.6655446913132,4.783265405757308
72,1,10,1.1488368055555556,94.624375,0.28011094617706367,16,26.4459375,7.484605814325381,23.751133890726514,6.949884716694804
72,1,11,1.0960978835978836,87.40619047619047,0.17205245835905872,21,24.218,3.629358428152282,22.797965570710815,5.678913991310703
72,1,12,1.0963034188034189,93.66923076923078,0.16476329763207898,13,24.270384615384614,3.956572960245216,22.73327309540122,5.8344979296870205
72,1,13,1.1373703703703704,96.11200000000001,0.1578396950756171,15,22.956466666666664,3.4600906649282774,20.776644302602676,5.616406413228047
72,1,14,1.4633564814814815,99.41583333333334,0.3520165902271274,24,24.15225,4.122747461394499,17.592359681876555,5.823448928922683
72,1,15,1.3547222222222222,102.38933333333334,0.21173292405468683,15,23.269866666666665,3.1436798243611315,17.72146039292388,4.36345508761855
72,1,16,1.460611111111111,107.66600000000001,0.40926539206680995,20,24.600649999999998,3.416561495129277,18.394486520000605,6.548078234656244
72,1,17,1.4737962962962963,102.62583333333333,0.4376835727316392,12,25.7055,4.604268029872837,19.02765652641783,7.0939984437583945
72,1,18,1.2651666666666666,97.878,0.5081078062468235,15,26.136000000000003,3.644778652891205,23.064399658632063,7.881056727191456
72,1,19,1.0608333333333333,104.61999999999999,0.1603258641518872,11,27.50536363636364,4.785731381361209,26.658526191816563,6.730857467092543
72,1,20,0.9949537037037037,86.16888888888889,0.1816128233154052,18,26.312555555555555,3.913551211491593,27.519731015847498,7.0921037571663845
73,1,2,0.9154761904761904,90.9357142857143,0.10340247018655767,7,28.95542857142857,3.097825412400493,31.702098869937736,1.8321544574190562
73,1,3,0.8144871794871794,87.13000000000001,0.05935837119903426,13,27.779692307692308,2.2510907128403113,34.193003480080776,2.7415289652172947
73,1,4,0.9071464646464645,101.31090909090909,0.17752999620082863,11,30.62427272727273,4.5883266468487,34.86829972406073,8.654937535962507
73,1,5,0.9797660818713451,98.88263157894737,0.16446785846299294,19,29.979736842105265,6.059422715830512,30.86306242620455,4.94313184937579
73,1,6,0.9473379629629629,104.16083333333334,0.10719470641426192,12,30.842083333333335,5.490049833493537,32.84342933548728,6.23003959515625
73,1,7,1.1724444444444444,102.24,0.2760087434749536,10,28.8998,5.499403963663295,26.057772778552806,8.162831274041718
73,1,8,1.188809523809524,111.01857142857143,0.2878122170461344,7,31.16371428571429,5.513135517842386,27.475975207968638,7.266974314221087
73,1,9,1.0781597222222223,96.3775,0.1163792697373685,8,31.42375,4.407460647259696,29.37941474789209,4.575206857591806
73,1,10,1.1731944444444444,92.2025,0.10458828255467545,4,31.3625,9.60163782903729,26.427918808326776,5.821439367281644
73,1,11,1.0775000000000001,96.265,0.17461259293982417,4,31.976,4.824823796437199,30.102383732648004,5.18571790409615
73,1,12,1.2835185185185185,130.21166666666667,0.25139282787992384,6,30.082666666666665,5.2907143815052695,23.820051799859886,4.352287654744125
73,1,13,1.39820987654321,102.56666666666666,0.2033943779377405,9,28.95311111111111,4.514011448934428,20.871200154827264,2.7622338654614995
73,1,14,1.4422569444444444,110.295,0.26029966948558225,8,27.022125,1.2043263010022298,19.304041773833482,3.771275198262553
73,1,15,1.643531746031746,128.30428571428573,0.3871562498361405,7,26.851857142857142,1.474731210376027,16.93849483333935,3.1455749540178184
73,1,16,1.4684375,112.59,0.1683714358823249,8,30.264249999999997,5.258848482048409,20.807782849341113,4.211014962503128
73,1,17,1.1535,113.51400000000001,0.1705863842930403,5,28.458800000000004,5.550233076186981,24.98256370413041,5.17781640059888
73,1,18,1.1556944444444444,99.61500000000001,0.2814677826223118,2,25.735,0.029698484809836122,22.95183050070051,5.615584079479524
73,1,19,1.0048611111111112,94.33,0.122000145466418,6,26.013666666666666,1.082467859415079,26.183696975399005,3.164627757098842
73,1,20,0.9143055555555555,95.92500000000001,0.09762001951380947,2,31.365000000000002,6.866006845321376,34.904570645605084,11.23627834310173
73,1,21,1.1441666666666666,90.55,0.37712361663282534,2,26.535,2.2839549032325466,24.871545815432405,10.193971343683113
74,1,0,0.7395833333333333,105.58,0.202507525389814,2,27.155,1.1667261889578036,38.37100108659236,12.08402388606218
74,1,1,0.6955982905982906,82.46153846153847,0.1408538705053596,13,26.49023076923077,3.094366175106144,39.35133229230499,8.193513834450389
74,1,2,0.6530648148148148,76.64166666666667,0.08633768496867379,30,25.408566666666665,2.6745654327428565,39.660650698404865,7.106105470800355
74,1,3,0.6867063492063492,76.00587301587301,0.11963648497074462,126,25.024428571428572,3.0110074604452817,37.46685991487572,7.76349237760215
74,1,4,0.6808949220713927,80.06425339366515,0.10908752968560505,221,24.931226244343893,3.042035870842078,37.66370332753986,8.149389292652963
74,1,5,0.6936911764705882,80.43258823529412,0.10689522992297855,170,24.952629411764708,3.2937212472750534,36.84481867213702,7.61773246572786
74,1,6,0.6995061728395062,80.62567251461988,0.1121235846595529,171,25.091152046783623,3.1325407091357715,36.86215552180584,7.812039178829061
74,1,7,0.747934472934473,84.81752136752137,0.13497914822790838,117,25.151042735042736,3.1130534140137716,34.622537861407444,7.260679095724507
74,1,8,0.7759747023809523,88.1567857142857,0.14942566982409605,112,25.467508928571426,3.208594646184395,34.07015747402882,7.990550207625377
74,1,9,0.7962828947368421,84.26552631578947,0.17036151325873183,76,25.750552631578945,3.0760978978558184,33.734944464777556,7.8436984836845856
74,1,10,0.8143582375478927,89.0683908045977,0.1583607761608208,87,25.60796551724138,3.4321593123438685,32.55647744913504,7.341865387695534
74,1,11,0.8338168724279836,86.7632098765432,0.12192317248167904,81,25.471135802469135,3.2933941714934707,31.262937490727296,6.351142030326979
74,1,12,0.8737711352657004,89.91902173913043,0.1563147856936587,92,25.770891304347828,2.705194398801715,30.41585712539913,6.147930234602011
74,1,13,0.9825277777777778,89.20733333333332,0.2437816762066286,120,25.614825,2.7467257258079347,27.70964178077848,7.415599989744518
74,1,14,1.067677376171352,95.62614457831326,0.29064032368578163,166,25.858307228915663,2.470638235945748,25.919268808490134,7.112687439838114
74,1,15,1.1333352359208524,97.66917808219179,0.25670216597935486,146,25.930410958904112,2.579267548185037,24.216269524949016,6.598674313941705
74,1,16,1.1821111111111111,99.25928,0.28795157642283653,125,25.923544000000003,2.892205686657761,23.209608032678553,6.05586550874919
74,1,17,1.0973692810457516,97.0972268907563,0.25073322801640224,119,25.640327731092437,2.5104848039779357,24.71541111471257,6.6422058863929
74,1,18,0.9701759259259259,88.90111111111112,0.23569632160215098,90,25.86017777777778,2.985703705950299,28.045252887997993,6.7324882165956454
74,1,19,0.8280196078431372,87.77976470588234,0.14221067214640104,85,25.708823529411763,2.532843391735625,31.9728736696289,6.386726082146777
74,1,20,0.801483451536643,85.96382978723405,0.12443307127274443,47,25.673510638297873,3.014019098294563,32.84426803316297,6.475278533328768
74,1,21,0.7972601010101011,83.55636363636364,0.15850946982502453,22,25.031909090909092,2.8559743547783327,32.61824720468405,7.814470453916163
74,1,22,0.6941111111111111,71.47200000000001,0.06461644909639619,5,24.863,3.342720299396886,36.174152589666996,6.655131879220405
74,1,23,0.840925925925926,78.17666666666666,0.17293520278456873,3,24.695000000000004,2.7502136280660094,30.429849103913273,8.724395717334307
75,1,0,0.8906944444444445,75.2625,0.3465363967606222,4,25.319,3.754544180057014,31.09028155611727,10.694307679564455
75,1,1,0.6813611111111111,77.12,0.0699139008512323,10,24.0191,3.5394716319435773,35.63636659903429,6.746881051242102
75,1,2,0.6924212962962962,73.23049999999999,0.11169511180352577,60,22.812816666666667,3.572260493527289,33.47035044995036,5.726314278202511
75,1,3,0.7159329845540608,75.95412556053812,0.14352807771990778,223,23.17491479820628,4.040785567958471,33.160584142000864,6.676901719885468
75,1,4,0.6967059685584865,77.11930455635492,0.11197418755268819,417,22.989745803357316,3.8735026421680163,33.60951510230398,6.796221455514009
75,1,5,0.695262001352265,78.17578093306288,0.10559394390152972,493,22.276738336713997,3.6484031882002275,32.61871497810415,6.706577849344593
75,1,6,0.7054318734793188,78.79919708029198,0.10117195628832429,411,21.933980535279805,3.7742720079326686,31.660903414646935,6.923819478466295
75,1,7,0.7453274466519499,81.06,0.1201767497365493,302,23.061725165562912,3.5582222240854877,31.668583703268197,6.999866528526062
75,1,8,0.7813901930099113,82.45220657276995,0.1461941689898258,213,23.876901408450703,4.024478926150105,31.44094010527674,7.10244622604919
75,1,9,0.8034784644194757,84.15494382022472,0.12952251943699158,178,23.42432584269663,3.428785490290173,29.873396277900007,6.428701602760841
75,1,10,0.8229068627450981,83.2215294117647,0.13213507335248686,170,23.071864705882355,2.8252715739897094,28.70020219493328,5.635574654750137
75,1,11,0.8698026315789474,83.86631578947369,0.16600028243800838,152,23.400322368421055,3.0930371143513007,27.808096677392943,6.1167111874384466
75,1,12,0.8657868480725623,87.93024489795918,0.1415421098504833,245,23.38715102040816,3.5403165954405584,27.600594723007262,5.48544579841229
75,1,13,0.9324395770392749,89.6155589123867,0.17503960613381442,331,23.49884592145015,3.4741887141665764,25.928529186683704,5.525720204787122
75,1,14,1.0244129092860976,91.49987922705313,0.22084622149768227,414,23.557391304347828,3.390061345880722,23.934153884801677,5.780232753716751
75,1,15,1.19869301994302,97.3492564102564,0.30630573988135573,390,23.614353846153847,3.4015265109283135,20.987291914326107,6.280585119605196
75,1,16,1.1933788058521155,98.99960854092527,0.30932183996704316,281,23.766519572953737,3.86223222749226,21.323026414289025,6.770916819488138
75,1,17,1.1322381521306253,99.58437275985663,0.28335005136844393,279,24.220849462365592,3.7690757495749385,22.699321247860635,6.58278068685751
75,1,18,0.931456043956044,91.59879120879121,0.2020674375103286,182,24.531236263736265,3.5640100489412094,27.50290367700903,6.8649325427220385
75,1,19,0.8468543046357616,85.01158940397352,0.17718623967020095,151,23.892205298013245,3.9135518876810287,29.17882021587754,6.813536780058699
75,1,20,0.8233825231481481,79.4253125,0.1341374448750061,96,23.362135416666664,3.5589341681250937,29.05101837711963,6.209732563208521
75,1,21,0.8170054200542005,79.60951219512195,0.12665738440945373,41,23.704439024390243,3.79672729497906,29.797786979277877,7.163374227658179
75,1,22,0.8553282828282829,77.86818181818181,0.18102139982378837,11,23.78063636363636,4.474557213238586,28.84989100485241,7.45855762448545
75,1,23,0.7870138888888889,75.3775,0.2337588024574421,4,25.5435,3.1495368442571587,34.70848654354328,11.067015033124944
76,1,1,0.8016111111111112,86.612,0.07695106269170503,5,30.75,1.3564040695898845,38.59146085502484,3.407233577495478
76,1,2,0.8681372549019608,86.18470588235294,0.20701102966608614,17,29.55470588235294,3.8233702208376625,35.53504730502232,8.54187556479956
76,1,3,0.814480056980057,84.32769230769232,0.13564187195724942,39,30.33125641025641,4.229092074503567,37.95727802636461,6.698002430623726
76,1,4,0.826780753968254,87.98035714285713,0.14380124643350534,56,30.305464285714287,3.0488228426679735,37.63897670507235,6.6320189723264
76,1,5,0.8301624737945492,91.04754716981132,0.11260370910839806,53,28.673962264150944,4.038316875983893,35.42744992896666,7.781359863377628
76,1,6,0.884984984984985,89.83378378378379,0.18267272425103986,37,28.81794594594595,4.978913022526693,34.21808440092468,9.718285465115533
76,1,7,0.9653125,96.80791666666666,0.24205236466309563,24,26.803124999999998,5.211153817930386,29.41775225631798,8.895421647510071
76,1,8,1.0166666666666668,95.72571428571429,0.28197918820915835,14,27.442714285714285,5.423805879618132,29.127210774950836,10.46823827038563
76,1,9,0.9443637992831541,97.18677419354839,0.17943634876744943,31,30.311709677419355,3.504507337639613,33.397559768185374,7.46584951837764
76,1,10,1.041127450980392,92.13882352941175,0.16867237785481728,17,27.279117647058825,5.2065255795294165,27.21936712331329,8.08430867132986
76,1,11,1.0591091954022989,98.62758620689655,0.27979524688059837,29,29.75593103448276,5.4587564578851175,29.986801847813172,9.065480123972472
76,1,12,1.1524252136752138,103.73230769230769,0.3169056657325794,26,31.253730769230767,4.143622681255544,28.848632060956557,7.525427626746272
76,1,13,2.0660576923076923,105.93076923076923,4.481899397576352,26,30.994423076923077,2.9166694042771044,26.76464218742476,8.91187799690027
76,1,14,1.2945238095238094,112.20114285714286,0.40486624746698985,35,29.97637142857143,6.033749580902577,25.265961340755815,8.44770344430429
76,1,15,1.3477222222222223,129.754,0.3059351655760782,20,30.376349999999995,4.167161981050866,23.863005280936225,6.677326713111069
76,1,16,1.1870652173913043,103.79608695652173,0.22958631344938904,23,31.480391304347826,0.7855510364260492,27.457280963038023,5.178317256626026
76,1,17,1.2890333333333333,102.08120000000001,0.30250986405371033,25,29.85996,3.4288935470012283,24.598671021523884,6.810510583068586
76,1,18,1.0340032679738562,100.91647058823528,0.15019920089691766,17,30.829235294117645,4.319834799060778,30.65139764040123,6.881234265350504
76,1,19,0.9881944444444445,98.52499999999999,0.18610118451649502,14,30.207500000000003,3.282854216637148,31.61746597709531,6.491119007362912
76,1,20,0.8426388888888888,93.00999999999999,0.08711896754537925,6,31.585166666666666,0.47383981118798474,37.82701048478747,4.00760925009897
76,1,21,0.7929444444444445,81.42999999999999,0.055722180680166135,5,30.7158,1.186013153384057,38.88888708839528,3.0543023288784794
76,1,22,1.01,81.26,0.3058174803305399,4,28.17925,3.6270634012471668,30.35313111990173,11.322937305126255
77,1,1,0.7972222222222222,83.41666666666667,0.0747098296208425,3,27.67833333333333,5.757452416940443,35.07016142625542,8.864307000291344
77,1,2,0.8967063492063492,95.49428571428572,0.19506075795641892,7,31.362142857142857,14.159388645330838,34.21701270063238,11.204302345807102
77,1,3,0.8591176470588235,91.06411764705882,0.12379466066905721,17,29.898588235294117,2.4922947021475887,35.557328233179305,6.224598021467251
77,1,4,0.7997067901234568,89.51333333333334,0.09489700644426372,18,30.06522222222222,0.5378387638946384,38.03678485979669,4.043581677281862
77,1,5,0.9408974358974359,90.90384615384616,0.17926067566132983,13,28.216076923076926,8.172239762977451,30.490516603163208,8.266536355058903
77,1,6,0.8645959595959596,87.76727272727273,0.1869262977669473,11,27.896090909090905,5.3884789774953274,33.83431304018899,9.749524314972925
77,1,7,0.8871111111111111,94.797,0.119793575311329,10,27.9187,4.861032493205533,32.15875955032938,7.637108757038083
77,1,8,0.9509166666666667,92.55699999999999,0.2278028460309658,10,27.7811,4.715365296324112,30.4811731210365,7.475993370014898
77,1,9,0.9786111111111111,108.06599999999999,0.16884548053263465,5,31.325,1.1474611104521146,32.66564242046238,4.9849676421569
77,1,10,1.154567901234568,94.30888888888889,0.2440156083378332,9,25.098888888888887,4.66884740713499,22.915464703328,7.787827293962538
77,1,11,1.1672916666666666,91.315,0.27942088440869806,8,28.316,4.639712029241223,26.11564174069499,9.340440514189652
77,1,12,1.1913888888888888,99.70777777777778,0.2846164776534412,9,28.946555555555555,4.582657528964802,25.678807031407032,7.285513607712003
77,1,13,1.1990151515151515,95.3190909090909,0.3273309186481324,11,27.508545454545455,5.064099552015864,25.26962327920587,9.956365693907527
77,1,14,1.4217708333333334,110.1925,0.21198066206913743,8,29.911375,4.823074684339263,21.661101451230873,5.469245402179598
77,1,15,1.2594444444444444,98.445,0.23137124782692348,6,27.999,5.467630565427771,23.26759151533148,7.60007128087847
77,1,16,1.224074074074074,106.13166666666666,0.2582257659544617,12,29.18133333333333,4.9874250841187555,25.185863543663945,7.833322559658082
77,1,17,1.192420634920635,101.93999999999998,0.37504792952568744,7,28.283428571428573,4.580944839118631,25.5740849794711,7.828798327775406
77,1,18,0.9960555555555555,102.989,0.0852833371735142,10,30.3433,3.705335493882062,30.588089524633894,4.1606181332290575
77,1,19,0.9588888888888889,96.166,0.16218024095294573,5,28.848000000000003,4.907353665673588,31.23637563763969,8.649083178516857
78,1,0,0.7498611111111111,82.61,0.09958420501710546,2,27.314999999999998,1.2798632739476514,36.636485921851715,3.1586543375888807
78,1,1,0.8028472222222222,76.4425,0.22572669285278407,4,27.432499999999997,2.2865895273674863,35.59416823457,6.943227528719468
78,1,2,0.6925252525252525,76.80090909090909,0.06318213610849452,11,27.112181818181817,1.800058488948724,39.528069727874666,5.328596107210395
78,1,3,0.6428839869281046,79.50647058823529,0.07500371030558932,34,26.652794117647062,1.3284931947319853,41.95516076749467,4.785087893415608
78,1,4,0.6725179211469533,79.20161290322581,0.1161216532402742,31,26.659516129032255,1.2726891443178558,40.555868761707686,5.820809582702966
78,1,5,0.6801495726495725,80.94999999999999,0.10725302467084384,26,27.078423076923077,2.7445761810972122,40.385666980261284,4.757991876157502
78,1,6,0.6866964285714285,80.82428571428571,0.09154975520269437,28,26.510964285714287,1.6521110285114318,39.10474462121625,4.318027145071181
78,1,7,0.779783950617284,86.18777777777777,0.1912365734907065,9,27.686888888888888,3.256333883543134,36.37874298892385,4.7849261750357535
78,1,8,0.7433134920634921,79.59,0.17275034355963775,14,27.24642857142857,2.014334809626921,37.952446264010014,6.598478369802524
78,1,9,0.8453395061728395,85.46444444444445,0.08460861893738182,9,27.25011111111111,1.6416760067416196,32.50280751034152,3.5594214920217184
78,1,10,0.8092424242424243,82.32727272727273,0.12415834491807072,11,26.97681818181818,2.1947730095926468,33.76077618191621,3.7740242824494667
78,1,11,0.9194017094017094,85.55692307692308,0.2685613354948183,13,27.421692307692304,5.151345785077517,30.662197302580076,4.190090754188417
78,1,12,0.850300925925926,82.54916666666666,0.11592007739170582,12,25.667166666666663,1.0026619872150635,30.619804471534184,3.5728641239260233
78,1,13,0.9898611111111111,94.34166666666667,0.21312935445880313,18,26.384555555555558,0.8480325480866753,27.631506670855963,4.937041818831923
78,1,14,1.0374145299145299,101.12692307692308,0.2516332550948747,13,26.74569230769231,1.4039541412628946,26.973698921272558,5.661981950232681
78,1,15,1.1797342995169082,97.08043478260869,0.3175869742908289,23,26.26834782608696,0.8849342866561355,23.58236085012274,5.445661560931041
78,1,16,1.3105555555555557,101.79666666666667,0.3517928382701971,15,27.609133333333332,3.6911563203083637,22.149809483642535,5.262354278496157
78,1,17,1.053637566137566,96.95904761904761,0.2350063681952016,21,26.754380952380952,1.5912430510827218,26.26351807198815,4.39707689707224
78,1,18,0.9231140350877193,92.04368421052631,0.18212109930661224,19,26.67821052631579,1.5473886812931492,29.76620501538153,4.917856964302217
78,1,19,0.8905555555555555,83.98272727272727,0.1914529001163549,11,27.291272727272727,2.3766474745283146,31.487123357535165,4.893621154029064
78,1,20,0.8248611111111112,85.90666666666665,0.10693134840450173,6,27.119,2.261060105348816,33.146096406599845,3.219772825603545
78,1,21,1.3354166666666667,107.86000000000001,0.004124789556921544,2,32.5085,6.846914962229342,24.335536297982003,5.052008234317881
79,1,0,0.7940782828282829,70.98727272727272,0.28444592202570246,22,18.962999999999997,3.173419651687165,25.776313548101395,6.646070960768857
79,1,1,0.7006552706552707,65.04871794871795,0.28200226618206553,39,18.266666666666666,2.881248434942681,27.997845028741306,5.561849471011166
79,1,2,0.6166231438812084,59.504331797235025,0.1232859833163292,217,18.27658064516129,2.840228491426799,30.154696647388324,4.223019217185322
79,1,3,0.6038819875776398,62.94021739130435,0.11662820643981021,966,18.436942028985506,2.736922165812105,30.983337060952092,3.6918636791225135
79,1,4,0.6152387719722625,67.28650580551523,0.11752768306432662,2756,18.615182873730046,2.8034525658316505,30.701592967979398,3.8945414011984867
79,1,5,0.558652690194343,62.54728509790906,0.11714691043706553,3013,16.451057749751076,2.8314734171104825,29.889498621367167,3.667555031920314
79,1,6,0.5292585587650924,59.882138927097664,0.1031543590773841,2908,15.17689993122421,2.0776316227660354,29.153191765715665,3.5863373443021853
79,1,7,0.5275979322881164,60.049063394683024,0.10824816725928905,2445,15.115877709611453,1.9861450236592013,29.164093563712033,3.451511111203674
79,1,8,0.5426908885318098,63.895725763256564,0.11434428600025527,1867,15.070046598821637,1.833003326083441,28.346355745156195,3.6276360880615357
79,1,9,0.5420660016312191,58.692800677583286,0.11196478162988391,1771,14.718500282326369,1.5636754143854774,27.707241564692453,3.505013217708873
79,1,10,0.5763130038555906,59.53462460567824,0.5957266950154324,1585,14.709076971608832,1.7079539029129778,26.719100069212228,3.513642044497935
79,1,11,0.6110921052631578,61.678871345029236,0.11538534902240896,1710,14.720460233918129,1.303745211172753,24.639531195885308,3.456805912551654
79,1,12,0.6489611000442673,63.02024900398406,0.1293217831754699,2008,14.691004482071714,1.2717998049521253,23.252070588500967,3.5740407374070213
79,1,13,0.7069868667917448,65.06457410881801,0.16076779054227014,2665,14.689450656660412,1.4901697577180026,21.528978658224617,3.8279765958007443
79,1,14,0.8279395164040652,70.19208410067526,0.20456048678068206,3258,14.785586556169429,1.8511748066016374,18.672245350056667,3.8576539191233046
79,1,15,0.9679731813736553,75.17704468517265,0.2620981386600589,2954,14.871711577522005,1.7275686494685245,16.245979956980786,3.8313869282034494
79,1,16,1.0559498002210321,77.78849655700077,0.30550670983035577,2614,14.897228768171384,1.6022732398353523,15.089874930477276,3.9198238008414354
79,1,17,0.9945133077638307,75.55612447698745,0.27686458115019646,1912,14.962802824267783,1.7229991401558769,16.043750947698413,4.133805476349964
79,1,18,0.8440322638530002,69.94060723514212,0.21382798016835872,1548,14.979344315245479,1.7970779682498337,18.62444258775352,4.105100643227047
79,1,19,0.7207341085271318,64.78961860465115,0.1777662273397597,1075,14.707837209302324,1.5670473167206425,21.32086928249807,4.2757242040396015
79,1,20,0.6552718586166075,60.326133942161334,0.15121632221257694,657,14.590968036529679,1.9191933131037484,23.040387365391073,4.028544716588527
79,1,21,0.6168970189701897,59.93190243902439,0.15334192117469,205,14.673834146341463,2.4759181346750183,24.505826918181864,3.9603936047125288
79,1,22,0.633292042042042,62.42364864864865,0.26159435302645556,74,15.359635135135136,2.658893680607784,25.60273068044499,4.496769095519174
79,1,23,0.8834288194444444,79.49125000000001,0.4439131771506046,32,19.17784375,4.7511759638340605,23.87065300084583,5.645065513032192
80,1,0,0.7838194444444444,78.065,0.20797455217370178,4,22.20325,6.044949041693129,28.6519784954124,6.45068948241641
80,1,1,0.771125,72.94500000000001,0.29484557630143005,20,24.159200000000002,4.797358918141698,33.169805714594986,8.506959391357213
80,1,2,0.7775478927203066,79.22758620689655,0.413386111337327,58,23.26206896551724,4.587733465017067,31.93664191941131,6.384251440643087
80,1,3,0.6973176420695505,75.59152671755724,0.16114792290578037,262,23.54287786259542,4.385237845986032,34.49584687704353,6.990762975083882
80,1,4,0.6919731800766283,75.05632860040568,0.12213675958798959,493,23.62841582150101,4.60007512879542,34.624765891740374,6.819008505372195
80,1,5,0.6793264503441495,70.25633628318585,0.1210464062367344,565,20.838973451327433,4.953416746610965,30.918031194163135,6.368411761795873
80,1,6,0.6802111111111111,69.65584,0.11606628741711163,500,18.617682000000002,4.0231000401110455,27.665431926668266,5.241444785312118
80,1,7,0.7106172118380062,70.19759345794392,0.11550624203724946,428,18.416296728971965,3.5263605361215222,26.372511692457795,5.613643487403235
80,1,8,0.8155695025569503,72.41242677824268,0.18033184571510943,239,17.85676569037657,2.8637602512782205,22.715148209163075,5.383363285942498
80,1,9,0.7978393770339377,71.36991631799164,0.14552654944962282,239,17.863242677824267,2.3239038582825886,23.056425422963674,4.7209292087468855
80,1,10,0.8641877303844128,73.5555924170616,0.1816323879795202,211,17.79877251184834,2.340696645466461,21.250331652307104,4.280232186342261
80,1,11,0.9167100694444444,74.09861607142857,0.15834550466252975,224,17.975321428571426,2.520451330550402,20.042180438144843,3.6926552367326364
80,1,12,0.974663898774219,77.32167259786476,0.1807986051950058,281,17.883911032028468,2.3631891366600044,18.862884766419096,3.764951698365529
80,1,13,1.0498051784816491,79.1016515837104,0.2419719803381683,442,17.73187104072398,2.4380418900642806,17.51656709752217,3.6470022360390106
80,1,14,1.2180149812734082,84.82061797752809,0.29592863665431496,534,17.893704119850184,2.482479892185423,15.386027339830267,3.6340106656389675
80,1,15,1.337579575596817,87.92840848806367,0.3562624310215681,377,17.937976127320955,2.5418456954194117,14.287185332172395,4.249955589075502
80,1,16,1.3550352597179223,90.32061919504645,0.36686411511036765,323,17.90097213622291,2.3945751427190656,14.061915603582849,3.8311209431947435
80,1,17,1.203704365079365,86.56678571428571,0.2957232382285577,280,18.27062142857143,3.0344034588026783,16.04725805629713,4.6825792480652515
80,1,18,1.086016470009833,81.6275221238938,0.26293745361761073,226,18.327809734513274,3.111182066759681,17.66735651700563,4.519555453817107
80,1,19,0.9096928104575164,73.74182352941177,0.19955151210162894,170,17.78531764705882,2.5027765798333816,20.266114433932646,4.213896230190038
80,1,20,0.8793760364842454,70.08014925373134,0.18040678092891144,134,17.9660447761194,2.833050811446146,21.152859983095457,4.783612464676356
80,1,21,0.818179012345679,70.22277777777778,0.20262970723940724,36,17.921499999999998,4.015706139647174,22.469859427857745,4.230814622903656
80,1,22,0.9360555555555555,72.718,0.36472626298853267,5,19.6876,4.029317411175249,22.19145278030218,3.910978575491937
80,1,23,0.8636111111111111,70.482,0.1521886368059045,5,24.2074,4.117479908876302,28.543527772163742,6.117919830023351
81,1,1,0.8602777777777778,114.61500000000001,0.19091883092036785,2,32.5615,2.7881220382185568,38.43689495899238,5.289227653090249
81,1,2,0.675,94.38,0.04399775527382971,2,33.1295,0.8775195154525053,49.14276740916537,1.9031880570291615
81,1,3,0.7631481481481481,93.33380952380952,0.11484330217081853,21,32.28261904761904,2.5290512149063047,43.040217152165035,6.2144190089688305
81,1,4,0.7918004115226338,96.45370370370371,0.09947999204607905,27,32.74014814814815,2.2524331579547763,41.82774672865693,4.830964315688286
81,1,5,0.7960648148148147,97.96541666666667,0.09869348014837019,24,32.7795,1.612862510650202,41.631202279488754,4.313111446614282
81,1,6,0.8533680555555555,97.645,0.10093023478739503,16,31.527125,1.335792792065197,37.4438408119366,4.9171543159093485
81,1,7,0.9870370370370369,109.22,0.3532606603286056,9,32.82,5.078459412065827,35.64986359498085,9.63125262447526
81,1,8,0.9668253968253968,92.68999999999998,0.1729027665945838,7,31.866285714285713,0.793562791946488,33.92375320303112,6.398734139267777
81,1,9,1.0134126984126983,99.26428571428572,0.22203711701990073,7,32.40985714285714,1.867212756005721,33.185211932264785,6.704091680823182
81,1,10,1.1030555555555555,105.4525,0.2566166291499073,8,32.929125,2.8874834044049997,31.096114590457372,6.951950945169366
81,1,11,1.0379938271604938,102.66666666666667,0.1728917751929087,9,32.27022222222222,1.6130552360178017,31.801106577218896,5.16623844963276
81,1,12,1.102932098765432,109.56777777777778,0.21547849563615085,9,34.05744444444444,8.00772310196711,31.088366731229964,4.534365866531299
81,1,13,1.108525641025641,107.14769230769231,0.2401900767107183,13,32.96353846153846,2.4682805626381765,31.138812748793274,7.478553396201123
81,1,14,1.5523456790123455,112.87777777777778,0.2957414799731015,9,32.55233333333334,1.5481146598362792,21.831074724601745,5.16238278959256
81,1,15,1.1803611111111112,128.892,0.2968238662555206,10,33.394,2.760415427672679,29.626626997158205,6.752078646706501
81,1,16,1.4054166666666668,117.59875,0.3180520701733662,16,32.7295,2.059511689697341,24.282645942176945,5.041445201711307
81,1,17,1.2991666666666666,113.74428571428572,0.22230403586561331,7,32.504571428571424,2.363117281413321,25.61640886278213,4.456485603768249
81,1,18,1.1601543209876544,100.27888888888889,0.18304481248567234,9,32.26577777777778,1.8113104909000126,28.427840323859463,4.5904808462884175
81,1,19,0.9689722222222222,106.92,0.17937181049199719,10,32.3969,1.7732227064491,34.39774256775803,6.041136986497662
81,1,20,1.0760185185185185,95.10333333333334,0.03016202815440025,3,31.846333333333334,1.309596248212912,29.61508305103216,1.576538875291167
81,1,21,0.87625,94.97,0.07404979347425797,2,33.75,1.230365799264589,38.59488884796464,1.8574353769918774
82,1,1,1.0637500000000002,58.010000000000005,0.2510697790468166,4,29.883,10.58033565945177,27.89196595985377,5.004385475155494
82,1,2,0.8014814814814816,72.46666666666667,0.1417675583167607,12,23.544666666666668,2.6778857445018187,29.75076271497044,3.026443546860736
82,1,3,0.7530987654320987,73.98911111111111,0.10625974497391022,45,24.467355555555553,3.5798176956855543,32.7653462037188,4.530427866486245
82,1,4,0.7948412698412699,79.42158730158731,0.12504058196563925,63,24.153253968253967,3.8033583163892013,30.712056830370237,4.452965597287908
82,1,5,0.7937788259958071,79.6456603773585,0.10115331401257802,53,23.789094339622643,4.350023020558674,30.28323639669963,6.0354895782155245
82,1,6,0.8600051440329218,81.70944444444446,0.1563688633910713,54,22.018037037037036,2.0044391391991225,26.31365171640593,4.566850537222449
82,1,7,0.9615681003584229,83.27677419354839,0.21728179002786085,31,22.119870967741935,2.4701754018953856,24.02659050737297,5.284533768564749
82,1,8,1.0088078703703705,84.16250000000001,0.19077852898766248,24,22.280625,3.084611733899916,22.973750097676533,5.888675570044073
82,1,9,1.0525925925925927,86.952,0.21098865147756676,15,24.656866666666666,5.520610821104421,23.92466046245963,5.832207064772379
82,1,10,1.0522401433691757,86.41677419354839,0.16591512554988436,31,23.58348387096774,3.9529561416823893,23.01739374760946,5.823697924639857
82,1,11,1.1295436507936507,91.35035714285713,0.19394148965001973,28,23.46164285714286,3.520826841169932,21.3148489917398,4.477882443835156
82,1,12,1.100798611111111,90.2559375,0.18841802673229058,32,21.70896875,1.373963761657044,20.195108534146932,3.2217963189892376
82,1,13,1.2655255255255256,101.29729729729729,0.26645791230885785,37,22.891756756756756,3.767311474346758,18.555967670286808,3.181057150142013
82,1,14,1.4780492424242424,100.92386363636363,0.3846916189874619,44,23.918477272727273,3.5454658072204177,17.10835092824765,4.6308786656371455
82,1,15,1.6443350168350168,111.42757575757577,0.4154993192704493,33,24.15069696969697,4.918047703896641,15.694712393770766,5.401126619935749
82,1,16,1.356207729468599,102.94956521739131,0.2609091821912005,23,25.162521739130437,4.7391053132379835,19.823304995715123,7.817481888030091
82,1,17,1.4299801587301586,102.03357142857143,0.2336362418597624,28,24.54775,4.46883475262806,17.881708667411964,5.833245277297214
82,1,18,1.160293209876543,93.5788888888889,0.2770655652602786,18,23.432944444444445,3.2636849341922103,21.05396993922604,4.626793560856698
82,1,19,1.0557163742690059,86.1078947368421,0.2739155778539476,19,23.93678947368421,3.9017677842364296,23.89294346796326,6.198511107060858
82,1,20,0.9392857142857143,80.18642857142858,0.15871519083884764,14,23.306285714285714,4.042351228004496,25.206201402365625,4.969527486586856
82,1,21,0.8383333333333334,70.34333333333333,0.1173497200257566,6,21.556,1.461710231201794,26.16863797415495,4.224394539715014
83,1,1,0.7243981481481482,72.97833333333334,0.13539362102096514,6,22.22,1.3874004468789822,31.41552783106552,4.931843558523381
83,1,2,0.7088888888888889,61.653999999999996,0.1971957141810086,5,23.7504,4.611255609917974,35.33715148390507,10.701788686701464
83,1,3,0.7436458333333333,75.18833333333333,0.1428917690152519,24,24.407291666666666,4.4880587793481554,33.357947622418465,6.104031063109797
83,1,4,0.7423423423423423,73.07324324324324,0.1095074186761586,37,23.83316216216216,3.8421669631827533,32.44153608653248,5.33596705298948
83,1,5,0.7745347222222223,75.339,0.10297475517709592,40,23.0856,3.9694867316594613,30.210466946054787,5.985211809666148
83,1,6,0.7990232974910394,79.05225806451612,0.13978457247675427,31,20.73109677419355,1.471736397476095,26.608739795294856,4.385372846162013
83,1,7,0.9678070175438596,89.15263157894738,0.23141598878580907,19,22.285736842105262,3.081726136835676,24.286981967027003,6.28970605486434
83,1,8,0.8330092592592592,75.39166666666667,0.19296870851356884,12,21.049833333333336,1.278531603287952,26.624026767151104,6.5447299120607365
83,1,9,0.9555092592592592,81.41250000000001,0.13350351267848146,12,22.889833333333332,4.936684254055795,24.440032387233504,6.402206628382523
83,1,10,0.9759722222222222,94.48875,0.1934699503621213,8,26.219375,7.467343913668366,27.157800474590175,6.542768625763922
83,1,11,1.1326851851851851,84.02666666666666,0.09816568676280499,6,21.3235,1.0572745622590187,18.943645340437367,1.980849412637943
83,1,12,1.1528858024691357,91.59444444444445,0.33017481146574823,18,23.975444444444445,6.758527112620482,21.44932487004114,5.588842921318662
83,1,13,1.1982407407407407,89.7925,0.21823704202722544,24,22.721125,4.575882555049757,19.61954508947283,5.230892205189157
83,1,14,1.237910052910053,97.39285714285714,0.24110561660162316,21,24.339238095238095,4.854680884515087,20.34336057885477,5.578561425751196
83,1,15,1.7589043209876545,109.27333333333334,0.6335950143962723,18,22.081111111111113,3.0831264095908137,14.217560550476982,6.2391480204442376
83,1,16,1.4744074074074074,97.396,0.45616386344336995,15,22.72393333333333,4.544940553857138,16.978941887981577,7.037453556642523
83,1,17,1.2072407407407408,88.78666666666666,0.25805191333622085,15,24.2296,5.978667479344492,20.998615322012498,6.986241606853359
83,1,18,0.9454166666666667,80.21666666666667,0.15558638087435625,6,21.637833333333333,2.363626063205994,23.490021108503726,5.017600480619102
83,1,19,0.9627777777777777,79.97416666666668,0.12047628078257101,12,22.44366666666667,3.5913803963817528,23.618243296539116,4.928927553618013
83,1,20,0.7779761904761904,79.57571428571428,0.07133964187766428,7,22.50385714285714,4.302531829383387,29.104254650196392,6.079689532575666
83,1,21,0.7569444444444444,77.55,0.04281924397185202,2,21.996499999999997,0.6455884912233193,29.13032815808045,2.5007477543395944
84,1,1,0.5947222222222222,53.16,0.20545380364475793,2,14.635,0.33234018715767655,26.06707480038753,8.446362508037229
84,1,2,0.5041959064327486,51.63894736842105,0.1030726041078109,19,16.44821052631579,1.701263079105488,33.71300228516146,6.831522810209861
84,1,3,0.4859949494949495,52.57745454545455,0.09259473955747695,110,16.547309090909092,2.0669539292853525,34.8131499759079,5.854201468101912
84,1,4,0.4908834422657952,56.04713725490196,0.08414165367761277,255,16.865286274509806,2.074436320460456,34.95948723660635,5.191743985815912
84,1,5,0.4976113046844754,56.411393728223,0.06582090449137117,287,16.768993031358885,1.6763631088396516,34.122553517037204,4.4957100242653905
84,1,6,0.5329004854368932,60.47402912621359,0.10097220647456082,206,16.866650485436896,1.8831280811263456,32.32186695490491,5.091978782526144
84,1,7,0.5400160256410257,58.501682692307696,0.08933573546529539,208,17.12173076923077,1.919480823680881,32.30965102244544,5.123536673500796
84,1,8,0.5319609609609609,57.305297297297294,0.09734443307921534,185,16.930329729729728,1.6865045226200437,32.64937385119932,5.548190525885342
84,1,9,0.5052860082304527,56.31481481481482,0.08791857384734023,135,17.040688888888887,1.927674128134371,34.384578603531764,5.324541200362687
84,1,10,0.5092592592592592,55.73323529411765,0.07167918394423488,102,17.393588235294118,1.818789665841846,34.63836554404439,4.88272717732718
84,1,11,0.49680790960451976,57.273813559322036,0.059862533620971894,118,17.31363559322034,1.783561857705181,35.258058113931185,4.966139196621326
84,1,12,0.534277238403452,59.71145631067961,0.11786658809292705,103,17.932699029126212,3.41519476904162,34.072581323064945,4.677906289921501
84,1,13,0.5097286324786324,54.949230769230766,0.08314280160445593,130,17.365746153846153,2.0287636793982577,34.614772906283314,5.052475245538961
84,1,14,0.5620408631772268,57.303719008264466,0.11260250651603257,121,17.58302479338843,2.0087794406173196,32.12270362862515,5.444408149549044
84,1,15,0.5546331636980493,57.937557251908395,0.08669084740451379,131,17.62347328244275,1.9762508923882356,32.36208407824621,5.161618761201608
84,1,16,0.537698702351987,55.59722627737226,0.07824586292883955,137,17.091510948905107,1.5392710656288517,32.30125914452158,4.587816153534439
84,1,17,0.5361058700209644,56.8788679245283,0.07121452035067921,106,17.42491509433962,1.7066897010234503,32.93881741689027,4.452164486280603
84,1,18,0.5271319444444444,57.26875,0.06094128004572515,80,17.0706625,1.5986712991189227,32.749259521115754,4.360545376455183
84,1,19,0.515670731707317,56.58682926829268,0.06672352828567661,41,17.12287804878049,1.4387582527152005,33.6980681027912,4.83492905709229
84,1,20,0.5355246913580247,57.53055555555555,0.07343544144591668,18,17.327944444444444,1.4544583577328996,32.79416545192296,4.363618833653754
84,1,21,0.5271666666666667,60.116,0.06770219424526905,10,17.7594,1.9098602741212949,33.905841403906635,3.102970442563566
84,1,22,0.5845833333333333,59.89833333333333,0.12223140748313686,6,18.392833333333332,3.037047936181889,31.7836592970441,2.940424888965869
85,1,1,0.6937777777777778,76.99,0.043319798456036285,5,23.753999999999998,0.5977708591090752,34.33119847521367,2.0101621984138514
85,1,2,0.7650900900900901,77.01945945945947,0.17152792215286142,37,23.75518918918919,1.7071696335331348,32.05627774201295,5.427532712039017
85,1,3,0.7226111111111111,73.56625,0.12460345445706866,80,23.5780375,2.175891084414425,33.24037901735557,4.595421033085221
85,1,4,0.7355751633986929,75.19117647058823,0.16167414838091604,85,23.73370588235294,2.5538962009686546,33.023805082797146,4.771291218724421
85,1,5,0.7748822463768117,77.13771739130435,0.16258755316296916,92,22.31367391304348,2.877343899237078,29.607080097578535,5.6861831018556845
85,1,6,0.810255376344086,77.06741935483872,0.10741192268721872,62,21.611741935483874,2.9699039943388126,27.100639625362916,4.91155038695904
85,1,7,0.9251220538720538,82.915,0.27808463447931553,66,22.418030303030303,3.2465312564439603,25.806114428351357,6.85453713243323
85,1,8,0.9062833333333333,83.7682,0.22484201845750798,50,22.41974,3.4108888111518403,25.684341975145216,5.128470300027666
85,1,9,0.885812757201646,77.82407407407408,0.16157288902604083,27,21.982111111111113,2.390605174963884,25.77594807838953,6.148551964213188
85,1,10,0.93328216374269,79.6757894736842,0.17092267196031438,38,22.30763157894737,2.8092484175323915,24.734503880803274,5.655610352162679
85,1,11,1.0377068557919622,82.6727659574468,0.2486662319004415,47,21.552744680851063,2.332532598850304,21.672621059199532,4.804374450491174
85,1,12,1.0166820987654321,80.59472222222222,0.19967217339267998,36,21.692972222222224,2.280244842569213,22.23669584323763,5.357010684885699
85,1,13,1.0847499999999999,80.8904,0.2259364017883379,50,22.33042,2.700757845947871,21.581703158868613,5.599506470662427
85,1,14,1.23663139329806,90.57396825396825,0.2961239905713053,63,22.394761904761904,2.5820868948815203,19.378178685780746,5.947620600836791
85,1,15,1.237452718676123,90.26021276595746,0.3590522845949169,47,22.836787234042554,2.3192865838646073,20.03993712176821,6.138104107512106
85,1,16,1.4261178861788617,102.50682926829268,0.3653029220739829,41,23.051731707317074,2.2646911050338656,17.319054169502873,5.197698203600574
85,1,17,1.1120555555555556,93.88914285714286,0.2524239713114925,35,23.977171428571427,2.2579046570517836,22.777728584810607,5.912671162005423
85,1,18,1.0581825396825397,88.95542857142857,0.20221438143396178,35,23.4366,2.1710099195047996,23.05665581771792,5.303291662262586
85,1,19,0.9094973544973545,82.68380952380951,0.19353959341965776,21,22.34057142857143,2.3178186419870856,25.401005267953657,5.010106833672867
85,1,20,0.880246913580247,73.46111111111111,0.13956517990394407,18,21.962777777777777,2.0554250041566626,25.471375500726268,4.250677478210206
85,1,21,0.894186507936508,80.36571428571428,0.19261392530114713,14,22.937714285714286,3.1345922916967752,26.7208596158461,6.382598711176813
86,1,2,1.0096296296296297,115.46499999999999,0.11006727273240201,6,40.533833333333334,2.6670740834605,40.512222160551325,4.739008077426233
86,1,3,0.9986111111111111,102.34700000000001,0.09440086140361674,10,37.3527,2.700115472839387,37.6160034869675,3.454067043516733
86,1,4,1.0266840277777778,115.22375,0.10294108491000357,16,40.1485625,2.5553786664928295,39.38927129217801,3.78369579938551
86,1,5,1.0457051282051282,134.58846153846153,0.1270557101826931,13,38.975692307692306,2.311661068893079,37.783889072731775,5.12412898949351
86,1,6,1.0898456790123456,128.32222222222222,0.08244855662184801,9,38.154444444444444,2.884818499971494,35.16783769103,3.674943029186003
86,1,7,1.2426736111111112,127.0525,0.3132632104319642,8,38.402249999999995,2.929876972063599,32.532372189958465,8.070815771687633
86,1,8,1.1832222222222222,125.176,0.2540165464378208,5,37.262,2.235054809171355,32.31957774920893,5.093071550792468
86,1,9,1.2230787037037036,125.77916666666665,0.4440293746528716,12,37.70033333333333,2.7738820297827225,32.98274609034658,7.107361032086184
86,1,10,1.351820987654321,127.80111111111111,0.34534607326906064,9,36.05222222222223,2.802901388640785,28.237527946467093,7.305048306114243
86,1,11,1.3240046296296295,126.99333333333334,0.21675566219182946,12,37.43716666666666,3.064796799829056,29.042212125586463,5.95549466697783
86,1,12,1.330909090909091,132.0118181818182,0.25880077455272604,11,37.27472727272727,2.691376342725376,28.897832838170178,5.566194108632743
86,1,13,1.3171111111111111,123.748,0.23544207499725353,5,37.7178,3.152655420435288,29.769206091363493,8.080007726349187
86,1,14,1.5854861111111112,130.64875,0.5303571005469135,8,38.01975,2.4696672274388938,25.712724198809145,6.158113109207898
86,1,15,1.8454166666666667,133.10999999999999,0.5267681205025393,6,40.988,4.809473983711731,23.528572130401944,5.9589000389761715
86,1,16,1.3444444444444446,125.38400000000001,0.29135062242113924,5,36.068,2.675262510483784,27.51763181951056,4.313155006140179
86,1,17,1.4732051282051282,122.67,0.27794325199496145,13,37.16661538461538,2.33627087251106,25.986049358479956,4.576947227560579
86,1,18,1.296638888888889,116.388,0.2810952653148781,10,37.5646,5.421005281925731,29.804731752443665,5.380658700290772
86,1,19,1.16320987654321,111.04444444444444,0.06887168119414208,9,37.129888888888885,2.801889114706561,31.984777029793545,2.623218416058726
86,1,20,1.1952777777777779,125.84999999999998,0.09790553522227681,3,41.007666666666665,1.0724114571065229,34.41953605434514,2.0571382838893304
86,1,21,1.1156944444444443,93.47,0.14476047159291242,2,41.141999999999996,1.0069200564096408,37.129674503390746,3.915040678514418
87,1,0,0.7142962962962963,64.462,0.23277263666962267,15,19.684733333333334,4.8311065941261875,29.335747964740236,8.681628552840111
87,1,1,0.6056069958847736,68.01296296296297,0.14258319735701122,27,18.6572962962963,4.789724247842496,31.092707959439995,4.554661500941014
87,1,2,0.6184217877094972,66.55793296089387,0.13230524762137172,179,19.949150837988828,4.34287470094767,32.65261189097017,5.487207944118924
87,1,3,0.6154762281256589,67.75388045540797,0.1243989285763259,1054,20.27318500948767,4.2138470377407975,33.33457411343277,5.559151908669292
87,1,4,0.6288895489548955,69.86837227722773,0.12387137194302114,2525,20.75522693069307,4.34305672300909,33.41659035261751,6.000662434905441
87,1,5,0.5614800148617467,66.00380147835268,0.12251100183542563,2841,17.423123196057727,4.2811174269750865,31.28964863720276,5.158169040702726
87,1,6,0.5308071497584541,61.64346434782608,0.10102313034989026,2875,15.643991999999999,2.9061344685586117,29.81720847368293,4.114435889760754
87,1,7,0.533157212354858,61.8506195786865,0.09910352357108297,2421,15.497487401900042,2.5435083235746037,29.46179310455445,3.992041708775994
87,1,8,0.5498294772922022,61.88990231362468,0.1025470949972288,1945,15.300760411311053,2.447696828148165,28.298240308823406,4.185361355435182
87,1,9,0.5609921065316944,60.66830260303688,0.11091699363876353,1844,15.011268438177874,2.056018190808374,27.278274985200753,3.769240777047666
87,1,10,0.5746221624850657,62.042735961768216,0.09927021954506399,1674,15.09646833930705,1.6090807648602938,26.724049906760353,3.5707561320287313
87,1,11,0.6208076002893228,63.92841762643966,0.13806369979871336,1997,15.18407711567351,1.9113440750971316,25.11357228905486,3.959605809750516
87,1,12,0.6531865258924082,65.76680995475112,0.1329322283707667,2210,15.147046606334841,1.7577918133102368,23.818860618184726,4.02920753276835
87,1,13,0.7071736576195511,67.32858653507226,0.15889902722033575,2837,15.226433556573845,2.1078610782880265,22.271241045965333,4.291042563416891
87,1,14,0.8162245559445093,71.69481038506417,0.19791492253938806,3428,15.335070886814469,2.4514820068068714,19.559646233294632,4.243482600038092
87,1,15,0.9481983998561669,75.80195469255663,0.258316053356148,3090,15.581825566343042,2.7905158884323655,17.337030239908074,4.616333184479095
87,1,16,0.9995226946764533,78.68127182991648,0.263776578900605,2634,15.758623386484434,2.9118848758090663,16.710213456731264,4.959429634697796
87,1,17,0.9289248297537979,76.94632268203247,0.23057888871863513,1909,15.84091042430592,3.05951401880759,17.929352998354414,4.989938820586619
87,1,18,0.8052001489845527,71.5459280169372,0.20302355349678014,1417,15.648064925899789,3.11384045716448,20.36416502952761,5.193216716596002
87,1,19,0.7035284868664448,65.77487236403996,0.18900907675114006,901,15.229499445061045,2.3607730460003795,22.699117515295942,4.985882367021923
87,1,20,0.6292019489247311,60.41467741935484,0.1510339510319443,496,14.953860887096774,2.0686850971362354,24.61005255006113,4.541228307494471
87,1,21,0.6072085048010973,61.357962962962965,0.14401721138772391,162,15.027358024691356,2.710455680369218,25.41293537711719,4.416689561000019
87,1,22,0.6275262054507338,67.0677358490566,0.18344266573001647,53,16.404849056603773,6.045607087274281,26.373391743023852,3.9944177121843447
87,1,23,0.7679710144927536,73.20260869565217,0.274851243242185,23,20.796391304347825,5.129608568613561,28.087412738096894,5.957347176705095
88,1,0,0.6825925925925925,72.165,0.1327394954885374,6,22.9255,4.7337969432581275,33.6246187130482,4.2199059887411865
88,1,1,0.5873484848484849,59.07363636363636,0.09328697291356376,11,20.003272727272726,4.458723900196312,34.09091480206575,5.7238738940240514
88,1,2,0.5865634920634921,65.30828571428572,0.13205724599794705,35,18.5448,3.8175025158896148,32.0314877352751,4.353851396028826
88,1,3,0.6112129210658622,68.71850678733033,0.12180918978058769,221,20.135248868778284,3.9906591864412913,33.34435400152214,5.463727894281277
88,1,4,0.6211985710766199,69.95534368070953,0.11794657372808703,451,20.532745011086476,4.036065433803977,33.455308177864914,5.767974779113853
88,1,5,0.5726534296028881,68.29527075812274,0.12062826160280175,554,17.93409386281588,4.315309167788209,31.542465081305092,5.2017982007247765
88,1,6,0.5328671215074724,62.848713450292394,0.09963876384251613,513,15.800239766081871,2.9190714422531805,30.00007136794655,4.130693704281542
88,1,7,0.5398022973271482,63.55524850894632,0.09692993532968194,503,15.597332007952286,2.438821340930375,29.314893206431652,4.136179877072841
88,1,8,0.5614421349756223,62.82175519630485,0.10751826598743922,433,15.453394919168591,2.2650100479443642,28.083685830077112,4.377986075938721
88,1,9,0.5811130627114234,63.0876112412178,0.11300205869955436,427,15.196091334894613,1.5374325951390844,26.743171398936333,3.8476362700897697
88,1,10,0.5797507278020378,62.697292576419215,0.09559931996757444,458,15.22233406113537,1.6775176629779984,26.676625693582373,3.542801080606844
88,1,11,0.6346597344268697,65.17527240773288,0.19088130401066686,569,15.416616871704745,2.173681973349399,25.16127682247588,4.089966531577823
88,1,12,0.6899896506044046,65.91524590163934,0.9028720749367228,671,15.286304023845009,1.959796012069644,24.004650851959646,4.332624179304243
88,1,13,0.7109788995726496,69.43413461538461,0.17485071467388844,832,15.435091346153845,2.4127727828940877,22.53769409309138,4.611513879120498
88,1,14,0.8340092766312278,73.89908067542214,0.21169275291710282,1066,15.551632270168856,2.42845902797706,19.457155732896236,4.385758276275432
88,1,15,0.9763073297320198,79.46832221163012,0.23998138000865907,1049,15.960431839847473,2.810905925416663,17.188219062067926,4.8159664859169835
88,1,16,1.037810633213859,81.3636917562724,0.3576423331632358,837,16.33588888888889,3.3995594660188533,16.79061082557813,5.35281173985011
88,1,17,0.9953427624872578,79.85762996941897,0.9321967779466815,654,16.195880733944954,3.2137219339506307,17.78360081116108,5.173049426905663
88,1,18,0.8378732833957553,73.928,0.20897488655521218,445,16.30883820224719,3.318594762695162,20.47452644725091,5.872103409278769
88,1,19,0.6920103205972772,66.03683794466403,0.16977913840662204,253,15.518980237154151,2.831193244219796,23.258688923230597,4.86921160635916
88,1,20,0.6586643518518519,65.26658333333333,0.17541816525169637,120,15.63935,3.1337965662256058,24.62825007173835,4.9301606131689875
88,1,21,0.6007638888888889,62.762499999999996,0.1334863495990813,48,15.434708333333333,2.4500125050339427,26.36171175920478,4.187468836393396
88,1,22,0.5871732026143791,58.58235294117647,0.13299600105718998,17,15.886882352941177,2.7487598540603937,27.44700894933871,2.8934573696043393
88,1,23,0.8355555555555556,80.42166666666667,0.4006063305774953,6,23.537666666666667,4.6067914068977185,31.380014279725412,10.184509627017297
89,1,0,1.2558333333333334,99.965,0.7562114187689466,2,24.094,0.7976164491784257,23.20067260211299,13.335365968673603
89,1,1,0.675436507936508,75.04642857142858,0.09946704574645071,14,22.905357142857145,1.3733301808794143,34.629128902812376,5.612899897602971
89,1,2,0.7106944444444445,68.66230769230769,0.1490323981988562,52,23.48771153846154,2.4829439463363987,33.95744514268804,5.605279368954151
89,1,3,0.6877373959862946,71.21894273127754,0.1801817041419919,227,23.358044052863434,1.972448152643034,34.998009002145004,5.393274433761203
89,1,4,0.6875235779546124,71.40923076923076,0.1264426025710454,377,23.29605570291777,2.462874093968264,34.58057785476451,5.053599404228996
89,1,5,0.7123267259978424,73.21883495145632,0.12037670873071173,412,22.60117233009709,2.484730847366648,32.406877339537736,5.3679073652172535
89,1,6,0.7331269617074702,74.46316384180791,0.10810443644631894,354,21.93319209039548,2.5740710620892227,30.51790592853213,5.369393756975183
89,1,7,0.8020873015873016,81.47696428571429,0.1797260530403428,280,22.6956,3.313617728215721,29.26318434007442,5.747665637761174
89,1,8,0.8594217171717172,80.16304545454545,0.2043738594698569,220,22.789572727272727,2.927028204312667,27.803283366980132,6.443050611793124
89,1,9,0.8404017323775389,76.9728494623656,0.22293245171803647,186,21.842903225806452,2.4713858528824217,27.191805438775233,6.107725745765619
89,1,10,0.8733220937700706,76.72838150289017,0.1839472152126243,173,21.930098265895953,2.4787855021903495,26.072119422562327,5.696985851891849
89,1,11,0.871329365079365,75.57434523809523,0.1894733876243686,168,21.71914880952381,2.2791147526106346,26.02476181947152,5.95470961678064
89,1,12,0.9090887188208616,79.24377551020409,0.1826890470012947,196,22.07969387755102,2.57943628271328,25.177720860637468,5.475297014184763
89,1,13,0.9756396957123098,80.9460580912863,0.25567478529548954,241,22.45709128630705,2.5282493597280755,24.28651343840522,5.876513992227397
89,1,14,1.1063734567901233,84.41846405228758,0.2879288526692702,306,22.434875816993465,2.430580066555688,21.69805713605447,6.241534302096562
89,1,15,1.1464687359424202,88.07012145748988,0.34001894853162323,247,22.65374089068826,2.2783776332966674,21.589626455083906,6.838013263990833
89,1,16,1.1696594475831765,92.45694915254236,0.3562610120969986,177,23.997757062146892,8.275659923752329,21.82854797771913,6.487356777502635
89,1,17,1.0631481481481482,88.03310344827587,0.25340820574196676,174,23.554810344827587,2.188909550809825,23.381598518827772,5.755761062007906
89,1,18,0.9055515873015872,82.83792857142856,0.24740445861896807,140,23.796085714285717,3.082229316735783,27.55643363312203,5.838819973978136
89,1,19,0.86943538647343,78.2904347826087,0.18614608154260273,92,23.161336956521737,2.774470385168969,27.679204853332834,5.882318558895382
89,1,20,0.8244017094017093,73.10269230769231,0.17321588246195924,78,21.65228205128205,2.297150758597617,27.346093320765604,6.210648715664757
89,1,21,0.8636805555555556,79.3105,0.21519257651840354,20,22.14635,3.040739076969697,26.583093071884395,5.2100728789327455
89,1,22,0.8271180555555555,79.96375,0.19821825045290417,8,24.0635,4.317057926743298,29.76782870466027,5.348888536696933
89,1,23,0.6809920634920635,70.36142857142856,0.06323189918594856,7,23.331142857142854,0.7201267084273975,34.51847275674542,3.467999498235923
90,1,0,1.2723765432098766,67.39333333333333,2.029332207556426,18,17.42877777777778,1.6665411717458969,24.227449439203202,9.444234471546109
90,1,1,0.5640833333333333,58.61333333333334,0.14698281969989083,30,17.754733333333334,4.054093001445306,32.08178463994593,4.122701745124148
90,1,2,0.5467258230452675,59.86740740740741,0.16237340326539298,108,17.70537037037037,3.466535588024319,33.244261890623235,4.603922103119439
90,1,3,0.5086961931665321,61.012893462469734,0.10270505002902731,826,17.422033898305084,2.7471527389227433,34.82549288310936,4.41216221540708
90,1,4,0.5164598264805733,63.3448057336854,0.09396212117232193,2651,17.46670690305545,2.1744076788137936,34.38061281648818,4.343483908578158
90,1,5,0.49825629084967316,61.569317647058824,0.09789692444621707,3400,16.321748529411764,2.5680605340869844,33.27005408061936,4.247033161774249
90,1,6,0.47957665299527713,58.71696308724832,0.0848124900207458,3576,15.231896812080537,1.7691765825937862,32.28510660949942,4.063529404717023
90,1,7,0.48460576923076926,59.263244755244756,0.10179993231481362,2860,15.191125874125875,1.763228533508903,31.98840966631729,4.114380557457318
90,1,8,0.5121552386440027,60.44266637856525,0.10540458364683458,2314,15.189990060501298,2.1601686585259348,30.34237509729082,4.455150793075211
90,1,9,0.50997186888454,60.3212915851272,0.09250650387634587,2044,15.0023698630137,1.7214307587761626,29.988814324914127,4.178037977054924
90,1,10,0.5379620712204982,61.353434991974325,0.10449684512476852,1869,15.132021401819154,1.7495999966746647,28.76641638576452,4.310549234416018
90,1,11,0.5790095113572271,62.58671896631288,0.11555135090306534,2167,15.207793262574988,1.7313684991005147,26.928333994357395,4.323398444733545
90,1,12,0.6094698764399851,64.33613294314381,0.137668149711567,2392,15.297266722408025,1.9518252566854792,25.853196143096845,4.519893161405267
90,1,13,0.6579789504036909,66.95129757785467,0.15777988199657533,2890,15.348513148788928,1.9004415185388035,24.200497192233467,4.807605361960073
90,1,14,0.7669174200733753,70.78977594339624,0.19691802596825095,3392,15.505814858490567,2.144029552187203,21.273242916804975,5.1441995201689705
90,1,15,0.9046112667773627,75.65495641344957,0.2644906407100301,3212,15.733094333748443,2.2389467715947458,18.63879026669496,5.325314912433732
90,1,16,0.9879750233426704,78.84140565317036,0.5330195623140193,2618,15.808729564553094,2.4907119940120857,17.433436787487715,5.383820719300246
90,1,17,0.9177539603411986,76.72194416749751,0.26616752775238667,2006,15.971186939182454,2.5672408893574716,18.695663670747823,5.52477397452548
90,1,18,0.7829749220845111,71.94946510110894,0.22119177268757553,1533,15.92994390084801,2.4147283673810285,21.626516380792392,5.757415819980849
90,1,19,0.6824075957951847,64.80621566632757,0.754371386243752,983,15.528111902339775,1.9873974173761575,24.5603222728786,5.28652526598304
90,1,20,0.6130477963997517,61.08828677839852,0.13604834205454205,537,15.379353817504654,1.9341311688484204,25.97183649763938,4.9590346344095515
90,1,21,0.5710650474595198,62.02145728643216,0.13394561577937408,199,15.275070351758794,3.559220362802116,27.274000738650805,4.413992608832187
90,1,22,0.5601436781609196,60.734655172413795,0.11584849846945128,58,15.26596551724138,1.8420583163665971,28.06068171459742,5.142716625975473
90,1,23,0.8024014336917562,82.30806451612904,0.3715906440296718,31,20.355967741935483,10.51039925814388,26.296977013766625,7.718587915541562
91,1,0,0.7706944444444445,65.06,0.03437324630767943,2,26.849,0.3379970414071708,34.86230604845599,1.116309579564028
91,1,1,0.93375,81.815,0.13140401017050005,2,26.104999999999997,1.0960155108391505,28.32018167659892,5.159197806587805
91,1,2,0.7647037037037038,75.39266666666667,0.11963239488507148,15,26.057266666666667,2.7498092522590585,34.84086605937539,6.433106158218527
91,1,3,0.7622222222222222,79.31742857142858,0.09866704204132798,35,26.220314285714284,2.38556676915236,34.860929318023594,4.81597419947948
91,1,4,0.7686793372319688,79.73280701754386,0.15647250718442315,57,26.166894736842103,2.6655376413198955,35.07814447266384,6.647526287850474
91,1,5,0.7744250645994832,80.5879069767442,0.10326214684270568,43,25.93660465116279,2.896858652793325,34.094420182977125,5.81220477860066
91,1,6,0.8176851851851852,87.87743589743589,0.21831149851881762,39,25.933435897435896,5.494807255825946,32.58282454743781,6.282007533091551
91,1,7,0.9006231231231231,94.2872972972973,0.260787734853573,37,26.793945945945946,5.100823250253858,31.01243980059504,6.583801486435539
91,1,8,0.8927598566308244,89.2783870967742,0.18244549238832472,31,26.321129032258067,2.9017264486501317,30.525344048189172,6.154428338160584
91,1,9,0.8895878136200717,85.9258064516129,0.17849110176792535,31,26.445483870967742,2.503342830043697,30.813758064937876,6.24351098389982
91,1,10,1.0114181286549708,89.06368421052632,0.32712759712990486,19,26.649,3.555373507492255,27.882975750041048,6.653784033220201
91,1,11,1.0239583333333333,93.78333333333335,0.26960275057191463,24,27.651791666666668,7.087317251561083,28.209542039766916,7.140294228248057
91,1,12,1.088921188630491,94.39860465116278,0.23717311122946522,43,26.089325581395347,2.384006998241269,24.986717505961032,5.537514169960321
91,1,13,1.1206944444444444,98.89,0.3331647302681942,30,27.006899999999998,2.081735008310997,25.96361933368814,6.918791700712066
91,1,14,1.1255555555555556,96.80815789473684,0.3031979961315567,38,25.697447368421052,2.3518933568552627,24.524168419951636,7.031028890337027
91,1,15,1.2929838709677417,98.96419354838709,0.37374075932905376,31,25.12758064516129,2.7631084642022716,21.38433498711917,7.6076481984137345
91,1,16,1.2376488095238096,100.35321428571429,0.34723370748200566,28,25.565214285714287,2.3020181702333833,22.571082905687952,7.637591075896061
91,1,17,1.1254504504504503,97.29135135135135,0.2801539139435773,37,26.36262162162162,3.4162136394889933,24.550083806224187,5.5637403657025075
91,1,18,0.9872685185185186,89.29733333333334,0.2042556376025105,30,26.530700000000003,2.166689611461179,27.80469456338044,5.2918344441330385
91,1,19,0.9549888888888889,93.314,0.19040065105406204,25,26.493479999999998,2.834395998562422,28.633840242658845,5.701357246271274
91,1,20,0.8108730158730159,99.97142857142856,0.11276049271975064,7,26.613,0.6573073862356937,33.29112771894355,4.037521193714468
91,1,21,0.8140277777777778,86.9,0.18875822686674226,2,26.775,0.3323401871576803,33.849358677507944,8.257316636110437
91,1,23,0.7413194444444444,76.0525,0.060523001358290515,4,27.53275,1.352958579065399,37.24082458637379,2.0599746257125893
92,1,0,0.8719791666666666,87.22625,0.20414182645023388,8,29.37125,5.033960206154083,35.464589718812846,10.792868727599728
92,1,1,0.8662777777777778,100.426,0.13495091046870178,15,32.70033333333333,4.523065769185869,38.395524265857475,6.874271592563158
92,1,2,0.924765625,96.6865625,0.39531347117031657,32,29.58565625,4.994604906130891,34.43341704635278,7.8150043183748155
92,1,3,0.7827849927849927,86.28311688311689,0.1261594776608519,77,28.077636363636366,3.694114949587459,36.45971399543471,6.148171219508965
92,1,4,0.8028357487922706,93.05669565217391,0.12401379694166219,115,29.11006956521739,4.145185029035832,36.94937663439134,7.151569663516332
92,1,5,0.8529950495049505,91.83019801980198,0.1222869058885322,101,28.646346534653464,4.312413786815091,34.24946634268503,7.071850037796196
92,1,6,0.9313684640522876,99.92389705882353,0.1757969918443145,136,27.99658088235294,4.463820326191535,31.11122962757814,7.4799422739277786
92,1,7,0.9998689727463312,97.98018867924527,0.2457256294347858,106,29.0995,4.993750496751867,30.70529514849028,8.247168224742202
92,1,8,1.1274361430395914,106.29252873563219,0.29022357931875203,87,30.4983908045977,5.23241194629479,28.974631473563935,9.120586841630136
92,1,9,1.0474305555555556,105.72086956521738,0.24267684825939861,92,29.631489130434783,4.7926950652938,29.662584764227873,7.991963823042472
92,1,10,1.1504239766081872,104.55263157894737,0.23137207602872326,95,29.562273684210528,5.028148805839163,26.75256144049213,7.177560862203123
92,1,11,1.1949643221202852,109.57128440366972,0.23293887850769748,109,30.56575229357798,7.6323370130429895,26.3449852084341,6.890638011072863
92,1,12,1.240042408821035,107.7242748091603,0.2611854651210634,131,29.269137404580153,4.771105412574514,24.586586913918797,6.481808165506037
92,1,13,1.2670302619692864,108.27170731707317,0.294932792886748,123,30.078048780487805,4.695549493592981,25.031618265746207,7.2930092907685475
92,1,14,1.4340329991645782,116.593007518797,0.34564441617305525,133,30.52642105263158,5.047883550214201,22.660246750443537,7.101175740135978
92,1,15,1.563675645342312,124.71424242424241,0.434786343152217,99,31.73649494949495,5.299830028798839,21.998957596469467,7.651027729963028
92,1,16,1.4750328947368423,117.9582894736842,0.44974296721330703,76,32.54917105263158,5.35800523177089,23.793050044600548,7.279956234976455
92,1,17,1.2654783950617283,112.31,0.3384857341250681,72,31.33055555555556,4.390707530294909,26.55118053084259,8.128290440455533
92,1,18,1.2325854700854701,104.4026923076923,0.6037263340113523,52,30.823557692307695,4.576236973731103,27.37855782869462,7.9559320890651986
92,1,19,1.0392795138888888,101.69562499999999,0.17283547682077427,32,30.48259375,4.923917132366395,30.215393457761138,7.219839214408646
92,1,20,0.9758829365079366,97.41821428571428,0.1949336886414766,28,28.457178571428575,4.289120656261405,30.17739109189233,7.504494499949014
92,1,21,0.9134722222222222,96.917,0.10093350719062388,10,27.808,4.282387184737037,30.83623717046526,6.188038685751032
92,1,22,1.3607407407407408,111.83999999999999,0.5556691735670379,6,29.275000000000002,3.7302516805170147,23.50242482570195,6.3083754399687
92,1,23,1.1401041666666667,106.46625,0.25973934403711146,8,33.44675,3.862940987308579,31.268595587127844,10.410669789559657
93,1,0,1.055925925925926,204.09333333333333,0.11082230985744669,3,31.956666666666663,3.9612413879153245,30.25366332680382,1.8321111500397085
93,1,2,0.8297222222222222,109.525,0.21684607956387456,2,31.758499999999998,8.732061640872674,38.20561334452765,0.5391252129906172
93,1,5,0.9815972222222222,113.6275,0.26610921430933054,4,30.6125,7.0910430591462825,31.604308498353095,4.980323235741614
93,1,11,0.9623888888888888,110.78600000000002,0.25401138243670773,5,28.224,4.651970550207729,31.848113289469573,12.42392854666522
93,1,12,1.1595,106.69200000000001,0.3086526374701567,5,30.8454,7.827051858777993,27.94907776752576,9.992346666029505
93,1,13,1.253888888888889,124.34,0.1432488805176059,7,27.925714285714285,5.888785548659013,22.565437715642435,5.645885015513484
93,1,14,1.4041851851851852,132.26866666666666,0.36210643457255454,15,28.802200000000003,5.380436097566813,21.956522180203116,7.503263140576335
93,1,15,1.5145410628019322,128.29,0.31745553000225063,23,30.036521739130436,4.880934112065446,20.71050019908944,5.72541493614008
93,1,16,1.3795370370370372,132.29791666666668,0.37630669340372797,24,29.652416666666667,6.091255820519648,23.38997215528768,8.98499777301878
93,1,17,1.2638333333333334,131.09866666666667,0.20154556576458107,15,34.30446666666667,5.384217742182989,28.072379217774326,7.386388743965629
93,1,18,1.113587962962963,123.37916666666666,0.18277526242218323,12,29.644750000000002,5.567616808996305,27.05587318729643,5.534994632058347
93,1,19,1.17375,117.532,0.2429211533160401,10,31.455099999999998,5.191174400418036,28.33670619745168,9.144047778838397
93,1,21,0.7849999999999999,126.725,0.0043212081072510535,2,31.455,3.1607673119038666,40.08175323419092,4.247094151506105
93,1,22,0.9656111111111111,127.2,0.1484188008040045,5,32.7,4.9199542680801445,34.33243493319461,6.332402443978429
93,1,23,1.1165740740740742,147.72,0.1139506381833241,3,28.55,2.825331838917332,25.627893848671807,2.1236220044050356
94,1,2,0.587037037037037,74.83666666666666,0.047464953499393496,6,25.65216666666667,0.7129096483192424,43.9230360004442,3.5539740619692117
94,1,3,0.6512326388888889,74.11749999999999,0.09987322049641288,16,25.8705,1.035380123432935,40.44348198624607,5.228641178295321
94,1,4,0.6225292397660819,74.3021052631579,0.06266725868848783,19,25.973157894736843,0.7524402717645421,42.06134845647977,3.796225266640475
94,1,5,0.6557592592592593,75.69466666666668,0.0794054784744591,15,26.321866666666665,1.3572629425568552,40.561771968716734,4.153689031065547
94,1,6,0.7457777777777778,83.81666666666666,0.14197023186997126,15,27.6362,3.284137290500679,37.55644496716083,3.743499883721722
94,1,7,0.6801111111111111,72.808,0.05512422838966144,5,26.407400000000003,1.1697772437519898,39.03345251479227,3.6656680406654214
94,1,8,0.7188888888888889,78.26833333333333,0.11143937620025174,6,25.266499999999997,0.6329327768412689,35.798773470797656,5.189100407592147
94,1,9,0.747550505050505,86.55454545454546,0.19524931901771103,11,25.943454545454543,1.0401597342366582,36.26357594844066,6.733183593091586
94,1,10,0.8177222222222221,83.52000000000001,0.18236649522389498,5,27.688,3.9823950080322246,34.27694500601223,2.83535501098104
94,1,11,0.8692283950617283,86.23888888888888,0.18660138459246334,9,26.11411111111111,1.4816730783513317,31.14135052347433,6.041248402289469
94,1,12,0.84875,112.155,0.06407240149818681,4,26.698,0.5506384173544986,31.58132526593355,2.3112102524973444
94,1,13,0.8769135802469136,91.59666666666666,0.10689595261046747,9,26.169444444444444,1.0702582762014867,30.132583824567387,2.8533476566401728
94,1,14,0.9037777777777778,88.441,0.13373404293104701,10,25.6961,0.5762916796206597,29.010785197589236,4.402263368612786
94,1,15,1.2121759259259257,95.63666666666666,0.46488138725712275,6,26.00266666666667,1.943004546229026,23.57812445505537,7.051985197075344
94,1,16,1.1494444444444445,101.45857142857143,0.22701067758285182,7,26.456285714285716,0.9992913679679409,23.82708932761984,4.90698876929374
94,1,17,1.0385185185185184,93.47,0.2011672197301159,15,27.142133333333334,3.341284844116678,26.849323674530503,4.776669135636252
94,1,18,0.8874166666666667,81.547,0.2157722934326108,10,26.801,3.2808178180989502,30.95891919879016,4.225626622016384
94,1,19,0.7301111111111112,77.05199999999999,0.05414479615454547,5,25.574,0.9486200503889866,35.13585350462373,2.1369201566771454
94,1,20,0.8620833333333333,76.78999999999999,0.17775878804828485,2,25.945,0.7141778489984116,30.66212062515196,5.493997354067379
95,1,0,0.7731944444444445,90.61749999999999,0.0337554293758157,4,30.31125,4.735174011234083,39.270456514876955,6.3255895825945485
95,1,1,0.8922222222222221,87.28636363636363,0.1675669665286238,11,28.09718181818182,4.925811746670427,32.51113894330977,8.586965846306343
95,1,2,0.7655409356725146,82.20210526315789,0.08732053286745092,19,26.748315789473686,3.423103108984134,35.16547267961947,4.45790639106421
95,1,3,0.792820813771518,85.4781690140845,0.09452252430591628,71,27.132478873239435,4.19568825227299,34.39092784758397,4.873706041708001
95,1,4,0.8397287326388889,86.19546875,0.12643591735995488,128,27.660703125,4.283837063884599,33.38361235528914,5.932592550601329
95,1,5,0.8269358311800172,90.42937984496123,0.1282198954981005,129,25.65315503875969,4.1730900617258655,31.365877581409148,4.886327562423785
95,1,6,0.9107947530864197,89.83046296296297,0.1338894245708129,108,25.296388888888888,4.032986611213894,28.34796520643868,6.032406107610579
95,1,7,1.015632911392405,95.10063291139241,0.20745185282928058,79,25.332683544303798,3.7752164330698452,25.835813039636594,5.71863298725233
95,1,8,1.1298170731707318,98.68951219512195,0.22467724286977794,41,26.96790243902439,5.548516102548851,25.0561051427546,8.100152675219446
95,1,9,1.067863247863248,97.77871794871794,0.17784614860631384,39,26.90569230769231,5.709760996720976,25.619494054715034,5.693905742431085
95,1,10,1.0876440329218107,101.06925925925925,0.18054303655432735,27,26.279074074074074,5.201156083957354,24.708116847123023,6.04677266270978
95,1,11,1.1845861678004534,100.01040816326531,0.19852486247633575,49,25.98071428571429,4.641575114297587,22.4773006004013,5.260904998190572
95,1,12,1.2229192872117398,104.53018867924528,0.2783682432783307,53,27.138886792452833,5.18243480667139,23.074017360404714,6.231499771466808
95,1,13,1.274268635724332,103.7506329113924,0.23839038615940533,79,25.979151898734177,4.355754611205874,21.048711624189327,5.2358236493920804
95,1,14,1.5082683215130026,111.99872340425532,0.37917267955882783,94,27.054425531914895,5.836337171584279,18.834823500366316,5.7921167297412
95,1,15,1.5502165032679738,116.2835294117647,0.35663233137838773,68,26.575779411764707,5.0682002364924115,18.103909280380403,5.7273400851267375
95,1,16,1.5355082742316783,109.12595744680851,0.4081428181176802,47,27.700617021276596,5.630861894614866,19.685559713225643,7.9680864288643125
95,1,17,1.2672739018087855,108.73,0.23051099409845305,43,28.001767441860466,5.639769316614734,22.829773276125966,6.248359129515012
95,1,18,1.2235482180293502,101.89547169811321,0.23271131122691607,53,27.57645283018868,5.963394614601905,23.501814232043365,7.503812851406794
95,1,19,1.0706908831908832,97.63615384615385,0.2350270337522019,39,25.811205128205128,4.3186862292008215,24.992834600849225,5.783413044366568
95,1,20,1.0017888888888888,91.1632,0.15385673467393865,25,25.176399999999997,3.4229279498698175,25.586816024404065,4.546155893525709
95,1,21,0.9448232323232323,84.17363636363636,0.13063716555241475,11,26.917636363636362,6.612040853968269,28.71718618197876,6.260482804114746
95,1,22,0.9728472222222222,107.7775,0.11770358752587319,4,24.208750000000002,2.2046577020783373,25.096962288065754,3.0574674133766973
96,1,12,1.5580555555555555,117.015,0.29187796578978054,2,27.9075,9.125213011212397,17.673273969071364,2.5459770944174918
97,1,0,0.7656666666666666,97.236,0.18102935697399952,5,24.658399999999997,6.309754694122426,32.09643792647997,3.360335153954711
97,1,1,0.6610493827160494,62.193333333333335,0.174033030523823,9,20.53622222222222,4.573302930535484,31.75280871919459,5.9260629506027875
97,1,2,0.6604103535353535,68.885,0.13819899053247806,44,21.96668181818182,4.39867603110737,33.53875599044853,4.926522468539149
97,1,3,0.6747457158651189,67.84985074626866,0.17677253942648724,201,22.226358208955222,4.408178627397577,33.61757486878108,5.578445417405332
97,1,4,0.6627684637300022,70.87041420118344,0.13525175759359565,507,22.052110453648915,4.499884117483452,33.72027725494963,5.570772166574959
97,1,5,0.6119156184486373,68.21712264150943,0.1153731952611401,636,18.596801886792456,4.044637843308595,30.636637634422357,4.897488146670039
97,1,6,0.6080392689106044,66.40504885993485,0.11817726982739576,614,17.226483713355048,3.3091497735885276,28.691030393845082,4.142433321804766
97,1,7,0.6218977777777779,66.30802,0.11747332614186558,500,16.878936000000003,2.718094003143351,27.591996010695716,4.1109359932214575
97,1,8,0.6588570950468541,70.94816265060241,0.14932413165049094,332,17.02491265060241,2.724950983492668,26.457468581591655,4.475481041677502
97,1,9,0.6729492675955698,64.1247266881029,0.12582454995004322,311,16.36249839228296,2.000491758695923,24.861631778290338,3.78752266232107
97,1,10,0.6931333333333334,65.86808,0.15062782037100866,250,16.428068,1.9245597001740777,24.350191482881094,3.9565797712448387
97,1,11,0.764092069100903,68.18240282685512,0.1860017759171844,283,16.325024734982332,1.5815122250004028,22.202679541235657,3.960085442227013
97,1,12,0.7766332681655262,68.92448680351906,0.18899673852433344,341,16.648797653958944,2.377002808183474,22.14281226517082,3.9085806401006264
97,1,13,0.843756118453255,72.56266519823788,0.21614251395305978,454,16.580777533039647,2.1000400440473257,20.541209476937283,4.287639152186887
97,1,14,0.969855612927902,75.76913941480207,0.29791317684600876,581,16.681598967297763,2.6923564347341,18.207251753144035,4.296304908481128
97,1,15,1.1045486111111111,80.5079365079365,0.3294849372558454,504,16.80875992063492,2.3067963179237303,16.24934591549245,4.273619524170597
97,1,16,1.1533208422555317,82.38029978586724,0.3570755141919959,467,17.19509421841542,2.8542580193264326,16.096657954621524,5.032632294980391
97,1,17,1.0664196525515743,79.26628664495114,0.285740297842455,307,17.05457328990228,2.8324800866919553,17.00316614317387,4.835840004233976
97,1,18,0.9456433292028088,76.20587360594796,0.25450199004947327,269,17.133130111524164,2.818840301162092,19.22194559886384,5.205067110023601
97,1,19,0.796828165374677,70.35168604651163,0.20671072670410587,172,16.83445930232558,2.686590256972643,22.009549286168518,4.544295997365912
97,1,20,0.7252111111111111,63.46048,0.1562140496276672,125,16.698448,2.639004970279762,23.66182105729622,4.2394060868731565
97,1,21,0.6925487329434697,60.937894736842104,0.15032644814877513,57,16.294894736842103,1.9395552112000405,24.15957937558922,3.8668756749907973
97,1,22,0.7381547619047619,70.00571428571428,0.20928819942169558,14,17.939214285714286,3.3568845029184518,25.37400769344213,5.667201834656596
97,1,23,0.9654166666666667,107.03333333333332,0.16971251563441916,6,23.572666666666667,3.101373029267306,25.085586130366554,5.389581533053908
98,1,1,0.7526851851851851,80.92333333333333,0.08413747813155233,3,31.876666666666665,6.75791634554123,42.91540437200575,11.94825915278588
98,1,2,0.7888888888888889,80.63333333333334,0.06719294587461278,3,28.77433333333333,0.9994720272890747,36.64470871301429,3.235933843182816
98,1,4,0.7966203703703704,91.51166666666667,0.07462117508986302,12,31.25975,4.857961752254092,39.41865542901672,6.226995891236146
98,1,5,0.9299206349206349,106.79285714285713,0.09788027486136873,7,28.858571428571427,3.8744351354807343,31.438886961305222,6.353137906927999
98,1,6,1.0322569444444443,92.60125,0.23633847304785685,8,30.769875,6.016565713273881,31.047379340425355,8.387921069614022
98,1,7,1.0625,105.58666666666666,0.14945683550447725,3,31.801,5.8325211529835,30.091811224498787,5.362503411887756
98,1,8,1.1953125,122.11625,0.2835022620240468,8,32.98925,5.426748980743443,28.98153857102056,8.003965628159902
98,1,9,1.1917129629629628,123.35333333333334,0.10933855800901028,6,29.165499999999998,5.394977803476117,24.98618853717058,7.429629311375136
98,1,10,1.2551851851851852,101.54,0.05809762785295054,3,31.052333333333333,6.468724784169853,24.93428825744267,6.415661696989256
98,1,11,1.1571111111111112,117.45599999999999,0.10414529410372145,5,26.992,0.7469404260046445,23.49403874997556,2.437722621953721
98,1,12,1.3029166666666667,116.75625,0.1690910965775518,8,33.191625,6.502437651428445,25.72511420825887,5.540653775929227
98,1,13,1.5575,131.51555555555558,0.3595282349100427,9,32.635333333333335,5.167937330308873,22.265645284822877,7.8141489533344135
98,1,14,1.7133730158730158,132.58428571428573,0.5784199028977092,7,31.86285714285714,6.016839464607407,20.888261429674063,9.211531623410274
98,1,16,1.8281018518518517,132.76333333333332,1.0134440031042582,6,29.406333333333333,4.039894536577243,21.5536615293374,15.302848924583671
98,1,17,1.1164583333333333,103.92,0.17855060247457283,4,36.6545,4.999998766666514,33.24942391877977,5.897617138745518
98,1,18,1.165486111111111,111.105,0.05170914969859246,4,30.92,6.200263435263594,26.50026147225338,4.949204532598581
98,1,19,1.0124305555555555,128.39249999999998,0.09646727387038334,4,38.707499999999996,1.0049004925862084,38.58420756613836,4.952710532950782
98,1,20,0.8941666666666667,87.046,0.05514326179133452,5,34.528200000000005,7.629718422065128,39.07442690141089,10.673819935938589
99,1,3,0.3064814814814815,38.443333333333335,0.05688298399620714,3,11.868333333333332,2.350033687701802,39.388509941081686,8.931971762066551
99,1,4,0.29666666666666663,39.405,0.012177950120434985,2,10.635,0.02121320343559723,35.88001189825413,1.5443534786061188
99,1,5,0.45319444444444446,38.46,0.013945717073401335,2,18.5285,6.196376723537715,40.69311558740883,12.420456860676547
99,1,6,0.4215740740740741,45.29666666666666,0.07814549319695847,6,13.233333333333334,1.855755012566763,31.76444657655028,3.795736518258535
99,1,7,0.4921111111111111,47.688,0.13712963588166138,5,13.883,1.4353118128128122,29.227540550998054,5.173581740727509
99,1,8,0.40238095238095234,48.145714285714284,0.052992219599073666,7,14.052000000000001,1.462134854701622,35.117555956747466,2.8701493614876616
99,1,9,0.3841666666666666,48.193333333333335,0.044683385483550865,3,14.554333333333332,0.43486243035393785,38.148856488051884,3.4772408891169437
99,1,10,0.38685185185185184,42.38,0.11744920537671338,3,12.865666666666668,2.1405644894123914,34.33497488780036,6.7229543399948986
99,1,13,0.45375,48.835,0.03594459471031615,2,15.235,1.1808683245815337,33.57803417357469,0.05747769687438827
99,1,15,0.40791666666666665,47.015,0.0170884138786749,2,13.205,2.453660530717319,32.274135338345864,4.663076809346593
99,1,16,0.4061111111111111,47.99333333333334,0.06834010806525236,3,11.603333333333333,0.29280255007997036,29.059456583302502,4.411519328837763
100,1,0,0.638241792929293,65.59761363636363,0.2592710521911615,88,18.182568181818183,4.425743545025207,30.790482054776934,7.482548909815246
100,1,1,0.5569376693766938,60.088780487804875,0.17616164909907409,123,17.625601626016262,3.664495733295591,33.01733948193536,6.7352987214312625
100,1,2,0.5108236111111111,59.8142,0.13786754388712896,200,17.25346,1.9792499209670928,34.96708943971907,5.541587020321379
100,1,3,0.48170933036542385,63.56106844741236,0.0994375179692996,599,17.116901502504174,2.0814654469075347,36.29074354212521,4.984032094867402
100,1,4,0.496021268793546,67.30756600660067,0.10339857385966446,1212,17.24462376237624,2.47025221057374,35.49802969647371,5.174173585884011
100,1,5,0.5103805352258446,65.95923486360611,0.4632725415529559,1503,16.79405256154358,1.4835951720014149,34.233407318491686,4.99654368205234
100,1,6,0.5227095769946722,66.17055459272096,0.41126111274788807,1731,16.58961062969382,1.852864887743779,33.0061462049966,5.152950042751147
100,1,7,0.5244111491628615,65.51628424657534,0.09395415641146102,1752,16.53354908675799,1.6750064561326243,32.291220424269355,5.460912142856321
100,1,8,0.5599748952463517,66.97742522756828,0.1394683510325572,1538,16.681330299089726,1.8592410475095327,30.794345929851218,5.804175330794742
100,1,9,0.5713509036144578,67.05930120481928,0.5826146723916751,1660,16.76788674698795,1.6237904195206614,30.97554965446902,5.625101449227629
100,1,10,0.5731825987406983,68.43362907842015,0.1172816350292913,1747,17.02836119061248,1.5014863191909178,30.659357476434405,5.532185958126566
100,1,11,0.5973410905256815,69.5209353818346,0.13026725209124312,2213,17.18591956619973,1.6960477971022845,29.78856000104521,5.630891076159273
100,1,12,0.6216148795017601,70.60936636880585,0.6594290421319694,2462,17.29402883834281,1.739494675854831,29.71490312075201,5.823814914974061
100,1,13,0.6311356584902905,72.93996714848883,0.15576042856045924,3044,17.309010840998685,1.742676000862941,28.666162240712865,5.997651303027268
100,1,14,0.7083944444444444,76.07696285714286,0.579339956858967,3500,17.476087142857143,1.9088311291544042,26.485686193045662,5.998359997747113
100,1,15,0.8303552793124617,80.01264886433394,0.614543241854042,3258,17.619119705340697,1.9131824040215566,22.99689823737575,5.878640965624827
100,1,16,0.9109616081130025,84.37513219847881,0.26318688950587893,2761,17.89529989134372,2.1761894107216273,21.13016129615609,6.015195854598024
100,1,17,0.8755991522858009,84.38944414168938,0.23949537606994892,1835,17.92671226158038,2.3018410364476107,21.923138385508594,6.149925073812915
100,1,18,0.7574568160597572,80.02696778711484,0.885596557879501,1428,17.8487675070028,2.1806563172448703,26.05404038784214,6.3440050023365515
100,1,19,0.6226845166466105,70.73728038507822,0.17041150708298006,831,17.387600481347775,1.6660145501034467,29.34886165590116,5.9837584193264695
100,1,20,0.5790284005979073,65.38818385650224,0.12392146404574607,446,17.067822869955158,3.2027808117485965,30.29192853553288,5.246935763212973
100,1,21,0.5768561921296297,66.22473958333333,0.13042601165824627,192,17.136244791666666,1.9041788510618878,30.75399544046887,5.856417557037572
100,1,22,0.5863443072702332,76.08641975308642,0.14912396875445516,81,17.693296296296296,3.468727689818143,31.087063506413685,5.39402543099367
100,1,23,0.6614181286549708,72.08543859649123,0.24812609359535437,57,17.9870350877193,3.1398327523982195,29.072671131619437,6.482635156925771
101,1,2,1.4144444444444444,138.745,0.9267027204550362,2,40.928,10.807420043655194,33.65618087936686,14.409794896812858
101,1,3,0.9560000000000001,89.372,0.16384822941963892,5,40.465999999999994,4.980390948509966,42.67272934257173,3.9001256444161485
101,1,4,0.8401388888888889,108.6475,0.08891854250743257,4,36.2295,4.897990166044299,43.60232306520177,8.314215997505444
101,1,5,0.9720987654320987,108.62333333333333,0.13058370789192597,9,34.181999999999995,4.123676272453986,36.12020082029882,8.829402933358336
101,1,6,1.0351388888888888,119.15928571428572,0.15463527955114692,14,35.12792857142857,4.4497630094938,34.55947906735646,6.015961257199645
101,1,7,1.1667460317460316,118.31857142857143,0.4478396564371215,7,34.77328571428571,5.144973654428359,32.604618130177215,9.24119891572534
101,1,8,1.086574074074074,125.27,0.30073807527098306,3,38.977333333333334,1.1122833871515523,37.616351104703305,9.669970707164428
101,1,9,1.1962037037037037,132.58333333333334,0.2046810099731322,3,36.29666666666667,3.549286313237257,31.281154597817633,8.30470570855962
101,1,10,1.2313888888888889,123.095,0.05578286829360534,2,32.84,2.206173157302024,26.655843148641267,0.5840833681188639
101,1,11,1.4521296296296295,128.995,0.29659204568529146,6,35.725500000000004,5.062691527241214,25.053444427130714,4.1428072809994205
101,1,12,1.3677777777777778,130.49666666666667,0.2821894119160584,6,34.35516666666667,5.0901634715072435,26.154629539264192,7.233871426287964
101,1,13,1.4580555555555554,120.97000000000001,0.37130348889311227,3,41.26266666666667,6.685822636993397,29.920079492734583,9.925200949502686
101,1,14,1.6660802469135803,121.64333333333333,0.42171239880747646,9,35.650888888888886,4.9361936105780035,22.739506796411778,6.813326809790774
101,1,15,1.6850925925925926,131.955,0.5484681998576982,6,39.183166666666665,3.89391861325666,25.175977485283777,7.199629643984064
101,1,16,1.63679012345679,146.9388888888889,0.5101676284201022,9,37.73111111111111,3.737764854978321,24.9932526979304,7.714138705857783
101,1,17,1.2965277777777777,143.8475,0.296602026873855,4,38.995,2.805833209583207,31.62209894047843,9.036431265778138
101,1,18,1.6194444444444445,135.07000000000002,0.3770963011889276,3,37.644666666666666,5.660120611200204,24.58563327413063,8.637025217880447
101,1,19,1.3250925925925927,122.64999999999999,0.31603425317037187,3,37.10633333333333,4.365211373270867,29.345433076214892,9.360602036549034
102,1,2,0.8495833333333334,99.99833333333333,0.07942671713637499,6,27.345166666666668,5.321756116797036,31.95802151636795,3.460029914459741
102,1,3,0.9018222222222222,84.19879999999999,0.14361932869246422,25,26.421120000000002,4.061854916168229,29.649015941079632,4.579908772088796
102,1,4,0.9177116402116402,79.8157142857143,0.14897665077123562,21,27.497380952380954,4.356786217800805,30.52764761375708,6.335576641065497
102,1,5,0.8681060606060605,80.44636363636363,0.059005494902862776,11,24.390545454545453,4.001325039624659,28.148889309776788,4.675459713737808
102,1,6,0.9453333333333334,85.35,0.1371415963897076,15,23.2638,1.746140200556645,25.03706924872456,3.7207932651527895
102,1,7,1.0690555555555554,89.10900000000001,0.25178550324303234,10,21.8423,3.157927521861978,21.252670386482514,4.693528478066648
102,1,8,0.9941944444444444,87.386,0.17763209935962612,10,23.0433,4.380287384027064,23.967257285095577,6.226728992937161
102,1,9,1.1185185185185185,94.12,0.1625304023475079,6,23.38933333333333,4.46468752172721,21.400799024393866,5.527274777653528
102,1,10,1.1547222222222222,108.26777777777778,0.24319254076290261,9,24.501333333333335,5.361733022074112,21.500279148196377,3.483740990068261
102,1,11,1.1633888888888888,91.019,0.2120574064290119,10,22.6333,2.3966395014686706,20.06823245173466,4.451794473787683
102,1,12,1.2831565656565658,97.4190909090909,0.26293905882009744,11,21.804727272727273,1.7451028675071916,17.554962356337096,3.5080204405856645
102,1,13,1.3777777777777778,107.27499999999999,0.2757658118783938,14,23.329857142857144,2.9412640102551117,17.44636804352485,3.4894771524981563
102,1,14,1.5041161616161616,107.83181818181819,0.5883610949564573,11,25.626545454545454,5.683969464443601,19.1394985064277,7.884949914525915
102,1,15,1.4530555555555555,110.78999999999999,0.3780158563530384,8,28.438499999999998,5.691944458116727,20.895556655080405,7.166832217135465
102,1,16,1.5117777777777779,116.47200000000001,0.37749256662891034,10,25.958500000000004,5.317691505197012,18.241386923238814,6.185408147377112
102,1,17,1.287857142857143,100.0442857142857,0.2649304840437608,7,24.601714285714284,4.543822205819152,20.118132250788555,6.838324084464091
102,1,18,1.239976851851852,101.27833333333332,0.22832818625565113,12,25.952916666666667,5.523570032281219,21.435484979764542,5.997473290928353
102,1,19,1.08,78.758,0.15814028734041727,10,23.021300000000004,2.266428470327513,21.77304983681911,4.065524942310113
106,1,1,0.5447222222222222,65.765,0.02710575994548432,2,21.405,1.491995308303615,39.412199668815546,4.700180802254004
106,1,2,0.7628472222222222,66.31,0.18898042104153817,4,21.791,2.0954232667092993,29.51464105457008,5.304712572756713
106,1,3,0.5535084541062801,66.9645652173913,0.07543300606701338,46,20.97804347826087,1.9889926870601464,38.44119853405466,5.400634369112285
106,1,4,0.57694234006734,65.9778787878788,0.09360483764344917,132,21.040416666666665,1.6503862469115866,37.23946269203811,5.79708179411815
106,1,5,0.5897287581699346,66.18335294117647,0.09677038780614657,170,20.246829411764704,2.6627598776445724,35.1109051920882,6.769961207576151
106,1,6,0.6142356185973207,67.49148936170212,0.08961726105425925,141,19.677028368794325,2.576600412346422,32.76169947810592,6.669445998628786
106,1,7,0.6527719092331769,68.1062676056338,0.12619948298135303,142,19.951457746478873,2.498506389636225,31.77674973129829,7.513599336461689
106,1,8,0.7002592592592592,71.08170370370371,0.17571474508928117,135,20.33514074074074,2.225018045081825,30.655738061286947,7.451194093211092
106,1,9,0.67811753902663,68.92305785123968,0.13205237051700597,121,19.910512396694216,2.5797648346173676,30.534347485250056,7.349938182652463
106,1,10,0.7151884920634921,70.59809523809524,0.1193506306401449,84,19.429214285714288,2.552750192222075,28.2796691984916,7.53941265362005
106,1,11,0.7221375661375661,69.30590476190476,0.14783733037393346,105,19.636076190476192,2.5118813424910376,28.670716176027806,8.14986615108843
106,1,12,0.7786159844054581,72.0678947368421,0.1800677852204398,114,19.73011403508772,2.548193212964381,26.84570184288109,7.635896843660638
106,1,13,0.8210925925925926,74.55161904761904,0.19294578624177922,105,19.965476190476192,2.6243173658014167,25.88288500794482,7.694168690854261
106,1,14,0.8390537634408602,74.46593548387096,0.23545525942201495,155,20.239303225806452,2.5847016742981,26.358640494748112,8.759192340344358
106,1,15,0.9690616797900263,77.5796062992126,0.28506829943602013,127,20.17679527559055,2.3650261965010517,23.057044406700005,8.428805195863925
106,1,16,1.0115780141843973,81.46372340425532,0.37481195385326793,94,20.973414893617022,2.4693649020670763,23.452386334886597,8.373030781497535
106,1,17,0.9176863143631437,82.60597560975609,0.27561015037454545,82,21.221743902439023,1.9694997974416895,25.262960031136323,7.786334725250335
106,1,18,0.7343036529680365,74.95904109589041,0.194780645873882,73,21.363260273972603,1.8422401522436787,30.652392730596635,6.844902213017512
106,1,19,0.6925389863547757,71.55491228070176,0.19944614005472364,57,20.77535087719298,2.2187870358375994,31.861476495834975,7.567622787259388
106,1,20,0.6488683127572017,64.47037037037038,0.09368634039737711,27,20.846925925925923,2.046594449434435,32.83608542075325,5.829096330636245
106,1,21,0.6378055555555555,73.079,0.10186552517647345,10,20.5305,2.2462878142491993,33.11205507322027,7.092007957926661
106,1,22,0.6880555555555555,71.0275,0.17264032283901365,4,20.399250000000002,2.313322484364571,31.434071140100972,9.524173334513852
107,1,0,0.7885648148148148,73.08749999999999,0.35564398429508476,12,19.263583333333333,3.111793328564249,26.55405229354024,5.867589220717119
107,1,1,0.6312719298245614,62.2721052631579,0.14971229598413013,19,19.228473684210527,4.078894667382616,30.769802189913207,3.23428083338624
107,1,2,0.5644983818770226,59.03058252427184,0.07933375001275521,103,17.842990291262137,2.01070336193799,31.917778387175787,3.543654698875901
107,1,3,0.5688646788990827,62.63816513761468,0.09520427839855079,654,17.808899082568807,2.2250267659623257,31.71307472949653,3.8114153750336124
107,1,4,0.578032571221194,66.15003810560697,0.09885279022476479,1837,18.072922700054438,2.3362593823094366,31.685401443393516,3.8631186757322284
107,1,5,0.5633256612596814,63.93923717667689,0.10183186449839346,2281,16.692552389302936,2.3215352835574996,30.06470665879063,3.7988307756447695
107,1,6,0.5510439752420884,61.40842318059299,0.5011203374356256,2226,15.523791554357592,1.6883232830212223,29.114277125677688,3.543000076455361
107,1,7,0.5506865917888191,62.10874928612221,0.10699677432351602,1751,15.574912621359223,1.8622986793792635,28.765602589968992,3.5156317611301797
107,1,8,0.5691540209190672,64.22348765432099,0.10257816085059634,1296,15.523715277777779,1.7182291624745507,27.739736646237233,3.478986526028788
107,1,9,0.5784719019557606,62.23126056879323,0.11708254459495222,1301,15.290339738662567,1.8061093713869967,26.94183059964663,3.4879904888119473
107,1,10,0.6039147169046896,62.89515041020966,0.1128657907912144,1097,15.327792160437557,1.634294619658155,25.869815790074984,3.4848317660094734
107,1,11,0.6617295263390881,65.86156175298804,0.12429550518184704,1255,15.473317131474102,1.9015946673602009,23.864584647903616,3.4667810662704284
107,1,12,0.6971483730694258,66.32035087719298,0.1508801638430609,1482,15.573993252361673,2.03634283137582,22.868953407520575,3.528153561637156
107,1,13,0.7558957305614282,70.2813266384778,0.1549140717092747,1892,15.67800845665962,1.9351932136409529,21.358484541001967,3.8905342117627595
107,1,14,0.8814333612740989,75.59383487007544,0.217289521665656,2386,15.706553227158425,1.9817964558308907,18.627541914093623,4.150126409180057
107,1,15,1.0169297573435503,80.18087816091955,0.2723579109388547,2175,15.781251954022988,2.3812023860006732,16.424361245967045,4.259620000088817
107,1,16,1.0899884063420442,82.5411336717428,0.27740793717823725,1773,15.870330513254371,2.0591907490109325,15.458585827967932,4.277495137829232
107,1,17,1.034266597599931,80.7767365967366,0.2684655325699319,1287,16.166146853146852,2.5074454684035876,16.543303610385387,4.440251254339818
107,1,18,0.854267963728191,73.99915289256198,0.2100752369589841,968,15.8971229338843,2.108647608464097,19.52249022461598,4.607143452129702
107,1,19,0.7436473607038123,69.44806451612904,0.1617820684913028,682,15.883193548387096,2.044736001633304,22.094352372834617,4.318278956780966
107,1,20,0.6709234417344173,64.71326829268293,0.13372596096524209,410,15.525231707317074,1.77711419802747,23.789034858395066,4.14829522168893
107,1,21,0.6414355555555555,62.256879999999995,0.1270916386615665,125,15.086936,1.5470444857961443,24.150675283615804,3.8804235677495296
107,1,22,0.6726356589147287,68.70976744186046,0.2825373478411163,43,16.917279069767442,9.636228518622985,25.326224926064395,3.989687480473297
107,1,23,0.7538194444444445,69.2645,0.28787544171029256,20,18.305600000000002,4.7615674376362565,25.67360343507708,5.121513475629313
108,1,0,0.6872222222222222,54.16,0.16067037416960997,2,21.469,0.732562625309263,32.24617294837651,8.605029213608054
108,1,2,0.5461601307189542,63.45941176470588,0.10032293705050023,17,21.937058823529412,4.091552035453481,40.358693980501805,3.715719192740787
108,1,3,0.5730381944444445,77.9325,0.07789590690301254,16,21.4611875,2.163639101721911,37.85167882253531,4.3797917291834745
108,1,4,0.5569444444444445,68.34212121212121,0.10423081358216484,33,21.217909090909092,1.1785630382916619,38.96718757248217,5.525691957391943
108,1,5,0.5551523297491039,70.38548387096773,0.10283576539107539,31,21.398774193548388,1.7136732809898432,39.31950890567733,5.088056734180799
108,1,6,0.6019444444444445,64.60458333333334,0.11859805729794659,24,21.497041666666664,1.722195223978034,36.52800061291766,5.098883558101136
108,1,7,0.6144764957264957,68.16230769230769,0.07390264395456893,26,21.26676923076923,1.0341431741375964,35.016231100407374,3.8626434056546426
108,1,8,0.6588888888888889,64.8135294117647,0.10213698514528367,17,21.227941176470587,0.8817957863493845,32.966237975070776,5.3921489630794115
108,1,9,0.6410555555555555,69.61333333333333,0.14024454266042488,15,21.884666666666664,1.4588138854497352,35.40471977611547,6.579323695360914
108,1,10,0.6184259259259259,75.21444444444445,0.07841873791888085,9,20.97911111111111,0.90861273990139,34.47271323932668,5.073352906389528
108,1,11,0.7333937198067634,74.24695652173912,0.139641821670443,23,21.21804347826087,0.9020332325192738,29.866237657918294,5.492887116853698
108,1,12,0.6618813131313132,75.10818181818182,0.14165696438967743,22,21.959272727272726,0.9069079431320576,34.31094944177386,5.804564476389012
108,1,13,0.7647685185185186,74.59933333333333,0.20643303291943824,30,22.049500000000002,3.355773098141007,30.346139879006458,6.876047156584405
108,1,14,0.7975,71.20321428571428,0.15918927905506777,28,21.37307142857143,0.8660968609149743,27.839240601494186,5.604549053073581
108,1,15,0.925625,78.0575,0.4790438108272508,24,23.087999999999997,7.308676124692637,27.26810530835822,6.5993113202880505
108,1,16,0.762145061728395,73.54,0.14800748786099516,18,21.50261111111111,1.364599279206338,29.214851223825903,5.797605268408357
108,1,17,0.7708333333333334,76.68238095238095,0.19068806131584395,21,21.17647619047619,0.844660323387314,28.73019807354156,5.667755398329053
108,1,18,0.6835256410256411,72.53999999999999,0.13062283454677148,13,21.068461538461538,1.0966452339889912,31.910048173017444,6.505125443679142
108,1,19,0.6908333333333333,73.16999999999999,0.18838133060408244,7,21.750857142857143,1.5105948528721425,33.080230397878765,7.144625297609367
108,1,20,0.5923809523809523,66.44714285714285,0.08278894051363252,7,21.70157142857143,0.4571702298352538,37.217980381046665,4.934577027463779
108,1,21,0.6123888888888889,59.076,0.09783193733624497,5,20.2108,0.665922818350595,33.638351118644934,5.117400458947157
109,1,0,0.5259722222222223,54.28,0.0021606040536254678,2,14.7365,0.38678740930904193,28.019386095268693,0.8504749672836964
109,1,1,0.5037037037037037,54.46333333333333,0.0768407510947582,3,15.212333333333333,0.5645000738116285,30.76913826208847,5.742508760852459
109,1,2,0.5158695652173914,53.68826086956521,0.08291440593621374,23,16.163260869565217,1.2027122083551334,32.076409637986536,5.391836389408103
109,1,3,0.5209194796061885,55.46455696202531,0.07817641185238403,158,16.111455696202533,1.5950273986622523,31.519728229237316,5.033447720727323
109,1,4,0.5202468060394889,56.555087108013936,0.0727091766693821,287,16.270170731707317,1.713395372212145,31.705748656800875,4.478895529757963
109,1,5,0.5512994496044031,57.60755417956657,0.1174757883765498,323,16.41050773993808,2.1680189047176683,30.354480303892107,4.735530758415085
109,1,6,0.5623708767361111,57.99828125,0.08031975043820558,256,15.87338671875,1.6879087661373486,28.58228015490849,3.573434152176809
109,1,7,0.5736542610571737,59.96703883495145,0.09839973534115119,206,16.17478640776699,2.190243272602431,28.75766548287327,4.898314356779985
109,1,8,0.5797923681257015,58.50126262626262,0.09644996929713338,198,16.16951515151515,2.0096700002541588,28.39513534500872,4.533139597046924
109,1,9,0.5777798202614379,58.28919117647059,0.07805275829619755,136,16.525419117647058,2.1190105117637192,28.889113001627443,3.920957431186451
109,1,10,0.5828429951690821,58.667913043478265,0.0864269840918393,115,16.74133913043478,2.28821078071146,29.103767623830894,4.538575275596728
109,1,11,0.5685504201680672,58.185966386554625,0.10690911662234376,119,17.181310924369747,3.463620393896428,30.51043271710661,4.635060258673314
109,1,12,0.5784046890927624,57.56596330275229,0.08186095875953124,109,17.02992660550459,2.3930511505979526,29.798827608278053,4.54731157465612
109,1,13,0.5896746746746746,60.20216216216216,0.08156581653408071,111,17.414675675675674,2.1153969632291987,29.898369215971595,4.327142457944511
109,1,14,0.6295143369175628,59.28787096774194,0.09396280077798276,155,17.432535483870968,2.35266466025289,28.09820482759215,4.51307647562982
109,1,15,0.6415418679549114,61.87840579710144,0.18186498507126472,138,17.905210144927537,3.0019049340192367,28.769118966607532,5.433103322580446
109,1,16,0.6405143229166667,62.925625,0.11444613841684202,128,17.724546875,2.393377177284445,28.231589461181578,4.729466703840635
109,1,17,0.6227111111111111,61.3879,0.10923672312237094,100,18.231099999999998,2.544617911029338,29.811880770861386,4.9261562635241845
109,1,18,0.5901575456053069,58.57223880597015,0.07498548967815209,67,17.32665671641791,2.1552544288547804,29.768593001810462,4.829963601319984
109,1,19,0.5634027777777778,57.135,0.06755832914981644,32,17.4691875,1.9567444891880357,31.30176937718048,4.089262239310966
109,1,20,0.57225,57.602999999999994,0.057223847419151166,20,16.93175,2.1310961072699306,29.803583460890582,4.3033638169656925
109,1,21,0.6166203703703704,58.39333333333334,0.10756916662283465,12,17.865,3.599220875285499,29.795824962222074,7.500392455698938
109,1,22,0.5254861111111111,49.6775,0.0692290641497144,4,16.19575,3.1192850008722623,31.127123281547526,6.788571534466243
109,1,23,0.5102777777777778,58.58,0.0306412938514171,2,16.441,1.288348555321891,32.35384156378906,4.467590440305126
111,1,4,0.6319444444444444,65.885,0.07149635231997317,2,21.345,2.411234123846126,34.21149864628126,7.686168502873747
111,1,8,0.7625,67.31,0.07660323462854265,2,20.856,0.44406305858515194,27.46145978391357,2.1764899521105154
111,1,10,0.6625,76.32,0.1367073110293992,2,23.41,1.216223663640861,35.910994569724636,5.574448060947242
111,1,11,0.8448611111111111,70.135,0.4020687725246841,2,20.77,1.5697770542341347,28.22188787992934,15.288805109586617
111,1,12,0.7465277777777778,63.215,0.14097443439242227,4,21.11675,2.1432360851447694,29.388441707701112,7.904145507555749
111,1,13,0.6104166666666666,68.055,0.07954951288348651,2,21.3275,0.5480077554195733,35.29748120300752,5.497728640763699
111,1,16,1.6512499999999999,112.99000000000001,0.7367659822863165,2,20.9635,0.8435783899555497,14.225534761929605,6.858118687283427
111,1,17,1.4093055555555556,82.47,0.6228432230951506,2,20.589,0.9913637072235391,16.362754260289243,7.93496787501677
112,1,0,0.7458333333333333,82.82,0.07306770072260987,2,28.811999999999998,2.732260602504819,38.636579647533,0.12177712106332758
112,1,1,0.8094444444444444,71.16,0.07277176961346274,4,23.08,1.9048359509417065,28.62088660698561,2.7563433504491
112,1,2,0.7018803418803419,66.4176923076923,0.12773689332877097,52,21.08223076923077,3.790674789198627,30.5311361030119,5.564143646000595
112,1,3,0.6865910073497622,70.47774319066147,0.11177083728913731,257,21.67865758754864,3.7695696599689237,31.926243658889764,5.386462327169752
112,1,4,0.6915514136502791,73.57536466774717,0.1131631963740897,617,21.806186385737437,3.8523619364689266,32.00561811468004,6.223710935416507
112,1,5,0.6874494949494949,71.62095041322314,0.11228952971876528,726,19.847774104683197,3.7518278666038323,29.22320858560732,5.2905994795033875
112,1,6,0.7059762583095917,70.88420512820514,0.11185235657836357,585,18.972984615384615,3.216244961999136,27.21055132583882,4.552413744376079
112,1,7,0.7371718237224566,72.5239240506329,0.13495663936183633,474,18.6962805907173,2.846557434827283,25.919512923543643,4.701850944449792
112,1,8,0.8008579680598028,76.83162079510703,0.15118388559664886,327,18.87649847094801,2.8841647937510433,24.260726243932595,5.261887620739208
112,1,9,0.8425319744204637,74.11305755395684,0.13332072693754204,278,18.69481294964029,2.6453768802444877,22.682061494769485,4.536765262604139
112,1,10,0.8645118884316415,75.80176954732511,0.14307955868025618,243,18.814074074074075,2.1314601023814816,22.27297195930167,4.0170682905455495
112,1,11,0.9227958523592086,79.17376712328767,0.17152178210161909,292,18.760061643835616,1.967163435620251,20.85833821622639,3.7286752068796742
112,1,12,0.9608861788617885,78.15951219512195,0.16655552594748646,410,18.731385365853658,2.4473948931691645,19.953932181102406,3.644284197083708
112,1,13,1.0571440972222224,83.23527960526316,0.23764429236310863,608,18.95530263157895,2.437881096576991,18.635309176803144,4.05094782173234
112,1,14,1.1841582375478927,88.08233103448276,0.2982174435028318,725,19.029878620689654,2.7394810058438654,16.85806718479765,4.08647151244244
112,1,15,1.309788849696257,92.10557319223986,0.3475963475952798,567,19.179347442680776,2.629110938333864,15.568054273260639,4.342404060796958
112,1,16,1.3359861745306951,93.1637899543379,0.35905368644409164,438,19.12162100456621,2.647143573044042,15.323690821528851,4.608589796137649
112,1,17,1.2379763048350945,92.27579250720461,0.2911794791694326,347,19.409158501440924,3.1369194658008492,16.45397466495822,4.305275120052423
112,1,18,1.0636229086229088,83.17262548262548,0.2345926068366506,259,19.077552123552124,2.8070014857966936,18.710930676336694,4.5295056329212
112,1,19,0.934513096746937,77.24756653992395,0.18893404805504616,263,19.096186311787072,2.8003905302018115,21.090224719935815,4.493230900435642
112,1,20,0.8525053078556263,72.51140127388535,0.16319275616310924,157,18.877757961783438,2.436459167393393,22.716302126973236,3.9773104660484946
112,1,21,0.8001234567901234,72.91844444444445,0.13664607757824918,45,17.991311111111113,1.1989047240601476,23.054010819805576,3.773634728096409
112,1,22,0.8080555555555555,60.08142857142857,0.2251431871776499,7,19.296714285714284,2.6898182537292805,24.53200579426686,2.861807106979657
112,1,23,0.8678888888888888,67.718,0.19757134591937936,5,21.3048,1.872102748248611,25.15290010429507,3.37102185525052
113,1,0,0.8002380952380952,74.8442857142857,0.1496982070834439,7,19.995857142857144,1.1450546462318478,25.75319369436318,5.064049793873379
113,1,1,0.5826587301587302,67.78285714285714,0.11329020852294056,14,17.81992857142857,2.6034921950891485,30.938444080607585,2.772273393552962
113,1,2,0.545517890772128,59.75932203389831,0.10491475255871786,59,17.587932203389833,2.517140097647812,32.66851037846728,3.4783765410435006
113,1,3,0.5468607085346217,62.61831884057971,0.1053603937628258,345,17.746086956521737,2.4282446103647417,32.97658586395785,3.782638915208409
113,1,4,0.5628145823647915,67.26062761506276,0.10377995723525493,1434,18.072396094839608,2.650559002650279,32.59328067706166,4.082479259995127
113,1,5,0.5113288179325916,62.91114658925979,0.10972557297528868,2067,15.984197387518144,2.6503761081677317,31.821485815321946,4.062834317256273
113,1,6,0.4787579695332652,60.427652212001746,0.09337330960976829,2283,14.841587385019709,1.9420640220607939,31.53997843012068,3.8382264589186006
113,1,7,0.47812916026625707,59.05953341013825,0.14563296530708214,1736,14.73263767281106,2.4272779981227357,31.501124548056996,3.8455971826381585
113,1,8,0.49467540807026267,62.02334079045489,0.11937706840716594,1341,14.719530947054437,2.8845453802498366,30.382736045493807,3.9481181835347896
113,1,9,0.4860146029113691,57.61188225538971,0.11984746289841848,1206,14.267829187396352,1.0279173993699453,30.135299996353403,4.029853189310939
113,1,10,0.5021888108477222,58.36274802458296,0.12238722101286036,1139,14.395945566286215,3.2202449022982393,29.251456532812213,3.909451045764448
113,1,11,0.5479689488998,60.489664484451716,0.13553524828961402,1222,14.38236333878887,1.4690805089968608,27.109697810351463,4.223500495115151
113,1,12,0.5839302291847984,61.365802872062666,0.14098942149569263,1532,14.388776762402088,1.434671187815328,25.51219614205257,4.257046873784855
113,1,13,0.6321698808681293,63.8257059447983,0.1559137207106925,1884,14.301608811040339,1.1619834958179183,23.57104982144416,4.377107593019034
113,1,14,0.7572366758975855,68.7397813729777,0.19664145949656645,2287,14.356988194140795,1.1958102907199033,19.984807804718624,4.3840080180937715
113,1,15,0.9241684464785151,74.30853089244852,0.5403139480059523,2185,14.433036155606407,1.3619762951818328,16.794200006243013,4.085740887297074
113,1,16,1.0133435990338164,77.96538586956521,0.3020891490690803,1840,14.547202717391304,2.302262140661016,15.410645907719001,4.129924607112928
113,1,17,0.9371818257537898,76.27661169415292,0.2670044959305944,1334,14.559488005997002,1.4750562712086202,16.648690843452822,4.413859692025753
113,1,18,0.808848231827112,70.28378192534382,0.7593667368625616,1018,14.522039292730845,1.6106857552580034,19.70238593791439,4.999358485430462
113,1,19,0.6631908245694254,64.41887517146776,0.186625789574292,729,14.30253086419753,1.2773940062454094,22.747365866745497,4.845800211113171
113,1,20,0.5959409041394336,60.16259803921569,0.1534095781492607,408,14.309796568627451,1.5658445155781224,25.087217084381567,4.851739876163664
113,1,21,0.5718838763575605,59.495413533834586,0.14869248039208918,133,14.203924812030076,1.3832078801678682,25.97580341442468,4.957649107638859
113,1,22,0.5496141975308642,65.7761111111111,0.15703010413841711,36,14.966777777777777,4.766010527601292,27.799546456348114,4.8311939377927136
113,1,23,0.7401527777777778,79.538,0.15487653268085408,20,18.66935,5.021796598985162,25.72227560694072,6.55328882058225
114,1,0,0.8331699346405228,67.78941176470589,0.34009194271923254,17,19.868529411764705,5.506355374901432,26.362397843183953,8.859103951422492
114,1,1,0.6147368421052631,66.59526315789473,0.16056483253358486,19,17.801368421052633,3.5457640958461707,29.74192691387508,4.4167560672976185
114,1,2,0.5585185185185185,60.2078431372549,0.20633133388209315,51,17.481470588235293,3.832093074824468,33.18672538814869,8.29006825572969
114,1,3,0.5604053287981859,59.457959183673466,0.13100983685506387,294,17.919843537414966,3.07107249934856,32.628002417353265,4.154899959838307
114,1,4,0.5711658496732026,66.2358725490196,0.12265731387330209,1020,18.134475490196078,2.9406336966990945,32.33774247782686,4.177327918479621
114,1,5,0.5035288742690058,60.59295230263158,0.12263298587254759,1216,15.69099259868421,2.916286363203816,31.82456733387144,4.178871539801221
114,1,6,0.47317297979797984,57.112590909090905,0.10983886339016692,1320,14.453046212121212,2.2852507622544245,31.246867314081157,4.199930269954634
114,1,7,0.4571154532476802,56.35753747323341,0.10853758003720666,934,14.267546038543898,1.8799893318892846,31.916638486790614,3.8975880463124004
114,1,8,0.4657824675324675,58.38490909090909,0.09576134728349857,770,14.154754545454546,1.6282901458989387,30.995713273255138,3.748978204377866
114,1,9,0.4616557388606881,53.86022842639594,0.07664380654379803,788,13.832166243654822,0.9557923216696953,30.521821183608786,3.839219579154889
114,1,10,0.4738238315356959,54.040939907550076,0.09976092177009532,649,13.807109399075502,1.0104940846497514,29.84644797010776,4.034778085837257
114,1,11,0.5199241103848947,56.1141568627451,0.129419392172043,765,13.882277124183007,1.1232465702848327,27.66316604732224,4.488024950745979
114,1,12,0.5538918502724473,57.35570362473348,0.1385261086477988,938,13.88232302771855,1.13391399725573,26.049462525785977,4.555998338880835
114,1,13,0.6003292349726775,59.581336065573765,0.1544212992344635,1220,13.895598360655738,1.2901181303094593,24.193941658357957,4.669524001229592
114,1,14,0.7099066308243727,64.80460000000001,0.18908864785333873,1550,13.893830322580646,1.172754068897971,20.589655083596796,4.387723458899243
114,1,15,0.8672274317183896,71.43396517079705,0.2586633318527697,1493,14.124362357669122,1.9976406282749957,17.325533563882637,4.198651560099688
114,1,16,0.9418535234606663,74.42863422291994,0.26904535750144815,1274,14.071616954474099,1.746884434155618,15.941494559138867,4.083121639226465
114,1,17,0.9057368026740433,72.38085062240664,0.27035642401216,964,14.075348547717843,1.4819025473358873,16.733832917753734,4.568232246508671
114,1,18,0.7932517636684304,66.56297619047619,0.8733557271511124,756,14.053136243386243,1.3567770561476382,19.68544364601631,5.079856839681721
114,1,19,0.6235683060109289,61.678672131147536,0.17868196342819936,610,13.906722950819674,1.3490259127479711,23.56757872460705,5.081270773581088
114,1,20,0.5671882255389719,57.58432835820896,0.1429632135983824,335,13.805886567164178,1.3592103837647749,25.436710473375054,5.099976246089081
114,1,21,0.5369508057675997,56.11190839694656,0.13218328120839323,131,13.551396946564886,1.0254527456343692,26.45246627011792,5.424270267861052
114,1,22,0.5334146341463415,61.16585365853659,0.17743642623362846,41,14.744341463414635,2.176297769260402,28.697128967737243,4.040133349617052
114,1,23,0.7653571428571427,82.16619047619048,0.2859632997752372,21,19.04452380952381,6.485087544660037,26.032350912221876,5.100750731852325
115,1,0,0.4986111111111111,35.416666666666664,0.08487781704992474,3,14.408666666666667,2.356545211391738,28.959827456372707,1.452935011069407
115,1,1,0.40174603174603174,39.864285714285714,0.04563332180314016,7,13.575571428571427,1.3400940087848139,34.00762842753715,3.7143357918069095
115,1,2,0.4218013468013468,46.35121212121212,0.0690484236259468,33,13.76990909090909,1.4561938908425873,33.20078886077148,4.56931404454885
115,1,3,0.39722713864306786,47.576460176991155,0.07413259597220186,113,13.561194690265486,0.979125364605785,34.927476050218694,4.8890408987781555
115,1,4,0.40205579501915706,48.72646551724138,0.06552227889449593,232,13.71144396551724,1.0764229991211731,34.797166341002566,4.9494538518185065
115,1,5,0.4218324549846289,49.24118577075099,0.08077564290540669,253,13.953391304347827,1.253530171126362,33.87216409857209,5.016671086496772
115,1,6,0.4356167861409797,49.6986559139785,0.07817441220144887,186,14.11202688172043,1.226801574002972,33.09126814516895,4.598997979565365
115,1,7,0.4496771771771772,52.58047297297297,0.0872492932246052,148,14.134222972972971,0.9466764262763134,32.223193445094886,4.702964822382328
115,1,8,0.47378558310376495,52.40884297520661,0.11698621984239696,121,14.321297520661156,1.2590573235866327,31.31843278578502,5.189758796366247
115,1,9,0.45228104575163397,48.15176470588236,0.0886499257150691,85,13.952682352941178,1.0934313531674658,31.779803062979546,5.3733374369057705
115,1,10,0.4879040404040404,48.865584415584415,0.13021513370510548,77,14.12948051948052,0.8994180517714542,30.48323520689731,6.185006338959022
115,1,11,0.4663557594291539,47.87183486238532,0.10075165981109471,109,14.022036697247707,1.3585121213393816,31.12513625814611,5.625225986208707
115,1,12,0.4914904420549582,50.30731182795699,0.12624101335544508,93,14.19894623655914,0.9362841143212076,30.350764945314626,6.16161403981055
115,1,13,0.5016638321995465,51.24602040816326,0.1389825886389774,98,14.128663265306121,0.8214137416219129,29.58170039708489,5.630856993533942
115,1,14,0.5192717717717718,51.24252252252252,0.11758438986640787,111,13.990801801801803,0.9506089801214975,28.032904415704163,5.257550131224687
115,1,15,0.5578115264797507,53.58803738317757,0.11774823552525554,107,14.056411214953272,1.0120805206357824,26.115500797360205,4.803877192463314
115,1,16,0.5757962962962963,53.98438095238095,0.11163181320968127,105,13.943933333333334,0.8411595164124829,25.12223446209926,5.070328447791734
115,1,17,0.5556537598204265,54.54353535353535,0.1042514946599986,99,13.95910101010101,0.718636740782887,25.944351560668576,4.731417279045814
115,1,18,0.5079095441595441,50.58820512820513,0.10473627068223551,78,13.971576923076922,0.780277498410325,28.545325255616227,5.441953380560071
115,1,19,0.5160912698412699,51.35547619047619,0.1501961528977752,42,15.052880952380953,6.098761038522019,29.35091919475385,4.80655218452855
115,1,20,0.4842735042735043,52.55384615384616,0.2082237649196242,26,14.209153846153846,3.1304803298191506,31.009182864346922,5.86590060196619
115,1,21,0.41729166666666667,47.64125,0.07382183823710615,8,13.99725,0.5999075524016769,34.41298514049394,5.681384664334484
115,1,22,0.38208333333333333,44.985,0.0033391153556031135,2,13.785,0.8131727983645286,36.08919472622637,2.4436522119421276
116,1,1,0.6509722222222222,71.60249999999999,0.09297989105765544,8,23.7305,1.5818242633111934,37.19837509682484,6.468195532420224
116,1,2,0.62875,75.77564516129033,0.08888431724924141,62,24.650209677419358,2.1162827767999777,39.82703528536236,5.539296054284465
116,1,3,0.6230079732510289,73.84310185185186,0.09815789445829841,216,24.30638888888889,2.106787802179149,39.851678588841345,6.557999167972681
116,1,4,0.622138403990025,75.9886783042394,0.10751320483855117,401,24.537999999999997,2.3959494151588423,40.31992821670521,6.439096456395815
116,1,5,0.6326872737399053,76.25832080200502,0.10070461176658833,399,24.35066165413534,2.0367523830000915,39.368232723704786,6.54721495027777
116,1,6,0.6628524964838256,77.6757911392405,0.11840063389120309,316,24.368955696202534,2.1087376720349824,37.80355239805556,6.840122328898567
116,1,7,0.6692652635570725,81.96430034129693,0.12929140092477018,293,157.71235836177476,2282.8613698429817,259.8366806390508,3804.950651164932
116,1,8,0.6746229130685089,80.20984455958549,0.1290791194678534,193,24.343015544041453,1.9574552396880303,37.303917018131834,7.127653221798828
116,1,9,0.6774126484975541,77.95672955974844,0.11718337179889131,159,24.396327044025156,2.25168877128812,37.035351978086496,6.8494622966786824
116,1,10,0.6931934731934731,79.43503496503497,0.1595364738597934,143,24.360713286713285,2.436901416924398,36.48191246375158,7.079657855246222
116,1,11,0.6998067632850241,79.82074534161491,0.13484322688473507,161,24.715242236024846,2.086549929837522,36.47605734039086,6.723341937635131
116,1,12,0.7119674556213018,78.21491124260355,0.14661269581062902,169,24.64142011834319,1.8521637397591386,35.91387132436452,6.890793950292656
116,1,13,0.7522801474460242,80.32436018957345,0.1483366436731124,211,24.74429383886256,2.003790638457866,34.0394731234684,6.487263077211759
116,1,14,0.7900309752198241,84.82136690647482,0.17981347359203512,278,24.811129496402877,1.7845796634580098,32.8077392096816,6.785743796812279
116,1,15,0.8462198581560284,84.34348936170213,0.21816216142957792,235,25.001323404255317,1.857003009425133,31.035488215520225,6.555581243534718
116,1,16,0.8986688137412775,87.33700483091786,0.2223934043241156,207,25.22761352657005,2.0286734092429812,29.573023585873678,6.592926782642983
116,1,17,0.8500134680134681,85.37024242424242,0.19723044947833765,165,25.01378181818182,1.6152224043521266,30.860405444623353,6.622197640818074
116,1,18,0.7812393162393163,80.93483516483516,0.17776436465136175,182,24.96023076923077,1.9971240348410353,33.279109574768825,6.691089680094914
116,1,19,0.7219308943089431,78.4369918699187,0.13765798293674983,123,24.524479674796748,1.8630591023490892,35.07385083445923,6.432554526840174
116,1,20,0.6974142661179699,77.70827160493828,0.12040647497860467,81,24.316432098765432,2.086568192860418,35.799738627259856,6.2137270195700545
116,1,21,0.7070659722222222,75.64375,0.11296587985515637,32,24.2534375,1.9312286401366028,35.16429512323401,6.220926655762844
116,1,22,0.6545555555555556,74.262,0.054268991669185494,5,25.036,1.8180566547827923,38.32841199023995,2.1733461622288264
117,1,0,0.9661111111111111,124.265,0.010999438818457398,2,32.345,0.33234018715767655,33.48371437783675,0.7252191252262843
117,1,1,0.9981944444444444,117.8625,0.2183161924286497,4,34.515,3.806994177388072,35.46541304767743,5.987141183579524
117,1,2,1.0428703703703703,116.105,0.32712886173657924,6,38.72666666666667,10.253790843715638,37.633404705764015,3.372415956892808
117,1,3,0.9039999999999999,97.842,0.07377999494660453,10,33.4664,1.46442200960728,37.17226724910597,2.489853154351201
117,1,4,0.892962962962963,98.35499999999999,0.11595495644634385,18,33.428666666666665,2.675050038014684,37.769803934011755,3.560635870425142
117,1,5,0.9287418300653595,105.87823529411764,0.1133144437913816,17,33.38041176470588,1.6814828671006254,36.41480818405698,4.566618926241627
117,1,6,0.9547916666666666,105.185,0.16889794819701848,12,33.46091666666667,1.5284082307083324,35.897217847258695,5.4698105807117114
117,1,7,0.8472222222222221,103.25399999999999,0.0602812979002875,5,32.4478,0.9740504093731499,38.51926848807862,3.9003970734636293
117,1,8,1.042,123.16,0.10757379752328274,5,32.9932,1.1562680052652157,31.861140378900718,2.454878101883151
117,1,9,0.8750925925925926,103.78000000000002,0.07377044251799234,3,32.888,0.741873978516566,37.790912370326176,3.814974681790109
117,1,10,1.2020555555555554,101.272,0.25075469420664226,5,32.54,0.7963840154096535,28.115713306987068,6.400100829550244
117,1,11,1.2145454545454546,120.74727272727273,0.2985701851212242,11,33.404363636363634,1.5834934336919286,28.814053931447862,6.005997404303896
117,1,12,0.93625,99.26375,0.11285096147651043,8,32.92475,1.0292555909144114,35.506479520373695,3.3623166511635376
117,1,13,1.137111111111111,108.436,0.25531824730599934,5,33.623400000000004,0.6932833475571171,30.8597052220425,7.368765412951991
117,1,14,1.299017094017094,116.88461538461539,0.22834340383376664,13,33.97,1.9639487858224134,26.850862351221394,4.54682457505754
117,1,15,1.2763333333333333,145.045,0.24057404485156214,10,32.996300000000005,0.8197636583525486,26.677307108408893,5.001050668051448
117,1,16,1.4265,122.279,0.4792519104708778,10,33.8118,2.4000281387239357,25.5350301162449,6.432148833334797
117,1,17,1.2878968253968253,121.89142857142858,0.21217045720376088,7,33.336285714285715,1.1561984711812692,26.49977548908248,4.423932833314815
117,1,18,1.153459595959596,119.5190909090909,0.2236782978304204,11,34.01018181818182,2.065136790538673,30.410246950629894,5.61338993387733
117,1,19,1.0542361111111112,115.39750000000001,0.10766325888999848,4,32.802,0.8526054187019945,31.37955613014129,3.5179070037464264
117,1,20,0.9538888888888889,93.92,0.130029080318193,2,32.891999999999996,0.5628569978244938,34.76478051699101,4.148885144131992
118,1,2,0.4191840277777778,43.589375,0.08684766899586845,32,12.32728125,1.186512978175558,30.398176517818534,5.821725071970532
118,1,3,0.4215077071290944,48.232658959537574,0.08308114388421266,173,13.028497109826588,1.6361512610756699,31.65929108793107,5.139222570528283
118,1,4,0.4096802695143656,47.92379862700229,0.06864087839126402,437,13.039423340961099,1.4109343549072793,32.436332748370454,4.80163456612936
118,1,5,0.4284487882944673,49.22843621399177,0.08610809590955096,486,13.301656378600821,1.2269175974609006,31.81294669507271,4.70535165838325
118,1,6,0.44418906810035846,51.79784946236559,0.08946624739688983,372,13.26652688172043,1.2935738483605101,30.658233657544585,4.801872805262688
118,1,7,0.4577588996763754,51.11443365695793,0.08475620219151239,309,13.283983818770228,1.1074144757794568,29.740887540049037,4.5963163922025405
118,1,8,0.46393661282427806,49.03198237885463,0.09204956808960439,227,13.249986784140969,1.3585363984237844,29.34142610053704,4.694214115172726
118,1,9,0.45749847374847374,50.700329670329666,0.09202740975055522,182,13.270340659340661,1.306343471115285,29.656976903271772,4.167786170658649
118,1,10,0.45765089163237316,49.58895061728395,0.12821684361213048,162,13.267814814814814,2.192258103605193,29.735096576225743,4.40463118699331
118,1,11,0.4590921787709497,50.043351955307266,0.07987045928159722,179,13.240167597765362,1.2620980725707862,29.4299710541435,4.183899636324905
118,1,12,0.45638383838383834,50.61678787878788,0.08328360345842631,165,13.175545454545455,1.1277961481955416,29.502376313550705,4.064390241915914
118,1,13,0.4746060363247863,51.42129807692307,0.1249140257366458,208,13.300692307692307,2.3319156089540494,28.7821145100099,4.3530861811659225
118,1,14,0.5305753968253969,52.144419642857144,0.11764557590039008,224,13.25675892857143,1.2117229681282062,25.824617164274933,4.2672746734646045
118,1,15,0.5371275252525253,53.11763636363636,0.11387593420990681,220,13.204577272727272,1.062119475101454,25.377182264109166,4.1678960207247115
118,1,16,0.5392651946818613,53.91307692307692,0.11244313568993851,234,13.190410256410257,1.098834502754492,25.218959673680864,4.072545699680281
118,1,17,0.5273201754385964,53.814,0.1090831753270389,190,13.241473684210527,1.0229318983275402,25.875564455964,4.129624264961319
118,1,18,0.4895886344359626,49.48656488549618,0.07980239090670582,131,13.142236641221375,1.1117836454721757,27.396983888471333,3.9916263390436075
118,1,19,0.5025549095607236,52.21174418604651,0.13901882039904026,86,13.38453488372093,1.7487871541538484,27.830456953045193,5.269113362959582
118,1,20,0.460042735042735,50.26923076923077,0.09885754112289928,52,12.961788461538463,1.0917592447475333,29.28066074798936,5.782270440106181
118,1,21,0.4598989898989899,50.01454545454545,0.10604306613022155,22,13.104863636363637,1.0876631698258752,29.74217490180766,6.4649447912835445
118,1,22,0.43313492063492065,49.15,0.07329662280593852,7,12.07342857142857,1.1802032109122644,28.47983600243027,4.740901019628465
118,1,23,0.47350000000000003,48.71,0.09881953716713071,5,13.2704,1.7328274005220483,28.527480817301456,3.9197970801612683
119,1,0,0.6756249999999999,90.3425,0.15171454525107586,4,26.451500000000003,2.3046900731624054,40.20883644853684,6.589649488653564
119,1,1,0.5881944444444445,68.535,0.0037319524562622894,2,24.415,0.19091883092036627,41.50818829738547,0.061225069344132264
119,1,2,0.5778395061728395,69.73777777777778,0.08097719845793645,9,25.13588888888889,0.8676163386607648,44.06542505569652,4.634565128915543
119,1,3,0.6560370370370371,77.08099999999999,0.17089268559557105,30,26.26996666666667,3.8699879754186646,41.40517085974909,6.655769473265582
119,1,4,0.5916944444444445,73.56937500000001,0.09847593893191985,80,25.114125,1.14844370615304,43.30543107831221,5.623470131009641
119,1,5,0.6168672839506173,75.40444444444444,0.11421223188181139,36,25.061999999999998,1.1396197862194466,41.60882879725217,5.864559230023568
119,1,6,0.6343906810035842,77.75161290322582,0.08749042920481408,31,25.263161290322582,1.2541944585210647,40.45077500860117,5.035123349581518
119,1,7,0.6500595238095238,81.82178571428572,0.12482588140902827,28,24.994785714285715,1.0633727041524565,39.57395869424446,6.516920765598472
119,1,8,0.7059640522875817,80.62764705882353,0.27908683072163043,17,25.100294117647056,1.0568078565133,38.0132993646976,6.9970450806901106
119,1,9,0.7132602339181286,80.5378947368421,0.17890443634284786,19,25.603526315789473,2.462218204258127,36.9661937352646,5.235962761448996
119,1,10,0.6594598765432099,75.55666666666667,0.09203774525969934,18,25.54411111111111,1.7349772973218482,39.10570226389527,3.374175411732052
119,1,11,0.7086574074074075,80.88,0.12856422690375782,18,25.095388888888888,1.1646378451937391,36.283831794175484,5.343273397523077
119,1,12,0.7614333333333333,82.85040000000001,0.13471844400964034,25,25.776439999999997,3.1249024262100313,34.34915874177611,4.167031754963118
119,1,13,0.7475694444444444,79.42208333333333,0.10116525365974624,24,25.064625000000003,0.8755329215621364,34.03053148203474,4.060959284037484
119,1,14,0.9202111111111111,82.2132,0.3229525794446591,25,25.07716,1.1047495824846454,28.993587116581704,5.771714842727539
119,1,15,0.9253819444444444,89.508125,0.16688776776943037,32,25.80940625,2.4048514521808726,28.6810332004605,5.0747770368398
119,1,16,0.9837577160493828,94.63416666666666,0.19446537853423088,36,25.179111111111112,1.0877647271295858,26.436693376528925,4.666065380163641
119,1,17,0.9679835390946502,85.83037037037037,0.13626603760463193,27,25.490703703703705,1.989882462992278,26.70142131105767,3.2759887851340537
119,1,18,0.7884156378600823,81.20703703703704,0.13617926984392903,27,780.7894444444445,3924.684601137556,1195.058994887445,6039.207594203099
119,1,19,0.7534166666666666,73.53999999999999,0.15737836820772763,20,25.9264,3.382338982046844,34.9511084721028,3.647174812928857
119,1,20,0.753525641025641,90.73461538461538,0.24611441308647805,13,25.805923076923076,1.9637820848869854,36.18141505847058,6.917848290036593
119,1,21,0.7089583333333334,83.55,0.056767056590876434,4,25.810000000000002,1.0598113039593424,36.628803191162305,3.967138909733885
119,1,22,0.9274074074074073,103.76666666666667,0.24551758337205903,3,28.291666666666668,4.940172905206186,31.2669055890541,4.919584349233407
119,1,23,0.5981944444444445,70.44500000000001,0.04851538193141028,2,22.895,2.2698127676088182,38.24542144512159,0.6926201721177506
120,1,2,0.5784722222222223,73.66499999999999,0.12079740845270187,2,24.875,1.6758430714121157,43.650440214508805,6.218132601945997
120,1,3,0.5175,67.745,0.032212642254053785,2,24.1575,0.04596194077712775,46.77454103511935,3.0003739086743697
120,1,4,0.5175555555555555,72.288,0.09159117261633115,5,24.0544,1.528207054034237,47.22767882345885,5.822909210921876
120,1,5,0.507361111111111,73.02166666666666,0.06466789565460646,6,23.25583333333333,1.3592586827630218,46.37697204442844,5.70954584270402
120,1,6,0.6143888888888889,84.012,0.09608138411322897,10,24.0085,1.0479027997757135,39.80577011971257,5.58436120026999
120,1,7,0.5254166666666666,80.24333333333334,0.050787851541461516,6,24.547,1.5337423512441717,46.97891922476769,4.0723403763825505
120,1,8,0.6426388888888889,79.97,0.09300496137038156,4,23.7925,1.031105070624071,37.48829355991244,4.515482966053729
120,1,9,0.565625,69.33250000000001,0.09082536917175281,4,23.73425,0.6213578544875185,42.66664372423686,5.886976601328747
120,1,10,0.5761666666666667,68.75,0.06915004262516207,5,23.778,0.651398495546313,41.66492180888644,4.182843111335108
120,1,11,0.5344907407407408,72.775,0.02948603805751492,6,23.01,0.5668509504270055,43.18230912972422,3.020239677643443
120,1,12,0.723015873015873,75.71571428571428,0.08191249040687314,7,23.84614285714286,1.4189470777741542,33.42901897470581,5.01583715286782
120,1,13,0.6823611111111111,81.695,0.10268727246317297,4,25.185000000000002,1.569065539315253,37.426041399287016,5.148804977786898
120,1,14,0.7183796296296295,78.29833333333333,0.08733351298162656,6,24.703333333333333,1.5663290416341864,34.820549639544815,4.798699533774785
120,1,15,0.6936363636363636,79.96909090909091,0.1505810481977023,11,23.486363636363638,1.176718086265974,34.9896548900393,6.18080951316091
120,1,16,0.7662962962962964,79.24,0.11334467989678801,3,23.28,0.5031898250163671,30.773531377170347,3.992040170796183
120,1,17,0.7719444444444444,90.92999999999999,0.1862927527091007,7,23.84857142857143,1.0209705932988253,32.31039816233817,7.086347888013744
120,1,19,0.9323333333333335,94.20599999999999,0.5721432860873357,5,32.047000000000004,15.039297922443058,36.51307855389791,6.1485329877693795
120,1,20,0.6586111111111111,68.94999999999999,0.25495127832781633,2,23.09,0.2545584412271567,37.97900869926391,15.088350456102862
121,1,1,0.8202777777777778,82.23333333333333,0.03338999813280378,3,28.272666666666666,1.2203775372126984,34.465018016456945,0.18439790525002986
121,1,2,0.8857098765432099,89.61666666666666,0.08271426430725395,9,29.28355555555556,3.8575311441098914,33.28046279281543,5.068354564725636
121,1,3,0.7949444444444445,93.43066666666667,0.06181406665136048,15,29.48326666666667,4.710511868859548,37.34650713984469,7.171354285721177
121,1,4,0.8333226495726496,92.79576923076924,0.09930457204700949,26,30.687884615384615,4.286472212222289,37.088917998178815,5.279566875340917
121,1,5,0.91765625,90.96187499999999,0.15945821881236075,16,29.4595,4.355376967994082,32.712929983620796,5.52536135305577
121,1,6,0.9721604938271605,95.00333333333333,0.20354008053979297,9,25.762555555555554,1.0042354194997194,27.557048603722713,5.778081039530096
121,1,7,1.2709722222222222,101.76833333333333,0.28700280411156487,6,32.680166666666665,6.810653872181926,26.422094586672518,6.225277412292746
121,1,8,1.1019841269841268,96.71428571428571,0.22513709978105523,7,32.22228571428572,6.275068916335651,29.71954908428987,4.859295540647239
121,1,9,1.0289646464646465,91.09636363636363,0.166062659735636,11,29.967999999999996,5.353236049344357,29.44814740313666,4.893334963255308
121,1,10,1.1748484848484848,106.34,0.25054965389810935,11,27.71609090909091,3.532566530287732,24.537092301256997,5.688372455043073
121,1,11,1.1676481481481482,108.968,0.22629998416621092,15,29.89013333333333,5.862398422716309,26.42298751011496,6.916243161306916
121,1,12,1.2111111111111112,123.60111111111112,0.315849212930224,9,28.190555555555555,5.789627948130844,23.57717466877448,2.2279794512428475
121,1,13,1.2633487654320987,105.59611111111111,0.220735806396905,18,30.182166666666667,6.666174926227096,24.654272147434163,7.310923538569653
121,1,14,1.481,121.94800000000001,0.2681900989499591,20,32.7452,6.264910379499287,23.040051945313195,6.640129881062604
121,1,15,1.6426697530864198,116.20833333333333,0.4392317075409102,18,31.155777777777775,5.662742450911881,20.44262202884037,6.997937127386591
121,1,16,1.5628333333333333,132.55599999999998,0.3092261514768789,10,31.764400000000002,6.0057181678056715,21.58311221830746,7.926323537973501
121,1,17,1.6210714285714285,125.94571428571429,0.2218606102139168,7,36.31514285714285,6.1410224020807105,22.565048782261307,4.015619248196459
121,1,18,1.284969135802469,105.26,0.2334961999570354,9,31.685555555555556,6.508168676961114,25.280574167048357,6.45904855869492
121,1,19,1.0678703703703705,97.08111111111111,0.1075261954876548,9,29.628333333333337,4.892133455865651,27.875866280173597,4.698844842812088
121,1,20,0.9830555555555556,98.655,0.1441712159419239,2,32.075,10.14698231002696,32.217444110622324,5.5969921404371945
122,1,3,0.8764285714285714,99.97428571428573,0.0881736893880138,7,33.62828571428572,5.1968863984212,38.478796085403644,5.269703929768095
122,1,4,0.9079166666666667,103.2275,0.10777215252870376,8,31.0875,1.2437472182309153,34.60402611974029,3.676165031267828
122,1,5,1.0385416666666667,100.085,0.10224796410697455,8,34.3365,5.09028009333194,33.44560659188842,6.512054673339173
122,1,6,1.0406944444444444,101.36500000000001,0.18286567035685428,2,30.549999999999997,1.7536248173426394,29.966055533413044,6.950539314421293
122,1,8,1.5058333333333334,129.02,0.3590531100025024,2,37.269999999999996,7.212489168102779,26.062324588831295,11.004038427637417
122,1,9,1.02625,93.03999999999999,0.06972858536700692,2,29.53,0.2545584412271567,28.849684501723626,2.2082398341698477
122,1,11,1.2841666666666667,118.42500000000001,0.22116728767112573,2,34.879,7.2252170901641435,28.06148907916159,10.459312538207834
122,1,12,1.3720555555555556,112.65599999999999,0.17876403942102972,5,34.2664,5.064614970557979,25.24215276031048,4.797574314158
122,1,14,1.471875,116.53750000000001,0.3371403261804156,4,32.3275,4.004450648965476,22.97630927907432,6.320830020898612
122,1,15,1.7715972222222223,132.3275,0.3401960502760971,4,35.73175,7.631465930605992,21.181223426572387,7.726974118442919
122,1,17,1.4525,112.18333333333334,0.4772765458668254,3,33.24333333333333,5.207517002692681,25.52944661225291,12.720431730597731
122,1,19,1.1659722222222224,102.58,0.13140401017049996,2,39.8935,0.5564930367938097,34.40639942066986,3.400291831184427
123,1,1,0.5591666666666667,60.803333333333335,0.05319498839292528,3,21.162333333333333,0.35755605621123676,38.050699362261135,3.288675837778285
123,1,2,0.6174873737373737,71.29045454545454,0.07582422262812828,22,22.551318181818182,1.1355176451781015,36.95541357322099,4.2612696301257795
123,1,3,0.6246023391812866,68.90747368421053,0.1131386568833243,95,22.483221052631578,1.5715684750886598,36.73387684115115,4.754804669267005
123,1,4,0.6372060931899641,70.93225806451613,0.12357472768499354,155,22.77047741935484,1.2788659918600358,36.6408659108533,5.302791800395292
123,1,5,0.6744814814814815,78.24661111111111,0.11843639925137979,180,23.05622222222222,2.895638333453027,34.76977485606325,4.596288250509167
123,1,6,0.6551419753086419,76.06133333333334,0.10370603996223347,135,22.593185185185185,0.9179704917150008,35.19787990172009,4.777101143406958
123,1,7,0.7132198327359618,79.60301075268818,0.1257779751309613,93,22.957516129032257,1.5249129527038525,32.86705857539698,4.42133530756747
123,1,8,0.7322180762852405,77.78059701492538,0.1257529185055629,67,22.757462686567163,1.0449607260759408,31.92515625400484,5.266773344437732
123,1,9,0.75880174291939,77.15941176470588,0.1607157648412452,51,22.854058823529414,0.9731838554305079,31.20653235271676,5.604472184734943
123,1,10,0.7870601851851853,76.48666666666666,0.18927091823473033,36,22.84786111111111,0.9038961745933235,30.606158858746905,6.994469791209392
123,1,11,0.7549242424242425,79.79522727272727,0.1889029232097852,44,23.034954545454546,2.017443477258371,31.723994683930698,5.779852199250719
123,1,12,0.8796593291404612,81.74641509433962,0.27457148821615057,53,22.827056603773585,0.7253730980328549,27.794343363540992,6.600418467215424
123,1,13,0.8485974499089253,80.47639344262296,0.2076294369595845,61,22.96483606557377,1.396247126888454,28.220280637902448,5.339288004583341
123,1,14,0.9359157986111111,81.70453125,0.270931724449839,64,23.165640625,3.4248624505675456,26.161683201046706,5.915134686267345
123,1,15,0.9413687600644123,84.17608695652173,0.21210839711999613,69,22.95927536231884,1.3377304846384857,25.450205692827307,5.180085872700343
123,1,16,0.9209591194968554,83.80830188679245,0.17754910311240357,53,22.659622641509436,0.8535104484605618,25.49405814713857,4.886125452747825
123,1,17,0.9134099616858238,87.30620689655173,0.2626553440174262,58,23.126896551724137,4.174427552685455,26.47049284805544,5.525368532720322
123,1,18,0.762202380952381,79.98630952380952,0.15629172229343705,84,22.86411904761905,0.9037694076939197,30.99875997420332,5.232961478972454
123,1,19,0.7264393939393939,73.69636363636364,0.14280148530685685,55,22.802581818181817,1.2678149136285055,32.34469535342097,5.374079499953697
123,1,20,0.7163720538720538,77.48333333333333,0.11716282022824695,33,22.75030303030303,1.5113207279737255,32.34161453339289,4.286035046424705
123,1,21,0.6744444444444444,76.04368421052631,0.155532791544233,19,22.146631578947368,1.2340204487107411,33.95376829987262,5.581526071574231
123,1,23,0.6611111111111111,62.735,0.05421151989096864,2,21.803,1.1228855685242383,33.16045315831278,4.417660035392741
124,1,1,0.7977777777777777,74.82499999999999,0.02042752923427805,2,30.98,1.277034846822903,38.825102890240714,0.6066024098297956
124,1,2,0.7016666666666667,85.17500000000001,0.0436049181731705,2,31.525,0.8131727983645299,45.05174570199054,3.95864676948928
124,1,3,0.8319444444444445,112.39200000000001,0.1593949545726272,5,32.8434,1.6082794533289264,40.42496066799286,6.657170838451657
124,1,4,0.8061979166666666,102.3275,0.14979892966474662,16,32.415687500000004,0.9114437425498807,41.25245511248822,6.15930150735698
124,1,5,0.8151543209876544,96.18444444444444,0.11038941934173907,9,31.631555555555558,2.7115343954627935,39.62704633828311,6.919394505188264
124,1,6,0.9796759259259259,95.19833333333334,0.21993309986365825,6,34.051,4.79593106706091,36.260476746303766,8.758996202033826
124,1,7,0.7296296296296297,125.67,0.0444941851289364,3,32.35433333333334,1.0514924314199015,44.4347675811893,2.677388269206444
124,1,8,0.9908333333333333,112.25333333333333,0.35483298975332594,6,31.54716666666667,2.5704894799758797,34.960951694837355,10.743870988383915
124,1,9,0.9098148148148147,99.02333333333333,0.23866629379583254,3,34.01,2.2689865579152286,38.83169691461097,8.656173077518478
124,1,10,1.0334722222222221,111.61,0.1784186221573025,4,32.9755,1.549077467397935,32.48951938245068,4.7529547634200275
124,1,11,0.9862222222222222,116.958,0.1898400886516314,5,33.9612,5.515824253908024,35.08228111033947,6.430904936799997
124,1,12,1.1515277777777777,108.83875,0.3428924327811184,8,31.147875,3.4084825462157116,29.326123311013163,9.559711468887627
124,1,13,1.0817361111111112,96.31625,0.33740387454663723,8,32.20875,0.7331709506364404,31.745680081670262,7.330035691503706
124,1,14,1.0399444444444446,117.671,0.20014941263958927,10,32.733999999999995,0.9243880858888947,32.458213855764484,5.842279751714719
124,1,15,1.1019444444444444,114.20923076923077,0.3487000403025441,13,33.55369230769231,3.808949032314456,32.34724650635471,7.229211053093887
124,1,16,1.2411574074074074,137.49166666666665,0.31250404524130737,6,31.721999999999998,0.7027488882951004,26.91635877958679,6.537271946100769
124,1,17,1.1292460317460318,109.62428571428572,0.1753811043015517,7,31.259999999999998,3.2858940944589192,28.298712062778097,5.615807620441191
124,1,18,1.2363333333333333,140.56199999999998,0.2482060946715426,5,33.138400000000004,3.1860136220675535,27.475257070050084,4.687854032429421
124,1,19,0.8910416666666667,101.3875,0.17801161921086522,4,32.51,0.5400617248673237,37.46056239970813,6.612269987344987
124,1,20,0.792962962962963,119.86,0.12680556062634366,6,32.31333333333333,0.5258755239281109,41.60203874804115,6.422144319665011
124,1,21,0.7134722222222223,146.28,0.10115555341974228,2,29.9035,1.7585745648109437,42.16165748414534,3.5128364539338257
124,1,22,1.0019444444444445,177.0,0.4211213719066549,2,30.935000000000002,0.26162950903902454,33.92649215745538,14.520565996484947
125,1,0,0.759537037037037,66.425,0.2353284194919435,6,19.51,4.336142802076519,27.535232850607468,10.033494111060813
125,1,1,0.47702380952380957,61.934285714285714,0.1580247735993778,7,17.35,5.840168633410054,36.73407878013416,4.806969681049062
125,1,2,0.5323846960167715,57.7611320754717,0.2258113565302179,53,17.085905660377357,3.374150789253674,34.648389307934295,7.006593343566148
125,1,3,0.5894108280254776,65.7068152866242,1.2949674706188072,314,17.635987261146497,3.23340920486399,34.98794687563933,5.148480760099882
125,1,4,0.5305198341326939,68.90047661870504,0.12653336900937234,1112,17.850142985611512,3.1224092030933277,34.476655521615946,4.681488480736728
125,1,5,0.4465813545400239,60.988319892473115,0.12998315153734014,1488,14.93488373655914,2.9348382076762496,34.408126897801495,4.71671030588901
125,1,6,0.42126798115079367,57.27693638392857,0.10489994433739476,1792,13.970443638392856,2.258991933647745,34.00282972540172,4.6989244731042294
125,1,7,0.4021487991898148,56.49017578125,0.08902491929298237,1536,13.778055338541668,1.8096897879282352,34.98209029778267,4.29236150967932
125,1,8,0.41185436567789513,56.98181749622926,0.10682186652040698,1326,13.724426093514328,2.240610377798814,34.13345151770743,4.390810455738675
125,1,9,0.40336489898989897,54.958942006269595,0.08466368545389527,1276,13.470807210031348,1.5101869674077997,34.11354878468313,4.416445174604501
125,1,10,0.41700752455618634,55.55631792376318,0.14383757780369108,1233,13.535028386050282,1.4635907992340844,33.48389691179137,4.7060940218308716
125,1,11,0.44041038428825485,54.89534446764092,0.10118675622392034,1437,13.413473208072373,1.0617949655647667,31.528220885267125,5.278932741838277
125,1,12,0.47058544104693595,56.31876557191393,0.12774638656541276,1766,13.477592298980747,1.2881389145381255,29.775015211368792,5.11435582330365
125,1,13,0.4990775730856033,57.42485120453472,0.119016243439197,2117,13.468947567312235,1.30557596731012,28.033329592288208,5.10522778355365
125,1,14,0.5959283487127628,62.30458854759196,0.144035189290865,2637,13.543448615851347,1.3369197231276844,23.7207398377676,4.831674489641973
125,1,15,0.7161814757079761,67.47866328916602,0.18318260136085313,2566,13.561805144193295,1.482113641205428,19.894430852511533,4.378738840748469
125,1,16,0.8095739612621056,71.42985004686035,0.5425549890601868,2134,13.553571696344893,1.3220694014908594,18.00777416683249,4.4284570860982875
125,1,17,0.7764281798245614,71.07505921052632,0.23281597487537325,1520,13.624819078947368,1.4198020347237172,18.86436485240062,5.031912039110907
125,1,18,0.6562562114887697,66.62576028622541,0.19012401565141793,1118,13.51130679785331,1.3108373774241522,21.97273480552541,5.614720864605105
125,1,19,0.5444221536351166,59.75459876543211,0.15197794702071576,648,13.379163580246914,1.244897842317199,25.928363321114634,5.678826510744829
125,1,20,0.49413724472135684,56.801339563862925,0.127820720817183,321,13.38711214953271,1.1167511080734047,28.379134797911377,5.553344041798519
125,1,21,0.4562313034188034,55.019903846153845,0.11365468304359676,104,13.215923076923076,1.0892139562864043,30.1251937198103,5.372146320152749
125,1,22,0.43081871345029243,51.019473684210524,0.0863375147149193,38,13.269052631578948,1.4796548711424538,31.655102198926652,5.4650582834632235
125,1,23,0.6623717948717949,71.60461538461539,0.2891268298818326,13,17.045923076923078,2.8656764896948412,28.726924647437478,7.925906899114775
126,1,1,0.6459027777777778,82.64750000000001,0.07187823172194248,4,28.68,0.7610957013849617,44.75751232828985,4.255031806726727
126,1,2,0.7596367521367521,86.67923076923077,0.11635686294859877,13,28.614846153846152,1.4811319908633982,38.39799404385465,5.392594618365524
126,1,3,0.7113257575757576,81.04045454545455,0.1692699016852545,22,28.873409090909092,2.1872972376034543,41.94920464439801,6.545682739254534
126,1,4,0.7257510288065844,82.90703703703703,0.09538405197873909,27,28.223111111111113,1.0226702353429526,39.483017262047056,4.922662542150915
126,1,5,0.7209217171717172,87.0059090909091,0.07796686135440152,22,28.4225,1.2659407851193403,39.738417066103075,3.33594823887461
126,1,6,0.7521560846560846,85.9752380952381,0.12965897532535917,21,27.83957142857143,2.6469541849346117,38.046493797919716,6.646376356276756
126,1,7,0.7146296296296296,83.71666666666665,0.05166392864111037,3,27.55966666666667,0.6703359854083096,38.6856519213684,2.6218665458943105
126,1,8,0.7539814814814815,87.40333333333335,0.1378114691482773,3,27.592666666666663,0.8071687142929497,37.46411612093457,7.1883375336384985
126,1,9,0.9740972222222223,80.55625,0.2374300579273977,8,28.74275,1.530983507422598,30.740231644619627,6.022378148696142
126,1,10,0.8413194444444445,92.31,0.14617418280293887,4,28.154249999999998,1.0481273380017648,34.11245494784416,5.111710209194152
126,1,11,0.8780808080808081,95.06181818181818,0.12636657034599816,11,28.275454545454544,1.5897821463103912,32.80378614326677,4.889227325947746
126,1,12,0.9527777777777777,99.203,0.10061547563322384,10,30.0242,3.2657207405954902,31.765065646537447,4.184599005308819
126,1,13,1.0257407407407408,97.07333333333332,0.172945029122486,15,29.559199999999997,3.3169562036817513,29.45220470845841,5.094580984241336
126,1,14,1.2766840277777778,104.25812499999999,0.32331334208196527,16,30.288625,3.1635841672592395,25.018405095917032,5.849931389900265
126,1,15,1.4243750000000002,121.68833333333333,0.2664444866987186,12,30.996666666666666,3.512985167614402,22.313741207020758,4.035850677006804
126,1,16,1.2699603174603173,103.43214285714285,0.2547508199407419,14,28.499142857142857,2.071623512615643,23.17651956761886,4.2673616052702945
126,1,17,1.3165972222222222,113.78999999999999,0.16939888471550554,8,29.667125,1.4028938904482915,22.831355296526894,2.8320344797060026
126,1,18,1.012716049382716,99.36222222222221,0.1505755276944644,9,28.723222222222223,1.1586852223293638,29.035694549387966,5.274598120042913
126,1,19,0.8017777777777777,84.966,0.14997949962792237,5,27.967599999999997,1.3882142485942153,35.92330106621729,7.0786613382557615
126,1,20,0.9628703703703704,98.2,0.2082778321132478,3,29.511666666666667,1.8435488421339243,31.446014514178035,5.583555214224321
127,1,1,0.7059375,80.10375,0.15894555388032885,8,25.408,1.8779144206881666,36.82398622162959,4.331934108742012
127,1,2,0.634510582010582,77.94714285714285,0.07275773180042855,21,25.307333333333332,0.8627908978039426,40.32780114809888,4.290736202411303
127,1,3,0.6360065359477124,78.96835294117648,0.084835978106854,85,26.052964705882353,1.437754660234217,41.54367301245696,4.972594551426935
127,1,4,0.6389755713159968,80.6885815602837,0.10027111141029874,141,25.96408510638298,1.3467206757228662,41.489153402013415,6.05519120812768
127,1,5,0.6602857142857143,79.22264285714286,0.10520259439678137,140,26.049957142857142,1.6527985374340979,40.19072729793854,5.370775319334383
127,1,6,0.67939453125,82.01578125,0.11157963572436341,128,25.973875,1.2566588935757985,39.10143684314905,5.725297567705112
127,1,7,0.6850064599483204,80.7506976744186,0.09827890721505049,86,26.26363953488372,1.9806551614393286,38.93352475046651,4.990018401574975
127,1,8,0.7059009009009009,80.97702702702703,0.13077241462445285,74,26.15137837837838,2.045454464039131,38.0896638765303,6.44904810284371
127,1,9,0.6786062378167642,81.02543859649123,0.08801216150776887,57,25.766491228070176,0.9489270844110319,38.57327222826115,4.954314851211616
127,1,10,0.6924366471734893,81.65157894736842,0.11519166339811131,57,26.14236842105263,1.3044838830464023,38.654264119411955,5.791965948099151
127,1,11,0.7327643369175627,83.03177419354839,0.2195816961859232,62,26.669306451612904,2.456285397450423,37.806679181878806,5.526248193453369
127,1,12,0.7833955938697318,82.37706896551724,0.17931163984603457,58,26.069551724137934,1.1754145244530627,34.73776561711858,6.805088466502808
127,1,13,0.7843038821954486,81.18180722891566,0.16086525356826392,83,26.302120481927712,1.646972354511937,34.5343649415616,5.406992792077131
127,1,14,0.8375612052730698,85.53669491525423,0.1900328715379219,118,26.452779661016947,2.785545376591965,32.734255528593394,5.868538533131124
127,1,15,0.8786568986568987,90.1323076923077,0.18675141495368144,91,1607.2582967032968,15084.863407290839,2289.843561440752,21550.467126332973
127,1,16,0.9273218599033817,89.40902173913042,0.23692444695554496,92,26.37617391304348,1.8807865995795867,29.8972974022822,6.273066518860645
127,1,17,0.8573218029350105,86.70886792452829,0.2154472457750888,53,25.967716981132074,1.1671533973627144,31.60458794556891,6.170451567178845
127,1,18,0.7415867003367004,84.9419696969697,0.1275950548333617,66,25.830121212121213,1.4729888454865299,35.69872512690938,5.511333410820075
127,1,19,0.7247643097643097,80.24727272727273,0.13260136396932162,33,26.24978787878788,1.1419588093922142,37.174747681217106,5.680287621563011
127,1,20,0.6661111111111111,83.33714285714287,0.07346142658961365,14,25.382357142857142,0.7270817970217923,38.505305418805776,4.022409939776635
127,1,21,0.6976515151515151,78.27,0.10294628555920657,11,25.930000000000003,1.6103455529792359,37.756252363640996,4.842271358633572
127,1,22,0.705462962962963,82.61333333333333,0.010607814108694078,3,26.883333333333336,0.5603867711976567,38.12080250026387,1.3622726097757851
127,1,23,0.7037962962962964,85.00333333333333,0.2723316578971385,3,27.883333333333336,5.681499215289337,41.4771837657967,8.306061428161668
128,1,3,0.6853472222222222,83.54,0.11022269241797862,4,25.48275,0.7186493697671136,37.93627961226248,6.5261140867590255
128,1,4,0.6445138888888889,79.12333333333333,0.09408384255766378,12,25.942333333333334,1.312601742088335,41.004366260740206,5.978136933436596
128,1,5,0.6086666666666667,79.49000000000001,0.04942977310423143,5,26.303800000000003,1.167576635600421,43.392071564352946,3.2341077134546827
128,1,6,0.6327083333333333,84.855,0.10206141110038838,4,26.023,0.19885337982208634,41.826840984445454,5.79834470621214
128,1,7,0.6562847222222222,80.5,0.05800112081186102,8,26.097625,1.1873841522439146,39.981599767245875,3.189337559819311
128,1,8,0.5962962962962963,94.21,0.06785135654032383,3,25.83666666666667,0.6957250414735203,43.60527972421189,3.6709479355927805
128,1,9,0.6620833333333334,79.305,0.024945155891858736,2,24.45,0.18384776310850096,36.96035046432648,1.6702270115929887
128,1,10,0.6553472222222222,79.2,0.12130323170729519,4,26.25075,0.9891940743184162,40.8292046549459,5.580858944406167
128,1,11,0.7585416666666667,93.00999999999999,0.14424369507870646,4,27.25825,1.3837428409932244,36.72598123562361,5.576894092128887
128,1,12,0.7214583333333333,85.4025,0.09772117995780485,16,26.442125,1.2462863167560385,37.233964230336234,4.89215396024215
128,1,13,0.6953472222222222,80.88,0.08775815407528773,8,26.171125,1.019070365928815,38.046654830626096,3.895253211874772
128,1,14,0.8341503267973857,97.65529411764706,0.17468911071686785,17,26.61064705882353,1.3761692274742447,32.98229894548098,5.7233201815699495
128,1,15,1.0267592592592591,105.54055555555556,0.3074398081856445,18,26.764388888888888,1.5551295440228798,27.986363564552786,7.057555009625975
128,1,16,0.8797569444444444,93.825,0.15669927032550834,8,26.318875000000002,0.7243245991956923,30.683036064219653,4.960781827627611
128,1,17,0.9001111111111111,88.61,0.22078389461351863,10,26.259300000000003,1.0226272319645886,30.835040645110315,7.712725536834031
128,1,18,0.8570634920634921,86.12714285714286,0.10056743038422446,7,25.94242857142857,0.9715439357268524,30.62094710130696,3.7404022981809524
128,1,20,0.6830555555555555,69.46000000000001,0.047533289179762295,2,26.204500000000003,0.4730544366138019,38.43260449201266,1.9819378608748608
129,1,0,0.7073611111111111,72.58,0.027695015596473044,2,27.355000000000004,7.304413049657036,38.499260458676126,8.81894033021196
129,1,1,0.7990873015873017,81.33428571428571,0.15441535782973811,7,27.09657142857143,4.422114722510896,35.60537960481492,11.24599892642697
129,1,2,0.830761316872428,79.32518518518519,0.23272446241666564,27,26.122592592592596,4.196835641832832,33.29930658003239,9.308324903648366
129,1,3,0.7904166666666667,79.32125,0.1445572570175049,72,25.432055555555554,4.274693662984878,32.86424818694389,6.495814161414914
129,1,4,0.7675,78.22315789473684,0.12633049859267023,133,25.442413533834586,4.282342629434976,33.715841274201516,6.523272429189276
129,1,5,0.7374579124579125,79.71383838383838,0.09813694536737227,99,24.342111111111112,4.36460063836616,33.32137618373622,6.264748746985032
129,1,6,0.8472975077881619,89.41317757009345,0.1343392163720583,107,23.583934579439255,4.091973632938133,28.416742033511902,6.126729030826946
129,1,7,0.9195652173913044,85.97246376811594,0.18635326212322909,69,24.466478260869565,4.920824287145563,27.808271162823843,8.09614473962464
129,1,8,0.9279403794037941,82.92292682926829,0.23798996710563006,41,24.400951219512194,4.511806046092959,27.830564854365537,8.1371612049117
129,1,9,0.975611111111111,87.67844444444445,0.20187445468544418,45,25.118377777777777,4.8838703322490264,26.801073360086008,7.385656379644757
129,1,10,1.0645212765957446,89.2063829787234,0.16615610911744003,47,23.230425531914893,3.808014196314655,22.24454756835863,4.555881380138461
129,1,11,1.0424,93.10573333333333,0.17230782673407635,75,26.387253333333334,5.470070032886663,26.188920072736686,7.602311002166859
129,1,12,1.093241695303551,90.08278350515465,0.2008044710001229,97,24.639134020618556,4.695513520525173,23.36855267120078,6.722419285083408
129,1,13,1.2666137566137567,96.35976190476191,0.2943208344645986,84,24.96832142857143,5.29336236359333,20.72066030545873,6.511680311989589
129,1,14,1.353313492063492,104.04154761904762,0.3521159076543375,84,26.28654761904762,5.510138319399063,20.660029181037732,6.787333794404501
129,1,15,1.501779513888889,106.30546875,0.4073188657957696,64,25.4320625,4.754446633382538,18.517463290100167,7.341199974507167
129,1,16,1.4096006944444444,112.72208333333333,0.3727636314545081,48,26.328625,4.961131063663917,20.478668111287355,8.29383417453836
129,1,17,1.2982674199623352,102.60016949152542,0.3228200060866365,59,26.957983050847456,5.514236835593673,22.203866938901136,7.662772884674541
129,1,18,1.1036406619385344,99.27319148936171,0.22238206233724078,47,26.613851063829788,4.994402201154911,25.011462177322485,6.864198125022141
129,1,19,1.0307432432432433,93.39243243243243,0.2421992061890931,37,26.137351351351352,5.4856792510449734,26.055850699442342,5.967415603914037
129,1,20,0.9015138888888888,91.5565,0.18754608433012762,20,24.9572,4.285885348565992,28.56451600977666,6.92737849825958
129,1,21,0.86625,87.03500000000001,0.05900453790876733,6,25.363833333333332,5.448076005955376,29.51663304794056,7.415761489187743
129,1,22,0.9725555555555555,110.30199999999999,0.1852011752355853,5,27.727999999999998,7.769673094796202,28.42891280695922,5.539319263754933
130,1,0,0.9147222222222222,107.85777777777778,0.18835863071659895,9,31.511888888888887,6.590085762803935,34.74721298115273,5.413074365573461
130,1,1,0.8226666666666667,80.864,0.05092872046204609,5,32.0468,5.2264191087206155,38.81785959417124,4.750905368701807
130,1,2,0.823462962962963,87.75933333333334,0.10048064970002304,15,31.540266666666664,5.455745876291037,38.51297676000074,6.361066442040846
130,1,3,0.8810964912280702,91.22,0.1941307318008371,19,31.2301052631579,4.101264085549137,36.49628310824809,6.803612306388012
130,1,4,0.8902539682539683,95.48914285714285,0.13062465789478525,35,31.78462857142857,4.154998429147536,36.29622141842374,6.209936721163522
130,1,5,0.9195555555555556,101.515,0.11765290467263324,20,30.149549999999998,4.660861886355806,33.35918489232162,6.979373876170117
130,1,6,1.0145179738562093,104.08352941176472,0.20584883651434932,34,30.71941176470588,5.441197145000951,31.43858303891841,8.04181311963095
130,1,7,1.082061965811966,103.3173076923077,0.2809452098629185,26,30.076192307692306,5.18661826641777,29.45412820941133,8.205382588507494
130,1,8,1.06809670781893,104.99703703703705,0.2826341896090123,27,31.913851851851852,5.113722065367198,31.569311678221236,8.312262531709203
130,1,9,1.1150793650793651,105.1452380952381,0.1885102852512368,21,30.140666666666664,4.006678054614987,27.94211519068637,6.879893227063987
130,1,10,1.2009461805555557,106.30125,0.18042128808877933,32,30.83503125,4.921462734858899,26.177636451033937,5.357080697364508
130,1,11,1.2872718253968254,106.18142857142857,0.15602178905557362,28,32.31392857142857,5.551886552425698,25.548129010840704,5.817672523036851
130,1,12,1.3965396825396825,117.96000000000001,0.4424502664737909,35,31.64114285714286,5.585304968991276,24.09202450745758,7.139618594718955
130,1,13,1.3313131313131312,105.45,0.2926581683659342,22,31.289772727272727,4.869975710625046,24.78381341867357,7.642143592374535
130,1,14,1.5414300411522632,130.23037037037037,0.36597346659403174,27,31.876148148148147,4.929158655808419,21.91958283122707,6.675063220568852
130,1,15,1.6829333333333332,123.81,0.43295586212613263,25,30.97888,4.630573815414242,20.13698639136636,7.849841985776401
130,1,16,1.5681172839506174,122.52166666666666,0.3701567235099947,18,32.871833333333335,5.1615765403947025,22.593109265551696,8.57152866757901
130,1,17,1.3896111111111111,136.347,0.2615689183366031,10,36.474900000000005,4.99298849387819,27.187846346039994,6.862236921623148
130,1,18,1.1517647058823528,110.25235294117647,0.2173090091348307,17,32.80594117647059,5.332996466230175,29.579517640728206,7.665504790591934
130,1,19,1.0882010582010584,105.75714285714287,0.15105877921061717,21,31.96438095238095,5.341194580580176,29.763654008280138,5.887165353152099
130,1,20,1.093015873015873,91.0942857142857,0.1841736071819673,14,30.124642857142856,3.8942786358203225,28.180302976655277,5.043315963309992
130,1,22,1.2259444444444445,105.704,0.30102003799017263,5,32.7448,7.917904091361551,27.038167385493484,4.187399488095222
130,1,23,1.19875,104.795,0.21743533521486344,2,35.7225,1.884439571862151,30.44315860226941,7.093937824855765
131,1,2,0.8903333333333334,100.834,0.18301101717494336,5,33.326800000000006,4.332098937005019,38.90154253278028,10.34433279872355
131,1,3,0.8886458333333334,101.64375,0.1015191528375663,8,32.875625,4.770942881878052,37.60358684623404,8.101623664467573
131,1,4,0.8468923611111111,101.57,0.14198367649287047,16,30.889,4.939676102741959,36.7575928430445,3.940334992972537
131,1,5,0.8811111111111111,101.38923076923076,0.08168996896073953,13,30.372384615384615,4.2049857221014335,34.60674039156432,4.508788820760286
131,1,6,1.0663888888888888,102.46285714285715,0.15328098945529767,7,30.400000000000002,4.215080070413845,29.38441842145346,8.156136456490872
131,1,7,1.0907738095238095,106.81214285714285,0.17829529304360003,14,34.038642857142854,5.411449224449142,31.716548166368195,5.591407179328799
131,1,8,1.0920833333333333,103.535,0.2885013871916782,4,32.68875,6.067831758544396,31.27008917331978,8.357527993451809
131,1,9,1.1631746031746033,114.04142857142857,0.24783911055511898,7,33.10157142857143,5.20594768372813,29.7476353876819,8.102135411086847
131,1,10,1.2805555555555557,115.08999999999999,0.24241136855547485,6,32.5405,6.912243738468718,26.654390607679773,9.391809014755612
131,1,11,1.2451587301587301,108.54285714285713,0.10850850713160441,7,29.832857142857144,3.6654545615594736,24.182497158154938,4.122259930821005
131,1,12,1.1757828282828284,108.16181818181818,0.20008585418768546,11,33.655818181818184,4.828798480329901,29.57531503210462,7.751745587744454
131,1,13,1.4449074074074073,120.28416666666668,0.23514315353884221,12,33.492666666666665,5.668398993676709,23.771209417692692,5.32290624683371
131,1,14,1.4386631944444443,124.656875,0.4571420569967346,16,35.994625,5.546865744123732,28.103185973650824,11.107209102490415
131,1,15,1.5555208333333332,148.5025,0.29180886320209337,8,32.684,5.059111949175044,21.69951134177118,5.106709437309664
131,1,16,1.5565972222222222,136.54,0.3148309276533274,8,32.10375,5.714982658391388,21.2164955108381,4.642707152381124
131,1,17,1.5509920634920635,125.20857142857143,0.3840634102798836,7,30.34042857142857,3.4355447824735106,20.426697281036095,4.424643946636446
131,1,18,1.4254444444444445,118.952,0.47545919162556377,5,34.782,5.907182238597349,27.726685603121222,12.660888181820848
131,1,19,1.2665,105.65799999999999,0.2683492633872763,5,33.2206,6.290529294105544,27.01709578607547,6.3724722408709615
131,1,20,1.0972685185185185,99.01333333333334,0.16982411168460446,6,31.816333333333333,5.843631085777632,30.01782220913981,9.38268684132463
131,1,21,1.017638888888889,97.055,0.175794602544989,2,30.75,1.0889444430272825,30.580872395502418,4.21270050901835
132,1,0,0.887945672945673,124.34800982800982,0.19537142948773673,407,36.937879606879605,3.3235761487446447,42.67815797416497,5.933202047127477
132,1,1,0.8734680134680135,120.37219696969696,0.16085174257024676,264,36.8305946969697,2.822082628772935,43.071297404161314,5.784671171099455
132,1,2,0.8505541383219954,114.10122448979592,0.16763928336426012,196,35.935117346938775,2.6379358405730025,43.28903418440155,6.4052959413071
132,1,3,0.8222994740302432,114.9680473372781,0.10531586963435778,169,35.85181065088757,2.570613343918822,44.11760789942148,5.116455706377584
132,1,4,0.8347682858738135,110.8640703517588,0.1217862523490982,199,35.60477889447236,2.6313867491481955,43.33160637701261,5.710531621623828
132,1,5,0.9001307870370371,120.064875,0.18827190387831733,240,35.96357083333333,3.582480476312814,42.575963391375936,25.030273297814087
132,1,6,0.9654575986565912,125.38523929471033,0.22162164680954144,397,36.605602015113355,3.8717882288011034,39.20441110066407,6.7547252320852635
132,1,7,1.0542855555555555,124.85228,0.3058566860942568,500,36.287594,2.7909833459263926,36.557372829868996,8.330748906718926
132,1,8,1.0338770936541637,124.98881104033971,0.25589582943812966,471,36.394222929936305,3.101311211233066,36.78070339740624,7.345382729665118
132,1,9,1.0381733656733656,124.26571725571725,0.2222721910979475,481,36.21872765072765,2.404157731636594,36.284279086862895,7.097421344041281
132,1,10,1.1713014492753624,128.65674782608696,0.9738949597100023,575,36.34581391304348,2.8358697671775164,33.920962723731876,8.124369011296881
132,1,11,1.1421300857507755,130.31573070607553,0.2680843343011145,609,36.46389983579639,3.099447628231201,33.573606563393525,7.645786578525455
132,1,12,1.1542150103027422,129.34828815977176,0.30236509132703293,701,36.23666333808845,2.343024692433689,33.304620492643146,7.801400236120898
132,1,13,1.2373457524111506,136.7850535077289,0.46480416703997895,841,36.68622829964328,2.559160932100334,31.678357171107788,7.32695260730545
132,1,14,1.3726884460920605,140.15222428174235,0.5354513201664944,1079,36.64741890639481,3.019368636262543,28.841177604535464,7.319865480334334
132,1,15,1.410951488808953,143.9272751798561,0.39339321786781,1112,36.8021762589928,2.691878178395271,27.855042026343053,6.887057890991791
132,1,16,1.3804842804139816,142.63273286467486,0.3784269313167506,1138,36.79640509666081,2.721772542859956,28.181173483779954,6.428533015246686
132,1,17,1.3165094017094017,140.80731282051283,0.3231272069553793,975,37.05228820512821,3.1195053706821767,29.515573434762548,6.278840605292433
132,1,18,1.152563885359311,133.70161372299873,0.2362802989794355,787,37.03643710292249,2.830336991515806,33.29443662920137,6.218796449468109
132,1,19,1.0478794642857143,127.47305059523809,0.20679740159921098,672,36.93070982142857,3.053031862025719,36.22821269117733,5.76541167467986
132,1,20,1.008175111925112,129.1747619047619,0.21378193834262274,546,36.988410256410255,3.508451678186526,37.806648902660534,6.204937926387867
132,1,21,0.9618504273504274,127.54351648351648,0.1900985861232076,455,36.61247252747253,2.60363195385136,39.20601379950148,6.497305051751924
132,1,22,0.9637916980185603,122.63997742663658,0.22503661460871957,443,36.896647855530475,3.140676905258647,39.59830306391967,6.4926114751223425
132,1,23,0.942635166093929,126.90395876288659,0.24351179047323498,485,36.98797525773196,3.435282916189376,40.71833984510504,6.701615062367435
133,1,1,0.8164814814814815,61.98,0.28256163062751577,3,21.350333333333335,1.6995588643331343,27.741213733537894,7.063504521272959
133,1,2,0.6118849206349207,68.20642857142857,0.06745326356498821,14,22.652642857142858,1.7728679766517756,37.4232751056022,4.945105657280564
133,1,3,0.6387828282828283,64.83981818181819,0.12183562702627691,55,22.7428,2.4014544697683466,36.36178584590921,5.323671453658662
133,1,4,0.6161827956989248,69.55185483870967,0.08583775763065692,124,22.637725806451613,1.544436900245785,37.300046025522356,4.865657803576789
133,1,5,0.6509047067901235,71.08805555555556,0.09959483526899932,144,22.226506944444445,2.195634893912016,34.73415269634322,5.2526480018608055
133,1,6,0.6975694444444445,72.17314814814814,0.14555936102866668,108,21.99621296296296,2.4707219651327166,32.36763599651692,5.413968821980691
133,1,7,0.7240173611111111,72.243875,0.15440339551875892,80,22.020325,2.2528820572600003,31.571608715640075,6.477043645059227
133,1,8,0.8063633040935673,74.07697368421053,0.18011547609141473,76,21.799934210526317,2.385606904391565,28.149901959762335,6.046509539660823
133,1,9,0.800032956685499,74.38661016949153,0.1817884965664534,59,21.896813559322034,2.5871034893564957,28.45725502656529,5.882000269178576
133,1,10,0.7791919191919192,73.91945454545454,0.16813650800595864,55,21.258090909090907,2.1458308610361363,28.38528473162649,6.092063535810197
133,1,11,0.7907979797979798,73.88545454545454,0.1378502631755616,55,21.634763636363637,2.4407486553623663,28.11922800232053,5.608360774152565
133,1,12,0.8914197530864197,72.3136507936508,0.22987852461469746,63,21.439174603174603,2.2911094195275408,25.39284365855526,6.4581657140556645
133,1,13,0.8946666666666666,78.56233333333333,0.1960185197787557,60,21.7211,1.9632642456646245,25.43283522506141,5.938615188562272
133,1,14,0.9833366013071896,82.92470588235294,0.30656980384905874,85,22.398411764705884,4.003878308216024,24.23144964114886,6.228296270147516
133,1,15,1.0356876138433515,81.49475409836066,0.31019019871524894,61,21.835622950819673,1.9240454617284422,23.04772668146383,7.296222641250631
133,1,16,1.059257662835249,86.76689655172413,0.3280485318621417,58,22.374155172413793,1.7780758849644396,23.170783545938523,7.396207419667078
133,1,17,0.9328070175438596,81.43964912280703,0.228247269993309,57,22.917789473684213,1.930272526436562,25.956956345866892,6.303245446542712
133,1,18,0.8080902777777779,78.45349999999999,0.15100003233036136,40,22.7897,1.8430617113365664,29.12405988636998,5.697648914667912
133,1,19,0.7853632478632478,71.36717948717948,0.17029747834775458,39,21.803,2.3304238263728587,28.818986223549384,5.95688941028473
133,1,20,0.7518518518518519,71.5325,0.11382361351555177,24,21.391375,2.6006366580462403,28.912159433123474,4.509580757521491
133,1,21,0.7142361111111111,67.8925,0.08899917203804082,4,23.481749999999998,0.9052397012209908,33.33732828915848,5.038755865692391
134,1,2,0.7479059829059829,77.56230769230768,0.08090096885472649,13,28.018230769230772,3.1775549602864497,37.692301664794904,4.657527122618896
134,1,3,0.7982828282828283,85.29818181818182,0.07773324671744661,22,31.0255,4.448752139110257,39.02459929436292,5.412621403711636
134,1,4,0.8421090534979423,89.36962962962963,0.1555870744025655,27,28.217814814814815,2.4965098720635055,34.22915204993246,5.07595611813758
134,1,5,0.8426169590643275,89.0321052631579,0.08703221475206901,38,29.709710526315792,4.966390972559313,35.502509632870414,6.161725097629631
134,1,6,0.9530718954248366,102.67764705882352,0.12019039802125167,17,27.014823529411764,3.820939040918052,28.768541099618858,5.568900932654557
134,1,7,1.0179166666666668,93.606,0.26207977174102903,10,28.0229,4.181296435051908,28.359042000993032,4.716444169304673
134,1,8,1.3689351851851852,97.235,0.35024252693654595,6,30.2165,7.032360506970615,23.775130390302877,9.37187161719573
134,1,9,1.1370436507936508,100.90785714285714,0.22501879754608115,14,32.33107142857143,5.737188569919346,29.5980884798905,8.0705571783098
134,1,10,1.1567676767676767,106.70545454545454,0.21475934969828037,11,29.894909090909092,5.151563441413596,27.08093704578721,8.961987932172732
134,1,11,1.1657575757575758,101.12090909090908,0.1930916869030519,11,32.07690909090909,5.200622279199778,28.380289758853284,7.562151313825315
134,1,12,1.3138425925925927,110.08833333333332,0.11188886360292483,6,28.5695,5.38555972021479,22.04263793085921,5.6729094544534995
134,1,13,1.434059829059829,110.98153846153846,0.29439121065038404,13,32.681230769230766,5.7153135544466,23.61651662928488,6.163993173622105
134,1,14,1.5825308641975306,129.2838888888889,0.4681155717703159,18,30.128388888888892,5.655986865977022,20.871977553432785,8.589244579248133
134,1,15,1.564465811965812,119.1846153846154,0.3220573984083877,13,32.476846153846154,5.762439006852247,22.19789765043005,8.203135242780723
134,1,16,1.5478968253968255,126.69928571428571,0.18045611049340451,14,29.935928571428573,6.391770652286311,19.84043609740409,6.065107511722563
134,1,17,1.283452380952381,112.34714285714287,0.23447087447249507,7,37.05385714285715,4.708844742558816,29.833739597569487,7.118215256589329
134,1,18,1.376087962962963,107.56416666666667,0.2802718201790801,12,31.69258333333333,5.284381764103336,23.82822026614183,5.890286327691965
134,1,19,1.0619791666666667,88.3225,0.19005582800308055,8,30.910125,5.7076025098735,29.58730436893299,5.6106594793544815
134,1,20,1.10125,93.04833333333333,0.21988091263395448,6,27.337999999999997,2.5134470354475353,25.42062289188888,4.00780065446579
135,1,0,0.8795833333333334,81.11,0.0630503546558005,2,31.1295,5.670289278334927,35.250702202448124,3.9197195671487264
135,1,1,0.74625,88.1,0.015124228375378943,2,26.585,3.387041481883562,35.586105767898225,3.8175264204482118
135,1,2,0.8384722222222223,88.31,0.11156044560995333,6,30.788833333333333,4.899822993401564,37.26897264096855,8.16336043785347
135,1,3,0.828858024691358,85.07777777777778,0.1675087086499499,18,29.05338888888889,4.066553391623931,35.77309519674123,6.44587617969174
135,1,4,0.848452380952381,89.76666666666667,0.08732560095419085,21,30.954619047619047,5.3394759431632455,36.90240770945189,7.59264643948699
135,1,5,0.8410238095238096,87.11800000000001,0.0935355577319347,35,28.8006,4.706916114175221,34.58556427373662,6.423707057802127
135,1,6,0.9429259259259258,94.848,0.20029246876821777,15,25.306066666666666,0.9750350518729841,27.97715971017225,5.92090048639885
135,1,7,1.0962222222222222,90.434,0.22651262807846356,5,28.8324,5.800616889607518,27.149702337254617,6.79330851528205
135,1,8,1.1471944444444444,116.36500000000001,0.2928608548119859,10,30.414299999999997,6.006369453431172,27.51225822423273,5.766103527780323
135,1,9,1.1091944444444444,104.226,0.17495886494793086,10,29.9792,5.149652346410278,27.592560313851898,6.122489340184421
135,1,10,1.1871491228070175,99.7321052631579,0.16656207731965766,19,30.818736842105267,5.9294730592383935,26.656799515725417,7.266863472284318
135,1,11,1.147962962962963,117.41583333333334,0.20450713154734337,12,29.39016666666667,5.845011265769271,26.409215487880203,7.595838275448264
135,1,12,1.2572083333333333,98.4355,0.20169379972690807,20,27.463099999999997,3.6216685439318255,22.34277657077689,4.4976007456281994
135,1,13,1.4027916666666667,110.0465,0.32067726103103283,20,28.71325,4.812025581537198,21.719620109127664,7.333670584922238
135,1,14,1.3267592592592592,107.4575,0.26275589668369026,12,29.806416666666667,5.722850155430871,23.851625621071964,8.885194669385218
135,1,15,1.5915359477124182,111.76941176470588,0.36748662943951027,17,26.60258823529412,2.719483362212931,17.817428652549353,5.880081864254681
135,1,16,1.6094883040935672,121.39947368421053,0.5192449793893419,19,31.042263157894737,6.022205731403155,21.55273548035321,9.025897648750442
135,1,17,1.5124561403508772,140.2021052631579,0.3973895471543857,19,32.71168421052632,5.576569087138232,23.6166272195209,9.329227199110568
135,1,18,1.084047619047619,97.15142857142857,0.14784580176438325,7,29.11157142857143,6.560061276572115,27.337178532320163,7.1684529902783
135,1,19,1.146626984126984,106.43785714285714,0.31947758759955136,14,26.86285714285714,2.00201985916312,24.29073447477458,3.5629840401033013
135,1,20,0.980111111111111,108.326,0.08499306031543552,10,31.745600000000003,6.567578586426575,32.57629713001653,7.065144661234609
135,1,22,1.0375,88.83,0.08838834764831847,2,25.8575,1.6086679271993984,25.07995337995338,3.6871745210123748
136,1,1,0.6127777777777779,78.945,0.04281924397185202,2,25.41,1.1596551211459383,41.50211255202588,1.0075984866906096
136,1,2,0.6871031746031745,76.53714285714285,0.1390317651353002,7,26.146428571428572,0.665599443394913,39.20401444395088,6.77894461364255
136,1,3,0.621183574879227,77.13826086956522,0.07360397418190881,23,26.40365217391304,1.4758708248690349,43.02650711577043,5.147892134335647
136,1,4,0.6326451077943614,77.98626865671642,0.10743595084936344,67,26.486850746268654,1.2673151201455124,42.75881134463972,5.711644589816047
136,1,5,0.6751694915254237,82.74762711864406,0.11938407341107002,59,26.852254237288133,2.078948429418107,40.69537993268592,5.946092827558172
136,1,6,0.6274305555555555,81.55,0.09953497606552117,20,26.058300000000003,0.965367238548708,42.28446588928826,5.357483638985606
136,1,7,0.69739417989418,84.96000000000001,0.116259191731078,21,25.97,1.017867329272336,38.21565209634725,6.411822100876049
136,1,8,0.8334722222222222,73.80000000000001,0.0009820927516479793,2,27.016,0.39032294321497524,32.41409611069385,0.5065034932189482
136,1,9,0.8553333333333333,84.126,0.20448137750136555,10,25.6676,1.1901572445129522,31.606814743903954,8.069088382316757
136,1,10,0.7798148148148148,83.26222222222222,0.09117502839302621,9,26.147777777777776,0.8276241263064078,33.95816361190921,4.290308448783042
136,1,11,0.9014316239316239,88.20769230769231,0.22204848087054488,13,26.066769230769232,1.3578358488078344,30.54241760070503,7.671137520751303
136,1,12,0.8742534722222223,86.6675,0.21585288101455571,16,26.255,1.6733909684629396,31.27032981710826,5.914544843993615
136,1,13,0.8624722222222221,84.911,0.09426712202525625,10,26.4446,1.5363874077415063,30.98021839177262,3.6590960884490196
136,1,14,0.9951587301587301,92.41761904761904,0.25648190457054476,21,26.18228571428571,1.131639613254023,27.78918269140542,6.335448671737881
136,1,15,1.2673931623931625,101.15615384615384,0.24721094799671253,13,27.668000000000003,2.5525926036091233,22.384556778673645,3.6249028856286305
136,1,16,1.1010493827160495,87.74777777777778,0.1953902430806099,18,26.22277777777778,1.2778213791935797,24.4954444304811,4.3019057633122335
136,1,17,0.9731111111111111,87.19500000000001,0.1694922662839944,20,26.488350000000004,1.2502294221040942,27.988775305539185,4.890972870545758
136,1,18,0.8678535353535353,87.42272727272727,0.12892462931842535,11,26.27227272727273,0.6067441126058152,30.794770537583727,3.905489695939414
136,1,19,0.8239197530864197,90.40777777777777,0.154338645594697,9,25.94666666666667,1.374263439082915,32.387729197866406,5.731071605522678
136,1,20,0.8234722222222222,77.4475,0.09869427896078115,4,25.79075,0.5183649775978322,31.646238862439315,3.6885712997083897
136,1,21,0.7662962962962964,79.03333333333333,0.0827816616041402,3,27.203333333333333,1.593779574888991,35.659115697054844,2.437128483146264
137,1,0,1.1098333333333332,94.118,0.45049987668021513,5,18.689999999999998,1.9439392994638491,19.213101476091477,7.740863612977361
137,1,1,0.6024166666666667,70.449,0.08108859931977708,10,17.929,1.2260899006371615,30.14377473039187,3.6753472384817014
137,1,2,0.5928811369509044,57.60976744186046,0.10004669431345263,86,17.82022093023256,2.2057333762461364,30.544304218962267,4.314266913630089
137,1,3,0.5886585010207058,61.01863517060367,0.0968501609992642,381,18.016149606299212,2.000151770868006,31.101549815188555,4.293585470891497
137,1,4,0.5886321593738882,64.17616862326574,0.10377308424736507,937,17.99217182497332,2.401365153348847,31.029071679291775,4.020301980333252
137,1,5,0.5857170542635659,62.27531712473573,0.09281412398018705,946,17.07668393234672,2.0670397626603143,29.544236998332856,3.753518855522263
137,1,6,0.5806192129629629,60.92199754901961,0.09627120811043306,816,16.345850490196078,1.9155487639812092,28.54315529798175,3.6189769544440225
137,1,7,0.5994582222222222,62.188864,0.11058732682466844,625,16.4923632,1.9419156409732137,28.02966907157863,3.913223002461577
137,1,8,0.6232104377104377,62.732505050505054,0.105328335915005,495,16.17590707070707,1.8089778667857588,26.45754101189568,3.983008992024495
137,1,9,0.6340227952167413,62.40587443946188,0.10754010900345991,446,16.361556053811658,1.911416625131328,26.268908332796087,3.9483937217808154
137,1,10,0.6628959986772487,64.73482142857144,0.13761748263428855,336,16.613684523809525,2.459242117546582,25.63114912186557,4.4133005307838715
137,1,11,0.7067925347222223,65.60036458333333,0.12142195144178247,384,16.602309895833333,2.160878209755303,23.90039213481569,3.751181029769335
137,1,12,0.7634155161078238,69.12506903353058,0.16333117274802209,507,16.888854043392502,2.5265554169852003,22.773219820111947,4.374829387235185
137,1,13,0.8263412571225072,72.81785256410255,0.1791251452476698,624,17.054022435897433,2.7357437850209485,21.32118004048067,4.377829058219061
137,1,14,0.9373050742574257,75.12519801980199,0.2124943319532455,808,17.12706683168317,2.3279366372077,18.98663645093055,4.080101851800108
137,1,15,1.0674114015976761,80.22196078431372,0.26348354599910256,765,17.23099346405229,2.526980630313214,17.001318539213184,4.454985146038797
137,1,16,1.1469031318854266,83.46352691218131,0.30101680437485673,706,17.319014164305948,2.649402070870412,16.0942822758065,4.72062305261033
137,1,17,1.0556854043392505,80.70968441814595,0.37716846929975195,507,17.291187376725837,2.261687044432753,17.490719957918525,4.529656456512295
137,1,18,0.9024953145917002,76.56151807228916,0.20322270143310098,415,17.83189638554217,2.5266503147269126,20.6072727169065,4.8148897742974315
137,1,19,0.8032261208576998,70.20284210526316,0.19062885231594634,285,17.389466666666664,2.6071132820148444,22.48018415113876,4.882917440634876
137,1,20,0.7529842543077838,67.73588235294118,0.19354952541998008,187,17.373871657754012,2.524080919625212,23.958587373804512,4.787601961708201
137,1,21,0.7064269406392695,64.58616438356164,0.11255757286039414,73,17.174986301369863,2.409602384748886,24.68666565626159,3.7975281351536743
137,1,22,0.5943452380952381,60.10214285714285,0.04616534848813628,14,15.949857142857143,1.323949735110401,26.888018691950283,1.8133425798718412
137,1,23,0.9378819444444445,73.52125,0.22815952029169298,8,21.0245,4.836565457902067,23.821884202827192,8.97135561350785
138,1,0,0.8335864197530864,103.93427777777777,0.1764379902745013,180,30.871794444444443,4.594482742659357,38.26880210499962,8.087111382374733
138,1,1,0.7648513302034429,94.71746478873239,0.15270796984506657,71,30.211478873239436,4.729722395535811,40.496336261680625,7.934536512319701
138,1,2,0.7512595785440613,96.52793103448276,0.11943725006119366,58,29.756310344827586,3.457043672652682,40.590141558852615,7.868586377125452
138,1,3,0.7329059829059829,89.33338461538462,0.10630371596187475,65,28.1744,4.51083584203083,39.189523210831446,8.23955744791493
138,1,4,0.7318953136810279,86.99578231292516,0.10451829389008988,147,27.102761904761905,4.2861984375040425,37.65633697121241,7.549824661166668
138,1,5,0.7591184141888367,90.87352112676056,0.12359171839959804,213,26.69742253521127,4.7435097983891925,35.77018179254021,7.196361446571371
138,1,6,0.85728515625,94.1275390625,1.0529170507694654,256,27.67773046875,4.867782863832461,35.82274613304341,8.836534372427941
138,1,7,0.8768642951251647,98.28841897233202,0.19158913898698698,253,28.44630830039526,4.824244516869139,33.82351004609832,8.48386496887806
138,1,8,0.9512447857413728,102.9219795221843,0.2938101039883008,293,29.05377133105802,4.723115518122697,32.22714728451754,8.284043854420712
138,1,9,0.9477891821440209,102.04803519061583,0.1873171011997423,341,28.084750733137827,4.700281135462982,30.734348975779557,7.65707698654951
138,1,10,0.9850367743630155,107.181536643026,0.25261081024328125,423,28.299094562647753,4.87722962069936,30.050261110746185,8.010684122732089
138,1,11,1.0599351469237832,106.44212809917354,0.2330196072944574,484,28.03882644628099,4.7205124036315675,27.73191704094706,7.849976241437312
138,1,12,1.1029359430604984,110.53564056939501,0.2800906341241881,562,28.19279359430605,5.01560412742322,27.095555691959284,8.276762106831054
138,1,13,1.1702635658914728,111.70347286821706,0.3368373976096629,645,28.407951937984496,4.768304546774677,25.988658627394173,8.025355745587527
138,1,14,1.29897668997669,117.79095104895104,0.3458829181984683,715,29.002460139860137,4.876840233237479,23.991935363704297,7.736090601117789
138,1,15,1.4258834827144686,124.65704225352111,0.41124043688795875,781,29.260567221510883,4.970833898947358,22.36007216139123,7.771359918649172
138,1,16,1.4556975655430713,123.78431179775279,0.8632046650929551,712,29.3722106741573,4.745940800233745,22.365358886805403,7.889435313876065
138,1,17,1.2611601731601731,118.7517142857143,0.3257457818904216,770,29.283981818181818,4.472158756691514,24.892453111505525,7.840625416390787
138,1,18,1.116060982963968,111.92932157394844,0.3174917494189409,737,29.240966078697422,4.5721530355666395,28.042881520922283,8.401004992247008
138,1,19,0.9462541789577188,107.00426548672567,0.19816982831284727,565,29.314168141592923,4.5097640860414385,32.285007146835895,8.134464699606587
138,1,20,0.8920251141552511,101.8641095890411,0.17540305930831934,365,28.3124301369863,4.826955054994338,32.72973013054995,7.655009152449883
138,1,21,0.8464930555555555,100.83422794117647,0.14694158906560598,272,28.474161764705883,4.851621711175364,34.50935920873274,7.696560076540382
138,1,22,0.9049064906490649,101.46173267326733,0.2540987247159258,202,29.21030693069307,5.0725081773031615,33.78068655140899,7.986371508232369
138,1,23,0.8452527777777777,101.01485000000001,0.24520333285817034,200,30.85288,7.041816735779307,38.18014844596229,9.002177943479207
139,1,2,0.8248263888888889,105.385,0.06501813230676202,8,36.918375,1.3670612837658127,45.019259313072844,4.192182673173693
139,1,3,0.8236507936507936,106.76071428571429,0.10575413491019493,14,37.05457142857143,2.399251508741381,45.6559978944834,6.295220402408497
139,1,4,0.9097222222222222,107.03333333333333,0.15765253244922622,9,35.758111111111106,3.167898019367276,40.20071659117147,6.809879618109725
139,1,5,0.9058838383838382,108.09636363636363,0.12447815876280736,11,35.566818181818185,2.956837459793211,39.86616593392905,5.950996903347956
139,1,6,0.9933333333333334,120.04249999999999,0.1715948849084639,4,36.80925,0.7241856921167898,38.01913010732076,7.5825651617359915
139,1,7,1.1664814814814815,111.75999999999999,0.3841536981287676,6,37.292,1.567698950691747,34.503112411567265,9.813151818892328
139,1,8,0.9616203703703704,104.63666666666666,0.1832410050902964,6,36.886,2.326345202243212,39.77285858323706,9.20992598988309
139,1,9,1.2665972222222224,121.06,0.34606885294311923,4,36.0085,0.8594081296644451,30.262982063922713,9.130614371141002
139,1,11,1.3243333333333334,110.272,0.2757329318223669,5,35.3834,3.302265555645094,28.01650333913485,8.174022012674842
139,1,12,1.3167777777777778,116.6,0.2706266732905246,5,37.6766,1.881894736694908,29.67110487805963,6.681277382390048
139,1,13,1.5437777777777777,110.47,0.5451452264316681,5,34.2552,3.82694587105697,25.266165680565223,11.08884111751479
139,1,14,1.5896296296296297,129.10166666666666,0.3052235646693748,12,38.780166666666666,1.9104048991739626,25.09166654980511,4.210135298427985
139,1,15,1.6935833333333334,138.676,0.46722979049521257,10,37.4545,3.5682094871860364,23.90989325809705,7.437717297883099
139,1,16,1.3885714285714283,124.87285714285714,0.24516211088054593,7,37.77328571428571,0.8901654741836305,27.959327116416034,5.12043061317233
139,1,17,1.3305555555555555,112.28333333333335,0.08109636471735565,3,39.10333333333333,4.192974282455514,29.53937341173941,4.476159972542135
139,1,18,1.1842063492063493,120.89999999999999,0.14217052993710916,7,36.97685714285715,3.128830848126897,31.684518276516325,5.205740762458764
139,1,19,1.0747777777777778,115.798,0.12926988110342574,5,37.3446,2.6150297895052756,35.18654992524118,5.105001011556635
139,1,20,1.1462037037037038,102.09333333333332,0.16699142741852258,3,32.431333333333335,3.9255044686426404,28.825324122634115,6.171768707247028
140,1,0,0.7548611111111112,58.635000000000005,0.15929544431730278,2,22.894,2.084550790937941,30.721427360569585,3.721522528019373
140,1,1,0.7378968253968254,76.80285714285715,0.14416237212104724,7,21.742285714285714,2.7930807790136027,29.80772196037754,2.7293195590630552
140,1,2,0.6895944444444444,68.75619999999999,0.19621754104232986,50,21.39256,3.7599755924088396,31.97221816339361,6.083611540003109
140,1,3,0.6624779541446207,68.86066666666667,0.0962048643669362,315,20.320968253968253,2.697074470537646,31.052091354168212,4.4753527296232365
140,1,4,0.6718494550408719,70.87115803814714,0.1021648962375621,734,20.295801089918257,2.7721400052442324,30.604821713955282,4.709295365692554
140,1,5,0.6683602574205412,71.90252955082742,0.08431253216581304,846,19.89049172576832,2.6320557815535697,30.063237394353763,4.426411046519662
140,1,6,0.6740312308164519,71.38479281767955,0.09305247035851916,724,19.70693370165746,2.5673467639543435,29.582905741980554,4.249766954771229
140,1,7,0.7048373871383822,75.29368159203979,0.11593999528556008,603,20.271991708126038,2.491462012233558,29.30117251053655,4.740356089459949
140,1,8,0.7350701186623517,76.8570145631068,0.11923552189664788,412,20.64711165048544,2.5804799025859175,28.61029913545996,4.738177529522396
140,1,9,0.7434672322022622,77.6461377245509,0.14365463643556428,334,20.825308383233534,2.550373117162728,28.702523416124112,5.068799977499808
140,1,10,0.7629609375,78.31065625,0.11826485725652881,320,21.04694375,2.5777891398426287,28.100609641267546,4.604488000248757
140,1,11,0.8164330808080809,83.06381313131313,0.13982786882141576,396,21.305108585858587,2.879308925670374,26.68387062296681,4.8488915751341235
140,1,12,0.8580041384499625,82.18986455981941,0.15501557931938845,443,20.951866817155757,2.2005465811879232,25.084574953340965,4.477644390926083
140,1,13,0.9325354330708661,87.01381102362204,0.18095711186447158,635,21.15904094488189,2.679928378714646,23.435740731395033,4.888713951770632
140,1,14,1.1182582033788173,91.08519005847953,0.8901331515173507,684,21.114997076023393,2.721672576999239,20.353209052044914,4.926686763086672
140,1,15,1.2086976070720927,96.3745816186557,0.2736667617853931,729,20.985230452674898,2.8692934639964776,18.23023800739158,4.724044162624984
140,1,16,1.2598968670947657,97.07789842381787,0.32539309944973477,571,21.04094570928196,2.980587403933317,17.853394113978688,5.516152861071783
140,1,17,1.1687210012210012,94.89995604395605,0.2829683883372865,455,21.12318021978022,3.2139189861270028,19.095857233792685,5.547982699339131
140,1,18,0.9990217013888889,87.943,0.2105539241908855,320,21.490524999999998,3.111206753044241,22.48986362940786,5.976007173070573
140,1,19,0.8755734126984127,82.67521428571429,0.19073410635222415,280,20.777985714285716,2.4024189780368745,24.59868799667246,5.042595647058706
140,1,20,0.8263389288569145,78.89496402877698,0.14199793233807276,139,20.662187050359712,2.347146811165511,25.604481272938322,4.529268908568405
140,1,21,0.7851835317460318,74.62089285714285,0.13334015425299056,56,20.242250000000002,2.1845417014684214,26.316548659186218,4.2685476997528795
140,1,22,0.9576736111111112,81.13125,0.40928271927989635,8,23.853749999999998,8.231046813307353,26.860162017471374,8.750151962835297
140,1,23,0.7826587301587302,78.4057142857143,0.2665511351365122,7,23.367428571428572,4.942529104859267,31.248648159671585,8.012086733734792
141,1,0,0.7799999999999999,73.77833333333334,0.1310636684408962,6,24.0555,7.430336809324326,30.73635311024614,6.717788898996338
141,1,1,0.7333974358974358,71.66307692307693,0.12631719343412845,13,22.674923076923076,5.935376588186275,30.918168809786042,5.248189686265286
141,1,2,0.6561489898989898,67.09378787878788,0.09037701825250576,66,19.339757575757574,1.1832788222120645,29.849818759035152,3.198107504424014
141,1,3,0.6405494371023006,69.98627753303965,0.0854548323612861,454,19.640786343612334,2.3533591895886774,30.979446043264275,4.041636025495379
141,1,4,0.655999255952381,73.58841964285715,0.09617873541229814,1120,19.77936607142857,2.739381318629584,30.4926556889086,4.381026944602038
141,1,5,0.6625436672822407,73.1691620498615,0.08519721831171391,1444,19.305289473684212,2.665550408824035,29.43510646086897,4.293263891522035
141,1,6,0.6785935623903205,74.48908561928512,0.08829804819663582,1203,19.121650872817956,2.3350215726834986,28.495404876949156,3.9869317696617013
141,1,7,0.719750418760469,77.34924623115577,0.11461094832425556,995,19.536849246231156,2.526797334573347,27.61964583682806,4.478040344683643
141,1,8,0.7675958291117866,79.11790273556231,0.12170005857110992,658,20.015142857142855,2.661004049003866,26.566488209587796,4.499111597028288
141,1,9,0.7744765684051399,78.02488095238095,0.12058405316564189,588,20.320596938775513,2.3882663886650937,26.741228917656382,4.386796324525629
141,1,10,0.7929829149232915,81.90663179916318,0.12907019164351524,478,20.541776150627612,2.1573971005767043,26.438718440623692,4.2375248550954465
141,1,11,0.8409473942969519,82.75830088495576,0.13682491659583496,565,20.51714690265487,1.89725272303086,24.90119391574675,3.913905605829388
141,1,12,0.8872807267884322,84.11501712328767,0.16022127605685102,584,20.5694948630137,2.2417568842165734,23.770782561996302,4.112534632297872
141,1,13,0.9552598468271334,87.80832603938731,0.197247905275934,914,20.568381838074398,2.2272649374458338,22.285007820137153,4.466615226923003
141,1,14,1.0558382292310864,91.84796846011132,0.2457835139083289,1078,20.57724953617811,3.479853527621511,20.285363022638588,4.308027566801616
141,1,15,1.2105106123869172,97.52015657620042,0.3393631389249987,958,20.567068893528184,2.5232961283944775,18.050810122033866,4.744175609710702
141,1,16,1.2369424813506087,97.78431095406361,0.31965131136191105,849,20.59460777385159,2.716132499127547,17.69332447055953,4.820906864117359
141,1,17,1.1569275700934578,96.21836448598131,0.267507301978523,642,20.74101090342679,2.7391435891652383,18.84673968171023,4.7993291125629565
141,1,18,0.9703267014568384,89.95037181996086,0.22482058130215915,511,20.869964774951075,3.1095301471462946,22.353602475046873,4.9774439631249585
141,1,19,0.9354557291666666,85.13067708333334,1.186706709768457,384,20.34801302083333,2.4429542354896574,23.853510365647125,4.445932468017433
141,1,20,0.7916410971641097,79.21041841004184,0.13343171797015765,239,20.016351464435147,2.6001477434404436,25.83390350037221,4.5815538027178215
141,1,21,0.7879185185185186,74.11826666666667,0.11826565277263236,75,19.79028,2.029070034356706,25.603797078760962,4.172295050073452
141,1,22,0.7607118055555555,76.15125,0.0954229791297026,16,19.9030625,1.3120698390329686,26.530475430478653,3.5310079892014037
141,1,23,1.01234126984127,77.63,0.6670430430060792,7,21.48857142857143,3.6846593174558606,26.35615239727533,11.397348925274038
142,1,0,0.8645299145299146,72.10307692307693,0.2678177410007507,13,17.763846153846153,1.4330709360294442,21.807230043290875,4.980401880203855
142,1,1,0.6703086419753086,63.62611111111111,0.2679455121219828,18,18.575000000000003,3.5251246285853246,29.555654606944383,5.704904758682011
142,1,2,0.5346736785329018,63.07223300970873,0.10005819708135785,103,18.061601941747572,1.5509701033755678,34.39857695365273,4.076453203904991
142,1,3,0.523416480862133,64.21010033444816,0.08966846189014298,598,18.206163879598662,1.751819017263454,35.38540586208371,4.639584119870866
142,1,4,0.5380108759553204,68.00845502645502,0.08446920065525998,1890,18.26165238095238,1.8532372904012502,34.46958935298518,4.522346301265252
142,1,5,0.5496311162079511,69.75802370030581,0.08420839101920626,2616,18.25937232415902,1.8085047633093285,33.77983355720812,4.731252195468203
142,1,6,0.5723052593720911,70.92904417364814,0.48714715729558566,2626,18.309800837776084,1.9498047598316504,33.34070863902888,4.962006613037692
142,1,7,0.5816276325344952,73.18577964519142,0.113372365413813,2142,18.432396825396825,2.1389479945632717,32.435047278167374,5.084620148834119
142,1,8,0.6151627552373375,75.0098508353222,0.12354734704121145,1676,18.37303520286396,1.8402685863223323,30.71152786691091,5.220413164541404
142,1,9,0.6107858094837262,74.04578914141415,0.11466866836169123,1584,18.31391351010101,2.0040594842452863,30.733330122983983,5.019178405863341
142,1,10,0.6141418056534336,74.42373502466526,0.10398976140309459,1419,18.325579985905566,1.8251858408907695,30.492179429857522,4.781485663379593
142,1,11,0.6424357336430507,74.76606271777004,0.12399287340829533,1435,18.35060557491289,1.7673206601318863,29.345055139632745,4.876643082441683
142,1,12,0.6596035693387946,76.9345991808075,0.1627167052903529,1709,18.531574019894673,3.1460135992519596,28.925703979947063,4.896929308147763
142,1,13,0.6909092810457517,77.90548705882352,0.14776228613228204,2125,18.489509647058824,2.104649389843287,27.610498876824018,4.851935620053807
142,1,14,0.7700811227894561,80.47093843843844,0.4666136366489503,2664,18.49265578078078,2.066040836120944,25.38236831636957,5.280933112552547
142,1,15,0.8826681169120928,84.18508835341365,0.2512844617090882,2490,18.598690361445783,1.9575136551328616,22.41067542233409,5.462904846011102
142,1,16,0.9890612079342649,87.94149788035797,0.3071694888100172,2123,18.733990579368818,2.091442191873115,20.468891279341822,5.823653642589863
142,1,17,0.9433717757936507,87.33364158163265,0.27936932439684914,1568,18.652088647959182,2.637854727601534,21.278622575715417,5.922745804537653
142,1,18,0.7938670411985018,80.63995184590691,0.21811378629601058,1246,18.568906099518458,1.9850086882380242,24.798099633346222,5.858259948513
142,1,19,0.6883835697399526,74.39989361702128,0.1976374663258825,846,18.435048463356974,2.0509029591729546,27.892738081021243,5.150676575956408
142,1,20,0.6445490543735224,69.25972340425533,0.12004556398703917,470,18.031202127659576,1.6119494096763103,28.645529485045945,4.2689393952774
142,1,21,0.6348678861788618,69.70865853658536,0.12116082812871191,164,18.1464756097561,1.5874617833232698,29.378226754978247,4.863625584447632
142,1,22,0.62305,68.4748,0.10593429918237186,50,18.29184,2.4447599219388327,29.90778743673918,4.552809112742996
142,1,23,0.6725,66.18947368421053,0.19861178019398654,19,18.847631578947368,2.8827168745729037,29.799108556772712,7.7059940950103485
143,1,0,0.5966666666666667,65.30625,0.21374655127842773,8,18.775125,4.917095061038147,32.452315560152705,5.0236251538169
143,1,1,0.5211666666666667,57.965999999999994,0.0755050893550794,5,21.9066,6.456173231876606,41.81845239006461,9.248988644381441
143,1,2,0.5512248995983936,60.674698795180724,0.15395436953851319,83,18.554048192771084,3.210494897278924,34.78697769287561,6.033996233436907
143,1,3,0.522129112352576,63.846089385474855,0.10484797622425089,537,18.191111731843577,2.155548724723448,35.55466983631311,4.974868350907009
143,1,4,0.5230844496979249,67.61502364066193,0.0942295630298499,1692,18.325875886524823,2.4790263106326824,35.678750462266464,5.41396954595638
143,1,5,0.5368228649747152,67.21080816673755,0.08405689121519701,2351,18.281734155678432,2.3344029110243256,34.6250018559716,5.322262673936634
143,1,6,0.5432202011239278,68.58108695652173,0.0887627170898439,2254,18.18595519077196,2.1742883083417204,34.1255046610075,5.4027034253442885
143,1,7,0.5672651445966514,69.85666849315068,0.10047402490585586,1825,18.34589424657534,2.375011665090186,33.02976915895474,5.50138575898574
143,1,8,0.6016722553402881,73.1896646795827,0.13708620668476731,1342,18.292616989567808,2.358764392527919,31.29970876539183,5.599606038120077
143,1,9,0.5894878073665952,71.74371900826446,0.114530234237408,1089,18.272411386593205,2.4654474227223866,31.754195426093997,5.406960533224722
143,1,10,0.5845392297572061,69.3568137782562,0.10967391755184344,929,18.19023573735199,2.1832571546211015,31.883056632989238,5.352515590098239
143,1,11,0.6124424972617744,70.5031982475356,0.11393679008691536,913,18.29646111719606,2.1811599106388653,30.641317395955515,5.304148519978127
143,1,12,0.6174569055036344,70.80590654205608,0.12022275755367054,1070,18.36444205607477,2.3290458831516196,30.48849127938286,5.085188949672808
143,1,13,0.6577325531550069,73.11150462962962,0.15811318899242208,1296,18.280974537037036,2.257900165734636,28.83982915743414,5.4262055207673
143,1,14,0.7254038388445458,74.44237742303307,0.19080470044853587,1754,18.214653363740023,2.018937313626171,26.357586284189455,5.657522196029433
143,1,15,0.8467689008577698,79.51106523040094,0.26071499506872997,1671,18.288735487731895,1.9646913153780416,23.146030651874334,5.874755078793109
143,1,16,0.9514319678127287,82.7092538405267,0.2946761910182746,1367,18.336527432333575,2.423922538059621,20.790028571893117,5.878294275784991
143,1,17,0.9324100364783594,83.25963620230701,0.7355693672688224,1127,18.50301508429459,2.293385323926098,21.971294440219065,6.611668709378943
143,1,18,0.7618061701081613,78.62491150442477,0.2185716323636649,904,18.526311946902656,2.5885737668093807,25.938786621170735,6.715958409617294
143,1,19,0.6561520419426049,71.88884105960265,0.15435794374945158,604,18.19321357615894,2.383035219656613,28.716728587623603,5.207150898435697
143,1,20,0.6100452360757704,69.62374045801526,0.1055541285946111,393,18.042175572519085,1.9472546850325896,30.22026693348389,4.6963174328795265
143,1,21,0.5973637316561845,66.47075471698113,0.10241626306362143,159,17.64633962264151,1.6815705506572811,30.228235867614288,4.790990216186162
143,1,22,0.6068018018018019,67.03972972972974,0.11155441315980626,37,18.458972972972973,3.774479894167072,30.99164447798404,5.7910897704519035
143,1,23,0.6979722222222222,66.534,0.10663347043241586,10,17.9207,1.2305167884538062,26.170911380255244,3.992353298122045
144,1,0,0.7763888888888889,86.38222222222223,0.23695344030076956,9,18.79422222222222,3.0319558364930788,25.278016942370414,4.623574941910789
144,1,1,0.529,62.724000000000004,0.12110164973236841,5,16.1084,3.633424390296295,31.080822326080558,6.090696718998619
144,1,2,0.5609081196581196,62.37641025641025,0.1299516417706507,78,18.286602564102566,3.7403265408518998,33.18771348845093,4.679415912466219
144,1,3,0.5736505922165821,65.40581218274112,0.14495811594452515,394,18.429992385786804,4.029227122352899,32.81071781609844,4.638419792289672
144,1,4,0.5907705938697319,68.39835344827586,0.13863874963762468,1160,18.634120689655173,3.774446369828131,32.16502790510414,4.615710987698861
144,1,5,0.5000893383436487,62.46322944297082,0.13109082696072608,1508,15.65215450928382,3.417642173858033,31.932256483351946,4.296809973997663
144,1,6,0.46247236042012163,58.761573383084574,0.10555406537220051,1608,14.331893656716419,2.4904217028708686,31.582335517645113,4.0513985451091346
144,1,7,0.4499839743589743,58.98296923076923,0.101353779608354,1300,14.05907230769231,1.7986128037635736,31.937288724237874,3.9606870296899817
144,1,8,0.4605041318602353,60.743435731608734,0.12675330031163606,1237,14.015400161681487,1.903243754853361,31.31018656446446,4.291412886799346
144,1,9,0.4588694916940217,56.51550581915846,0.14395732205418113,1117,13.907033124440467,3.28187044122522,31.040886614768425,4.149880642289743
144,1,10,0.49165978835978835,56.69781904761905,0.716162053540554,1050,13.745414285714284,1.0995030920223656,29.973792882711567,4.239358304719498
144,1,11,0.5185697305863708,58.25797147385103,0.12563109940506412,1262,13.874903328050713,1.420901478102073,27.72025079210034,4.751871062603508
144,1,12,0.5538048642132879,60.25571793235482,0.1489708830286159,1567,13.958944479897895,1.931111705802436,26.244898864074592,4.775720723651783
144,1,13,0.6158302924533291,62.42783436458829,0.2008327223373046,2101,13.916797239409805,1.9339288052124544,23.909551800022214,4.968680112888007
144,1,14,0.723376477089178,66.89035577658761,0.21536569497342675,2614,13.904921193573069,1.4400472317813566,20.428053452195634,4.712867808439287
144,1,15,0.8753587715547955,73.50800769559642,0.2962496749653014,2339,14.0269405728944,1.6833842149672376,17.2265533004139,4.3988305714063545
144,1,16,0.9813644455747711,76.89032553407935,0.32166783148964523,1966,14.146607833163785,1.9306083702309436,15.679198402032833,4.4936518714171845
144,1,17,0.9173988407699037,74.77632545931758,0.30687495445002083,1524,14.142527559055118,2.0041682420997446,16.853057146575843,5.017818873485175
144,1,18,0.7630169474528681,67.90101083032492,0.23247303810934583,1108,14.000615523465704,1.548432086375872,19.740570827051926,5.24081994004263
144,1,19,0.6434811111111112,62.352986666666666,0.20007632300540107,750,13.914841333333333,1.686550409327421,23.1259967293148,5.532493441432836
144,1,20,0.579282031451405,58.35329466357309,0.18723650863827102,431,13.886999999999999,2.053317509628951,25.440768358179774,5.402928664485833
144,1,21,0.5384047619047619,59.83907142857142,0.135346165198871,140,13.699414285714285,1.8804513042639845,26.53886528836223,5.24080538235796
144,1,22,0.5561821705426356,66.39186046511628,0.2074009036178821,43,14.68674418604651,4.0182009483813195,27.540469043988434,5.021754888968151
144,1,23,0.9835185185185186,85.776,0.3474271723176929,15,21.02466666666667,3.7690246875336446,23.33307012482505,7.887814545313255
145,1,0,0.8089484126984127,76.61642857142856,0.1344185350896008,14,22.889785714285715,4.581261905071261,28.89042352151744,6.693926114311161
145,1,1,0.73890625,71.63875,0.11451842577990232,16,21.3044375,3.319675485520636,29.115452766606047,4.184110536129707
145,1,2,0.7278318584070796,69.20805309734513,0.19365153261920787,113,21.167053097345132,3.357512976894154,29.817023605846206,4.631376455049235
145,1,3,0.701640826873385,69.7173488372093,0.11037849990800003,430,20.5465,2.266617834812676,29.664646942027836,3.612488625777161
145,1,4,0.707204838476025,71.14441981747066,0.10176190715627806,767,20.639249022164275,2.660261095922995,29.52178657266925,4.0113716594795585
145,1,5,0.7162557242709086,71.53130151843818,0.1016482284320377,922,19.90567245119306,2.3916715984499177,28.130434468857082,3.7005783662102467
145,1,6,0.7346215830273358,71.48474908200734,0.11261679077489292,817,19.33760709914321,2.340630679756669,26.67900860082378,3.59275409147492
145,1,7,0.7901090381426202,74.59753731343284,0.12615953534498983,670,19.444764179104478,2.396305851730494,25.035084279876173,3.9309671920180067
145,1,8,0.8575875535399345,76.99986394557824,0.18101260295290578,441,19.413607709750565,2.6168005478297807,23.37540839588707,4.746527190380779
145,1,9,0.8627455357142857,75.04919642857142,0.15431417164172165,336,19.482910714285715,2.184034831963114,23.132438804461113,3.9848941199519663
145,1,10,0.8923155994978028,76.12957627118644,0.15174072510750589,354,19.716782485875708,2.2144586842314995,22.551993214511707,3.5251845361788803
145,1,11,0.9260470639032815,80.17468911917099,0.1453448904543665,386,19.812870466321243,2.1067940804604417,21.79526096963001,3.418149186908663
145,1,12,1.000743911719939,81.69616438356164,0.18988075626744993,438,19.963890410958903,2.3490149718716515,20.524645275761223,3.8756287095626742
145,1,13,1.0654622871046229,85.78067518248174,0.2472403650731095,548,20.17312226277372,2.923098018724658,19.573133667648708,3.7616589726171052
145,1,14,1.1553610310598783,88.42693083573486,0.27321163643263485,694,20.336978386167146,2.6034686349472507,18.369493852999074,4.021761567521738
145,1,15,1.3061919112508735,93.93168238993711,0.3398160422159044,636,20.430308176100628,2.469289374519348,16.579049212318417,4.278439009975065
145,1,16,1.3302199524427152,93.79912451361868,0.33583038402236853,514,20.346252918287938,2.3435845377573328,16.17977682674436,4.196267911808833
145,1,17,1.249782700421941,91.62496202531646,0.3004179504895349,395,20.308577215189874,2.4954391505909057,17.11127884097831,4.326767767326559
145,1,18,1.050469034608379,84.83019672131147,0.23490573026690273,305,20.705675409836065,2.6133691080581296,20.502037961684415,4.3665684605139985
145,1,19,0.9482270916334661,78.49207171314741,0.18971754775668834,251,20.165494023904383,2.315784173657843,21.908490039557268,3.9362661742378764
145,1,20,0.8609130658436214,75.48541666666667,0.1356864759980562,216,20.25001851851852,2.49960157748532,23.972135731893545,3.9661890043401624
145,1,21,0.8618830128205128,73.18903846153846,0.17205182594600663,104,19.85027884615385,2.2149115586749852,23.640399240731952,3.9592916168108867
145,1,22,0.9115032679738562,76.99176470588235,0.3299775746388379,34,20.73905882352941,2.6415517356645717,23.955792690578306,4.24416418036944
145,1,23,1.0199305555555556,74.4225,0.2692576160495845,8,20.237875,1.8419734322188255,20.80211859331954,4.5771354452200645
146,1,0,0.9250694444444444,92.66,0.24547702521296647,4,24.7845,4.471711119172764,27.424298437326396,4.136902775092166
146,1,1,0.7388541666666667,70.93625,0.0716461207013473,8,21.65425,4.050518335437365,29.41688870384937,5.174788596164076
146,1,2,0.723339243498818,76.34021276595745,0.13079424282125543,47,20.637999999999998,2.386576855447258,29.00926719648312,3.882843509975096
146,1,3,0.7280804597701149,74.93275862068965,0.11401237244453717,145,21.338475862068968,3.4515347191960983,29.53375398124314,3.819192421833421
146,1,4,0.7130271464646465,73.37227272727273,0.0916509284774038,264,20.8202803030303,2.567392994469607,29.500128500150836,4.115279441446299
146,1,5,0.7397789725209081,73.84043010752688,0.1039988167449405,279,20.465724014336917,2.731989299296686,28.01675528921825,4.2376607318955495
146,1,6,0.7812665752171924,74.12526748971193,0.11290991408234992,243,20.276497942386833,2.785328694603065,26.33243809689087,4.26697379764353
146,1,7,0.8859597378277153,80.56460674157303,0.25152264057819834,178,20.741022471910114,4.06202284075486,24.123176276420345,4.388907161244866
146,1,8,0.8978559670781893,81.37044444444444,0.17316084114764635,135,20.502585185185186,2.3173766510997873,23.57300201667128,4.607039486697799
146,1,9,0.9510146923783287,80.11256198347108,0.18232150182918277,121,20.883677685950413,3.2129640604247762,22.52699175294765,4.344935797921804
146,1,10,0.9350319567354965,83.95982300884957,0.18310737470262267,113,21.40683185840708,3.3656865275650847,23.46872956556467,4.288754199951977
146,1,11,0.9968719135802468,84.88955555555556,0.2313423625558426,180,21.485522222222222,2.301830072152951,22.264798432788925,4.1684667807033655
146,1,12,1.0334573724668064,90.61163522012579,0.16839572704163064,159,21.834018867924527,2.68260523870553,21.58349036533517,3.8594422703831306
146,1,13,1.1400262345679013,92.80033333333334,0.3736212390630433,180,21.997611111111112,2.672928250909987,20.16157839603452,4.162200816564809
146,1,14,1.2691008425487098,94.9014691943128,0.28575978593662543,211,21.659800947867296,2.398475108460344,17.78316050548631,3.9088004460104364
146,1,15,1.3854256272401433,100.69537634408603,0.35995232550666934,186,21.432682795698923,2.4388512407511094,16.312703385344427,3.9508050589402255
146,1,16,1.4082309027777777,100.3989375,0.36888220278363937,160,21.7077125,2.6683435805746063,16.30769813114729,4.05032214691861
146,1,17,1.2031798245614034,92.6436842105263,0.27227679677927935,114,21.646815789473685,2.4797649316434542,18.893678092117696,4.741537452398414
146,1,18,1.0984580498866214,89.74336734693878,0.24624943145284725,98,21.53377551020408,2.1777509373114916,20.325212591226034,3.924117304259786
146,1,19,0.9690536723163842,82.1735593220339,0.17927772196459962,59,21.17242372881356,2.937516040768468,22.558461975027964,5.1601345261810945
146,1,20,0.915068306010929,79.46377049180327,0.14887782103467656,61,20.80011475409836,2.452830093982328,23.177843863593104,3.852704423929814
146,1,21,0.8690509259259259,78.9675,0.13355770465031883,24,21.510958333333335,2.8443611107985545,25.206512315072036,4.4203766884132705
146,1,22,1.3472222222222223,124.75750000000001,1.0511944753959093,4,26.53425,10.202778653386538,23.33189056116187,6.861000411969918
146,1,23,0.9430555555555556,82.385,0.1613256872486683,4,20.4535,1.0796587423811277,22.25903026316188,4.570189033207379
147,1,2,0.7769444444444444,82.955,0.03972707818026318,4,27.97225,1.9018202465007037,36.03733857821197,2.4995781928806933
147,1,3,0.7471428571428572,81.60857142857142,0.11776721593161578,14,28.147785714285714,2.2540553941241597,38.39118776085627,5.63573542824101
147,1,4,0.7484777777777778,88.84440000000001,0.11233455827811444,25,28.32112,1.8646226007783298,38.48042533469611,5.099933490365246
147,1,5,0.7624122807017544,85.34526315789473,0.14710894350976353,19,28.343684210526316,2.205893546656612,38.34783401400258,7.0945467654242105
147,1,6,0.7301944444444445,89.19300000000001,0.07203835212548058,10,28.5139,1.4405487727483122,39.22944018675775,2.2606405365710827
147,1,7,0.8120833333333334,93.795,0.14974247727119425,10,27.808100000000003,1.7865424366014309,34.918150048229684,4.624397112177232
147,1,8,1.0169444444444444,96.91333333333334,0.15167607825906287,3,31.643333333333334,3.386625655919669,31.238585960640407,1.2371382769974635
147,1,9,1.0285416666666667,95.70125,0.6315450551987813,8,27.119875,1.6992127956792222,31.180141062571106,9.534345799204354
147,1,10,1.0748888888888888,111.082,0.2466517763273398,5,30.9834,3.2667636584240354,29.820731995221553,6.005282466780101
147,1,11,0.8276388888888888,78.475,0.1966586235015664,4,27.54225,1.4127279462090352,34.674477748358996,8.082164538095785
147,1,12,0.986574074074074,97.39333333333333,0.11079869272081677,9,27.84122222222222,1.1082624664060612,28.549608255368565,3.5696831190450005
147,1,13,1.144375,96.33875,0.28965530014352325,8,29.026500000000002,3.6105109650257856,26.311113149338393,4.757967977758774
147,1,14,1.1524747474747474,102.6309090909091,0.26555347670459717,11,26.912363636363636,1.2594929354885067,24.292585162188548,4.773572126858641
147,1,15,1.3043827160493828,105.24666666666667,0.30085833286456704,9,29.27477777777778,2.53944741911394,23.549906072594073,5.970689088718152
147,1,16,1.2140555555555557,97.006,0.5060291051381468,5,29.082,2.452971667182483,26.579256615377478,8.62487338280619
147,1,17,1.1480555555555556,104.46111111111111,0.33365456165373447,9,27.419,1.6614016672677316,25.73028217599779,7.672872688187537
147,1,18,0.84875,102.42,0.13101117306984095,2,27.244999999999997,1.152584053334073,32.381101367630805,3.6402969332932793
147,1,19,1.045,99.77000000000001,0.40925363977204476,5,30.9252,5.4594091896468075,31.48095833598494,6.7086704635220755
147,1,20,0.903425925925926,83.97000000000001,0.2463075046182631,3,30.146666666666665,2.3298140126055875,35.17807524643758,10.030508807836178
148,1,0,0.8386805555555555,76.79916666666666,0.16638339247426645,12,22.663166666666665,5.298310413936148,27.639656355799755,7.061813220027864
148,1,1,0.6478639846743295,68.91206896551725,0.27076676128750227,29,19.629793103448275,6.763447046858948,31.05634235117403,4.965800000597086
148,1,2,0.6394244604316547,66.84258992805756,0.23886428982504468,139,19.26612949640288,3.826361958594825,31.376403067310054,5.5243613498692214
148,1,3,0.6050391414141414,65.74937878787878,0.12830859568889671,660,18.894472727272728,3.696854253625362,31.653294933975342,4.275867388675987
148,1,4,0.6180449784990983,69.495,0.13442567485503784,1602,19.141586766541824,3.9457719178580657,31.428278680645803,4.569098324803078
148,1,5,0.5410147769252629,63.23060358056266,0.13278805337048225,1955,16.08637851662404,3.323769178145407,30.298056787230934,4.135200487462481
148,1,6,0.4955719036440867,59.244300804828974,0.10160831998139831,1988,14.69797334004024,2.3103292714502577,30.152181833639993,3.7844942140421933
148,1,7,0.4944167326471364,60.16486935866983,0.11325231928162345,1684,14.667923396674585,2.456711445899265,30.237800990370513,3.7238209213888656
148,1,8,0.5100922169634138,63.21776876267749,0.11831597833869212,1479,14.598306964164976,2.3074708812507714,29.241471852838874,3.803091227627965
148,1,9,0.5094224156458199,57.33749194068343,0.10530623858626602,1551,14.170770470664088,1.307853396215329,28.442845051812466,3.7821037962225352
148,1,10,0.5402391612566226,58.17878441907321,0.1340144632021158,1489,14.237881799865681,1.6335820495562021,27.122459678076552,3.9061563034458127
148,1,11,0.5887549658597145,59.89573184357542,0.14033742068952468,1790,14.27388938547486,1.6424475774808411,25.026912359290503,4.067294581457722
148,1,12,0.6287563840653728,62.37592951991829,0.14561259400465307,1958,14.345311031664963,1.670010339878112,23.609542822380718,4.0782341217534315
148,1,13,0.6844695944421888,65.0605562322371,0.17935173307753613,2463,14.338427527405603,1.4773470556482358,21.888736677182155,4.248300190487495
148,1,14,0.7935418976861093,69.47619427811044,0.26923188742454357,3006,14.386313040585495,1.7001605368487545,19.136678420381617,4.132647781832993
148,1,15,0.9385302887633397,75.03014931396287,0.28143802829741005,2478,14.46797619047619,1.6784013821714716,16.478923075230526,4.125769743414192
148,1,16,1.0194501718213058,76.86096710849289,0.33257915158624585,2037,14.519128129602356,1.6684592611946802,15.41690846350954,4.235933849157083
148,1,17,0.9439522908785204,74.39704918032787,0.29348549836481597,1586,14.504619798234552,1.8332075125478955,16.515777848785685,4.348556606345897
148,1,18,0.8181199460916442,69.00475292003593,0.22583270379212603,1113,14.524109613656783,1.916407065352328,18.837670222836326,4.608295954675749
148,1,19,0.6933951795306758,64.3741475826972,0.21269683491553673,786,14.316895674300254,1.9242584375091663,21.908131669745863,4.919829747995073
148,1,20,0.6529911527452512,60.63510538641686,0.1982725344617607,427,14.351327868852458,2.005069981157484,23.20572626879957,4.836711681045094
148,1,21,0.567567791005291,57.35505952380952,0.11698506870306206,168,13.852744047619048,1.0180352334233347,25.162707653532248,4.087980571668518
148,1,22,0.5985474537037038,58.41625,0.19116127426952823,48,14.983875,3.148455417495609,26.153833712523497,5.0092164608043825
148,1,23,0.9480363984674329,83.87137931034482,0.39330176911169545,29,20.20903448275862,4.4901747140901085,23.663678599222372,7.365538484019895
149,1,1,0.6038888888888889,63.555,0.04556910367646642,2,23.895,1.8596908345206218,39.564991661043706,0.09397362429437663
149,1,2,0.6570987654320988,69.89111111111112,0.07758471961295678,9,24.06711111111111,2.271840962988191,36.80214621780525,2.718293079560446
149,1,3,0.6538703703703703,72.22966666666666,0.09915470931126176,60,23.755116666666666,1.3183181773254387,36.93953902743738,4.61502381577228
149,1,4,0.6802597402597403,76.27467532467531,0.12224735867302297,77,23.862727272727273,1.5626306651585264,35.86236552025744,5.091363636372489
149,1,5,0.7154851851851851,78.9744,0.1266621233357959,75,24.357546666666668,1.6632574542984255,34.78309569366501,4.919515104832357
149,1,6,0.708763440860215,76.67500000000001,0.11813624347940309,62,23.997903225806454,1.2125479569313027,34.63190388009826,5.102792919458876
149,1,7,0.7706560283687943,82.54723404255319,0.15994411624637142,47,23.900510638297874,1.0594931288600962,32.17558353052981,6.022740519228938
149,1,8,0.7501825396825397,76.01514285714286,0.1060856345998415,35,23.652457142857145,1.06299699360034,32.18634838055442,5.101847150595858
149,1,9,0.7888425925925926,79.42083333333333,0.12933503278488537,36,24.435166666666664,1.1063835165593732,31.69028262616271,4.793890497024731
149,1,10,0.82575,80.747,0.1702251200165447,40,24.029025,0.9987352383299842,30.175117319539634,5.545276319243416
149,1,11,0.8267078189300412,76.9011111111111,0.16946543767430158,27,23.742185185185186,1.4004610240103366,29.80260503058448,5.8319127975044776
149,1,12,0.965648148148148,87.31481481481481,0.23912880518683957,27,24.474962962962962,2.1933422771490427,26.588191727454916,6.053258068393483
149,1,13,0.9654770531400966,89.35130434782609,0.27856698789643214,46,24.094804347826088,1.8050416876634452,26.722040256144822,6.901813618532929
149,1,14,1.098582621082621,85.60000000000001,0.36709843993002333,39,23.74802564102564,1.1033275862059881,23.612323537218717,6.626458584391472
149,1,15,1.082193287037037,96.01520833333332,0.2818002038168798,48,23.81775,1.3681317825663153,23.216995338177583,5.1754283192858885
149,1,16,1.1858641975308641,96.01296296296296,0.2718433646310938,27,24.23974074074074,1.941770952043374,21.483587040124284,5.182466578084918
149,1,17,0.9950300300300301,90.51081081081081,0.2570023356854369,37,24.044702702702704,0.7054974157313431,25.45482488575965,5.444717864101395
149,1,18,0.8342160493827161,79.73977777777777,0.15433959826052696,45,24.25571111111111,1.4018197527470924,29.80802830616141,4.372902055000262
149,1,19,0.82239898989899,82.17484848484848,0.14943429233804156,33,23.762424242424242,0.7305850408364103,29.71552247439603,4.829713830028277
149,1,20,0.8244191919191919,82.42454545454545,0.19664489815201402,22,24.611454545454546,2.501487990077539,30.968177428902962,5.544586548664966
149,1,21,0.6842592592592593,76.80666666666667,0.068909233853585,3,24.186666666666667,0.6906036007242753,35.511068412375636,2.4425047097631993
150,1,0,0.572037037037037,72.55,0.05292401766769535,3,22.40833333333333,0.46331127045792386,39.358003028065546,3.060692590676346
150,1,1,0.7181481481481482,76.29333333333334,0.2773387270961723,3,23.827333333333332,1.195232752786388,35.80246655790755,10.280086203421902
150,1,2,0.5747916666666666,61.317499999999995,0.038102751890724255,4,22.91975,0.5130252592871694,40.02948879792159,3.2512580029227007
150,1,3,0.5932407407407407,66.35,0.07294338134961971,9,22.989666666666665,1.962632288534967,39.11390718804336,4.2314474715163914
150,1,4,0.583323754789272,75.99931034482759,0.07599361958760684,29,22.81989655172414,1.2240407715206343,39.66302169303122,4.810115674711851
150,1,5,0.5831415343915344,71.48904761904762,0.06711756080296166,42,22.39590476190476,1.057244735022534,38.913676956953154,4.837638796297203
150,1,6,0.6059670781893004,79.20851851851852,0.07061960256671469,27,23.16174074074074,0.9037937389178594,38.701902259155084,4.575991853837859
150,1,7,0.6638194444444444,75.923125,0.11913558258151524,16,23.68725,1.8382215862077123,36.273788885567505,3.9466442915488993
150,1,8,0.6499305555555556,76.30583333333333,0.1167829582148233,12,23.297083333333333,0.7367665793344877,36.90312809813353,6.6735406514205025
150,1,9,0.6196111111111111,79.696,0.07562741680660201,5,22.994,0.4575805939941084,37.62258731496528,5.315916661500589
150,1,10,0.7124131944444444,74.78375,0.1396118487088296,16,22.8571875,0.825263288795359,33.2178059742166,6.283549505870858
150,1,11,0.7804835390946502,79.50888888888888,0.2052049677236057,27,23.08688888888889,0.7874178508231015,31.50661495831658,7.824015149881541
150,1,12,0.778287037037037,78.27499999999999,0.14671629446818993,12,22.471,0.4762377175700846,29.81461309127509,5.54495736737402
150,1,13,0.8553888888888889,76.513,0.18432399805047078,20,22.7722,0.730969766816659,27.75242651306403,5.822026227161693
150,1,14,0.8956555555555556,82.5424,0.18931958114940026,25,23.01784,0.6239380765214876,26.80942252741193,5.67664125498324
150,1,15,0.9903311965811965,90.24423076923077,0.26666714142585946,26,23.112499999999997,0.6818502621543825,24.731207359928092,5.61888467708336
150,1,16,0.9610042735042735,88.21692307692307,0.3081671127379094,13,22.635384615384616,0.7887971368336242,25.51604514815846,7.460673050551774
150,1,17,0.8648958333333333,80.09875,0.1880528030598936,16,23.7521875,2.08197451853603,28.460620013272663,5.363830638858335
150,1,18,0.7426388888888888,88.11785714285715,0.13356167013535258,14,23.084214285714285,0.6161054078860001,31.918040258526336,5.058656851186417
150,1,19,0.7213034188034187,97.8076923076923,0.13896277593058382,13,23.034769230769232,0.9046718699659525,33.01790967560903,6.267354988758743
150,1,20,0.6534126984126984,80.60571428571428,0.10087295342997579,7,22.75,0.4431237599888626,35.50441621305966,5.277115430388017
150,1,21,0.7987500000000001,74.87,0.16846659252906473,4,23.9665,3.4685999577158877,30.303598415203012,2.3516796094125434
150,1,22,0.6494444444444445,63.91,0.10292332037270863,2,22.454,0.44406305858515194,34.958993330369054,4.856508726565309
151,1,0,0.7977777777777778,86.08,0.418260716239251,4,25.1525,6.368957921041714,34.49137621197683,9.608013199106221
151,1,1,0.6100694444444444,68.24,0.03987917386594731,4,20.204250000000002,0.17811676881566652,33.21522161644312,1.9980029115775269
151,1,2,0.6399603174603175,70.16857142857143,0.1521872006008833,77,21.194896103896106,2.5131082588385474,34.026435345122785,5.449698311202147
151,1,3,0.6134854918612881,69.4281847133758,0.10169588321199952,314,21.17637261146497,2.6402814954269775,35.07841109733333,5.372034247115518
151,1,4,0.6176844863731656,72.80488050314464,0.11830925446411118,795,21.41676352201258,3.132124185159672,35.284473310840546,5.79026708871697
151,1,5,0.6303365045806906,73.50565539112051,0.09452770637185447,946,21.652919661733616,3.255361045149936,34.884772513588786,6.169128368535143
151,1,6,0.646736994628216,73.8785368956743,0.09260551122154384,786,21.190279898218833,3.2275288479318602,33.244017308469466,5.906495517073788
151,1,7,0.6773159154697045,79.12264487369985,0.11498753384779545,673,21.437209509658246,3.1622643375066826,32.4130256412037,6.739527655330373
151,1,8,0.7163849922066354,80.26122244488978,0.14269156116829312,499,22.464869739478956,3.8123722591103646,32.27034403207698,7.295244730490194
151,1,9,0.6897156553716837,76.05947990543736,0.11398371462010473,423,21.90135697399527,3.4679540457253526,32.502755368833355,6.964392131330144
151,1,10,0.7093935427574172,75.41128272251309,0.12536719920663178,382,21.654945026178012,3.1784107890503353,31.331480263817078,6.711764078376153
151,1,11,0.729497113997114,76.87441558441559,0.12059530251289675,385,21.784342857142857,3.1520472054313924,30.51983362691358,5.9241606010927
151,1,12,0.7445441254651781,77.39638755980862,0.13382013104769674,418,22.018983253588516,3.30719300544411,30.327865677576682,6.23975694331181
151,1,13,0.7680573710965868,78.7120588235294,0.14309824052130837,612,21.81666503267974,3.1479361415764213,29.166486480044572,5.818052711386577
151,1,14,0.8513859416445624,83.3316976127321,0.2030002009019622,754,22.346936339522546,3.5289265640533176,27.297806372818766,6.459481693733858
151,1,15,0.9429650140646976,86.78139240506329,0.23786675539714042,632,22.181707278481014,3.3006712530687476,24.865861745473946,6.848606011354366
151,1,16,1.023272669220945,90.22088122605365,0.26350645001626477,522,22.565097701149426,3.675070627239189,23.471710994937112,7.036351660330724
151,1,17,0.9630152807391613,89.17183368869935,0.2431594873913387,469,23.098701492537312,3.657191523878238,25.45240651164576,7.4455878971138985
151,1,18,0.840417083750417,83.54162162162163,0.19781107721979094,333,23.256714714714715,3.8489796558644906,28.87602448915353,7.191434280109992
151,1,19,0.7578360655737706,76.99347540983607,0.15477691126988924,305,22.084708196721312,4.710341228640302,29.791458432484553,5.939722235070295
151,1,20,0.716701754385965,73.87331578947368,0.130172557547899,190,21.562942105263158,2.9913071308589867,30.7029967406944,5.380636733305663
151,1,21,0.7284104938271605,72.5624074074074,0.12860997817788747,54,20.381129629629626,2.2910401942258356,28.722887228986863,5.276130618942908
151,1,22,0.6656851851851852,68.64200000000001,0.0809219136825777,15,20.494066666666665,2.03216012679916,31.162655859904493,4.462498929131138
151,1,23,0.8401666666666667,68.424,0.37995119285326284,5,20.2966,0.672783620490274,26.916363452437974,7.881921197572567
152,1,2,0.6321509971509972,71.11794871794872,0.06725561365431033,39,22.665717948717948,1.9369676511267477,36.33233516589908,5.628775892235868
152,1,3,0.6245132517838939,71.18064220183486,0.08422483657838335,109,23.297880733944954,2.436612154447124,37.978421626750674,6.47858014960709
152,1,4,0.6343763102725366,74.23616352201257,0.12115202697358432,159,23.278930817610064,3.3720987250730374,37.50799405601878,6.703213889302332
152,1,5,0.6600639730639731,77.02830303030304,0.10685063294826387,165,23.82709696969697,2.6505679171118155,37.04233718107221,7.298581855833631
152,1,6,0.652949494949495,76.61245454545455,0.08151459054216556,110,23.497845454545455,2.566883389189065,36.66057901449002,6.72420638190735
152,1,7,0.6733888888888889,78.75670588235293,0.10823105842429226,85,24.021929411764706,2.7279760454376785,36.65165911770349,7.403752630578611
152,1,8,0.6771454678362573,77.32131578947369,0.1343936129701451,76,24.187973684210526,2.8419069230532936,36.99335348581814,7.884175564680051
152,1,9,0.6927851851851852,76.6168,0.11471934073315346,75,23.493479999999998,2.4516699678691154,35.05058037873607,7.822844012554257
152,1,10,0.6974904214559388,76.57327586206897,0.15035017033846992,58,23.704620689655172,2.59109683357607,35.5021016143665,8.414747280528724
152,1,11,0.6723611111111111,76.24014705882352,0.09063289004177505,68,23.91005882352941,2.3462236528779536,36.31809574568962,6.66173137035826
152,1,12,0.7136488673139159,78.30456310679611,0.16342192368227115,103,24.34633980582524,3.1463188311615093,35.68455252487199,8.23587912007511
152,1,13,0.7717818428184281,82.91260162601625,0.16362898461114433,123,24.69779674796748,2.701055604089406,33.24119591891147,7.090638415258185
152,1,14,0.8314631043256997,85.21625954198473,0.1852977052816729,131,24.334519083969468,2.862151176868263,30.67333025387149,7.40556170137511
152,1,15,0.9098560910307899,86.54969879518072,0.23770042977708278,166,24.271216867469878,2.733518112962776,28.490167153395813,7.921398183899094
152,1,16,0.9806126871552403,92.97070921985816,0.27369013748310883,141,24.57108510638298,2.468366517382242,27.087112754941458,7.9745628790451
152,1,17,0.9090879265091864,88.36551181102362,0.23344345237264774,127,25.03503937007874,3.9798752381370073,29.224676534669218,7.721426209337103
152,1,18,0.7681269841269841,85.0202857142857,0.171890128310171,105,24.81715238095238,2.510405034669752,33.73856140337866,7.341949193283365
152,1,19,0.7321698872785829,79.96144927536233,0.1542722455072426,69,24.17923188405797,2.455910207120579,34.31415918770623,7.281808196892558
152,1,20,0.7142612293144207,73.15234042553192,0.12386248766310592,47,23.262340425531914,2.543386020015151,33.46766188575414,6.636408355169777
152,1,21,0.6226719576719576,72.23714285714286,0.057808984373618165,21,24.52995238095238,1.9561988773177048,39.769460405623846,4.991605473167913
152,1,22,0.7258333333333334,70.79,0.04433754505195982,3,23.542333333333332,3.2015393693242826,32.67034586277838,6.109276498704207
153,1,2,0.7543055555555556,74.965,0.17658027674630725,2,29.506500000000003,2.6071027022348003,39.803523339036154,5.861569534900051
153,1,3,0.623452380952381,82.2242857142857,0.09997001314062565,7,26.841571428571427,1.667591262584335,43.88373788889447,6.757758101809403
153,1,4,0.6334722222222222,81.665,0.10107575833284121,12,26.997,0.7966953335783086,43.466272498489985,5.906323144616619
153,1,5,0.6609444444444444,82.4885,0.07251562086651138,20,27.08655,2.1707097911439988,41.36024751049972,4.738031169635666
153,1,6,0.8010763888888889,82.7475,0.17930325404569672,8,26.0305,0.7390410775360974,34.00044361753715,7.885299100945417
153,1,7,0.7152777777777778,88.93375,0.09272762640342254,8,27.682625,1.061662165461041,39.277369006382585,5.275761447341201
153,1,8,0.7406349206349206,79.41428571428571,0.09364458604213562,7,27.257857142857144,0.7164282770734809,37.26867810527688,4.462056491032636
153,1,9,0.7215277777777778,84.26666666666667,0.06410536995283722,6,27.244333333333334,0.8702417288700108,37.96256861848695,2.9530152909815137
153,1,10,0.7902777777777777,83.89666666666666,0.2157464432563785,3,28.552000000000003,2.0427755628066446,37.553822869924,8.15250118720982
153,1,11,0.8608333333333333,91.195,0.02160604053625566,2,27.805500000000002,2.170110711461515,32.27920838898856,1.7107664974220127
153,1,12,0.7696944444444445,80.438,0.13920583897080804,10,26.671499999999998,1.0758593722642795,35.53634925785575,5.60386280782254
153,1,13,0.7513888888888889,80.58399999999999,0.1091017972376891,5,27.032,0.8022281471003139,36.520536101680165,4.8278238442265895
153,1,14,0.8814506172839507,100.09777777777778,0.12046741992210432,9,26.742555555555555,1.2142214698224443,30.893624954293998,4.7035165593739245
153,1,15,1.025111111111111,93.06,0.1731556915568141,5,26.4472,0.5449579800314873,26.31205967677863,3.8743008282737925
153,1,16,0.9227083333333334,90.495,0.21225292765555417,4,26.636499999999998,1.0891811909258549,29.991329397853914,6.733048823914275
153,1,17,0.8559259259259259,93.50166666666667,0.1542745535079661,6,26.8745,0.3155767735433009,32.30515832678292,6.103858786864212
153,1,18,0.746388888888889,92.75,0.10555567738784394,7,26.77,0.5020292156173126,36.43380277841552,4.809437279239761
153,1,19,0.8340277777777778,79.6425,0.14481087780004,4,27.304000000000002,1.4636511424060963,33.760347341399886,8.028875754073386
153,1,20,0.6819444444444445,79.376,0.05613895073942383,5,27.084000000000003,0.5307824413071711,39.9204580759765,3.182133666205077
154,1,5,0.8820138888888889,79.135,0.13024161920226568,4,25.778750000000002,2.102816107826202,29.505563000281782,2.9015086815046436
154,1,8,0.762361111111111,102.065,0.1561527475120292,2,25.060000000000002,1.2303657992645929,33.407063800450054,5.22880684938867
154,1,12,0.7784722222222222,102.75,0.25475485977748663,2,30.4865,4.5771021946205215,40.36109803060596,7.328564220758184
154,1,13,0.9739814814814816,106.3,0.2225251985546121,3,27.416666666666668,0.9188217092196572,29.40327159558579,8.253083532416994
154,1,14,1.4314583333333333,162.3675,0.6703450747862055,4,33.569,12.187377267758091,24.26382373088663,2.6282230835125993
155,1,2,0.7129814814814814,75.71533333333333,0.08578191470271965,15,26.308,1.326193370946657,37.29481106727722,3.8343467349411866
155,1,3,0.7228333333333333,81.0208,0.07409588799173641,25,26.3932,2.110062736034169,36.85703973364453,4.50467083754439
155,1,4,0.7155235042735042,86.80192307692307,0.09405773794105646,52,26.543615384615386,1.6851907223632179,37.618619268197065,4.693813634892375
155,1,5,0.7317019400352733,83.42857142857143,0.11989334347409525,63,26.64931746031746,1.5975412441078645,37.148008953104906,4.929238772561239
155,1,6,0.7796464646464646,94.25727272727272,0.14940460656164728,33,27.712212121212122,5.361261283256813,35.970957692350474,4.738817332690495
155,1,7,0.8313624338624338,90.54666666666667,0.23319229517260517,42,27.54352380952381,4.160586088158764,34.20174602238737,5.230270050568159
155,1,8,0.8311904761904761,91.56904761904762,0.234972403535565,21,26.09690476190476,1.4636920750199447,33.24940270537655,7.294048001058982
155,1,9,0.8688020833333333,85.43625,0.37485815861708294,16,26.822625,0.9265033818970475,33.4692084682128,6.812974894702667
155,1,10,0.935823754789272,91.52379310344828,0.35948015759047275,29,26.12696551724138,1.9315379601824083,30.473172118203077,7.87050699274112
155,1,11,0.8689176245210729,94.44310344827586,0.20292936203166576,29,26.918724137931036,2.6905448982973112,32.28750109358682,6.458528293813694
155,1,12,0.9637462462462463,89.03351351351351,0.24744087658281264,37,26.583945945945946,1.8749470206729393,29.2683261796799,7.249197049674455
155,1,13,1.0117261904761905,99.8782142857143,0.22855416160019307,28,27.122857142857146,1.3336086858535847,28.09065796680096,6.079778605892398
155,1,14,1.1140232974910393,99.5158064516129,0.2424214253823329,31,26.98,1.7234689243886392,25.339586713661543,5.739103730262659
155,1,15,1.097609126984127,103.6067857142857,0.27754179625760883,28,26.927892857142858,1.2562108321304608,25.72970756894045,5.2843022140338265
155,1,16,1.1188888888888888,103.65025,0.31546493121055214,40,27.039749999999998,1.4018955070976267,25.842103894501577,6.542344494459045
155,1,17,1.1486018518518517,101.46000000000001,0.28023748598113696,30,26.960533333333334,2.4970255371808534,24.700346718258967,5.689394557958345
155,1,18,0.9505277777777777,95.9975,0.1503927039440748,20,27.05625,1.5685930965778145,29.061921645629674,4.2499804453879815
155,1,19,0.8734090909090909,90.01818181818182,0.16594790299832,22,27.1995,1.5020220260258066,32.206925066037044,5.991371438908188
155,1,20,0.7667592592592593,78.47,0.11153982108306786,6,27.0455,1.213153535213083,35.88147807101135,5.309399593632887
155,1,21,0.7281944444444445,82.6625,0.1523857765577855,4,26.4725,1.18167606954416,37.22936460171181,5.781081940556516
156,1,0,0.38986111111111116,33.375,0.11722047787011777,6,9.701333333333332,1.2662623214273843,26.498062803800508,7.319819174788299
156,1,1,0.3114141414141414,33.903636363636366,0.03696604517759277,11,9.641636363636364,1.403870098885739,31.631610859053968,7.54884066811034
156,1,2,0.33067375886524825,34.371702127659574,0.08877033429780906,47,9.606382978723405,1.6998365721085926,29.763361741635908,4.834591634630904
156,1,3,0.3220708267509215,35.09014218009479,0.06329920040685237,211,9.719009478672985,1.452113589255401,30.88118939656938,5.47420723832986
156,1,4,0.3221516139044072,35.47698324022346,0.060242428669233405,358,9.805648044692738,1.2285174386507483,31.213023617553006,5.578281248715379
156,1,5,0.3367907303370786,37.25438202247191,0.08840684776911537,356,9.823432584269662,1.5856310934313826,30.108297072701987,5.253439353363628
156,1,6,0.3468093385214008,37.608560311284045,0.07182466073493851,257,9.95086381322957,1.381805129160572,29.413600301732675,4.851877714099832
156,1,7,0.3508573717948718,37.86764423076923,0.08068973878699444,208,9.743235576923077,1.0878452740949331,28.871131398376786,5.6653362916883925
156,1,8,0.3437962962962963,36.63051851851852,0.07415449182995634,135,9.810370370370372,1.1147338932888315,29.39688195720644,5.176697834110885
156,1,9,0.32961407972858353,36.58625954198473,0.06612613465474058,131,9.814992366412213,1.0971948743267863,30.492391137721516,4.798990269971639
156,1,10,0.32864215686274506,35.16582352941176,0.0907990460303521,170,10.020723529411764,1.9251031387199398,31.298882368179285,4.883767618759269
156,1,11,0.3266825810185185,35.58619791666667,0.06376887699351379,192,9.977630208333332,1.4828581160654273,31.09969614873657,4.496705281191909
156,1,12,0.334416335978836,35.4875,0.06431967813147804,168,9.90430357142857,1.0949494547649958,30.3531085750594,4.816918306966125
156,1,13,0.33857037037037035,35.00266666666666,0.09848819621430888,150,9.940386666666667,1.4750977389374391,30.40637408793799,5.137691620451613
156,1,14,0.3458719646799117,36.49854304635761,0.07834025474895241,151,9.919807947019867,1.5141188800321317,29.3610317512154,4.328127336731003
156,1,15,0.3650297619047619,36.00985714285714,0.09871200519834324,140,9.951857142857143,1.2667679974253891,28.37459474744357,5.148096019021651
156,1,16,0.3687886382623225,38.891804511278195,0.10034408359791543,133,9.823007518796993,1.0437951115001087,27.86121729583622,5.213695361499064
156,1,17,0.34726495726495726,35.99269230769231,0.06519356968522509,130,9.808976923076923,1.164922351375681,28.88165220662655,4.367309033887702
156,1,18,0.3481597222222222,36.07205882352941,0.0798540903158328,136,9.862889705882353,1.267951539398733,29.08944897284455,4.4132839269143505
156,1,19,0.34444132334581773,34.249775280898874,0.06730592989196177,89,9.91876404494382,1.3784507115407096,29.417328577161324,4.6277025419762605
156,1,20,0.3349537037037037,35.85595238095238,0.0718779818952992,42,9.743261904761905,1.6920720889262115,29.664880399169334,4.592175511116575
156,1,21,0.33186868686868687,34.18545454545455,0.0704965951052715,11,9.751363636363637,1.3810444071591084,30.146546748064278,5.141395710673552
156,1,22,0.4360515873015873,36.95071428571429,0.28057115084376666,14,9.105714285714285,1.136256703700047,26.779622593091638,10.974611908405992
156,1,23,0.30194444444444446,40.04333333333333,0.0970876052151857,3,10.162333333333335,2.0760169395583783,34.43413965881854,3.723266278512477
157,1,0,0.7441666666666666,68.82,0.07842390351146326,3,24.456333333333333,3.9957577921257097,32.927365431445345,4.508026176104653
157,1,1,0.8508888888888888,83.46000000000001,0.10639766427400069,5,25.0296,5.178819440760606,29.60328260123929,5.753054295592179
157,1,2,0.758888888888889,82.86500000000001,0.2063738965692735,16,24.1140625,4.714002495668269,32.66773135135725,4.899675298811158
157,1,3,0.7310818713450292,80.13157894736842,0.1573567155504137,19,22.7761052631579,2.2443575397164044,31.938757767705994,4.485912794216348
157,1,4,0.7300980392156863,72.32529411764706,0.11293935453926378,34,22.910823529411765,3.815237229770856,31.966003069513015,6.685569513867047
157,1,5,0.7057239057239056,80.21242424242423,0.09555734563573659,33,21.78739393939394,3.212131145549964,31.15024506497767,4.413277768422064
157,1,6,0.775775462962963,75.57666666666667,0.14556629517407163,24,21.886750000000003,4.563486712839304,28.61734750564635,5.880392794256996
157,1,7,0.9511444444444445,84.32799999999999,0.18961691331965203,25,20.66932,1.537673776629274,22.44572726440418,4.33747407798259
157,1,8,0.9499074074074074,82.86999999999999,0.31585842569169176,12,20.558333333333334,1.4467563929722447,23.911343174040663,7.656986467318546
157,1,9,0.9560858585858586,88.49909090909091,0.1733752377474162,11,20.95309090909091,1.7789843425137535,22.4756615905732,3.828116119889991
157,1,10,1.045813492063492,97.74571428571429,0.13267847842009006,14,21.594214285714287,3.638037429049463,21.079619163728353,5.253243949031779
157,1,11,1.0346666666666668,89.757,0.22112719239766468,20,21.03445,1.980332626898293,20.926901291421935,3.484122742071757
157,1,12,1.0479761904761904,89.94190476190477,0.16306630058428198,21,21.439,2.2020812428246153,20.750549764938,2.6927503140838986
157,1,13,1.215462962962963,97.46541666666667,0.3747673429883524,24,21.140875,2.502381010722805,18.593258775161576,4.574535888546347
157,1,14,1.4152777777777776,103.87388888888889,0.4920017598170109,18,21.132777777777775,2.8204649086017,16.490546867250465,5.503578625050669
157,1,15,1.5373550724637681,106.04652173913044,0.346555277340111,23,21.28278260869565,2.8362571039459366,14.42560644419969,3.2454180886210606
157,1,16,1.3350584795321636,103.71947368421053,0.3592899421193449,19,21.701894736842107,2.6165462794967977,17.55367948557447,5.649484718393194
157,1,17,1.2018055555555556,90.423,0.31346779494950916,10,22.0941,1.9538555303126517,19.35019364266146,4.552358460057226
157,1,18,1.2411965811965813,95.53846153846153,0.36140764862586977,13,21.459923076923076,1.9759545145548625,18.29734288495912,4.157784282064106
157,1,19,0.9657638888888889,83.345,0.15586697910364827,4,20.5715,1.1572995866815712,21.705330765822723,3.511378460198682
157,1,21,0.8622222222222222,86.365,0.06937811647246912,4,20.055,1.1832863840451584,23.42674662212038,3.0290224468410316
157,1,23,0.6579166666666667,70.065,0.057157798145912576,2,19.336,0.8570134187980942,29.557869614370052,3.8705147518775838
158,1,0,0.7505555555555555,66.05888888888889,0.2538270347702287,9,19.032,2.588256990717886,27.378396205222526,7.716794981679262
158,1,1,0.5417013888888889,59.7375,0.10482132247334856,8,17.79625,1.9144035811261353,33.50103813673649,4.78598441632509
158,1,2,0.4997708333333334,58.460249999999995,0.08142839068186031,40,17.835775,2.7501387516278375,35.90980660699141,3.544029034685479
158,1,3,0.511428830791576,64.78173202614379,0.1037463172295638,306,17.55549019607843,2.736949853377583,34.87738739464259,4.46898593513132
158,1,4,0.5263256746900072,67.66505470459518,0.10217646013375019,1371,17.81337345003647,2.596292592971076,34.37163571172993,4.299509751756086
158,1,5,0.496560237914452,63.810897494305244,0.09239534949950502,2195,16.033743507972666,2.537777602329563,32.6960006144256,4.118366274552612
158,1,6,0.4780175678758841,60.941786447638606,0.08724249058761013,2435,14.685563039014372,1.824020266625962,31.235608759144977,3.994753721640745
158,1,7,0.47347889509621355,60.29094972067039,0.09401117670683198,1790,14.662727932960893,2.1135035909627633,31.46842948051638,3.9332651878134164
158,1,8,0.4897180163646096,62.299532002752926,0.09280072767559996,1453,14.572593255333791,1.6267552026668042,30.307340494401647,4.015797691642235
158,1,9,0.4924610591900312,60.78930685358255,0.17798252584960697,1284,14.359393302180685,1.5576595890840939,29.936313183048842,3.948727343862127
158,1,10,0.49603268259518263,61.79083041958042,0.1034480473811348,1144,14.407000874125874,1.5145048227942204,29.62190868417036,3.8243417144895626
158,1,11,0.5401265360488099,63.4561252900232,0.10905437343454404,1293,14.563272235112143,1.6893523925830396,27.609168004206285,4.178818071665597
158,1,12,0.5672857297063904,64.02586139896373,0.13800195821885528,1544,14.50639896373057,1.580041861065995,26.438836555379712,4.551514379195663
158,1,13,0.6378127009176457,67.34913729615992,0.5439952205579885,1901,14.673266175697002,1.9692446753053499,24.33431939613819,4.783442719793413
158,1,14,0.7214019008825526,70.5286232179226,0.18806745739094025,2455,14.620435030549897,1.8835059552685085,21.253713255153283,4.772498786255003
158,1,15,0.8586786118179248,76.36663273960984,0.25320807191767514,2358,14.723575063613232,2.215633927661768,18.22507503900752,4.6479043597434355
158,1,16,0.9285303714859438,77.96007028112449,0.27340943667096285,1992,14.753984437751004,2.050440951034765,16.970615396796408,4.539084069021623
158,1,17,0.8781906548431105,76.717551159618,0.23936733427372822,1466,14.813761937244202,1.9999685980326771,17.966173015589995,4.863161031783339
158,1,18,0.7463037634408602,70.64624787775891,0.19620789510052375,1178,14.956863327674025,2.450602285652098,21.12810022390119,5.298466149644177
158,1,19,0.641815308988764,66.0475,0.16812894721717728,712,14.6439452247191,1.9858945009405848,23.883109312712836,5.124598534670626
158,1,20,0.5921390199161426,61.15507075471698,0.15838411860240972,424,14.413990566037736,1.7470182310652584,25.43103429155429,4.950655742078694
158,1,21,0.550172143974961,60.781619718309855,0.10839550221781942,142,13.96437323943662,1.0411091508384913,26.184817383737595,4.524432993748458
158,1,22,0.545142857142857,77.12942857142858,0.1086022590426026,35,14.911857142857142,1.9665995756015768,27.930075908832332,4.339151090900373
158,1,23,0.6830409356725147,64.5,0.187606062221722,19,17.430473684210526,3.7985210626186996,26.58113866237568,6.545337163304942
159,1,1,0.715,86.38,0.0698219369586553,4,27.2125,1.6464988106079324,38.47633399686165,5.800920671649519
159,1,2,0.6814316239316239,82.46153846153847,0.07446230836607746,13,26.874538461538464,1.3092207997752339,39.78851002940529,4.0483083314471875
159,1,3,0.7455793650793651,83.58657142857143,0.12922423644013395,35,27.7174,2.1344151864703576,37.99266347130325,5.5659112994579525
159,1,4,0.744537037037037,90.26925925925926,0.217944348037304,27,28.900814814814815,7.446981288451134,39.440670374802146,5.235129264108542
159,1,5,0.7116296296296297,87.81533333333333,0.1017210544108659,30,26.8885,3.171121413197764,38.31979192114429,5.873615468531096
159,1,6,0.7309555555555556,82.2396,0.07890470303152929,25,27.10984,1.9048938876833352,37.51379696829894,4.809567089465641
159,1,7,0.8530555555555555,86.9245,0.18971917192927779,20,27.600150000000003,4.5426447927565174,33.35740958890109,6.397410930045304
159,1,8,0.7651111111111111,82.22933333333334,0.11185114667425489,15,26.5962,2.016964593498996,35.64712422181255,6.936094755703807
159,1,9,1.0613518518518519,98.06733333333334,0.3653878141141489,15,27.747466666666664,5.402881306259078,27.87987026430506,6.547678365791315
159,1,10,0.7986111111111112,93.12615384615385,0.14418762782035388,13,27.29469230769231,1.397606846518683,35.10435468312893,5.78417198876444
159,1,11,0.9014043209876542,89.16444444444444,0.19424596481235007,18,26.713444444444445,1.0528585303673614,30.777691632049464,5.7497913816576105
159,1,12,0.9263888888888889,90.4075,0.1386836631915021,16,27.162,1.0251136522356925,29.811463125155363,3.7115525560392704
159,1,13,0.9849707602339182,96.77473684210527,0.19627626764384756,19,26.98236842105263,1.5723759873560896,28.0846352870547,4.046738066192762
159,1,14,1.0587433862433862,104.15571428571428,0.198557755440924,21,26.526857142857143,1.2372306691039587,25.863570636132742,4.845293221710045
159,1,15,1.2291666666666665,100.4513043478261,0.32085972168360066,23,27.40513043478261,2.7263379084963684,23.507407874459638,5.8011021277773285
159,1,16,1.2392222222222222,102.099,0.2602136124543886,20,27.514999999999997,2.4290497600588807,23.019618379484815,4.648113065549633
159,1,17,1.0770502645502646,97.88190476190476,0.29039867865263796,21,27.33980952380952,2.353541302357953,26.79582498848304,5.903141117630899
159,1,18,0.9442483660130719,95.14176470588235,0.13649488006164498,17,26.835176470588234,1.1941896434033281,28.873702774003274,3.5385005434836003
159,1,19,0.8661111111111112,86.77142857142857,0.09368276316356236,14,27.500285714285717,1.3435791710989675,32.02900505421494,3.1726959020055405
159,1,20,0.8125925925925926,80.84666666666666,0.08364155960900756,9,26.526333333333334,2.1632986386534796,32.902018308134615,3.6906763792513577
160,1,2,0.7641666666666667,81.18199999999999,0.13234166977297457,10,24.171799999999998,3.3801403258181786,32.04397014265692,4.506774293812187
160,1,3,0.7516908212560386,83.36869565217391,0.0864183145605991,23,24.012739130434785,2.5086881435485404,32.181024655667805,3.584613553806922
160,1,4,0.7733571428571429,80.082,0.09338915355912529,35,23.730885714285716,1.9892291112747316,30.937027496760038,2.931334245945238
160,1,5,0.8374421296296296,88.06583333333333,0.14845448604915154,24,22.606666666666666,1.6038532857835976,27.597235492355235,4.010806237057766
160,1,6,0.8665462962962962,80.512,0.20326109780023227,30,22.56543333333333,3.19394972952184,26.8921302652028,4.979004023278662
160,1,7,0.8680864197530864,93.76888888888888,0.17667477075907279,9,22.623222222222225,1.5653684692251988,26.932165333881514,5.022112631431255
160,1,8,0.9447569444444445,90.79125,0.23237650745014354,8,21.692375,1.228504077265168,24.13575296479587,5.656908704921948
160,1,9,1.0663888888888888,85.108,0.1733284365405174,5,22.5964,2.2799067524791448,21.589494377428355,3.673397781935597
160,1,10,1.015462962962963,81.33666666666666,0.12380885140910895,6,22.270666666666667,1.6232428859128467,22.17013483395189,2.9866511568898564
160,1,11,1.2493518518518518,94.81555555555556,0.29931876743204233,9,24.60988888888889,5.731079096567339,21.081350678484696,8.293211934351078
160,1,12,1.0475520833333334,88.715625,0.19626696720315281,16,22.7124375,2.546125369229358,22.125032723292872,3.1165938367376698
160,1,13,1.258317901234568,98.08944444444445,0.260997689039452,18,23.52211111111111,2.073501723822001,19.30540437804192,3.6173694013735087
160,1,14,1.500854700854701,110.94076923076923,0.42866938199852184,13,23.654615384615383,3.251735191618509,16.941337179523604,5.199997288704133
160,1,15,1.627548309178744,116.21782608695653,0.452864973107506,23,23.892434782608692,2.3555890177519,15.842542576696545,4.744894325518032
160,1,16,1.457202380952381,110.45142857142856,0.3319111302577193,14,23.275000000000002,1.6368615842990049,16.74815312557555,3.951984157743272
160,1,17,1.3511111111111112,103.79333333333334,0.2923975300621053,9,24.587444444444444,3.20203666090471,18.843865541566398,3.938418538788017
160,1,18,1.1486419753086419,101.99333333333333,0.30331649463731314,9,22.334777777777777,2.042747645805632,20.42085448559651,4.261786589865258
160,1,19,1.154074074074074,86.42,0.5523210238389316,3,22.566333333333333,2.2382315191537567,22.711282915539044,10.952098986627957
160,1,20,0.9147222222222222,72.05,0.11145121559135238,3,20.680333333333333,0.7847294650599882,22.76530630396074,2.005910873460165
160,1,21,1.0322222222222224,101.965,0.14967093535115264,2,25.075,5.324514062334703,24.172383859327354,1.6533365816984593
160,1,23,0.9898611111111111,81.965,0.4217106275576437,2,27.589,6.209811752380261,32.12311865534166,19.958832666389497
161,1,0,0.7448838383838383,70.76363636363637,0.23875036472577457,55,18.465672727272725,3.0837144512478805,26.300171689108502,6.353279110125022
161,1,1,0.6122955974842768,64.82962264150943,0.15318160645217446,53,17.878735849056604,1.764188461838032,30.315382379645285,5.685010909470593
161,1,2,0.5714512882447665,66.61782608695653,0.16376718238619833,138,17.656934782608698,1.963702923279925,31.95174081276448,5.142008797267629
161,1,3,0.5441970702045329,72.01859038142621,0.08906518512482646,603,18.07518573797678,1.9731288125611688,33.75724954629145,4.648173288673771
161,1,4,0.5524773634131369,77.52083563535912,0.08926973920565427,1448,18.09865538674033,1.8370913225324728,33.29179582830767,4.451416189521303
161,1,5,0.5554479626902308,76.41691703485519,0.07952291420464455,2037,17.668249877270494,1.8730450546961352,32.24927851393283,4.424753425831042
161,1,6,0.5714763351613062,76.2949710982659,0.09064016923098704,2249,17.244035126722988,2.0589951059158684,30.626786419914787,4.412113601510795
161,1,7,0.6021895280235988,77.46746017699115,0.10932588396217272,2260,17.31221017699115,2.068313265900268,29.375471105383262,4.821698432390897
161,1,8,0.6531956900847036,79.11171524663676,0.1295111545206021,1784,17.426987668161434,2.031626887289592,27.489967255561496,5.239990480951483
161,1,9,0.6664041583956838,80.29271186440677,0.13025033084167828,2183,17.62167384333486,2.048270789746447,27.21794717464799,5.058436094425016
161,1,10,0.6987947601271948,81.60610949813355,0.13625871130528744,2411,17.798145582745747,1.9274812351854147,26.23486390130685,4.9569200715401545
161,1,11,0.7387517317816569,83.37781483790525,0.16287770530777915,3208,18.01303927680798,1.994209072874095,25.158324439443387,4.659391444679322
161,1,12,0.766344931942048,83.94892777914716,0.5328959810373265,4057,18.12291175745625,1.9666669553627714,24.767170503697567,4.7012601959049265
161,1,13,0.8049171808673581,86.04130957069712,0.3670154736007952,5078,18.17818156754628,1.8504413593686833,23.57207263105682,4.785781561270674
161,1,14,0.8927104238635741,88.73309754893897,0.4692150273313509,6079,18.299143938147722,2.0744462735229225,21.68286356076514,4.889214044357802
161,1,15,1.023693119479312,93.18635146443513,0.49658965314725884,5975,18.401232635983263,2.1131555412667073,19.168944968147464,4.800168840545975
161,1,16,1.1215444164214656,97.18889869693149,0.5383609581096706,4758,18.581627994955863,2.3011927569400767,17.749775851852306,4.755334265149134
161,1,17,1.0775304493561662,97.64338112305853,0.6097290892406577,3348,30.61921983273596,694.2138260453984,28.562666789836214,578.4769158796366
161,1,18,0.897737874575224,90.02889712696941,0.7125698868499117,2158,18.592235866543096,2.400315536063447,22.300355764738896,5.213915734343803
161,1,19,0.7435474336793542,80.64519031141869,0.1702599875305159,1156,18.290665224913493,2.0877378887584546,25.531620452765523,4.879348792285964
161,1,20,0.6872483546264034,79.32531358885018,0.14766072630255067,574,17.812099303135888,1.6997516476736092,26.759871567095317,4.819436968455452
161,1,21,0.6824112256586484,81.80046391752578,0.13029256726248004,194,17.770613402061855,2.1468935625546566,26.682832118043798,4.33839592915675
161,1,22,0.7092246642246642,84.45967032967033,0.1814412394748597,91,18.10565934065934,3.380348999798625,26.369565288676938,4.767048426188582
161,1,23,0.7549392361111111,79.6640625,0.1750664221860612,64,18.977140625,4.1566519374512305,25.969890385886362,5.579948762626875
162,1,0,0.7449074074074074,68.09133333333334,0.17708809258051103,15,18.606466666666666,2.3126844286816715,25.782954692153208,4.222207464038141
162,1,1,0.5669565217391304,65.7604347826087,0.07646950754895457,46,17.800891304347825,1.48832199664605,31.864997025587968,4.399054905343767
162,1,2,0.5560563665855637,67.28065693430658,0.09410554005042797,137,17.931744525547444,2.1144849672910797,32.84696271700877,5.419349455534555
162,1,3,0.5591307427646225,71.86513661202186,0.09655224620727258,549,18.196023679417124,2.1582168281188734,33.048640047475246,4.44921319321017
162,1,4,0.5730313574914007,73.43939524838014,0.08871861770669341,1389,18.13032973362131,1.692249380169613,32.12764018329331,4.136123125726967
162,1,5,0.5852123574930592,73.9223019670388,0.08299329231115812,1881,17.672795321637427,1.5965588201075491,30.662693636810314,4.315071112781627
162,1,6,0.5942998766055303,73.79053003533569,0.08752583224182653,1981,17.226953054013123,1.6776897009409828,29.40927395313335,3.975585247026927
162,1,7,0.6340602166792643,73.6708843537415,0.11574156018469602,1764,17.337625283446712,1.9473478748024575,28.001896207232264,5.083727225838243
162,1,8,0.6873041925823543,76.830801658604,0.1299580752401126,1447,17.386315134761574,1.8008257262143388,26.03833157514828,4.843867172573291
162,1,9,0.714869879349046,78.75661616161617,0.15123029238956207,1584,17.834035353535356,2.8352564951992094,25.610463917691423,4.612123625319179
162,1,10,0.7455945419103314,80.68184210526316,0.14444658560609333,1710,18.062143859649122,2.3633213456248594,24.829764261734944,4.398658107548652
162,1,11,0.7780652528964426,83.24078089113459,0.13531645877370238,2177,18.23502939825448,2.093009019027612,24.01907844748204,4.3277103824031515
162,1,12,0.82496848431545,85.41955522050509,0.26498213432742646,2653,18.451364116094986,2.187289716181365,23.118203363813656,4.366698734216755
162,1,13,0.8792675175175175,88.14409009009009,0.18542477252088133,3330,18.408461861861863,2.1633473499603566,21.696830696924287,4.450566716378195
162,1,14,0.9626097153874931,91.86349909349909,0.23221138637830238,3861,18.525699041699042,1.8934566218508155,20.20781886366065,4.628336039539749
162,1,15,1.1066593865268881,95.18681712288877,0.4721959180040551,3434,21.41506639487478,164.96967036885513,21.16923779396516,192.48830690655808
162,1,16,1.1782792445911259,98.20023102310232,0.3083766165017517,2727,18.82167583425009,2.3863197685860893,16.970456744375124,4.531335878007386
162,1,17,1.1009563870751715,97.35029131089904,0.2746663319347596,1991,18.810586137619286,2.488818919802432,18.072498881132805,4.707032875318761
162,1,18,0.9231334800146681,90.95792079207921,0.21439256358200395,1212,18.87296864686469,2.247235595270594,21.33001470413237,4.597171598309523
162,1,19,0.8019369817578773,81.72467164179105,0.18041672300859937,670,18.461897014925373,1.9220879108566638,23.89121875347699,4.580903175021709
162,1,20,0.7363752556237219,78.15076687116564,0.15199899504741324,326,18.177042944785278,2.3205955213122964,25.325007450657495,4.112462109375037
162,1,21,0.7137396351575457,77.50597014925373,0.1215240542774435,134,17.720850746268656,2.709218188998617,25.309097214337697,4.299326582303776
162,1,22,0.7480820105820106,80.26880952380952,0.1745853780715582,42,17.90938095238095,1.8216839161501228,24.70278551164666,3.9452120489071443
162,1,23,0.7831555555555556,80.0624,0.22472501028348757,25,18.701800000000002,1.7421657020310475,25.154859462270334,4.926719552663699
163,1,0,0.6935493827160494,73.414,0.2356132666529427,45,20.043533333333333,4.85916396943118,30.314160209078448,6.909148994717001
163,1,1,0.6023848238482384,68.90658536585366,0.11325455076993317,41,18.360390243902437,2.0762834811033,31.092908156634504,4.305214383174982
163,1,2,0.5526195987654321,68.37034722222222,0.10848608387493644,144,18.04822916666667,2.0502941959076812,33.44965260035605,5.176212815511659
163,1,3,0.5372049529688419,72.86579365079365,0.1016888177566109,756,18.20626851851852,2.3551879520309438,34.440491909026086,4.409391748665275
163,1,4,0.548260383024534,76.85612952575217,0.09306918110006546,1961,18.13645181030087,1.7895143429205598,33.667155685871705,4.617276670409065
163,1,5,0.5606087002096436,76.99567169811321,0.10622765076562854,2650,17.931189056603774,1.8785713359777843,32.540560047587206,4.655907835737231
163,1,6,0.5782349902210414,75.89169046828296,0.4284077190562001,3011,17.590660577881103,1.9888173855485058,31.301536100408953,4.649270047708479
163,1,7,0.5956722967378705,77.05754843517138,0.1038117401264222,2684,17.63202831594635,1.9469735465583833,30.245618701438886,4.957925305546039
163,1,8,0.6431219326658814,80.17615724381626,0.1253037826954088,2264,17.99727296819788,2.220543636615759,28.812545284746594,5.420321449089278
163,1,9,0.657542169764392,81.42908831908831,0.1647969891643456,2457,18.242433455433456,2.5833205214764945,28.676146039807342,5.282940413492985
163,1,10,0.6730336376851095,81.96094848732625,0.14552778052332588,2446,18.370196647587896,1.9962380900669532,28.219101312037083,5.279305126085634
163,1,11,0.7003422517609634,83.38033742331288,0.2665783964344556,2934,18.428089979550105,2.0679446079500647,27.385335452412377,5.166678343965497
163,1,12,0.7244254628283415,84.38952602500727,0.427643584429827,3439,18.578132887467287,2.044332835231881,26.779854131169508,4.986462197073017
163,1,13,0.7571392755864913,85.77672621809745,0.17653017697109516,4310,18.62367679814385,1.8803524894327874,25.619797701137784,5.17100884795296
163,1,14,0.8337495883553975,88.80732068761114,0.4052658333394089,5061,18.66806480932622,2.007268070208948,23.680780638214078,5.207388675401497
163,1,15,0.9626778421326205,92.4378903987525,0.5702593134249775,4489,18.796373579861886,2.059453062100958,21.12398526532969,5.445669713558892
163,1,16,1.0642514595496246,96.43925215457325,0.48946770268147116,3597,18.876467333889355,2.235907215185784,19.17893977280992,5.312960944310608
163,1,17,1.0042128262805192,95.55018979333614,0.28864447812448835,2371,18.913967102488403,2.176642877995051,20.19102210906476,5.477410636847173
163,1,18,0.8544858598461218,88.39361197754211,0.27631468472945575,1603,18.741383655645663,2.163255682235447,23.435680692593518,5.790031089479913
163,1,19,0.7201238738738739,81.12100831600831,0.17231806196382632,962,18.385790020790022,1.7145764835018347,26.612344368500583,5.165646797963958
163,1,20,0.678577034283354,77.15252788104088,0.14348536919682836,538,18.022195167286245,1.4516063615449986,27.432478412211463,4.7630418654514335
163,1,21,0.674551282051282,80.5942564102564,0.12524908705522428,195,17.943441025641025,2.050290582965469,27.22952931310852,4.324508992068807
163,1,22,0.6975757575757575,74.38311688311688,0.21654937894365192,77,18.343532467532466,2.1153480153170245,27.64478080318623,5.3306200197813505
163,1,23,0.7783179012345679,78.88361111111111,0.2172602567323319,36,20.027,4.939309616304112,26.521138673985163,5.010842082128269
164,1,0,0.7345098039215686,70.4378431372549,0.3478619244502159,51,18.145666666666667,3.2580792787571444,27.620149240869488,7.669497286394415
164,1,1,0.5542222222222222,59.12923076923077,0.12215069719029063,65,17.348184615384618,1.8261864883917562,32.18986343570504,4.941854036060168
164,1,2,0.5297569444444444,61.876333333333335,0.14806273958067892,240,17.28943333333333,2.1902146156216213,33.68296117566591,5.1537928000922415
164,1,3,0.5309164582030437,63.106885553470924,0.7030825408383318,1066,17.187377110694182,1.7272400624235305,34.28124337089103,4.5605019636094175
164,1,4,0.5226917602082317,67.99565153733528,0.096622519645176,2732,17.445940336749633,2.0562463723099516,34.00304312241462,4.705591362390812
164,1,5,0.5236183082645964,66.1857787481805,0.08840117495936647,3435,16.752463755458518,2.008875599485972,32.50046733088339,4.461132341573661
164,1,6,0.5235432978505029,64.93684349432569,0.28765153964638596,3789,16.076707310636053,1.9094718584872317,31.425371462548267,4.158737366064119
164,1,7,0.5371189279731993,65.41872893881171,0.10327990804424184,3383,16.098227904227016,2.1463917212012977,30.51507933948161,4.2307218918861915
164,1,8,0.5687959660802029,67.21078459343795,0.10652023161630347,2804,16.073160485021397,1.8297808954904606,28.877406124716742,4.470724113948511
164,1,9,0.5813771959844855,66.17848049281314,0.10412053308136808,2922,16.072365503080082,1.8697740568046526,28.221183065097087,4.384675393281426
164,1,10,0.6094750454078812,68.87854299928927,0.12135061215962875,2814,16.284404761904764,1.8115750239874349,27.353356963233445,4.491282946577712
164,1,11,0.6453839703273666,70.7353526850508,0.12185489394333535,3445,16.538374455732946,2.3143877677548192,26.233229129991795,4.621919781038703
164,1,12,0.67706058187724,72.61092993951613,0.14363125158267448,3968,16.747607862903227,2.1087467792591204,25.47424406056376,4.807437239368189
164,1,13,0.722776777306968,75.27305720338984,0.22368719546827642,4720,16.883139830508473,2.1390032940880412,24.344139271441296,5.221526335781711
164,1,14,0.8143420618276439,79.05899161132471,0.2054616708389823,5722,17.04018874519399,2.1132158047057983,22.098381544168472,5.590121844754429
164,1,15,0.9455010096789918,84.51335491957384,0.2646241879898572,4787,17.25076394401504,2.3178235886048757,19.55874787402646,5.646962108813511
164,1,16,1.0161618791402702,86.72931528247852,0.28831026167694696,3841,17.44172090601406,2.451395194089911,18.527435683326626,5.728555409265997
164,1,17,0.9465419788896946,86.25473531544597,0.2541790815950481,2758,17.489819796954315,2.8431630660808214,19.717324407761293,5.63497840485422
164,1,18,0.7953202179508242,80.00662888122228,0.21016715880657832,2029,17.498035485460818,2.3432453934842883,23.29977282523179,5.909555497732223
164,1,19,0.6842527115893757,72.97707148347425,0.15681141933840656,1301,17.207394312067642,2.0602557710368616,26.12725844717854,5.316742131122806
164,1,20,0.6427815519323672,69.3827581521739,0.1257071873597781,736,16.84767391304348,2.772037923619589,26.88670743676241,5.078234116427222
164,1,21,0.62243746993747,70.84008658008658,0.13388909472187893,231,16.687,2.8619542380809597,27.44517301729798,4.634902899839157
164,1,22,0.6183333333333334,70.6953,0.13510899102684212,100,16.79168,2.071138055770452,28.027412971466628,5.150163402690448
164,1,23,0.757834274952919,74.94186440677966,0.35315485315614736,59,17.92984745762712,3.0663309076077097,26.16376715278469,6.779253824847202
165,1,1,0.6783333333333333,78.42333333333333,0.03656657213263038,3,21.706666666666667,1.4429945714843602,32.01035756352383,1.533856533711096
165,1,2,0.7322037037037037,76.441,0.13872290720598743,30,23.851433333333333,3.3464842558590715,33.03459088157751,3.9542412430158973
165,1,3,0.7094799054373523,73.71776595744682,0.09880103317164993,94,23.520755319148936,1.9167978263837502,33.609716510077405,4.294972856023615
165,1,4,0.7086454046639232,75.29895061728395,0.10460583413864115,162,23.716,2.8580016103859966,33.86745956047968,4.225127668655348
165,1,5,0.7542744610281923,80.75858208955223,0.13675272415351825,134,23.351276119402986,1.9840538639903158,31.63523977498785,4.580067250262767
165,1,6,0.7574512987012987,80.34402597402597,0.11215080529310358,154,22.772844155844155,1.5704019182057132,30.65475599503303,4.534998251327922
165,1,7,0.8357272727272728,82.87418181818181,0.1403956291911216,110,23.429254545454544,1.7043306546805215,28.677752021903085,4.405695903488138
165,1,8,0.8617810457516341,85.44127450980392,0.1565657632176517,102,23.098980392156864,1.6780306820522541,27.562272722976978,4.7093084009544315
165,1,9,0.8993617021276596,84.94117021276595,0.20913247696327297,94,23.819085106382982,4.758617572045487,27.205366324894708,4.874347862982948
165,1,10,0.9239646464646465,88.57818181818182,0.1692338989851491,77,23.53777922077922,2.493713815848166,26.20823053412482,4.988434983155604
165,1,11,0.9155699233716476,82.48620689655172,0.19467142434581272,58,23.646448275862067,2.517103795003602,26.730867998869325,5.219222579581872
165,1,12,0.9927629629629631,87.89666666666666,0.25031369163911055,75,23.709053333333333,1.913047059319547,25.068617105215367,5.610460583640875
165,1,13,0.9672089947089947,85.26104761904762,0.19735749612101106,105,23.76382857142857,1.9813986535212507,25.48660932829864,5.15553620265426
165,1,14,1.133912037037037,92.61208333333333,0.38330407479378503,96,23.723166666666668,2.760079925107687,22.42594858760485,5.6484283715368075
165,1,15,1.1271014492753622,91.3279347826087,0.28092040163225696,92,23.264652173913042,1.4435194965874856,21.764128531089135,4.916152184390469
165,1,16,1.084957264957265,94.65009615384616,0.2806254886545097,104,23.572884615384616,1.5005545855539664,22.83642212482949,4.82609028520416
165,1,17,1.0658862433862433,94.40066666666667,0.20656630288359862,105,23.62639047619048,1.5729532213155235,22.92719476635744,4.2908823102932665
165,1,18,0.9331958195819582,88.26960396039604,0.18581803052655876,101,23.998960396039603,1.9717924481080256,26.58578495757865,4.978397297791784
165,1,19,0.8432671957671958,83.29888888888888,0.11286420221615871,63,23.729793650793653,1.8394524620003194,28.616557640250846,4.227604140184786
165,1,20,0.8570940170940171,77.91,0.15555094560516972,39,23.710974358974358,1.6007317978971118,28.442993232940555,4.780013168368864
165,1,21,0.8602777777777778,73.48916666666666,0.2167049305761799,12,23.133,1.3178585246182888,28.04529253006403,5.57821556535623
166,1,0,0.8337777777777777,84.907,0.30075944682747213,10,23.9946,4.40150802945233,31.06745071743084,9.231403690404614
166,1,1,0.6487830687830688,69.8147619047619,0.08146249402988155,21,23.726904761904763,3.198185640402413,37.02176244839783,6.172260423920549
166,1,2,0.6417705510388437,70.60544715447153,0.09204889673851972,123,22.253243902439024,2.713873598242391,35.08941166386729,4.951814870613336
166,1,3,0.6459456264775414,71.99538297872341,0.09137544933246224,470,22.252123404255318,2.380988746098133,35.020024091088935,5.645122001888403
166,1,4,0.6438031347447891,75.54171344165435,0.08001403438734743,677,22.365828655834562,2.6446951939349455,35.194787515725146,5.588844707324389
166,1,5,0.6731825124093166,77.22303550973655,0.09236975552158763,873,22.440353951890035,2.681156698645876,33.896317976530234,5.83155758596016
166,1,6,0.6944518518518518,78.39993333333332,0.11002815190809352,750,22.622753333333332,2.945530424410923,33.301444323711486,6.493812850050426
166,1,7,0.7051487217305801,79.06702064896756,0.10805450903077765,678,22.78375516224189,3.0833259285900536,33.0603210416119,6.762357646561317
166,1,8,0.7385845410628019,80.81360869565218,0.1290320283285826,460,23.444641304347826,3.2221059838675368,32.69539780041121,7.135715805613276
166,1,9,0.7132457403407727,78.25226781857452,0.11754559093969391,463,23.378982721382286,3.0860011060498076,33.623345385473016,6.992306453234448
166,1,10,0.7257095326524297,78.61857938718663,0.1221368387664958,359,23.201791086350973,3.133600350165476,32.78623413920554,6.761199051403841
166,1,11,0.7541845679012346,81.1733111111111,0.1374805015752543,450,23.770644444444443,3.1076712036224645,32.52861018106068,7.137686093580832
166,1,12,0.7647618373891718,83.46485568760612,0.14106467699240716,589,23.650572156196944,3.3915645412886986,31.785710252192853,6.630542370895435
166,1,13,0.8178334734482275,84.51940731399748,0.2211026051221747,793,23.936160151324085,3.3694507185554308,30.52610928377216,6.853119638957761
166,1,14,0.8854227794836802,87.9417297850563,0.2158868703895296,977,24.239644831115662,3.0629345773555525,28.770599291008487,7.087094219246133
166,1,15,0.9789722510672667,92.36656282450674,0.25343854391203224,963,24.33145067497404,3.132174828177586,26.449650343092806,7.29861026933681
166,1,16,1.032050032488629,94.188432748538,0.2719961369157398,855,24.721656140350877,2.973169843239854,25.662335964828,7.40522327534524
166,1,17,0.9771261355695318,93.07578616352201,0.2646424920944685,636,24.90893710691824,3.0172062687988648,27.20763889477032,7.432027012710005
166,1,18,0.8195629865534324,86.72002123142249,0.18089041562509617,471,25.00607855626327,2.778107413365933,31.75987803736382,6.744874387107273
166,1,19,0.7661665148755312,81.52937158469945,0.14242713373437252,366,23.568147540983603,3.037392979131754,31.64256315943276,6.374511789859084
166,1,20,0.7346031746031746,75.69083333333333,0.11219377314929416,252,23.050829365079366,2.886287136256392,32.06874342706485,6.15962728686885
166,1,21,0.7457720057720058,77.21883116883117,0.1557585717257662,77,23.460233766233767,4.949239375096211,31.98561295168886,5.636789955949381
166,1,22,0.7433937198067632,76.41130434782609,0.12347762502301919,23,22.530695652173915,2.3890574298584903,31.13989228449907,6.355407496144534
166,1,23,0.7607986111111111,69.815,0.145573005550086,8,23.973125,2.6861642029109096,32.832023108202534,8.358926755504026
167,1,2,0.7432222222222222,86.62100000000001,0.16858251735500432,10,28.057499999999997,3.7501039763363027,38.376319941680485,3.787209401998611
167,1,3,0.7181746031746031,85.54964285714286,0.1280271637863982,28,27.12514285714286,1.5023767765896738,38.53420633053802,4.818980925424746
167,1,4,0.7165674603174603,84.35404761904762,0.1476804218787324,42,27.523023809523814,2.3230163264768104,39.369703330381434,5.505680049956541
167,1,5,0.7139874551971326,87.87516129032258,0.1113762010966235,31,26.941354838709678,1.4226351733874498,38.47898059110974,5.209052435833311
167,1,6,0.7672993827160494,90.37916666666666,0.1809217606328977,36,26.870777777777775,2.2238506644506906,36.28758683803139,6.0738163278247725
167,1,7,0.7448358585858585,85.39636363636363,0.16123532565859447,22,26.853772727272727,1.2635886887982473,37.37986472141518,6.9363991570354475
167,1,8,0.9328431372549019,90.41058823529411,0.3640066938419741,17,27.485588235294117,1.8907005004370585,31.9809984973066,7.374852939245494
167,1,9,0.8699404761904762,84.21142857142857,0.20541668266186455,14,26.3815,1.3619335660969436,31.616193102382557,6.214732084187404
167,1,10,0.8889074074074074,86.42866666666667,0.12291584685703949,15,26.53533333333333,1.1635282958476316,30.26651676492455,3.447121608668575
167,1,11,0.9543055555555555,89.71,0.3991254972454658,16,27.46875,5.477195249395441,30.25965935891932,4.914301640558482
167,1,12,0.8239351851851852,87.87333333333333,0.1095624289270645,12,26.447083333333335,0.9897675079012096,32.53005355437802,3.7553051964549433
167,1,13,0.9885833333333333,93.75699999999999,0.16970052789632412,20,26.445100000000004,0.7800624064103701,27.414007847544717,4.352126981063306
167,1,14,1.1040555555555556,100.0935,0.286054689832292,20,26.5279,0.9751382034304028,25.293656835197474,5.472685904483713
167,1,15,1.1969444444444444,99.0876923076923,0.28117599620810696,13,26.517615384615382,1.0584230044789542,23.150069376094645,4.735803757433762
167,1,16,1.2464197530864198,107.63722222222222,0.16427667893278258,18,27.23522222222222,2.0190118886564155,22.17918982982727,3.1460803480752393
167,1,17,1.0600326797385622,96.98117647058824,0.18727447554154547,17,27.515,2.1212982463576404,26.89276264919191,6.046956673389802
167,1,18,0.9655246913580248,94.64277777777778,0.2199816352193454,18,27.048333333333332,1.5464770209966212,29.1910433266642,5.6336515685814215
167,1,19,0.9690277777777777,97.3575,0.17541169973320528,4,30.412750000000003,5.845194343789323,31.582293532572464,4.37476809658207
167,1,20,0.7759722222222222,77.62375,0.1342868517532222,8,27.038,2.8105409748709533,35.299862313846475,3.9912437061947865
168,1,0,0.747638888888889,81.7,0.11215499223819969,2,26.6705,0.8492352442050439,36.165092894234014,6.561096580117352
168,1,1,0.7173611111111111,74.91,0.11575970215051225,8,26.5985,0.9387085353216482,37.94569575871969,6.286413426924189
168,1,2,0.6244135802469136,78.04518518518518,0.07234310779425226,27,26.625777777777778,2.0713431044639266,43.12896681467801,5.550050924485919
168,1,3,0.6742444444444444,82.06013333333334,0.0995675873688544,75,27.053160000000002,2.5940601435024804,40.91221562010778,6.6493338256835255
168,1,4,0.6680151515151516,83.50363636363636,0.09882421831034742,110,26.651463636363637,2.3537177567588827,40.65032462159978,6.258435028937444
168,1,5,0.6977083333333334,82.30672413793103,0.12007346938515552,116,26.465439655172414,2.5562008470071125,38.99194708252544,7.220264613452334
168,1,6,0.7124619482496195,83.73246575342466,0.13286105686700264,73,26.45302739726027,2.6313922221927966,38.258242096796735,7.143220907474027
168,1,7,0.7521519410977242,84.89240963855421,0.15255236415546028,83,26.429831325301205,2.298755340949389,36.363254741180874,6.843718378669374
168,1,8,0.9120449172576832,88.69489361702128,0.731675851647319,47,28.254893617021278,6.928799768182588,34.50335975068147,7.541040477474215
168,1,9,0.756613475177305,83.32851063829787,0.09553671168359233,47,27.03312765957447,2.2717790827323103,36.167450266320564,4.706544991390624
168,1,10,0.800455373406193,86.4872131147541,0.14045001374171728,61,26.776983606557376,2.0332387996478523,34.45417114451763,6.394440874396726
168,1,11,0.8386274509803922,88.7595588235294,0.18388922007726546,68,26.45019117647059,1.8545760931528577,32.823173446706505,6.618550907940165
168,1,12,0.8938101851851852,93.50533333333333,0.14528137489710352,60,26.935966666666666,1.8256956507149675,31.020304508397697,5.9159496459462915
168,1,13,0.9476184640522876,90.3310294117647,0.22090788407645343,68,27.17958823529412,1.9475485412324232,29.967293680975473,6.202426214600844
168,1,14,1.0711894586894586,96.96064102564102,0.22877329655140916,78,27.251192307692307,2.108950394801231,26.558624879473,5.845108592612322
168,1,15,1.1607888888888889,103.1468,0.4433961004732,50,27.36788,3.338031857125343,25.67703016748019,7.000087297047168
168,1,16,1.1303939393939395,104.06927272727273,0.2717276660022824,55,26.92341818181818,1.4556685328195687,25.27426621593859,6.392285350275224
168,1,17,1.0665155945419103,97.00105263157894,0.2697591848854622,57,26.970491228070173,1.7254307031952407,26.832300936229682,6.6684258981218
168,1,18,0.9630871212121211,97.6315909090909,0.31213946308566526,44,28.222545454545454,4.939823758529012,30.927841956344345,6.657426665972301
168,1,19,0.8505913978494624,87.62709677419355,0.18050079998704835,31,26.684225806451614,1.702796478535185,32.64155403589353,6.379311150480269
168,1,20,0.7736265432098766,81.815,0.14461206564452564,18,27.548444444444446,2.5167343504727864,36.2929463604206,4.583815460728792
168,1,21,0.7496464646464646,85.55,0.14616259606800167,11,26.080818181818184,1.7106596282242597,36.140161837769625,8.01102469102123
168,1,23,0.6756944444444444,72.93,0.005696137959558287,2,23.2,2.1920310216782983,34.32259179975277,2.954774632339687
169,1,1,0.5975925925925926,62.836666666666666,0.12161031588661037,3,25.526666666666667,1.104370107044435,43.57502911120204,6.353198837833179
169,1,2,0.6557592592592593,73.556,0.2347832753007849,15,25.854333333333333,2.68036483835068,42.15337319200839,8.695690959133538
169,1,3,0.6329700854700855,73.68974358974359,0.10416756634789165,39,25.870948717948718,1.8988351824032863,41.54351598123476,4.605778813277256
169,1,4,0.6170216049382716,75.0712962962963,0.1138788206505644,54,25.964796296296296,2.132535282546757,42.957750733351126,5.571734262073217
169,1,5,0.6175555555555555,77.71622222222223,0.10021943166734758,45,24.986022222222225,0.932125076685451,41.37518378327262,6.015490255018338
169,1,6,0.6542276422764228,78.60975609756098,0.12057658726226463,41,25.589048780487808,1.8760470270121095,39.98123595993954,5.424799638866928
169,1,7,0.6251653439153438,78.41976190476191,0.081726331363861,42,25.26957142857143,1.0994395056031219,40.93446223174413,4.333405747170397
169,1,8,0.7533006535947713,74.42294117647059,0.1999584226254726,17,25.731411764705882,1.1475034345713044,35.78878711680332,6.904212450716755
169,1,9,0.7134502923976608,75.2421052631579,0.11545837095436227,19,24.987578947368423,1.07764987695909,35.97538107788051,6.440222025464284
169,1,10,0.7515196078431372,77.54764705882353,0.13021443014048759,17,25.359941176470585,1.646306717724109,34.583951811307756,5.701854837990573
169,1,11,0.7648366013071896,85.13058823529411,0.10872405762408549,17,25.77729411764706,1.789501179264277,34.143596899863795,4.0153950923767505
169,1,12,0.7839259259259259,79.93,0.09229796245958875,15,25.887600000000003,1.4661401121896331,33.335919547078085,3.2945651651198387
169,1,13,0.9063333333333332,87.8805,0.299237519234268,20,25.4737,1.7923505912921347,30.0947580155281,6.852758697170524
169,1,14,0.8819230769230769,82.6776923076923,0.1631344768890303,26,25.687769230769227,0.8154722463795957,29.950293107782255,4.832074656762281
169,1,15,1.0155797101449275,93.24739130434783,0.37513034503342346,23,25.214478260869566,0.8224461225551053,27.13899118459626,7.179244994392179
169,1,16,1.0189711934156378,91.75185185185185,0.20412706480880322,27,25.874370370370368,1.5495662705352828,26.416018445445403,5.642684402571381
169,1,17,0.9015972222222222,99.90666666666668,0.20211404924524198,24,25.661208333333335,2.4487949472833734,29.635811027335986,6.024137704696124
169,1,18,0.8750271002710028,86.49634146341464,0.18562436146207306,41,25.83607317073171,1.9051620192288619,30.573205294416685,5.478306254468818
169,1,19,0.7256527777777777,83.304,0.11785272479546413,20,25.45315,1.134734064602109,35.77215330551053,4.689534860138503
169,1,20,0.6873989898989898,76.81545454545454,0.08919740494128953,11,25.02709090909091,0.8614784332234264,36.99565485104302,5.168694192342236
169,1,21,0.7632777777777777,79.098,0.1214726700451638,5,27.3414,3.2701121999099656,36.00295261819069,1.6077759407273875
170,1,0,0.8174572649572649,72.74384615384615,0.3216983451327634,26,17.856846153846156,3.266351440887006,23.655722834443278,5.676635658259193
170,1,1,0.6104751461988304,64.21552631578948,0.1311962890067546,38,17.30663157894737,1.1607836919583068,29.469802618524263,5.796325735451513
170,1,2,0.5653917378917379,60.761987179487186,0.1050507968752675,156,17.834256410256412,1.8763830438846956,32.19438966983877,4.59388051241671
170,1,3,0.5442017879948915,62.830549169859516,0.09412333229970021,783,17.583019157088124,1.7443717153228018,32.84878438408423,4.185915738043095
170,1,4,0.5498215785054575,67.11139546599496,0.08636129687504798,1985,17.67269924433249,1.809344796456482,32.61652360460443,4.1650940358406565
170,1,5,0.5587568542568542,66.09929437229437,0.08773466247194753,2310,17.000864502164504,1.8367746714949735,30.91519658623536,4.442552127841883
170,1,6,0.5706865441211946,66.02667824576639,0.45506258909454095,2303,16.471825445071648,1.7569952289361241,29.75378083972217,4.16514202103273
170,1,7,0.5805404242323283,67.30821089455273,0.10283291071227259,2001,16.49406596701649,1.9605825972516873,28.922734689200315,4.26139856700062
170,1,8,0.6120412826852476,67.67373567093729,0.10024052924522862,1483,16.432768037761292,1.700050436301311,27.388403972448323,4.263172485026597
170,1,9,0.6310806948109059,68.32763192612137,0.10966216550056686,1516,16.496722955145117,1.7021768965715305,26.674869910197163,4.183674495549378
170,1,10,0.6663581474118254,71.85737574552684,0.1262381674101872,1509,16.776575878064943,2.148668711660348,25.767535942335176,4.371784596260106
170,1,11,0.7125755079626578,73.58968698517299,0.12956927198965565,1821,17.044596375617793,1.8708910691144898,24.508777250867574,4.2759916919403524
170,1,12,0.7549990570104537,75.9046508244423,0.5314832257160855,2062,17.235560620756548,2.205865111209481,23.84963583842321,4.543576399985457
170,1,13,0.8016545019503759,78.41663047412233,0.4304653677580937,2763,17.41771226927253,2.3479198483210157,22.75315793436664,4.838219071788278
170,1,14,0.8903470373656709,82.7576545400769,0.44785454481605963,3381,17.56982165039929,2.0438144357469943,20.88147332213476,4.9948476668082655
170,1,15,1.0297799707602338,86.90832565789474,0.27082185634344313,3040,17.73313125,2.2842960739972495,18.344099782299818,5.09320099057505
170,1,16,1.0966003528028223,89.03584084672677,0.5285561932352428,2551,17.791206977655822,2.3596344348570293,17.488211102712523,5.074214429435331
170,1,17,1.0170332518052643,88.41401467505241,0.25391472133442633,1908,17.87140618448637,2.303484238547106,18.635595148933536,5.093553758130747
170,1,18,0.8597111191860466,82.81241279069768,0.20520978764995595,1376,18.09028125,2.6717986353297647,22.083735203007176,5.5068431619240235
170,1,19,0.7393933916793507,75.67361872146118,0.16473044397421363,876,17.698414383561644,2.2184479415196736,24.80045473590539,4.809092140600565
170,1,20,0.6836879770992367,70.91635496183206,0.14278544418775885,524,17.25777290076336,1.8637514184721513,26.032254981266284,4.756735956804076
170,1,21,0.6694427402862986,70.40337423312883,0.10929325470694225,163,17.064515337423313,2.041304894193811,25.965546404687398,4.031680317591426
170,1,22,0.692724586288416,77.37829787234043,0.20018873306358873,47,17.80431914893617,2.9462099463723908,26.71975746754717,5.19571562396251
170,1,23,0.8218253968253969,82.08178571428572,0.4011489374097558,28,20.20592857142857,5.15440393456265,26.63493553894993,7.0583201176118635
171,1,0,1.2018055555555556,89.41999999999999,0.6503418201412942,2,31.9,3.3375440072005036,31.97664802719653,20.08086530775686
171,1,1,0.6573611111111111,88.905,0.02023111068394835,2,32.964,0.03394112549695557,50.16891885373735,1.4923788586593367
171,1,2,0.8362037037037037,89.16000000000001,0.04364412527227334,3,28.133333333333336,0.7651361534611567,33.73764281152324,2.710281111190846
171,1,3,0.767281746031746,89.47785714285715,0.05309611357235989,14,31.203214285714285,2.9544294562720417,40.936676361674856,5.583165203532787
171,1,4,0.827403381642512,90.13434782608697,0.12851125147519757,23,29.641391304347824,3.706603502094488,36.656430498449886,7.417370630448353
171,1,5,0.8594934640522877,94.78941176470589,0.18314545390169637,17,31.304470588235297,4.437299799957839,37.23406156428189,6.4284547835232315
171,1,6,0.9455654761904763,102.63714285714286,0.15202223357170702,28,31.836107142857145,4.376132990558922,34.49931218888184,7.0321780166859655
171,1,7,1.1096464646464648,112.9,0.29097386212502846,11,31.07709090909091,5.06025385637016,30.013106702984064,9.702009640860556
171,1,8,1.0998611111111112,101.897,0.2893842278183345,10,31.3504,7.656197521543503,29.515829890143948,6.992244936317418
171,1,9,0.9433888888888889,93.322,0.22049654612227346,5,30.222,4.60560202362297,33.90503423779563,11.462627057455208
171,1,10,1.1700617283950616,107.97333333333333,0.118691000432536,9,30.54266666666667,3.979618574687781,26.208578822461103,3.329971341528571
171,1,11,1.1910185185185187,107.77499999999999,0.10571036406123499,6,32.07066666666667,5.637930069331001,27.353057564507015,6.673912000247832
171,1,12,1.3587878787878789,118.56636363636363,0.25675883003578825,11,32.28781818181818,4.648080589193389,24.759580149802186,6.860778100259931
171,1,13,1.3553993055555555,108.2875,0.28044475202391866,16,33.0121875,4.4457011628276,25.473856779529378,6.532801088067797
171,1,14,1.4398456790123457,117.38888888888889,0.3362433330137678,18,32.75694444444444,4.26076304229822,23.605261133872204,5.068336120890418
171,1,15,1.6482222222222223,123.11333333333333,0.5684469273125468,15,31.6112,4.548612444628424,20.98012766343064,6.844396153703637
171,1,16,1.3967013888888888,114.11375,0.29182733433758135,8,32.767125,4.664697859990507,24.310251032061394,5.896463098409191
171,1,17,1.3618402777777778,118.04,0.17206905231106348,8,31.50725,4.321881724764935,23.546481278014593,4.9227246467366506
171,1,18,1.0432777777777777,103.356,0.1893802229039783,5,35.1492,0.9291464900649382,34.58598170071504,6.273000446051603
171,1,19,1.2001388888888889,105.72375,0.3700452210317891,8,31.8215,6.291423095884474,28.65082390355001,9.317952982914283
171,1,20,0.8446759259259259,92.05666666666667,0.12179361928930622,6,30.840833333333336,3.9086499161048778,37.51970902812454,8.851900638698385
171,1,21,0.9763888888888889,94.66833333333334,0.10077630771927926,6,30.761,4.387784634641951,31.81931590826261,5.782860978686362
172,1,0,0.5265277777777778,40.335,0.04222998832086332,2,13.7455,1.5068445507085328,26.305310323105946,4.9716607725391375
172,1,1,0.47601851851851845,58.97333333333333,0.035955147527786,3,14.36,0.44933283877322,30.236945970434448,1.4437639169951348
172,1,2,0.46709064327485383,54.16368421052631,0.06977460825379543,19,14.964526315789476,1.4047794357684396,32.42632040942886,3.5617555398579572
172,1,3,0.4950815494393476,56.809541284403664,0.10506440519598688,109,15.44365137614679,3.331294635935123,31.608255924488795,4.238664281573109
172,1,4,0.4795960698689956,55.26013100436681,0.08784836352601147,229,15.200078602620088,2.3795643182464565,32.1073571844503,3.8488788320764633
172,1,5,0.49822627314814816,55.52359375,0.08016010304637453,192,15.177088541666668,1.0501183067102082,31.029495274703265,4.07007087208965
172,1,6,0.5192621527777778,57.9354375,0.08567158657256504,160,15.580662499999999,1.68429696393951,30.420479848040777,3.4347851303337364
172,1,7,0.5505686789151356,57.98007874015748,0.10760314368228398,127,15.588937007874016,1.5334265590087823,29.01133737903897,4.310803530797506
172,1,8,0.5539622641509434,58.27103773584905,0.1074778206197523,106,15.405000000000001,1.3489940661382434,28.561471528580487,4.5689907964167835
172,1,9,0.5358700980392157,54.78588235294118,0.07032221218019363,68,15.104088235294117,1.1596665338407723,28.570697162052323,3.6499949534855944
172,1,10,0.564861111111111,56.077285714285715,0.12229867640604686,70,15.134357142857143,0.9702267333353969,27.557601903021208,3.936189738039365
172,1,11,0.5668668300653594,55.94558823529412,0.08301153796766414,68,15.116926470588236,1.239008430171126,27.079343815967622,3.479936217087711
172,1,12,0.5818823529411765,57.150352941176465,0.08249792205699294,85,15.502094117647058,1.3902842945267861,27.064494120314606,3.8371885105024814
172,1,13,0.5860699588477366,58.08518518518518,0.09687331351689236,81,15.199271604938273,1.0367207677618127,26.461701682488616,3.588215120500786
172,1,14,0.6496498599439776,59.11210084033613,0.10797229945210869,119,15.306806722689075,1.173717448438074,24.10335562455209,3.753025438007945
172,1,15,0.6731414141414142,58.652,0.1361635243352802,110,15.160918181818182,0.7955941652709488,23.292535771989353,4.130976784397643
172,1,16,0.6783725071225072,64.32961538461538,0.13886587633564884,78,15.181884615384615,0.7482701779710049,23.24406322923058,4.518835639546327
172,1,17,0.6568055555555555,58.86359375,0.1392404633127697,64,15.36221875,1.0379022871822257,24.25039801949948,4.510694242826739
172,1,18,0.6207358674463938,56.91894736842105,0.14002669352186536,57,15.367736842105263,1.1572849927789084,25.599399809975008,4.178942920295478
172,1,19,0.5591756272401434,55.890967741935484,0.07511107974026054,31,14.972451612903226,0.8697069176341216,27.25099299777889,3.9846063435125956
172,1,20,0.5265277777777778,53.205,0.06712288255709097,14,15.072928571428571,0.8834344226488337,28.983346430693153,3.4092405625120406
172,1,21,0.5439583333333333,54.2325,0.17593816356072192,4,14.748750000000001,0.874522869912503,28.585257013083964,6.221347349940697
173,1,1,0.8909722222222223,86.04499999999999,0.139260752183684,2,28.124499999999998,0.19021172413918389,31.973323036538858,5.210982592071763
173,1,2,0.805,87.12333333333333,0.18787354765215727,9,26.173444444444446,3.1255712722281315,33.86155600428556,7.841701267662072
173,1,3,0.8209876543209876,78.97888888888889,0.1462916153142355,9,25.05677777777778,1.9024016911379258,31.21687378311543,5.000807789382067
173,1,4,0.82258547008547,77.90230769230769,0.09799634823386613,13,26.886846153846154,4.225699584016707,32.85577523855652,4.623668127226418
173,1,5,0.7642361111111111,87.7975,0.04788122682968813,4,24.33725,1.5147002728812942,31.981703187454205,3.502144460466604
173,1,6,0.8959848484848485,88.9090909090909,0.09832127701015096,11,23.749909090909092,3.0175653250441967,26.783716509019015,4.295060297530136
173,1,7,0.8828888888888888,93.664,0.1254580496509579,5,29.8056,7.904653395310892,33.741032115878674,7.222359673429402
173,1,8,0.7681944444444444,74.28,0.004124789556921544,2,25.195,1.3647160876900366,32.79338901761011,1.6004414872113093
173,1,9,1.1805555555555556,113.31,0.13788582233137667,2,23.495,2.6516504294495533,20.170395175419063,4.601953655967001
173,1,10,0.8974074074074075,79.84666666666666,0.23090691655995577,3,23.346666666666668,2.070998149041503,27.023710179643714,6.219693543677913
173,1,11,1.0557407407407406,107.31,0.16144656966305315,3,27.546333333333333,4.384433866912958,26.88881754456169,8.156426476124789
173,1,12,1.2854629629629628,91.41666666666667,0.4207133431187907,3,27.099666666666664,4.55661830015784,22.19351214602828,6.093008828276402
173,1,13,1.177638888888889,97.375,0.21511604267599022,8,25.801,3.3973673841457237,22.4177709984352,4.405092698085606
173,1,14,1.2529861111111111,90.85249999999999,0.23886524161598616,4,29.766,7.033475006472027,24.562765016738922,7.63343147372473
173,1,15,1.6902777777777778,110.21,0.6727947898268141,4,27.763749999999998,5.555521840175472,19.1339264131203,10.642979348916233
173,1,16,1.600111111111111,117.628,0.3930585787084367,5,31.159399999999998,5.322596246194145,20.62549578637573,6.468369014232501
173,1,17,1.3346825396825397,113.67857142857143,0.25602098461263356,7,28.415714285714284,3.56392039353134,22.031553308402408,5.527780767735335
173,1,19,0.9079166666666667,101.28999999999999,0.11243482336968753,4,26.726750000000003,4.188365423010115,29.695841373326424,5.3343670467558955
173,1,20,0.9390277777777778,77.775,0.18365134455817286,2,25.57,0.18384776310850096,27.741705937895432,5.2298280721208075
173,1,22,1.0748611111111113,82.53999999999999,0.040658639918226325,2,27.875,7.544829355260464,26.085005411594647,8.006067117508648
174,1,1,0.6369444444444444,78.985,0.028284271247461926,2,29.695,0.37476659402887097,46.6801088590268,2.6612673517187484
174,1,2,0.6982323232323232,82.45727272727272,0.04253253524577652,11,28.357909090909093,0.8535514576808424,40.70252314781905,1.7783938810143698
174,1,3,0.724985380116959,83.03578947368422,0.1283855137384907,19,30.069736842105264,2.0464638564581277,42.42542212512737,6.336302354374509
174,1,4,0.7394444444444443,87.38926829268293,0.12450773440202793,41,30.424999999999997,2.7101193331659776,41.70453993520385,4.349381649223402
174,1,5,0.7770996732026143,89.60882352941177,0.10774946674174203,34,29.463382352941178,1.4588470751830205,38.55365071839069,5.143569703110221
174,1,6,0.7745370370370371,88.00481481481482,0.10158554280566949,27,28.579888888888892,1.453690537730496,37.512932855352815,5.253748463487481
174,1,7,0.8186956521739129,88.72391304347826,0.11692190198718116,23,29.11008695652174,1.5998649350106648,36.255824781807995,5.5579828807723
174,1,8,0.8050529100529101,89.31238095238095,0.13151648781322234,21,28.955047619047622,2.049427517044468,36.73160618231026,5.689187502449418
174,1,9,0.8345454545454545,89.43636363636364,0.09801323234608202,11,30.23618181818182,1.7550601595490571,36.844664056544985,6.035382897344118
174,1,10,0.792070707070707,87.85454545454546,0.06838168610372468,11,31.660818181818183,1.4835775556526742,40.261184360059126,3.978455471877805
174,1,11,0.8783506944444445,93.3575,0.17043950294487087,16,30.366625,1.6312119778455123,35.648365958382215,6.317599072793543
174,1,12,0.8922123015873016,101.42142857142858,0.1628167392897667,28,31.06107142857143,1.837616832840465,35.82201579039209,6.278990226572068
174,1,13,1.0012121212121212,94.24636363636364,0.3727894647671606,33,30.941242424242425,2.4991526692849195,33.009155573218614,7.30084698154094
174,1,14,1.0455651340996168,108.11068965517242,0.29758249825749544,29,30.96162068965517,2.4275385595553534,31.45836545498261,7.402303508047487
174,1,15,1.2719086021505377,107.07354838709678,0.3722995410432102,31,31.84416129032258,3.772146966885695,26.565274680711727,6.240030391350368
174,1,16,1.2207854406130267,108.23551724137931,0.24332533858547825,29,30.86106896551724,2.0462540850999367,26.409843431891762,6.033424717808787
174,1,17,1.1317550505050507,108.00318181818183,0.3705849284579758,22,30.984454545454547,2.969805777315808,29.61585880551477,8.229162777636953
174,1,18,0.9555092592592592,93.50222222222222,0.17512888837012994,18,31.302999999999997,3.4571731056389052,33.53727968663928,5.454341052716107
174,1,19,0.8502777777777778,96.789,0.14570143947477177,10,30.2411,1.635002375125695,36.40979416595042,5.784650086556057
174,1,20,0.87875,89.335,0.12848285741765614,4,29.1095,2.1665920243552996,33.90182781433226,7.3193504035429715
174,1,21,0.735,83.72666666666667,0.0737006792604843,3,29.670666666666666,1.5438019087089292,40.539193551526694,3.0741989449402856
174,1,22,0.9025925925925926,89.79,0.18537360784533674,3,29.10166666666667,2.3365693512783516,33.27048897562431,7.687786201140179
175,1,2,0.9931481481481481,92.32666666666667,0.2986740674375175,3,38.282333333333334,5.261874602585405,40.18262442436772,10.036203547199811
175,1,3,0.7397222222222223,88.00666666666666,0.08441565664270909,3,28.679666666666666,1.891125678883701,38.90794707762,1.8024806498196912
175,1,4,0.8096913580246913,103.54222222222222,0.1692951553434738,9,31.837000000000003,4.727985353192203,40.19342082148585,7.245527147717343
175,1,5,0.937142857142857,103.05785714285715,0.21549674357867488,14,34.13471428571429,5.080439372709828,37.698637107301444,8.350653342858639
175,1,6,1.1471031746031746,109.71428571428571,0.30380314721683227,14,33.02242857142857,5.902138904528735,30.326009196109403,8.125336568691973
175,1,7,1.307,131.59,0.2661192587479215,5,30.7738,4.322641807968826,24.667165914968024,7.400872748158491
175,1,8,1.3485,141.21599999999998,0.1678080822521246,5,40.9016,4.626244999997298,30.67298007772593,4.944477515831922
175,1,9,1.0510185185185186,98.11555555555555,0.12824228672687601,9,31.534111111111113,4.53711575354995,30.091934782824847,3.505793459422378
175,1,10,1.2789351851851853,117.415,0.16501135545162807,6,30.642666666666667,4.464442929041277,24.531494453548504,6.520072622104196
175,1,11,1.4700925925925927,130.98,0.2493705553354541,3,33.583333333333336,5.944243714160222,23.405642614373175,6.397900654661452
175,1,12,1.2218055555555554,119.18833333333333,0.22484265760529593,6,34.10366666666667,6.3303371684821546,28.407353728741484,5.609489776072318
175,1,13,1.328661616161616,114.79636363636364,0.2724081796311673,11,34.162727272727274,6.266458730270377,26.6623460928416,6.979299531066962
175,1,14,1.849537037037037,137.97,0.7290883203059725,3,33.22,7.0605311414935334,20.496444708668907,10.936587143170748
175,1,15,1.4329012345679013,132.78555555555556,0.2914338393167523,9,34.46433333333333,4.897393618038069,25.266532982783453,7.5558455940020295
175,1,16,1.2726851851851853,135.89833333333334,0.321299621073629,6,35.362500000000004,2.7726264623998667,29.24167964183781,7.559795708130133
175,1,17,1.265763888888889,119.7225,0.23301448397642233,4,33.93025,6.084270998511927,27.496129523241887,6.790616357114451
175,1,18,1.0746296296296298,126.95,0.149505959389598,3,34.03333333333334,5.122073147987377,32.06954739673175,6.736777042105721
175,1,19,1.1586805555555555,101.92,0.07380333915460989,4,31.07475,5.043984891267355,27.039302296977066,5.848454580013216
175,1,20,1.1031172839506174,94.50555555555555,0.2841345485873905,9,32.06633333333333,5.25986984154551,30.614371243053345,8.700560722995457
175,1,21,1.0468518518518517,145.03666666666666,0.12505996504064384,3,33.353,6.8455815676975185,32.33692957449701,8.995930397667996
176,1,1,0.48597222222222225,50.92,0.014731391274719747,2,14.614999999999998,1.5344217151748074,30.03968105580804,2.24682681405321
176,1,2,0.4887638888888889,52.935500000000005,0.05243916266829144,20,14.950299999999999,0.893484550568874,30.900960610725654,3.517744401224732
176,1,3,0.4930527210884354,54.65397959183674,0.070623828199924,98,15.001663265306123,1.7673679419243198,30.770727450297663,3.647096264594081
176,1,4,0.505545267489712,56.19534391534392,0.08015700078429022,189,15.066619047619048,1.26872993238805,30.278877361361136,3.6817734589611404
176,1,5,0.520665650406504,56.97341463414634,0.07111575491626129,164,15.071457317073172,0.9680411398663487,29.35825828573604,3.4617004122938684
176,1,6,0.5359078590785907,58.192621951219515,0.07396238802286201,164,15.287500000000001,1.2582152541464724,28.87069806370673,3.1332971074674933
176,1,7,0.5933100084817642,59.67519083969466,0.10419865627413412,131,15.369076335877862,0.9879321965080596,26.53559455784619,3.987317963493693
176,1,8,0.5828136973180077,60.72327586206896,0.0850202490024308,116,15.213655172413795,1.2580918823392007,26.456185444352823,3.0362311476881296
176,1,9,0.5366438356164384,56.03479452054795,0.06148586959715221,73,14.927534246575343,1.3287487961967135,28.049701161560836,2.8795899735184527
176,1,10,0.560181755829904,56.32753086419753,0.08194758892853109,81,15.316444444444445,1.3648694168307824,27.70032846148272,3.221500051689354
176,1,11,0.5701325757575758,56.46125,0.0915986819499414,88,15.297420454545454,1.5101281952250227,27.18811960700555,2.9041144512971293
176,1,12,0.5930216802168022,56.21841463414634,0.09455133334710358,82,15.223219512195122,1.005835136386616,26.102036901990658,3.059410157811678
176,1,13,0.6215384615384616,57.2989010989011,0.11273031072243464,91,15.39765934065934,1.190486429245348,25.373951646730237,3.7395544508778196
176,1,14,0.6788003663003663,59.667142857142856,0.10617578404624171,91,15.670879120879121,2.0623576574998106,23.423519454324087,3.297267071954436
176,1,15,0.6815699126092385,63.786292134831456,0.14091719768253944,89,15.80567415730337,3.7676438163275106,23.498174193787854,3.752217931720298
176,1,16,0.6509855403348553,60.99657534246575,0.11459083440744831,73,15.102931506849314,1.6155757773827117,23.6825646724865,3.4918195157739698
176,1,17,0.632943376068376,61.137692307692305,0.11056858644390993,52,15.142807692307693,1.5969715952446055,24.39837932926713,3.4597268260117384
176,1,18,0.6017690058479532,58.5392105263158,0.08457472320296112,38,15.443684210526316,1.5642606422975838,25.989342746524972,3.2491070605093424
176,1,19,0.5785615079365078,56.18035714285714,0.12328447975751954,28,15.686142857142856,2.463747713068608,27.643999303493786,3.7351217878701664
176,1,20,0.5698148148148148,57.96,0.0725642960895092,12,15.185583333333334,1.0858326054091842,26.982180683852437,3.328765630585554
176,1,21,0.46597222222222223,58.1725,0.07079011026926119,4,14.4895,0.6359148265818838,31.560619287676772,4.099001328951829
177,1,1,0.8763194444444444,85.4475,0.07159929901431693,4,22.8875,3.5448025332872906,26.372990014749703,5.373696454817566
177,1,2,0.8644629629629629,85.87400000000001,0.12976722400184668,30,25.560466666666667,4.0320070875462255,29.78811905630608,4.296172530605752
177,1,3,0.8467369901547116,79.19354430379747,0.10870982016681488,79,25.997632911392408,4.2286130664891095,30.88834126800655,4.635052990027258
177,1,4,0.9050542005420054,88.04609756097561,0.13449693336942797,82,26.968548780487804,4.3559260872790295,30.118171813743185,4.896017981764276
177,1,5,0.8699836601307189,84.15058823529412,0.1398084331798609,85,23.506129411764704,5.115465034458499,27.295454839947972,5.475248247108319
177,1,6,0.8700165837479271,81.46731343283582,0.1171058041331227,67,21.099970149253732,3.8986433575538126,24.53026127133271,4.639236462456724
177,1,7,1.0327592592592592,93.55433333333333,0.1903521603268786,30,22.084,4.432031806184889,21.992991169468777,5.290662522062352
177,1,8,1.0290423976608185,86.80026315789473,0.20331821209064413,38,20.456105263157895,2.2630224323149637,20.677610698644703,4.782663121475762
177,1,9,1.0531051587301588,82.1825,0.16406938957396283,28,20.11882142857143,1.3655729784686756,19.446578413820216,2.7452993689000906
177,1,10,1.0946690307328606,90.83234042553191,0.17973241985772323,47,21.60587234042553,3.5964054615988887,20.137011737107922,4.37039873130858
177,1,11,1.1534041394335512,92.57843137254902,0.21450340901444592,51,20.813588235294116,2.992303321366138,18.537295392233286,4.040946342571087
177,1,12,1.112140522875817,86.53970588235293,0.13270357606806304,34,20.554823529411767,2.844366292213096,18.73912013666325,3.472411201972678
177,1,13,1.2549149659863945,100.35122448979592,0.2907851327947847,49,22.017020408163265,4.185078227513575,18.3861635681807,5.567269361784454
177,1,14,1.3712683438155138,99.60603773584906,0.2783422390406639,53,21.189830188679245,3.16980655036919,15.956008207971434,3.4960062346899665
177,1,15,1.542267441860465,100.04511627906976,0.3204157187808213,43,21.742023255813955,3.9602255196027607,14.846974001447204,4.8386411718113305
177,1,16,1.3880218855218855,91.56909090909092,0.290640562419981,33,22.794121212121212,4.73972560359231,17.11651132614054,5.0218003276751935
177,1,17,1.3554259259259258,91.43033333333332,0.2776661340137589,30,23.061233333333334,4.9087736278917005,17.79347930286451,5.606036279136596
177,1,18,1.1922759856630825,92.99774193548386,0.2085171093057461,31,23.560612903225806,5.327574449205563,20.441460907006853,6.1785705592537665
177,1,19,1.0808333333333333,81.49565217391304,0.08918644955030701,23,21.21691304347826,3.8291841869449694,19.74534582789348,3.8098323219397234
177,1,20,1.1435515873015873,79.82571428571428,0.21767923536297124,14,21.631357142857144,3.6043211162147033,19.328438318211077,3.5045749078952206
178,1,2,0.6056018518518519,71.54666666666667,0.03404717889850054,6,22.654,1.1861601915424416,37.50495382640948,2.9032739560114735
178,1,3,0.6895807127882599,68.8722641509434,0.10713234994307495,53,22.881264150943394,1.735799141505626,33.761438596354466,4.4879182600594705
178,1,4,0.6699912280701754,74.78242105263158,0.08693608344899023,95,23.11857894736842,1.515736556988175,35.0139790673225,4.6302930848452295
178,1,5,0.7059747474747474,79.45454545454545,0.10769940339947041,110,22.36870909090909,1.5953483375944018,32.196145955277544,4.048115657089648
178,1,6,0.69068407960199,80.65611940298507,0.08678714388389377,67,22.277985074626866,1.2330190159576824,32.630806202140896,3.4382198225268072
178,1,7,0.783469387755102,81.06714285714285,0.13859884207800305,49,22.237346938775513,0.9621786162796643,29.040318468768145,4.0045872793292405
178,1,8,0.8045039682539683,86.90738095238096,0.12548659484273172,42,22.447047619047616,1.300144456371375,28.522218952078976,4.475370653271889
178,1,9,0.8018055555555555,75.98055555555555,0.10975804116970624,36,22.16788888888889,1.0515521528477467,28.088611163609656,3.5842501146974537
178,1,10,0.8364460784313725,83.09676470588235,0.131323032153178,34,22.266147058823528,1.4168208785731475,27.19647996762249,4.1231051515034585
178,1,11,0.8147222222222222,78.465,0.12835037634913282,24,22.067333333333334,0.9297722332900149,27.713766769721527,4.403154293462344
178,1,12,0.8490165165165164,79.41594594594594,0.1249915222535708,37,22.463378378378376,1.2204582552684275,26.992137383347565,4.050820463777577
178,1,13,0.8626633986928105,82.59764705882353,0.2019159782509977,51,22.794941176470587,1.477434335755937,27.391575246569364,4.681328012769448
178,1,14,1.048503086419753,85.99666666666667,0.30764019242819446,36,22.619805555555555,1.2696352191407339,22.918677152369735,5.222477949195973
178,1,15,0.9927777777777778,93.06028571428571,0.2614929849053012,35,22.836971428571427,1.8694658483061934,24.1099611310411,4.866869776776695
178,1,16,0.9662457912457912,90.17787878787878,0.1724052723612136,33,22.122333333333334,1.077941112337157,23.60518747404937,4.301830750702739
178,1,17,0.938139880952381,90.075,0.20308729608384601,56,22.613517857142856,1.4729412503382653,25.117217877674033,5.215432199506568
178,1,18,0.8114550264550264,80.14190476190475,0.14961546118740027,63,22.418095238095237,1.7108024406059896,28.38012381527463,4.719408038005506
178,1,19,0.8736631944444444,85.2334375,0.23911673760947394,32,22.95315625,2.3477448769098506,27.31933227505958,4.71366551325812
178,1,20,0.7133333333333334,76.09,0.10568713848822886,18,23.27272222222222,1.067720375685317,33.24215120423358,4.715846722103592
178,1,21,0.7400396825396826,82.95142857142858,0.1449389175808625,7,23.625714285714285,3.577917723773877,32.318188121615506,3.661044689833472
178,1,22,1.0013194444444444,96.60749999999999,0.43283484950318457,4,27.1675,6.33745151197756,28.71292210934944,5.511446529140624
179,1,1,0.7274074074074074,72.46666666666667,0.1289829438113377,3,27.769666666666666,3.2874747654291325,39.42792850884889,10.645862304609402
179,1,2,0.7641666666666667,76.97925925925927,0.12509742167519514,27,24.93488888888889,4.163726532930044,33.5247472332577,8.267504140561465
179,1,3,0.7507456140350877,77.04644736842106,0.08830000781247861,76,25.038078947368422,3.8430715415776757,33.863207356127795,6.930669847947896
179,1,4,0.7761644444444444,78.88552,0.11314850638964657,125,25.440687999999998,4.324530236311707,33.48350023413106,7.518048769008311
179,1,5,0.7907711988304094,82.99815789473683,0.11090651784288032,152,24.424144736842106,4.132542830245463,31.480662811320304,7.031636388996498
179,1,6,0.8449332264957264,84.77942307692307,0.14916169467341595,104,25.038605769230767,4.342512610817846,30.651166957870153,8.088435138252933
179,1,7,0.8742703703703704,85.07093333333333,0.16770662018805144,75,25.38992,4.5998635107835355,30.45160999822514,8.993240323263697
179,1,8,0.924131054131054,84.79384615384616,0.18300857488297756,39,25.365102564102564,4.8160375435395775,28.616995968497996,8.11021114985892
179,1,9,0.9905892255892257,86.38848484848485,0.23052176958747542,33,23.75572727272727,3.8497149997818614,25.160681509216992,6.929411565821995
179,1,10,0.972571225071225,94.57692307692308,0.1415880087496433,39,26.108820512820515,4.680831448138668,27.58284992404644,7.148034412856002
179,1,11,0.9792619047619048,91.02885714285713,0.20033993151013407,35,25.481257142857146,4.103856029916952,27.14837618300565,7.366913395543965
179,1,12,1.0833528265107213,92.30350877192983,0.21773929939548728,57,26.405052631578947,4.592227312928774,25.327121136830232,6.935387257811017
179,1,13,1.1390277777777778,96.79,0.21851159164728273,72,26.615625,4.242737561094717,24.415400890197617,6.818176561941025
179,1,14,1.3398247033441206,101.82,0.37180794262210465,103,25.71411650485437,4.637861938311938,20.731700750458653,7.1023532846453366
179,1,15,1.4189566395663955,104.48731707317074,0.35807557791036004,82,24.24258536585366,3.9453629163874684,18.60721770013599,7.188089463416017
179,1,16,1.457845117845118,109.75530303030304,0.38592090272986257,66,26.31819696969697,4.731598231268641,19.427230603125967,6.541458892565105
179,1,17,1.2144510582010581,104.19309523809522,0.2874265383286988,42,25.794285714285714,4.429606612967408,22.869751720139337,8.080521619070064
179,1,18,1.125482456140351,96.20877192982455,0.24849390652136968,57,26.601333333333333,4.224394945404833,24.93808955479179,7.407801719100682
179,1,19,0.9714727463312369,91.54754716981132,0.185539613875387,53,25.929000000000002,4.089962915949991,27.705781064861924,7.152808238760354
179,1,20,0.9240925925925926,85.04311111111112,0.14651899178982436,45,25.30828888888889,3.8096528034491914,28.169962488134857,6.754385023525281
179,1,21,0.8829532163742689,89.62684210526317,0.08996871172176718,19,26.863894736842106,4.103518840847814,30.829330553450955,6.25822431465441
179,1,22,1.2077777777777776,106.13,0.05413531856421815,3,27.953666666666667,2.013601334259921,23.1984324044458,2.320002883841157
180,1,2,0.7055555555555555,88.69,0.042426406871192854,2,31.985,0.7000357133746822,45.445062808077594,3.7248752669628087
180,1,3,0.7887373737373738,86.40181818181817,0.10985479779839663,11,31.569818181818178,0.799788324268593,40.611888809903014,4.721519302108568
180,1,4,0.7150694444444445,103.61749999999999,0.050172734036932225,4,31.33975,0.29835144265334695,43.97802553613677,2.8769452983757744
180,1,5,0.8014722222222221,96.19500000000001,0.08344714964134331,10,31.4627,2.8984184212160344,39.81049854299621,6.2122188825414195
180,1,6,0.7389583333333334,96.11625,0.0657591588701425,8,32.21275,0.5610756888080506,43.90163292150095,4.0421306325523645
180,1,7,0.9397222222222222,103.72333333333334,0.15551457793601628,6,31.526666666666667,2.884549647114203,34.356532469995436,6.8103001857580585
180,1,8,0.9756481481481482,150.58666666666667,0.2008981248901098,3,28.643333333333334,5.661345540888077,29.992166944503037,8.032601557940628
180,1,9,0.9956944444444444,105.57,0.18031957513524355,4,35.6875,3.8970790343538066,36.528630776873015,6.421564690852089
180,1,10,0.8927222222222222,105.21399999999998,0.17755296114778168,5,30.151,3.8720813524511604,35.21881193646751,9.353751550052609
180,1,11,1.0529166666666665,95.435,0.47710065875058993,2,27.4065,6.142636608167538,30.479944620596797,19.645085807995986
180,1,12,1.0776388888888888,104.195,0.2307917966372759,2,31.835,0.7141778489984166,30.307447812920515,7.153498505590452
180,1,13,1.2269444444444444,104.61,0.4539112148278582,4,30.83425,3.2362449819711325,27.902767819630927,10.043157658672637
180,1,14,1.1127777777777779,99.09999999999998,0.2826484096130564,3,32.119,0.9007569039424579,30.18501332583247,7.819737307668726
180,1,15,1.6205555555555555,139.91,0.19759706163157423,2,32.336,0.39032294321497646,20.117884752739336,2.6938649783606627
180,1,16,1.454351851851852,103.77833333333332,0.2756368980896378,6,26.7985,4.8392149673268285,18.6311615695821,3.0632620985410406
180,1,17,1.042361111111111,102.705,0.06552747750861454,6,31.612666666666666,2.1392752666888533,30.45752276971943,3.14869077334955
180,1,18,1.3120833333333333,96.1,0.10508392442633417,2,31.209000000000003,1.5994755390439745,23.911339981086243,3.1340791229333678
180,1,20,0.8459722222222221,104.10499999999999,0.009624508966150204,2,31.78,1.7394826817189062,37.55697932065121,1.6289130556627147
180,1,21,0.9129166666666667,106.995,0.17775878804828485,2,31.6645,0.0756604255869601,35.34698855055988,6.799719675381646
181,1,0,0.6822916666666666,75.6375,0.12323535793960297,4,22.0075,1.2705740172588667,32.94512919990302,5.115290104942941
181,1,1,0.6471913580246914,60.26444444444444,0.1483555983891009,9,21.579,3.96323516839463,33.79242713918875,4.715739558538783
181,1,2,0.6523611111111111,66.03,0.15550333945046618,78,21.238935897435898,2.503287429936175,33.6112684393781,6.046117805505703
181,1,3,0.6186030982905983,67.874375,0.14030090379830135,416,21.27503125,2.7564739702051746,35.220743969785254,5.510293877090217
181,1,4,0.6249905416168857,69.36418458781361,0.10796382587537373,1116,21.49348835125448,2.308809283869333,35.060231363243844,5.380785777963722
181,1,5,0.6420831476530007,70.26947192513369,0.1050473178817224,1496,20.33382152406417,2.9484344242458946,32.27679880752733,5.971776063753171
181,1,6,0.6638283552369574,70.35900358422938,0.1049456551203089,1395,19.509494623655915,2.828659058017814,30.083927899928206,6.36819868514968
181,1,7,0.7023766240062052,72.36223385689354,0.12799174987001383,1146,50.891000872600344,1055.8824900773136,75.78433074147253,1583.8489071578033
181,1,8,0.7416381508319915,72.8773309178744,0.1656695885664456,828,19.949580917874396,2.7741450884333645,28.205838338075242,7.236013955337504
181,1,9,0.7419857410004675,72.32461430575034,0.20126208722799802,713,65.47233239831696,1216.5073366406373,93.06970977230525,1737.8929384983555
181,1,10,0.7597514124293785,72.90671186440677,0.1694127506938849,590,19.713318644067797,2.8280239125114734,27.20240346633794,7.218601423677326
181,1,11,0.7881750893312914,74.42390505359877,0.18342188881876492,653,20.12442113323124,3.2031804538969624,26.854072798307314,7.415487027086593
181,1,12,0.8126798226798226,74.08764478764479,0.19147163984967666,777,20.044285714285714,2.891903734925591,26.11050265414954,7.444596162766603
181,1,13,0.8688823091886944,76.98547888774459,0.2261683815767812,971,20.189973223480948,2.9170141080390364,24.883802750232597,7.599878572832534
181,1,14,0.9582880188508247,80.36124796084829,0.2565076233414879,1226,20.271315660685158,2.817095576369295,22.86753466928592,7.38045320513627
181,1,15,1.0262714256906633,84.09039019963703,0.3100865368230032,1102,20.53507894736842,2.702433964007221,22.066397957527496,7.723136933153354
181,1,16,1.0350839438339439,85.20072527472527,0.3076155297231805,910,21.248528571428572,2.6273193872365623,22.459889243438102,7.215333759078052
181,1,17,0.9571918952180027,82.70534810126583,0.26918453795403025,632,21.4065253164557,2.464009271879787,23.998087083168336,6.720990161650181
181,1,18,0.8459323535543049,78.1635459662289,0.21954144505413486,533,21.24015009380863,2.591651815989995,26.695648947440052,7.16206701203497
181,1,19,0.7658031819348217,74.06935334872979,0.16739739496758102,433,20.587002309468822,2.8711203932427938,28.13422711353648,7.084238748063715
181,1,20,0.7157770141275296,70.82910652920962,0.13143055911124782,291,20.44001030927835,3.0641003747902738,29.44235139491836,6.644469373218599
181,1,21,0.6992154654654654,66.85094594594595,0.1287412829651579,74,19.716702702702705,2.835528781734968,29.227513978250574,7.040318257083947
181,1,22,0.793533950617284,83.92888888888889,0.22813826100881288,18,20.61422222222222,3.24295010129313,27.80493707665461,8.21613848134668
181,1,23,0.7245555555555556,83.62333333333332,0.17014841405147685,15,22.6598,4.177043335730601,31.863674620182923,4.823646525551476
182,1,2,0.650162037037037,86.27083333333333,0.09277463691028189,12,28.276750000000003,0.9994298488274568,44.173594734563295,5.406972276788128
182,1,3,0.6933201058201058,79.57714285714285,0.10099117108575476,21,28.12780952380952,1.2847052042802505,41.32183587979212,5.77478939803072
182,1,4,0.6627366255144033,84.52185185185186,0.08489147671441566,27,28.057111111111112,1.0775540440964988,42.88464724941526,4.751796532229333
182,1,5,0.6741769547325104,82.71666666666667,0.10704705593117479,27,27.674814814814816,1.044400307759913,41.85213381465971,5.594933018546014
182,1,6,0.7568611111111111,87.239,0.08929143514887922,10,28.004700000000003,0.8033914294345498,37.51521091311161,4.947261797005339
182,1,7,0.8053148148148149,85.00266666666667,0.203883749196352,15,28.868466666666666,2.459508396485149,37.45747443534629,7.692642767916011
182,1,8,0.8061965811965812,89.61153846153846,0.1121814411035912,13,27.662384615384614,0.9352597267124554,34.79932591159081,3.996209865879606
182,1,9,0.8672839506172839,89.77666666666667,0.2766014947844816,9,28.188666666666666,1.4493773663197598,34.952240805621486,9.031439222612871
182,1,10,0.944104938271605,96.03666666666666,0.13620141404777902,9,28.614222222222224,1.6521601600463685,30.837149194340075,4.391178751409208
182,1,11,1.1468055555555556,89.6325,0.3149378980523455,4,30.355249999999998,4.640773310200214,27.500519870439554,5.938355654568535
182,1,12,0.9854722222222222,91.37899999999999,0.2252655059755969,10,27.673000000000002,1.188538317991192,29.053448671140178,4.959958244274281
182,1,13,1.0835353535353536,95.42727272727274,0.297410378940755,11,28.525727272727273,2.8915190848724857,27.463433779928963,4.877858713955028
182,1,14,1.2656712962962964,112.18583333333333,0.35478502086702074,12,28.730333333333334,2.279970667009608,24.358756323253488,6.753903247455462
182,1,15,1.4710277777777778,113.14500000000001,0.5019543603453251,10,28.6299,1.6386715791898152,21.14433632967511,5.8025527702986475
182,1,16,1.22421568627451,108.42235294117647,0.2623254901134341,17,28.563058823529413,3.227274710777428,24.083037697001604,4.434334197925347
182,1,17,1.084111111111111,95.729,0.27346431168765667,10,28.0563,1.3808241540632338,27.286080982333214,6.367583712985235
182,1,18,0.9553030303030302,91.95181818181818,0.1582613605690228,11,28.122272727272726,1.1106358620996435,30.226060340238394,5.3813892072955225
182,1,19,0.7876984126984128,86.13,0.1519885942261403,7,27.104285714285712,0.6761374895403341,35.44677429746721,6.364272943860039
182,1,21,1.0406944444444446,103.655,0.4169965823497335,2,31.9,6.194255403194156,32.03152473995854,6.882693550500508
183,1,2,0.7493888888888889,97.592,0.05628082145986794,5,30.538,1.0173286096439051,40.975549706189724,3.8909481953820095
183,1,3,0.6948456790123456,84.36666666666666,0.08731153768250138,9,30.77922222222222,1.693433625638882,44.85194542229048,5.52177664944766
183,1,4,0.699525462962963,88.65041666666667,0.07806247408464902,24,30.988500000000002,1.7206001986162454,44.69041807411543,4.328674012070069
183,1,5,0.7708730158730158,93.77857142857144,0.14375409722650392,14,31.11507142857143,0.8707936666570967,41.56840063427949,7.222429489295172
183,1,6,0.9115359477124183,105.84,0.21367847057912534,17,31.275411764705883,2.189715451229438,36.056322302948516,8.64614825296127
183,1,7,0.9338888888888889,96.691,0.1717709140500226,10,31.098899999999997,1.6567505981421717,34.4926707693887,7.623857294409479
183,1,8,0.9576666666666667,104.03400000000002,0.2415974996804641,5,30.823200000000003,0.6482061400511421,33.942762167621986,9.116307900686744
183,1,10,0.9254999999999999,97.75399999999999,0.14189352750618386,5,31.3668,0.6055420712056286,34.59394004183302,5.8446070512395005
183,1,11,1.0192592592592593,106.40166666666666,0.1772733004297813,6,33.865,3.7495319707931554,34.01760713645472,6.305272511016486
183,1,12,1.2224722222222222,117.726,0.2293394765572307,10,32.5394,2.588046333090315,27.29686459969385,4.389411075292997
183,1,13,1.0451543209876544,108.2011111111111,0.2011611792682217,9,32.10633333333333,3.5469488296280787,31.58903655741538,6.033997741655904
183,1,14,1.3471875,118.4625,0.34426324719087015,8,32.546875,4.685100591617156,25.60507009977944,7.010096961405847
183,1,15,1.5735185185185185,109.28000000000002,0.6186629558011845,3,30.936000000000003,0.8102320655219728,22.588719882747032,11.215326867626628
183,1,16,1.2154166666666666,105.795,0.30896637966845536,2,31.0135,0.7403407999023169,26.288741374614347,6.073634376676818
183,1,17,1.3502777777777777,119.4475,0.28964733061377795,4,32.0025,1.6855538160102388,24.695502095917462,6.3617534867805485
183,1,18,1.204074074074074,91.68666666666667,0.40575578517335553,3,32.78333333333333,4.158393119142696,29.245264655381742,9.326116712493375
183,1,19,0.8210185185185185,99.23,0.12508277094978898,6,31.1705,1.2806941477183367,38.616679239791566,5.4792637650949745
184,1,16,1.295,126.015,0.1551706547603811,2,32.379,0.892368757857422,25.225460674025044,3.711675681295855
185,1,1,0.7322222222222222,80.18,0.039320030707195704,3,28.590999999999998,0.8551391699600722,39.141936996579496,2.8330387644434194
185,1,2,0.6875,85.75750000000001,0.06921549560937566,8,28.58575,1.5364509894094065,41.93260654724956,4.460689661537831
185,1,3,0.7036111111111111,86.22285714285714,0.10128771941029134,28,29.518642857142858,1.427881419868733,42.727265164790296,5.8982223137007015
185,1,4,0.74125,88.01652173913044,0.1325035878335063,46,30.302891304347828,2.2704487782351253,41.65622921009976,5.253916246082803
185,1,5,0.7408960573476702,86.1058064516129,0.10042230043305402,31,29.577193548387097,1.9196672180242564,40.50201342651472,5.129205296038118
185,1,6,0.776962962962963,89.173,0.11887648835437621,30,28.877299999999998,1.4128549758409812,37.865602757084126,5.088764655998993
185,1,7,0.8898850574712643,97.56241379310345,0.12823027447398785,29,28.62155172413793,1.3434193735764317,32.8151486600024,5.023281898220751
185,1,8,0.9079583333333334,94.1085,0.12038981502489483,20,29.6558,1.7775865542624756,33.203875904765546,4.780810117034471
185,1,9,0.9164743589743589,91.0823076923077,0.1401569604678436,13,30.891,2.7961710724965787,34.445898804777215,6.089126060855735
185,1,10,0.9479166666666666,98.0261111111111,0.1566788703933669,18,29.12661111111111,1.2606416264972038,31.546091389016834,5.525891309853743
185,1,11,1.0735294117647058,103.46764705882353,0.20940805581850191,17,30.735764705882357,2.3991585642004725,29.32622219228162,4.221466321926503
185,1,12,1.1032440476190477,99.30785714285715,0.23213108916267441,28,29.66010714285714,2.154144589859547,27.82845221124128,5.187567702420768
185,1,13,1.096690476190476,100.54342857142858,0.24445771439238048,35,29.74982857142857,3.1648904496021966,28.355366260896588,6.436934296019936
185,1,14,1.287876984126984,107.97071428571428,0.2589812024597793,28,29.68067857142857,2.436362863772197,23.851369834059625,4.545437955402088
185,1,15,1.3603735632183909,112.6103448275862,0.24136614999505898,29,29.60137931034483,2.417923081811465,22.341707250203015,3.85108492334254
185,1,16,1.4105864197530864,112.25944444444445,0.42548822345287085,36,30.62194444444445,2.6326688679463603,23.273665945308284,6.128191813182884
185,1,17,1.2100411522633745,101.29037037037038,0.2365038677018569,27,29.594925925925924,2.1378915552465014,25.24905265285742,4.781304939158089
185,1,18,0.9985515873015872,100.59142857142857,0.14300728081712263,14,29.67307142857143,2.5448227825342755,30.150666806455597,4.008106556141369
185,1,19,0.8898148148148147,88.60333333333334,0.13640220024599722,12,29.86366666666667,1.5399716841159086,34.28073420305192,5.5596461652907525
185,1,20,0.7916944444444445,91.541,0.09563030470685782,10,29.530399999999997,1.1582560837550377,37.779163508163535,4.603344644892311
185,1,21,0.7883888888888888,89.124,0.10864652022970951,5,30.108000000000004,2.868042886708635,38.56027604026096,4.32299032159676
186,1,0,1.0371195652173915,66.22934782608696,2.422000974830642,46,17.829978260869563,3.8194934771169766,26.956094758113796,7.793673767695169
186,1,1,0.542962962962963,60.60607407407407,0.18674816712671874,135,17.437385185185185,3.9248720408558952,33.585832344959044,6.041646393097369
186,1,2,0.4835225885225885,59.530952380952385,0.08515294733727549,273,16.996120879120877,1.7264479866986144,35.79832944592385,4.8427123112244574
186,1,3,0.49050837320574164,60.404653110047846,0.11007306015787888,836,17.125101674641147,2.2994620059039876,35.69384995668914,4.869889789637684
186,1,4,0.5109650694837452,64.07833050367856,0.4531524116792819,1767,17.210035653650255,1.7710287325905458,35.0126818783148,4.8006099169644125
186,1,5,0.49834267713172087,62.93551657856799,0.08521449687526003,2081,16.495997116770784,2.077521295362337,33.61399451324045,4.495016959019647
186,1,6,0.49459986302091563,61.31876718824087,0.08502709310182563,2109,15.823058795637742,1.8312368437604145,32.49131524759049,4.194506905002228
186,1,7,0.5050702285496099,61.41331369661266,0.09290821309899043,2037,15.770463917525774,1.8759344723882205,31.797771936665615,4.4156666294961
186,1,8,0.5365745791245792,63.349872727272725,0.10932763007862904,1650,15.690231515151517,1.7823536989166804,29.98805808446233,4.881652116594656
186,1,9,0.5439164009254049,62.75301069217783,0.10126139033026553,1777,15.710025886325267,1.8392160542332547,29.527202926083195,4.688242221755502
186,1,10,0.5715768623737374,65.06895454545455,0.124001125373827,1760,15.87771534090909,1.8982643274129938,28.537903610288108,4.915928836595845
186,1,11,0.6027860441925156,65.89748228625413,0.1137618872345494,2117,16.07650023618328,1.8013300519802713,27.399942607709978,5.074289806767245
186,1,12,0.6391250302590171,67.84365577342048,0.5004409746821595,2295,16.3045651416122,2.5991187382167276,26.758196888987936,5.447798544329942
186,1,13,0.6754995458673932,70.19799532892176,0.16177427431069563,2569,16.39573335928377,2.378175039405108,25.329878908768485,5.751918762853608
186,1,14,0.7652924121935056,73.80658383035123,0.20047682006676043,3018,16.569872763419482,2.0338644672748845,22.97698348901696,6.041263865078301
186,1,15,0.8998724747474748,77.80875378787879,0.5197437394108911,2640,16.77977121212121,2.321533285336848,20.404545237504813,6.323060382791426
186,1,16,0.9572131831455987,80.09787234042554,0.7216302228433702,2397,16.92911097204839,2.502518281775042,19.71290421928701,6.500965395216004
186,1,17,0.8809813749418874,80.16519874476987,0.25771326129285216,1912,17.025849372384936,2.460354145973763,20.85880502324705,6.343337049996828
186,1,18,0.7546010439970172,74.28026235509458,0.8312153340173447,1639,17.147549725442342,2.1892524467866954,25.154765580769244,6.76637136930515
186,1,19,0.624137600383555,67.84316073354908,0.15441758801224292,927,16.800253505933117,2.178580982330578,28.162350431153985,6.304409818595056
186,1,20,0.6327285097597598,64.23055743243243,0.9656306273941614,592,16.39806418918919,1.7895416930985673,28.58913401459673,5.794534076897804
186,1,21,0.5822000591016548,64.6615425531915,0.11981659990195385,188,16.206574468085105,2.48507791327889,28.729282845719798,5.931030222534451
186,1,22,0.5770454545454545,63.52389610389611,0.14651645842680755,77,16.557532467532468,2.571811370591877,29.800861051446592,5.997847636035495
186,1,23,0.6867211328976035,76.66078431372549,0.26391552508616406,51,18.456705882352942,3.8148452303815295,28.532702879397743,5.9203618915903435
187,1,0,0.3615277777777777,35.781666666666666,0.04948086985372712,6,11.549666666666667,0.9610158514127988,32.25670229102227,3.4743379685435762
187,1,1,0.37854166666666667,37.504999999999995,0.07650155832351344,4,10.98675,0.8118593371596672,29.726191416345365,4.886063759005423
187,1,2,0.35541666666666666,38.808571428571426,0.05294762929766653,14,10.747285714285713,0.9768050296420809,30.985724322184783,6.111580970196707
187,1,3,0.3416139240506329,38.79556962025316,0.049781655179049596,79,10.995746835443038,1.200914250748201,32.67595154286834,4.67285905454862
187,1,4,0.3426742274819198,38.411124260355024,0.05227899541695469,169,11.038136094674556,0.9758567050284297,32.75924056262033,4.590445560976905
187,1,5,0.35142549526270456,39.67031007751938,0.0513821830722917,129,11.249271317829457,0.9265782545198387,32.52699537074595,4.372039812208719
187,1,6,0.37543684710351377,42.60213675213675,0.07595405948390833,117,11.314641025641027,1.0728623128996182,31.001895759869694,5.031343918568736
187,1,7,0.37138888888888894,43.57945054945055,0.07675323882926306,91,11.462780219780221,2.106402798887229,31.52717207576357,4.927334496880289
187,1,8,0.3806191432396252,41.10698795180723,0.07126421005095229,83,11.416746987951807,2.2080901406760036,30.571497862142355,5.055604922985306
187,1,9,0.36482549857549856,39.418846153846154,0.06715633225325124,78,11.008935897435897,0.8916794360176292,30.908712773817104,4.5511071760700705
187,1,10,0.35630414312617703,39.196271186440676,0.05611993629237869,59,11.330406779661017,0.973944682962275,32.35015769257117,4.267956575872492
187,1,11,0.35251243781094527,39.602238805970146,0.05488570140700558,67,11.501507462686567,1.3465148433746703,33.03446387952905,4.02671454432677
187,1,12,0.37465846994535523,39.24770491803279,0.05851862971983009,61,12.045688524590165,1.3140429031679752,32.57363213661586,3.793835780489165
187,1,13,0.37140410958904113,39.05972602739726,0.08888606634227894,73,11.583342465753423,1.340095355429544,32.14057674535472,4.80000204786936
187,1,14,0.39637834036568215,40.90582278481013,0.06681251027048976,79,11.474531645569622,1.2291680617335121,29.456980241141927,3.9838414479264124
187,1,15,0.40610735735735737,40.06675675675676,0.07976739413133918,74,11.562256756756756,1.234797416259159,29.058727680167834,3.9526740124786492
187,1,16,0.41257495590828924,42.11857142857143,0.08895891068127341,63,11.50820634920635,1.0192185994709009,28.767820110384015,4.663777920828853
187,1,17,0.43429078014184397,41.84255319148936,0.10586504033437155,47,11.714425531914893,1.2945419660801443,27.807672953239273,4.3122335011319
187,1,18,0.3704545454545455,40.185,0.06596236743773894,44,11.552636363636363,1.1919899736371886,31.654663769839622,3.4571438552273728
187,1,19,0.38634615384615384,42.313589743589745,0.10351020317216916,39,11.36797435897436,1.3859464652678306,30.3524079607895,4.893986520879762
187,1,20,0.38279166666666664,38.1115,0.11655022297408377,20,11.11815,1.0018090623309521,30.718158997429327,6.407836723796068
187,1,21,0.39049999999999996,39.994,0.0969980351716492,5,10.9682,0.6456788675494967,29.37987135682331,6.9861121101595645
187,1,22,0.3696111111111111,40.278,0.056531224301156376,5,11.921199999999999,0.8886659664913473,32.90519103900028,5.849214589496269
188,1,0,0.7598148148148148,74.55,0.11886368285931855,3,26.768333333333334,4.202516190728281,35.248973260953186,1.3604940827242675
188,1,1,0.7278935185185186,65.64333333333333,0.12583862668272683,12,23.132166666666667,2.223745850150283,32.32845543572401,4.5801496903793275
188,1,2,0.74545197740113,74.54016949152542,0.1291036996679285,59,23.675898305084743,2.4547171527132545,32.30868644183827,4.463509151473846
188,1,3,0.7221160794941283,71.17089430894309,0.1613139313727498,246,23.032130081300814,2.5117644597726785,32.67970435434925,5.00750819108304
188,1,4,0.7275883838383838,74.68326704545454,0.13442611562680148,352,23.119230113636362,2.805016719869724,32.46355704121934,5.252258583594333
188,1,5,0.7364800870147256,74.17816265060242,0.12521886699722226,332,21.784993975903614,3.145301414952176,30.117574273252075,5.382076212974712
188,1,6,0.7693851981351981,76.66178321678322,0.12060743261512419,286,20.79575174825175,2.991576907048591,27.57245238345945,5.340761448826582
188,1,7,0.8545344009489917,81.51128113879003,0.18851584715361422,281,20.999209964412813,2.8517278237513306,25.5766119668928,6.036197568198391
188,1,8,0.9302425267907501,80.80939086294417,0.24312528464268174,197,21.11536040609137,2.760662187099586,24.133997424493355,6.551759229268122
188,1,9,0.9267319277108435,81.87650602409639,0.19092930168111044,166,20.523909638554215,3.5656961066695883,22.95761137924305,5.426400124980921
188,1,10,0.9250808720112519,80.27183544303799,0.1740084449791892,158,20.66898734177215,2.664447517420292,23.179202893237733,5.545994826298543
188,1,11,1.0074448249619483,81.24732876712329,0.19957913258060117,146,21.21754794520548,2.9107250194865046,21.877412468252317,5.360327046629999
188,1,12,1.0211321059431524,81.82058139534884,0.23074796062988362,172,21.04786627906977,3.120602247246983,21.430188839904847,5.317687939759306
188,1,13,1.0606046455938698,84.9443103448276,0.23730930854881904,232,21.369823275862068,2.905592140553813,21.214331485931844,5.866206107103494
188,1,14,1.2206773349436393,90.5944927536232,0.34582500130034305,276,21.517481884057972,2.941288456633447,19.029060007040282,6.101287187524214
188,1,15,1.2177571059431525,90.63739534883722,0.32804370098576885,215,22.346176744186046,2.8168080590471036,19.76219985563215,6.090414547368972
188,1,16,1.3016928721174006,93.20716981132075,0.3484923279657092,212,22.72163679245283,3.439389882404968,18.75082141095458,5.737817108111608
188,1,17,1.172129120879121,91.04450549450549,0.287112676670676,182,22.56145054945055,2.8862111536594113,20.48814750099086,5.854007999345174
188,1,18,1.0082602339181286,86.9181954887218,0.20511565363904158,133,23.103812030075186,2.8210892645646752,23.871037516635294,5.634129771628626
188,1,19,0.924672619047619,81.00446428571429,0.1920307657681691,112,22.49630357142857,3.1579998027012293,25.114629692707698,5.228514050238684
188,1,20,0.8500863363363363,74.39445945945945,0.13036444386569382,74,21.849810810810812,2.6533668385949762,26.23104178209317,4.710123142722877
188,1,21,0.8566161616161616,72.70227272727273,0.16716999914833117,22,19.855090909090908,2.119538379865517,24.079802722326917,5.5892107965796844
188,1,22,0.8741666666666666,68.16499999999999,0.03496250195866815,2,19.655,1.8455486988968888,22.54452120964202,3.012882630138685
188,1,23,0.7317592592592592,73.63666666666667,0.045389546212203924,3,23.467666666666663,1.0320641129955714,32.09482929422932,0.6063402146910376
189,1,0,0.7500555555555556,63.193999999999996,0.20911652785521814,5,23.0654,4.307233195451576,31.465434353957257,3.7799357226566364
189,1,2,0.7079093567251462,68.30736842105263,0.1581327787416469,38,21.830763157894737,3.6158181492347903,31.40361760174584,4.667612199860302
189,1,3,0.6630571073867163,67.49815642458101,0.125029915608763,179,21.486329608938547,3.697276112109369,32.75228361517119,4.6496486160321515
189,1,4,0.6851740139211137,71.83341067285383,0.11784812515240094,431,22.065591647331786,3.2780083360883867,32.62883279196623,4.902305755407314
189,1,5,0.6703643852978454,72.2740494296578,0.1084173875972382,526,19.792053231939164,3.5410258036228517,29.822079630503595,4.900619911857359
189,1,6,0.690917577413479,70.82340163934427,0.10790844998609572,488,18.435627049180326,2.96572206862727,27.05662463002205,4.648429553026296
189,1,7,0.7231913580246914,71.94113580246913,0.13285465620314682,405,18.148392592592593,2.7777097128668595,25.60409338562025,4.62927322082894
189,1,8,0.7797359526827208,72.7168060836502,0.1388770567027561,263,18.0941216730038,2.666830258258022,23.828163016261698,4.959501879381647
189,1,9,0.8017297008547009,69.12738461538461,0.15940654703112025,260,17.737334615384615,2.25542717395643,22.75248706341775,4.387821966356939
189,1,10,0.8385345275181724,72.58004672897196,0.18505103454775745,214,17.68582710280374,2.1900827782529175,21.768906643517354,4.407421375928403
189,1,11,0.8474454828660436,73.62962616822429,0.15388271391321914,214,18.050116822429906,2.782769389394556,21.79784906209629,4.3869783126246915
189,1,12,0.8815733333333334,74.43592,0.18140112286222368,250,18.211216,2.7382838411902615,21.251766385498986,4.569070266948692
189,1,13,0.9769807121661721,76.75118694362018,0.2017909200145397,337,18.466534124629078,3.011256792406484,19.520024252865444,4.522296559854658
189,1,14,1.0745775841200678,82.31806100217864,0.3334724076468353,459,18.847030501089325,3.1893183312867395,18.608350582029278,5.420197451263681
189,1,15,1.1626844070961717,84.60235294117648,0.3394229905757562,357,19.519204481792716,3.481333264420025,18.185032405195578,6.284848867748363
189,1,16,1.1794156184486373,88.65842767295598,0.31762471970477835,318,20.127424528301887,3.465614544256894,18.47033914642544,6.3849543327531375
189,1,17,1.1075638297872339,84.51642553191489,0.27921902080242084,235,19.575923404255317,3.6231691684446425,18.844099494808297,6.020695978780323
189,1,18,0.9714182098765433,79.87972222222223,0.2207215868751917,180,19.742927777777776,3.3173770129654323,21.420229361066767,6.30733874019965
189,1,19,0.8459668389319552,73.78813953488373,0.16154489951164117,129,18.91994573643411,3.1762287074012727,22.986469437836575,5.068568392310475
189,1,20,0.7785060975609756,70.23085365853659,0.10419425460229337,82,18.816573170731708,3.2464488634467976,24.504713782253955,4.832740758146615
189,1,21,0.7488580246913581,68.23833333333333,0.11955690124666368,36,19.146666666666665,3.657082732764698,25.926910844756147,5.223928788577758
189,1,22,0.7448809523809523,68.70714285714286,0.12874901185673554,7,19.637,3.813474050433978,27.18623263989198,7.373180806463675
189,1,23,1.2410185185185185,102.58,0.4552049237802078,3,23.41,1.1766584041258534,21.149085852216498,9.391591384102927
190,1,2,0.5709722222222222,55.07,0.022588133287903638,2,22.365000000000002,3.266833329081849,39.087444519768226,4.175195972069492
190,1,3,0.6255208333333333,69.04249999999999,0.09383914779648779,8,20.881875,2.2576096358443243,34.11018683735412,6.6602293019933585
190,1,4,0.7234583333333333,70.10499999999999,0.1875855982865833,20,23.2167,3.0526754632961772,33.15020262774224,5.871902625491974
190,1,5,0.6357333333333333,71.456,0.07220636756173868,25,20.649720000000002,2.610911774329675,32.88011626393902,5.68675041687159
190,1,6,0.7364111111111111,74.6344,0.10182585695211666,25,19.86872,2.9327409182083115,27.352145154459755,4.869577971400216
190,1,7,0.7583436213991769,80.04481481481481,0.12673043644903695,27,20.788444444444444,2.7330970363776723,28.23282911399924,6.424759903076291
190,1,8,0.9190079365079366,80.16785714285713,0.1936787032771202,14,21.326500000000003,2.67769259883321,24.06233731789091,5.328081501313371
190,1,9,0.8237179487179488,70.79923076923077,0.115051738364926,13,20.702615384615385,3.7562383341684966,25.446526942562514,4.984130195239393
190,1,10,0.7860833333333332,74.095,0.07298674762734744,10,20.260399999999997,1.9646129502893042,26.086192878520727,4.337759857909802
190,1,11,0.7910243055555556,77.1725,0.11912302657501171,16,20.829375,2.721551025304014,27.012932520977614,6.054964070765173
190,1,12,0.9229411764705882,75.73764705882353,0.1498276098773324,17,20.322470588235294,2.8128223619179873,22.76382922110103,5.819424217805096
190,1,13,1.0193390804597702,88.93689655172415,0.28013378258082255,29,21.143724137931034,3.2435387739820736,22.08120980471081,6.2244045246575626
190,1,14,0.9835956790123457,89.21305555555556,0.3334651455285588,36,21.376527777777778,2.577323534057443,23.975931348438042,7.717632108520568
190,1,15,1.1049415204678363,94.59947368421052,0.3592041956053621,19,21.430315789473685,2.6180056882340286,21.852372702625313,8.527138953449473
190,1,16,1.2384234234234235,98.06189189189189,0.4652911277523423,37,21.552945945945943,5.6376519883229275,19.01632930998429,6.639129881391902
190,1,17,1.0974269005847954,88.51684210526315,0.2520571032182896,19,21.60684210526316,3.034704475144489,20.665919065602044,5.335969167965819
190,1,18,0.8777546296296297,82.08749999999999,0.24120399977039678,12,22.309416666666667,2.8491365664429673,27.169035503721457,7.979947093740386
190,1,19,0.7966666666666666,67.25800000000001,0.1193407531546188,10,22.308100000000003,2.543220812277218,28.491154145354518,4.92749171798489
191,1,2,0.8933888888888889,99.064,0.08973686957609384,10,33.7321,4.649848036943431,37.747792876513486,3.2227509641685423
191,1,3,0.919375,123.105,0.07539822993679239,8,32.953625,3.7141327746672097,35.938374388126235,3.8992918664676584
191,1,4,0.8814197530864197,92.83444444444444,0.10345883996650729,9,35.80422222222222,4.94313758603222,40.81895200288092,5.483665460817356
191,1,5,0.9345138888888889,99.8925,0.15799795655924143,8,34.244125,3.088841088152179,37.55043950839256,7.278986040217137
191,1,6,1.1130555555555557,108.976,0.3545710231043142,10,32.6117,4.546394910011424,31.57228339034061,9.13627932252279
191,1,7,1.0573333333333335,116.33399999999999,0.22653936149050732,10,35.196,5.426256147453581,34.05127143051266,5.655602793866915
191,1,8,1.3443333333333334,123.31199999999998,0.3572569211590581,5,32.9736,3.9771380162121615,26.296961572360782,8.734902037017031
191,1,9,1.3791666666666667,99.28,0.32024400740659525,4,29.94625,0.8682263049842859,22.42390663373926,4.094719124207176
191,1,10,1.259826388888889,123.95125,0.2584051759421698,8,37.3375,4.97248173163347,30.832731235708373,7.9978704158146705
191,1,11,1.2851709401709401,117.65,0.20576998758044682,13,35.39623076923077,5.157867197363754,28.210352100171505,6.490101564296468
191,1,12,1.4434722222222223,125.28875000000001,0.28634033043295093,8,34.371625,5.301953115530702,25.092373517300885,8.34709738440698
191,1,13,1.5599722222222223,136.708,0.28989658206364055,10,33.0452,4.706736939985305,22.12220838244798,6.477490284000286
191,1,14,1.5914506172839507,131.70444444444445,0.28067856137981784,9,35.583888888888886,5.3939064101179115,22.942447613421084,5.207478388275893
191,1,15,1.8443827160493826,135.5011111111111,0.9613579461634348,9,34.99144444444445,4.373647651306376,23.07608576341899,9.834872510292064
191,1,16,1.5604761904761906,137.54142857142855,0.35773632129431904,7,35.14957142857143,6.179210679289679,23.69463572869385,7.1028590730321906
191,1,17,1.3167222222222221,111.77799999999999,0.34044074328928087,5,38.8132,3.382460598440134,31.425953508977578,9.626488376820822
191,1,18,1.5289444444444444,136.328,0.2541241160496671,5,40.368,3.95046174516347,27.23657327055239,6.396955886539402
191,1,19,1.0923611111111111,108.74000000000001,0.08721588205312446,4,40.775,1.3304761052595673,37.471043122614084,2.553365087623306
191,1,22,1.2377777777777776,79.57,0.47297586919366835,2,41.994,3.6288720010493654,35.9946409711447,10.822398688269878
192,1,2,0.8974074074074073,80.59666666666666,0.09119082443374085,3,30.072333333333333,4.07851030810679,33.943856609254404,7.252019161478691
192,1,3,0.7556944444444444,78.98625,0.04115398879392848,8,25.467750000000002,1.501353270505361,33.79799691887761,2.81177736576107
192,1,4,0.7750185185185186,84.62333333333332,0.08575042656160242,15,28.777266666666666,4.654187890901003,37.58017176917936,7.765503653291283
192,1,5,0.9109722222222222,85.23916666666666,0.15870028804436606,12,26.432083333333335,4.786975576942337,29.8682564656792,7.662488191640898
192,1,6,0.9295833333333332,90.46799999999999,0.18481032661736463,10,28.655,6.313117138149742,31.65874158997557,8.010916425723801
192,1,7,0.9752777777777778,91.787,0.25310066205033027,10,25.491,3.731989192553126,28.364083911061478,10.749240771378656
192,1,8,1.0310000000000001,89.096,0.21727279888610643,5,29.878800000000002,10.964944924622285,28.758555873754357,6.014028112714863
192,1,9,1.417314814814815,88.57666666666667,0.8130143354644996,3,27.516666666666666,5.514776725610323,26.31341434427497,20.12582763802244
192,1,10,1.03875,102.75833333333333,0.1562635426229881,6,27.006666666666664,4.409379396997571,26.346012922744677,4.751860592191914
192,1,11,1.239675925925926,96.01666666666667,0.21117779770325842,6,26.469333333333335,4.568465767264396,22.267779467444672,7.803731618335858
192,1,12,1.0653055555555555,89.37899999999999,0.11581341792261843,10,24.6509,1.088312705266481,23.367937574658335,2.51996955699054
192,1,13,1.161087962962963,94.77999999999999,0.176995574742143,12,25.775833333333335,3.354288051633809,22.765158932952342,5.356233641420291
192,1,14,1.305619658119658,104.76769230769231,0.23431097970203368,13,29.438769230769232,5.970790318344885,23.70524156157074,8.534299727768447
192,1,15,1.6523958333333333,121.4325,0.4999066698057888,8,27.852874999999997,4.592383179554722,19.600227188827954,12.290728939481522
192,1,16,1.2841203703703703,111.29333333333334,0.13174065158422205,6,30.119666666666664,5.842126142652743,23.484285537880734,4.170277849042363
192,1,17,1.374537037037037,106.175,0.28711881152957636,6,31.209666666666664,6.707599322161893,24.151841982599716,9.108956021827932
192,1,18,1.1674074074074074,94.32666666666667,0.26416597538562825,6,31.401333333333337,9.452973027924424,28.172850345788376,10.109611179215948
192,1,19,1.0651388888888889,103.85833333333333,0.16588527476155335,6,25.8415,1.1626304227913526,24.83912528249546,4.525119706967242
192,1,20,1.0222222222222221,95.13,0.11352992209050672,2,24.9735,1.603011072949904,24.49458343447474,1.15225148739662
193,1,1,0.7127777777777777,81.55000000000001,0.023963063140210794,2,20.3215,1.444619153964116,28.560497550768275,2.9869283617772595
193,1,2,0.728251633986928,67.31823529411766,0.07266018149165931,17,21.718176470588237,3.262147092700107,29.96893712922307,4.357571378311431
193,1,3,0.7502962962962964,72.98022222222222,0.10222617471497926,45,21.905644444444444,3.026705147933187,29.493593497818285,4.224402753217648
193,1,4,0.7546354166666667,73.87890625,0.09833147592133716,64,21.4255,2.5558277198069006,28.662048444839495,3.6532631668938063
193,1,5,0.7582692307692308,75.20769230769231,0.10041803260499499,65,20.768338461538463,2.7398031708325044,27.702169882415614,4.057754894001007
193,1,6,0.8134883720930232,77.47093023255815,0.11732420997662901,43,21.00874418604651,3.0623133108735763,26.140469486130236,4.004090863419521
193,1,7,0.8584555555555555,78.8386,0.14506999943720097,50,20.51106,2.3254466449194986,24.47954527600146,4.753658687611995
193,1,8,0.9079382716049382,76.69177777777779,0.159090775190117,45,20.397111111111112,2.559839814077704,23.1115427510035,4.61518317332658
193,1,9,0.900548048048048,79.95297297297297,0.15094210726831148,37,20.73102702702703,2.8148375173798663,23.438080870722665,3.8727384511990524
193,1,10,0.9921590909090909,83.0725,0.2165169666342525,44,21.018795454545455,3.0891321471093525,21.90499897975252,4.531431951862323
193,1,11,0.9906212121212121,84.55054545454546,0.14151328099543187,55,21.39530909090909,3.5238606347391173,21.928576567146187,4.1896685358068515
193,1,12,1.0438765432098764,89.662,0.12636592303772087,45,21.54708888888889,3.3500362401175616,20.878856434364664,3.7441193848558263
193,1,13,1.1565954415954416,94.24435897435897,0.19863329240580102,39,21.7095641025641,3.904452025673095,19.24679941795657,4.493583263012811
193,1,14,1.2016666666666667,90.6831111111111,0.23817437778065223,45,21.313555555555556,2.223273738468031,18.466617283857854,4.349080084274604
193,1,15,1.3021585648148148,98.805,0.3440724953523548,48,21.9550625,2.57305909836331,17.702495811081295,3.831429652145654
193,1,16,1.340701754385965,95.97315789473684,0.3862302446365995,38,21.548473684210524,2.289761804404638,16.947660910707793,3.8143356851372334
193,1,17,1.228047839506173,96.45444444444445,0.23839424135800602,36,22.47336111111111,4.175656992979172,19.067537025887713,5.428340217382765
193,1,18,1.061235632183908,91.20103448275862,0.21674659680273436,29,20.88548275862069,2.2380108294881866,20.341968928988504,4.126856411806043
193,1,19,1.0110925925925927,79.492,0.181918617658862,15,22.0868,3.9492419200217577,22.20632975328809,3.82622687827126
193,1,20,0.8860763888888888,80.25375,0.07455473905769638,8,22.257375,4.126084928753371,25.0581915192258,3.4520088587249345
193,1,21,0.9879166666666667,80.315,0.009624508966150165,2,20.0135,0.17465537495307715,20.258387842213672,0.020570217266020752
194,1,2,0.7554861111111111,112.0075,0.22472026220360275,4,28.94025,0.30477354981472154,41.151741501042544,12.96285168209493
194,1,3,0.6751851851851852,100.06666666666668,0.05429211494182155,3,29.126666666666665,0.7150058274820782,43.285039480426626,2.804962547736984
194,1,4,0.7594444444444445,87.935,0.025141574442188362,2,26.57,3.577960312803932,35.08330990836151,5.8727270877674185
194,1,6,0.97375,99.75,0.5073491155013479,2,29.075,0.30405591591021525,34.45403377110694,17.63919655282615
194,1,8,0.8175,89.32,0.16302739677356518,2,31.369999999999997,0.4101219330882001,39.10056279732511,7.295830008735199
194,1,9,0.7954166666666667,122.82499999999999,0.0980128566144686,2,25.82,2.729432175380073,32.922330302301155,7.488205948304273
194,1,10,0.8615277777777778,92.78999999999999,0.09565583401051356,2,27.025,1.4354267658086886,31.656314585444996,5.180956498804777
194,1,11,0.7904166666666667,98.06,0.1010941937414333,4,27.578,1.81356444605644,35.41142642569246,5.700504527551238
194,1,12,1.0542222222222222,103.99600000000001,0.2799685415529025,5,27.332,3.023039860802368,27.329237286964805,7.642759132597483
194,1,13,1.1065277777777778,94.27,0.19465078337663014,2,28.145,1.2374368670764582,25.935060096966268,5.680577350253625
194,1,14,1.0185763888888888,105.41749999999999,0.2102870003586557,8,29.188125,2.732429501769965,29.549296998734803,5.485574304406272
194,1,15,1.2537152777777778,120.4325,0.33286676796918907,8,29.22325,4.461249112396341,24.72526236186506,6.902622083585102
194,1,16,1.5422916666666668,109.3775,0.14919009316699602,4,27.74075,5.461705068016763,18.131707318268926,3.9454192242390222
194,1,17,1.094236111111111,124.0575,0.2970697406548792,4,27.915,2.000241652067736,26.72314457862943,6.321032491293171
195,1,2,0.5553333333333332,65.904,0.0431137201705097,10,22.628800000000002,0.9959415199252969,40.8846904128761,2.388099501310294
195,1,3,0.5532698412698412,65.25628571428572,0.07674950784233653,35,21.804514285714287,2.6943924489404965,39.772750959607755,5.025148268075024
195,1,4,0.5795088566827697,70.76072463768115,0.0982103744662186,69,21.6446231884058,2.2187651447797903,38.00523827084055,5.3755371945188495
195,1,5,0.6053416347381865,65.37241379310345,0.11400294204939818,87,21.41944827586207,2.719192149862693,36.4248266196049,7.455057251458252
195,1,6,0.6189259259259259,71.80877777777778,0.1050559518402551,90,20.246677777777776,3.039278413872069,33.46791437128955,6.962549874960375
195,1,7,0.6651887293992557,78.95602870813397,0.15013045520355892,209,21.13367942583732,3.2847759184209395,32.91033094171986,7.629503340765694
195,1,8,0.7876070226070226,80.2169696969697,1.4855341176054826,231,21.033099567099566,3.4819822831941662,31.643767090841642,8.144149414784591
195,1,9,0.7235285913528592,84.16230125523013,0.13372569088150943,239,20.611326359832635,3.3851455963027313,29.39538763162772,7.118621986930782
195,1,10,0.7814771241830066,84.70364705882353,0.19143831365327188,170,20.65079411764706,3.594208436193626,27.799899179514597,7.60757354374102
195,1,11,0.7748123123123123,76.01018018018017,0.18062574067965748,111,20.722846846846846,3.0969325034421273,27.991840181219917,6.989639820855919
195,1,12,0.7557579365079364,72.15642857142856,0.182116993701459,70,19.773942857142856,3.2207222202288395,27.419464263922126,7.400656089816755
195,1,13,0.7790527065527065,76.38282051282052,0.18732985137474575,78,20.87878205128205,2.9769413251154537,28.586300438595543,8.627508421155817
195,1,14,0.9014988425925926,79.580625,0.30308174955319644,96,20.559604166666666,2.933860953470401,25.294273165430056,8.909950959131079
195,1,15,0.990462962962963,83.73897435897435,0.30075844638334076,78,20.296294871794874,2.938070124210543,22.593021541425895,8.217047564593505
195,1,16,0.9539814814814814,85.51738095238095,0.2737549816889259,84,21.80134523809524,3.1680361690692966,24.678476055422234,7.510523504613054
195,1,17,0.8711153198653199,82.21363636363637,0.22010235948866888,66,22.36940909090909,2.0856335320640413,27.190136166445846,6.706676029378151
195,1,18,0.8003258547008547,84.60711538461538,0.2963323816592704,52,21.753115384615384,2.7724516909375,30.113446464743244,9.288681283119242
195,1,19,0.7043827160493827,72.66694444444445,0.1416983175211357,36,20.666916666666665,2.7432027306468925,30.73566033993197,8.164428931114806
195,1,20,0.6538734567901234,68.57222222222222,0.10196465455768884,18,20.632388888888887,2.988935717311803,32.32467039360248,6.954619736822209
195,1,21,0.6618253968253969,59.702857142857134,0.1327196387070515,7,19.985714285714288,3.0972126024478697,31.799525927724975,10.274362954173698
195,1,22,0.7495833333333333,54.265,0.2645757872939665,2,21.995,1.138441917710341,31.006374060893638,9.425361526068015
195,1,23,0.5920833333333333,69.145,0.0732641192729395,2,22.705,0.304055915910219,38.61146942116132,4.264229784768814
196,1,0,0.7741666666666667,86.315,0.003142696805273565,2,27.9015,4.622357028616462,36.028866769104596,5.824494153873288
196,1,1,0.6737037037037038,112.01333333333334,0.07262830990169712,3,26.205333333333332,6.288578959775677,38.539395131822374,5.016851618813171
196,1,2,0.7622222222222222,83.17384615384616,0.17237396242417444,13,24.34092307692308,2.1986370574190754,32.81020010540512,4.593173743759116
196,1,3,0.7523000000000001,77.30279999999999,0.07844376409578012,25,25.406439999999996,3.871528370467319,33.90755652660194,4.831360686671201
196,1,4,0.7589737654320987,77.5363888888889,0.12210657984148103,36,24.66005555555556,2.492890908672035,33.002555383217256,4.316715337341151
196,1,5,0.7641066066066066,83.66891891891892,0.09310971648309761,37,23.591675675675678,2.7585456721296495,31.149633660626513,3.800902728760819
196,1,6,0.7876388888888889,87.33472222222223,0.12218505026367389,36,23.10436111111111,1.5993154098422016,29.88428481150172,4.004144328289259
196,1,7,1.0539930555555554,92.53875,0.21538254022015627,16,25.7199375,6.0476981898763205,24.93771064907369,5.236229792204334
196,1,8,0.9481666666666667,85.02066666666666,0.16221718708211055,15,23.444866666666666,2.174061927974147,25.22879151608925,3.6695699016723404
196,1,9,0.9817251461988304,85.81157894736843,0.19267747815373545,19,23.217578947368423,1.4013658938410951,24.595723367260604,5.447629402159368
196,1,10,1.0063333333333333,94.07000000000001,0.1183315075498168,10,23.1724,1.4297411731576528,23.36964731515561,3.5468279585884126
196,1,11,1.0784126984126985,93.60333333333334,0.2632704763069444,21,23.253285714285717,1.4769459415583606,22.632835970172746,4.9994949626506875
196,1,12,1.1740821256038647,94.71391304347826,0.23929816412813712,23,23.756695652173914,3.5340583474473166,20.821599937182707,3.920784631153914
196,1,13,1.2514636752136754,102.40153846153846,0.2855272419782058,26,24.69107692307692,2.9718753664725157,20.59466344021915,4.916388615326437
196,1,14,1.4150416666666668,102.59400000000001,0.37775090499322017,20,23.898249999999997,2.7605741369848174,18.09747526424575,5.5319190028852985
196,1,15,1.550138888888889,105.9161111111111,0.40898583154316015,18,24.689277777777775,2.850446607020929,17.00600498509188,4.929234570600129
196,1,16,1.4773039215686274,106.08529411764707,0.2530937578781231,17,25.710058823529412,5.288244633980497,17.978014633684964,5.6009826251426365
196,1,17,1.4764285714285712,110.00285714285714,0.39886818829971676,14,24.859785714285714,3.314596928240793,17.831469412486932,5.097328756679124
196,1,18,1.1928518518518518,96.38799999999999,0.4146036422755167,15,25.799733333333332,5.409278199362206,23.493132916251536,7.235984993263066
196,1,19,0.9899691358024693,105.49555555555555,0.19630663079888674,9,25.790888888888887,5.348367307983915,26.55895503745265,5.711885061090717
196,1,20,0.9649537037037037,100.44166666666666,0.24690062832542514,6,24.576666666666668,6.645701367550809,25.864536677444192,4.381346842258791
196,1,21,0.7994444444444444,83.7625,0.06102940666077503,4,22.81125,1.2133928671291905,28.584907368093514,1.25463452809526
197,1,0,0.9053703703703704,92.17,0.22334997404376347,3,31.953333333333333,2.624677757998748,37.14062353805918,11.300328355760989
197,1,1,0.8892592592592593,95.95333333333333,0.16254731821360888,3,34.90266666666667,6.599127316042123,39.33054554867627,4.176665433873188
197,1,2,0.9462626262626262,98.75363636363636,0.22269478793774053,11,32.60190909090909,3.818929547780252,35.807214205999365,7.535381740078725
197,1,3,0.8719444444444445,93.372,0.09923333759883969,15,32.18853333333333,3.5463125490060925,37.089947233329,3.7413228396796465
197,1,4,0.8417333333333333,89.5616,0.07528697155829653,25,32.419760000000004,3.7041901305593536,38.8265100882173,5.67721791168228
197,1,5,0.9333333333333333,98.24764705882353,0.2464719811662169,17,29.287470588235294,4.047466833058165,32.85749408841095,7.996835738789339
197,1,6,0.9108547008547009,92.40923076923076,0.13242429613566972,13,30.858076923076922,5.927213432712127,34.12249923219288,5.940627564378599
197,1,7,1.0223412698412697,88.53999999999999,0.18887975584829667,7,26.786857142857144,3.384462115244284,27.093490893706754,6.396132482828203
197,1,8,1.3730208333333334,110.26249999999999,0.41663101533985886,8,29.03975,5.162905874740366,22.731343525407183,7.5590083212967
197,1,9,1.156388888888889,108.34700000000001,0.22025981509436685,10,30.823,5.7327000813074305,27.570062206892306,7.18764572065528
197,1,10,1.1983531746031744,112.53428571428572,0.21700249188632176,14,29.393714285714285,4.921916644006627,25.05093558801834,5.474801289743917
197,1,11,1.1584126984126983,100.68714285714285,0.20644232610927016,7,32.769285714285715,3.8884776247389197,29.16251536669989,6.67198896373927
197,1,12,1.1670833333333335,109.32583333333334,0.21938419771375867,12,31.498083333333337,3.979703105836674,28.163499022596564,7.727034015336126
197,1,13,1.384699074074074,108.235,0.3358947558591159,12,29.407583333333335,4.726113307192734,22.766644235239244,8.298782704055792
197,1,14,1.503361111111111,117.59400000000001,0.24707331657917267,10,36.8474,5.531996649794117,25.06994798700222,5.375626010173124
197,1,15,1.634388888888889,131.422,0.419148944579972,15,34.08526666666667,7.360788665690137,21.41878569588354,4.155441993254329
197,1,16,1.5519281045751634,118.01588235294118,0.3264362919269252,17,32.18358823529412,4.022627749040786,21.755677702608153,5.902997344627922
197,1,17,1.5508333333333333,112.61076923076924,0.40061284392810553,13,34.844846153846156,11.632467557417,22.882989342184015,5.569086633672523
197,1,18,1.0009722222222224,104.14,0.06737156276305155,2,36.311499999999995,0.5819488809165314,36.33897596443292,1.864452057293919
197,1,19,0.9869444444444444,91.225,0.2027039439401436,2,28.73,5.868986283848347,30.36108556443173,12.182345356663708
197,1,20,0.9796296296296297,84.67,0.07353525091799183,3,28.223333333333333,1.1806918875529435,28.92542193040485,2.576923722841065
197,1,21,0.9389814814814814,119.96666666666668,0.0902928762303116,3,36.91566666666667,3.4551781912563273,39.61622616997004,6.114724365787267
197,1,22,1.4757407407407406,95.32000000000001,0.46534413567708527,3,29.80666666666667,4.555022868585108,21.210870744195052,5.160097055963395
198,1,0,0.775,93.48666666666668,0.12867918764638409,3,21.393333333333334,3.0923184398333463,28.01178053064848,5.064781938381786
198,1,1,0.8253819444444445,76.91,0.0942672016045555,16,24.5211875,5.118429254094137,29.614752598862914,4.382347680115377
198,1,2,0.8308633633633634,76.10945945945946,0.1599918655739335,37,23.388324324324326,3.6986927799941403,28.525092517482353,3.5782933411516678
198,1,3,0.8323532863849765,80.91295774647887,0.12707787764328304,142,24.747838028169014,3.7162910428844285,30.061503797706145,4.468437323620062
198,1,4,0.8167979242979243,82.6178021978022,0.12226520562788477,182,24.009565934065932,3.783199754124355,29.696070155703797,4.785235540091851
198,1,5,0.8228859819121447,76.60720930232559,0.1211816060110803,172,21.98320930232558,3.6120040495799506,26.936937903106983,4.042532033433279
198,1,6,0.8412388483373885,80.89773722627737,0.11537280522309995,137,20.186197080291972,3.1376955009149627,24.297250654275278,4.1042798249880965
198,1,7,0.9207485875706215,83.1385593220339,0.1755563012702292,118,20.741932203389833,3.072492172359515,23.23954888310799,5.04746125262426
198,1,8,1.0284925925925925,80.92746666666667,0.22227791706973798,75,20.103093333333334,2.1375162093479494,20.422094983410467,4.804351887550124
198,1,9,1.036851851851852,82.6947619047619,0.17254486196546395,63,20.380396825396826,2.3658327630182163,20.148875350101115,3.8989541905205676
198,1,10,1.0568197278911564,82.47836734693878,0.13362173502971883,49,20.72320408163265,3.6303491222125817,19.924483974177605,4.332404648636624
198,1,11,1.1199956597222223,82.9896875,0.1861148259137769,64,20.476031250000002,2.0628786711065557,18.74672593946752,3.4356996103543738
198,1,12,1.1861282932416952,89.1580412371134,0.24200657175303728,97,20.72138144329897,2.9730248325684614,17.952799851939925,3.5064391868865252
198,1,13,1.2737230514096185,92.15932835820895,0.2101658644221806,134,21.213716417910447,3.498502847592902,17.07155755568196,3.84334814470134
198,1,14,1.4627263374485595,100.11731481481482,0.38263382447351396,108,20.40811111111111,2.346455331569932,14.517866857656067,2.791696003792872
198,1,15,1.5685808580858087,102.22524752475248,0.41502020793613786,101,20.49670297029703,2.6932898824469476,13.79953956670542,3.414386930432379
198,1,16,1.5445539906103285,99.96281690140844,0.4224027926298569,71,20.633901408450704,2.5416343457082298,14.28105119988831,4.211838142026148
198,1,17,1.3963011695906433,96.33929824561403,0.3456338756665901,57,21.699333333333335,3.7588139767624513,16.330217883430485,4.32061617355493
198,1,18,1.167624007936508,84.44125,0.23928907002575417,56,20.93969642857143,2.910318457549044,18.468195996232318,3.534002940312368
198,1,19,1.0436158192090395,83.43423728813559,0.18583548449525952,59,20.828372881355932,3.6117193818242592,20.41311414521764,4.089891079137972
198,1,20,1.0708148148148147,80.946,0.20315884172467025,30,20.403399999999998,1.6424030460021808,19.56184188982586,3.2911224486062967
198,1,21,1.07625,85.31625,0.2675257738658832,8,25.253375,5.525237756681349,24.131090882871337,5.665658480276133
198,1,22,0.8683333333333334,77.195,0.1842406002091615,2,19.6645,0.10535891039679623,23.180922673620945,5.039799635915792
198,1,23,0.9751388888888889,67.795,0.033980409207020175,2,27.252000000000002,5.362697828518777,28.0596429657113,6.477206529926651
200,1,1,0.5750925925925926,82.03666666666668,0.02031832577108457,3,28.356666666666666,0.27465129406819305,49.34787896408469,1.7667904184898247
200,1,2,0.6540656565656566,84.91545454545455,0.07644414897464627,11,28.322454545454548,1.122017411953697,43.748711494443405,4.475087009879717
200,1,3,0.6656050228310502,85.41013698630137,0.09802701887837904,73,28.74197260273973,1.587019174537623,43.90192392558633,5.4742518916700185
200,1,4,0.6676059564719359,88.91871134020619,0.07832056718590118,194,28.818201030927835,2.069456456834664,43.60695905873698,4.672194692257382
200,1,5,0.6898625578703704,87.58,0.09237322228281152,192,28.723953124999998,1.8486891925836326,42.223788274901786,5.110199288236638
200,1,6,0.6938061167227834,89.37156565656565,0.09326982935812317,198,28.343363636363637,1.3775802220243292,41.490848476119815,5.188978625289355
200,1,7,0.7372536375661376,92.02125,0.16576866200482926,168,28.49085714285714,1.6979606023151836,39.97275555430538,6.660252739363778
200,1,8,0.717433774834437,91.23397350993378,0.12235857170866976,151,28.640384105960266,1.854261494902762,40.79522093792809,5.718570737959367
200,1,9,0.6978168044077135,89.8392561983471,0.12495307404050617,121,28.855785123966943,2.394249141890527,42.05970529350955,4.879677253180986
200,1,10,0.7059939759036145,87.5744578313253,0.10258511313059451,83,28.149192771084333,1.343982283000887,40.49324310156526,4.685759659634982
200,1,11,0.7118668300653594,87.7164705882353,0.11163863007017612,68,28.250176470588233,1.2125012009986542,40.55788958718937,5.9116407277501954
200,1,12,0.742441386340469,88.49559633027523,0.13202087927621187,109,28.339706422018345,1.6860675171158461,39.13093583381202,5.863154127732966
200,1,13,0.8026145637162586,91.03107344632768,0.21903437793567812,177,28.42929943502825,1.7218751194191404,36.89046926063424,6.18536051093349
200,1,14,0.850204861111111,92.87212500000001,0.1921602772172461,160,28.495656250000003,1.574106075744751,34.88444931678103,6.453295817049429
200,1,15,0.9374527959331881,100.92143790849673,0.21654244590674118,153,28.83545751633987,2.3270837605843426,32.08568341315552,6.444135935977487
200,1,16,0.9623871527777778,98.546015625,0.23943745495454016,128,28.7351953125,1.5471440748438112,31.340560843626175,6.422058729724446
200,1,17,0.8751343351548269,99.41590163934426,0.21340076208546088,122,28.496729508196722,1.6719944196834657,34.05457840895409,6.617586528000764
200,1,18,0.77036941580756,92.98195876288659,0.13745248384964737,97,28.34082474226804,1.6180504538017695,37.62304923947734,5.089006760088695
200,1,19,0.7129884004884005,88.65857142857143,0.09780039143539543,91,28.05473626373626,1.4247428916994485,39.917776033598514,4.59070913465639
200,1,20,0.7286761229314421,87.30936170212766,0.09665145107578507,47,28.16291489361702,1.4338404318137332,39.21418490285345,4.743539058578916
200,1,21,0.6997222222222222,84.25235294117647,0.1096344145837023,17,28.014294117647058,1.0401698638146726,40.87491996274082,5.839833908681958
200,1,22,0.7229365079365079,117.21285714285715,0.12640952793865784,7,28.478857142857144,1.7294938978953183,40.15675118195741,5.58199061690167
200,1,23,0.7139814814814814,97.53666666666668,0.06394039791553306,3,30.09166666666667,0.6879377394309261,42.32441631424164,3.0839994452711563
201,1,2,0.8647916666666666,105.72,0.11550977881572452,4,31.9725,2.7218299604004152,37.15768542878512,1.913285036100764
201,1,3,0.7398379629629629,85.93583333333333,0.0794519013888656,12,30.15925,1.4666026991904546,41.10909966933408,3.9170839363709535
201,1,4,0.7073611111111111,94.37,0.10204619505854164,8,29.892875,1.2512281323906178,42.876102607640654,5.125670194975433
201,1,5,0.7659126984126984,111.67,0.05681911667809248,14,30.259214285714286,1.1952193991430666,39.71622498800783,3.387841245494937
201,1,6,0.75359477124183,103.19294117647058,0.08205309831550273,17,30.460000000000004,1.5283244501741107,40.682885254184995,2.9149990246965443
201,1,7,0.8137152777777777,98.48875,0.13476613927184636,16,30.4075,1.0075018610404645,38.09122345200261,4.935844242629788
201,1,8,0.8076495726495726,107.44615384615385,0.08131590516261455,13,30.98476923076923,1.4294342793477286,38.67343904684919,3.7113376618521063
201,1,9,0.8462777777777777,99.038,0.12878072568766633,5,30.23,0.7956443929294038,36.27899620762445,4.749219368274283
201,1,10,0.8776190476190476,90.75142857142858,0.24983671916551056,7,30.591285714285714,0.8787974196377139,36.99698981606882,8.859988444269431
201,1,11,0.9478703703703704,101.49166666666667,0.23718887511141418,12,31.310166666666664,1.889183076615313,34.59133009851214,7.0666508871603275
201,1,12,1.1451190476190476,103.06785714285715,0.3479845599566939,14,32.872214285714286,4.988210457261611,30.314841822071827,6.515516917108165
201,1,13,1.095580808080808,102.16,0.258616316171078,11,31.266272727272725,1.611094230075268,29.70284267624313,5.723647235676616
201,1,14,1.1678070175438595,116.32578947368421,0.291957921813887,19,30.47105263157895,1.1251783302453886,27.461478357534606,6.0249971893604926
201,1,15,1.0955065359477123,105.34117647058824,0.24864026899338995,17,30.976294117647058,1.8997354672659652,29.26415511438765,4.944751161326479
201,1,16,1.035763888888889,111.32,0.29039627432523185,12,30.202916666666667,0.9496722361218141,30.907803876727144,6.999795184339124
201,1,17,1.299642857142857,115.07714285714287,0.3779232669971528,7,31.18242857142857,1.4562868143721843,25.724355801667333,7.249569243090682
201,1,18,0.8761111111111111,108.165,0.0892798939901895,8,29.903875,0.9581515593653689,34.467112329797075,3.9361055812411516
201,1,19,0.7884722222222222,108.98500000000001,0.010017346066809419,2,31.485,0.4596194077712549,39.938580254882055,1.0903338930298438
202,1,1,0.8442460317460317,76.76428571428572,0.10395542955761909,7,22.319142857142857,0.6594142422310452,26.69857854377049,2.5530622717193032
202,1,2,0.8190338164251207,80.47521739130435,0.09133391048247569,23,22.90382608695652,2.554849695848945,28.119509968371997,2.841827718962827
202,1,3,0.7975617283950618,76.73925925925926,0.14658879719461154,81,22.789506172839506,2.6100985380031965,29.10519452651225,4.0534997709660905
202,1,4,0.8169597550306212,82.07070866141731,0.13205978114646175,127,23.154204724409446,4.281545942316627,28.617246357837026,4.184369923961967
202,1,5,0.8192980189491817,78.69798449612404,0.08873487958539175,129,22.31813953488372,2.926185624409858,27.432420037236643,3.7129271837774023
202,1,6,0.8386734164070613,81.2011214953271,0.09094458874568669,107,21.928121495327105,3.221960796144497,26.332542508117747,3.938775739239281
202,1,7,0.9310119047619048,84.48387755102041,0.16127786059093036,98,21.678642857142858,2.4057310835568786,23.799474189537534,4.118860674507464
202,1,8,0.9853703703703705,86.2969696969697,0.14060567443093436,66,21.91230303030303,1.8847571397903435,22.62751189975284,3.4187550638386806
202,1,9,0.9870449172576832,85.84085106382979,0.159902349863873,47,21.43604255319149,2.239484985024428,22.17994443619798,3.8365642956644055
202,1,10,1.0139270152505446,89.15549019607843,0.12563163893897641,51,21.517627450980395,1.9567205417308242,21.47051463578509,2.802558643761318
202,1,11,1.0845963541666668,91.64078125,0.1347707637208035,64,22.71028125,2.225696092067833,21.281588418777048,3.484518425356616
202,1,12,1.151881038647343,96.56271739130435,0.2127997502947633,92,23.363673913043478,4.503335662628426,20.780212626655196,4.654504125801406
202,1,13,1.1890312791783382,97.1310924369748,0.21432866492377228,119,22.184319327731092,2.3313377549540344,19.194240715616466,3.701487223418316
202,1,14,1.3613589743589742,102.69923076923077,0.3039262787972239,130,22.242876923076924,2.7683959674867067,17.071595287104557,4.073852300033827
202,1,15,1.4474368686868688,103.88670454545455,0.315904868692621,88,22.298079545454545,2.2311783352557755,16.061988296431995,3.6106570059995886
202,1,16,1.4025429894179895,100.75392857142857,0.29795836940202236,84,22.50347619047619,2.2628310686415385,16.882084153076374,4.5417060797485105
202,1,17,1.4673148148148147,112.16157894736843,0.33913923688422587,57,23.480701754385965,3.963952964641449,16.608692807543164,3.636109925570071
202,1,18,1.1681456456456456,96.28864864864865,0.24378818745000236,74,23.200256756756755,2.8794628735273218,20.583556776825226,4.374098890537188
202,1,19,1.0330387205387206,90.6189393939394,0.12690944157112685,66,22.191772727272728,1.9974120471284802,21.774327002852267,3.1693774401318335
202,1,20,0.9863636363636363,83.55757575757576,0.14899389894690546,33,22.208909090909092,2.121004292835654,22.902412264236936,3.3000266141164425
202,1,21,0.9938461538461538,76.17538461538462,0.23196528643756328,13,22.416076923076922,2.3769701814683635,23.480015906326784,4.794241254889547
202,1,22,0.9058333333333334,79.31,0.1418141933379687,2,24.3345,4.32961482120523,26.818729488375634,0.581054276867022
202,1,23,1.0841666666666667,112.12,0.0,2,33.22,0.0,30.641045349730973,0.0
203,1,3,0.8861111111111111,98.87100000000001,0.07759170864872617,10,36.6254,1.6175607974148414,41.64963866829534,4.386762538084561
203,1,4,0.8588055555555556,101.438,0.13427963127688927,10,37.0302,0.8671729034307077,44.02605300745417,6.578632486237142
203,1,5,1.030462962962963,108.37888888888888,0.22928288298976607,9,36.06711111111111,2.7909897637059,36.62727369428387,8.572238735366877
203,1,6,0.9811666666666667,115.58,0.06537298022279449,5,37.6668,1.2900556964720555,38.583633280346056,3.7789896188678145
203,1,7,1.2516666666666667,128.97,0.22343051138024517,4,38.72825,6.111250410786107,31.396070351401395,5.432957204288002
203,1,8,0.9898611111111111,177.29,0.034766083408338644,2,38.730000000000004,2.771858582251265,39.20005468571473,4.17704151284931
203,1,9,1.079222222222222,115.29400000000001,0.10095577200553994,5,36.8094,2.6111763249539446,34.27669656402803,3.292862952366242
203,1,10,1.3761805555555555,118.8075,0.30846255008432827,4,38.3975,3.0126109938058714,28.65207927587965,4.607844291109357
203,1,11,1.1784126984126984,125.40857142857143,0.23078177847675913,7,37.74714285714286,0.4887642337471908,33.056593928614475,6.138519507692113
203,1,12,1.3403703703703702,107.565,0.2502100146683366,6,38.7105,0.7205397282593107,29.95578902540223,6.977354021093229
203,1,13,1.4646666666666666,103.78599999999999,0.5654656867584756,5,36.8716,1.347999554896069,28.81810411784491,12.10433936239788
203,1,14,1.523858024691358,126.79111111111109,0.2394850621503172,9,37.303333333333335,3.22489534713919,25.16512223860148,5.233245349657981
203,1,15,1.2056944444444444,133.0575,0.2230420640724055,4,38.0475,0.7847876570555085,32.296700033942514,5.366792729125005
203,1,16,1.4925925925925927,124.35666666666667,0.28653694488127185,3,40.349333333333334,3.9365251597485478,27.56158986755948,4.644413359566704
203,1,17,1.5754166666666667,128.885,0.22834758223540969,4,37.3935,0.5348828532180347,24.164099864396057,3.94675975538678
203,1,18,1.3369444444444443,124.00999999999999,0.2555023344340216,5,37.605599999999995,1.4314675336870206,28.926692162150932,5.3741149913978665
203,1,19,1.021111111111111,134.14,0.08445997664172653,2,38.335499999999996,0.21991020894901875,37.66285689844566,2.899874237713769
204,1,0,0.36138888888888887,49.065,0.024355900240869952,2,14.3,0.8768124086713197,39.57768702069036,0.2411191678772956
204,1,1,0.3902777777777778,50.47,0.09899494936611666,2,15.8885,1.935351260107582,41.414111543395755,5.545887412544429
204,1,2,0.4093576388888889,45.921875,0.05095010053318407,16,14.8651875,1.0957737734131074,36.76517834088069,4.66393960960247
204,1,3,0.40531903190319035,48.30227722772277,0.059012454038917854,101,15.329554455445546,1.6059637011791241,38.35905056391894,5.231509386818148
204,1,4,0.4141415135608049,50.602047244094486,0.07021103219426009,254,15.560716535433071,2.0302516983999617,38.125770854781365,4.971938266972602
204,1,5,0.43248131539611356,51.56914798206278,0.06205786778175105,223,15.570600896860988,1.6779594341108828,36.505330467753154,4.918743143780195
204,1,6,0.4532450810185185,53.77229166666667,0.07221550853643202,192,15.629390625,1.4876350001709555,35.064487574320935,4.648500634265839
204,1,7,0.4464081790123457,53.827777777777776,0.07112682127824489,144,15.587020833333334,1.4792709528718828,35.48724510249099,4.65859248427168
204,1,8,0.4500911789652247,52.62206106870229,0.0863600581425726,131,15.772984732824428,1.3960527595536738,35.874790543850615,5.244300202019438
204,1,9,0.4426757369614513,51.307040816326534,0.0972715664973088,98,15.555173469387753,1.4193274654336228,36.088591966328345,5.3235343365203365
204,1,10,0.4472181964573269,53.427681159420295,0.09898533764963137,69,15.576463768115943,1.7216078632189615,35.88846732562137,5.819388157564303
204,1,11,0.43338827838827837,50.85472527472527,0.07577446749517501,91,15.836813186813188,1.6521152967035788,37.20827480574673,4.952720153194897
204,1,12,0.4349964838255977,52.01987341772151,0.07658574083815291,79,15.727354430379746,1.5553161030674405,36.7472353979282,4.337863572109236
204,1,13,0.4322286079182631,50.663218390804595,0.06662695276260663,87,15.765563218390804,1.5884463207739248,37.0561371836947,4.89451104349741
204,1,14,0.4490607101947308,53.062061855670095,0.09087581868382476,97,15.704515463917526,1.9399548271877898,35.63487595737644,4.408862827245934
204,1,15,0.4401744186046511,53.345,0.07503058014323012,86,15.797779069767442,1.8924420289584931,36.40174628057024,4.409835722871224
204,1,16,0.46424074074074073,53.74633333333333,0.08038814236694669,90,15.909811111111111,1.8883550293123075,34.916840424563354,5.061401161331121
204,1,17,0.4507655826558266,51.828658536585365,0.08595162629363222,82,15.511036585365853,1.2390817532501956,35.211680248825765,4.943147343571651
204,1,18,0.4555864197530864,51.552592592592596,0.08193192113143256,54,15.54814814814815,1.1066269233347508,34.88075651347656,4.91437503463416
204,1,19,0.42906504065040646,50.122926829268295,0.06520405873155255,41,15.422048780487804,1.3745730964779483,36.416181102362884,4.173673270044184
204,1,20,0.43738562091503264,50.05058823529412,0.056498939786390694,17,15.162941176470587,1.1640004548210148,35.15405558747617,4.808412354815068
204,1,21,0.4369444444444444,47.08166666666667,0.04888004970598191,6,15.529333333333334,1.7123021540214993,35.745312431755025,4.169266584606395
204,1,22,0.49909722222222225,43.535000000000004,0.10421921514061958,4,14.632,1.0559431802895451,30.25639892113597,6.325012188466337
205,1,1,0.8733796296296297,97.355,0.12037716148933923,6,36.13783333333333,3.8370144861163418,41.63753736848529,4.037920319943431
205,1,2,1.0680555555555555,105.35799999999999,0.08169665926953489,5,36.9514,3.9639475652435183,34.85353873536302,5.447747124960418
205,1,3,0.9203888888888889,99.216,0.11858549901287123,10,35.072199999999995,2.7528731576704017,38.769618243664254,6.294343750894078
205,1,4,0.9742094017094017,103.41807692307692,0.2108283148620658,26,35.95234615384615,3.0644192394945917,38.09192932345451,6.840009375666162
205,1,5,1.04484375,110.489375,0.15070243514400597,16,34.9796875,3.5876775536782386,34.19254156778668,6.098010717642974
205,1,6,1.0056172839506174,105.06,0.2675618574557252,9,33.75177777777778,4.430976212353712,35.34683847293122,8.911117651331724
205,1,7,1.0364583333333333,107.24875,0.22869972872110622,8,33.684,4.091675800591103,33.36925893724736,5.835410428899307
205,1,8,1.1043333333333334,115.47200000000001,0.2337892866569286,5,35.928,3.78497879782701,33.396967959385826,6.1142340932399195
205,1,9,1.088015873015873,116.0457142857143,0.1288939203770701,7,32.744142857142855,2.9134511281623525,30.343293168780576,3.569910324508032
205,1,10,1.3239316239316241,121.7376923076923,0.23102172433815826,13,35.72923076923077,4.097483804195085,28.12029883516874,7.412984135957222
205,1,11,1.1541319444444444,120.285,0.20852707591843672,8,34.931875,4.327774863351506,31.33273554791935,7.746434055052583
205,1,12,1.3214583333333334,108.19375,0.3400154236438351,8,35.806125,4.02864743121063,28.671031824080885,7.642710134588227
205,1,13,1.4937820512820512,129.46,0.355353305079371,13,39.09815384615385,5.5099001026357675,27.608414131953257,7.174246366145196
205,1,14,1.7286904761904762,132.195,0.5156046136557716,14,35.32285714285714,3.420654837378878,21.7445077758787,5.515240902157644
205,1,15,1.817449494949495,136.1727272727273,0.531917591695046,11,34.861999999999995,3.6457701518334913,21.215732525493227,8.167265730964932
205,1,16,1.4734920634920634,135.03714285714287,0.33322370331227585,7,38.098571428571425,2.3732424273654864,26.77042935997921,5.18043520287948
205,1,17,1.4192063492063494,145.57999999999998,0.392911582995124,7,37.838,3.0364474307980354,28.414342983121575,7.659487048110912
205,1,18,1.2162777777777778,149.704,0.15979800134722552,5,37.3468,1.7654634519015102,31.07091866318141,3.716713186119299
205,1,19,1.083425925925926,120.34833333333334,0.11554980884441374,12,36.94416666666667,2.9750583136632756,34.41767830601207,4.337193695579714
205,1,20,1.1877777777777776,118.59200000000001,0.15720995240697216,5,36.6926,3.6861495900193746,31.4423514275335,5.7182805277940165
206,1,0,0.4657986111111111,42.746249999999996,0.10574329977606556,8,13.493,1.230284403821212,30.02287213166703,5.988066753134188
206,1,1,0.4580555555555556,49.95222222222222,0.11360712095682547,9,13.356555555555556,1.3951520626002663,30.171418362678633,5.235802224388347
206,1,2,0.44611742424242423,48.83295454545455,0.08079220982214565,44,13.858454545454544,1.8288083355339324,31.540312166760827,3.9361833067418237
206,1,3,0.4673029715762274,49.655116279069766,0.11026012543423716,172,14.494866279069768,3.0769877309852935,31.54219753535625,4.26973485186708
206,1,4,0.45975029036004644,49.587804878048786,0.09424294067567789,287,14.289222996515678,1.814652847541834,31.73230437120866,4.31217595913662
206,1,5,0.4770681126331811,50.92356164383562,0.08121525525256165,292,14.360140410958904,1.7612114419068516,30.55419943159266,3.87496518707845
206,1,6,0.49618028948488724,53.00574712643678,0.08746462249860659,261,14.38248275862069,1.6222437348556822,29.539797989664038,4.192203543596632
206,1,7,0.5258359914938863,55.01645933014354,0.10010346021460148,209,14.601502392344498,1.7686736097241442,28.384971093683212,4.323904764211619
206,1,8,0.5317632850241546,52.84596273291926,0.1021532180521026,161,14.328590062111802,1.5954984976177888,27.589166435075448,4.23520234411099
206,1,9,0.5183225806451613,51.304645161290324,0.11735441519646571,155,14.496187096774195,1.9480431432963992,28.5736243402171,3.883624750702038
206,1,10,0.5102893518518519,50.33553571428572,0.09663239174370225,168,14.382666666666667,1.542226583330523,28.758241617828524,3.772850182259555
206,1,11,0.4941666666666667,47.75666666666667,0.09092319878041884,156,14.025993589743589,1.5580913613396443,28.947883885988496,3.9705979133961313
206,1,12,0.5244920634920635,51.17948571428571,0.10557556957438895,175,14.552942857142856,1.7279513739509327,28.37876351706813,3.9961556275224357
206,1,13,0.588626045400239,52.642688172043016,0.5617749393887002,186,15.07555376344086,4.338687430089059,27.307542844311477,3.6314833134466067
206,1,14,0.596422514619883,54.250473684210526,0.11213149598561069,190,14.733489473684209,1.5788620231826465,25.299209796160017,3.9556541043141427
206,1,15,0.6261214539007092,57.87659574468085,0.1538420698637397,188,15.002202127659576,2.9255506399926188,24.6557056845257,4.252738492466004
206,1,16,0.6169535221496005,56.4416339869281,0.12903800821488284,153,14.739202614379085,1.6056151893616695,24.56076018483034,4.009554645581228
206,1,17,0.5965452674897119,56.014148148148145,0.13010608387690015,135,14.585155555555556,1.9324565561206106,25.08180280558577,3.914613841149829
206,1,18,0.5662081128747796,53.35484126984127,0.11773838606172646,126,15.003674603174604,1.7481275231715336,27.12462046502311,3.8140368484123868
206,1,19,0.5062823439878235,50.76561643835616,0.07489295101164897,73,14.399780821917808,1.644505001905972,28.73082120218932,3.142298892799373
206,1,20,0.5170659722222223,50.855,0.10303258788129835,48,14.773916666666667,1.8468752544971083,29.15357789099009,3.867217286588348
206,1,21,0.5275877192982455,47.88263157894737,0.08451041387560321,19,14.135894736842104,1.6650433392670076,27.26930281363456,4.2217812651158475
206,1,22,0.5470138888888889,60.085,0.20566355708776354,4,14.78975,2.839665517274878,28.476749943691093,5.588292141459509
206,1,23,0.49287037037037035,45.45166666666666,0.11117576822459654,6,13.852500000000001,1.8005945407003767,28.710853326237086,4.032610905419396
207,1,10,0.7968055555555555,72.535,0.11647620034545074,2,22.009999999999998,1.583919189857864,27.77425353607571,2.072174720599465
207,1,15,1.594861111111111,117.305,0.12433294235863457,2,21.65,0.3535533905932738,13.607558881655518,0.8391416871083828
208,1,1,0.754537037037037,89.85333333333334,0.12492291862067513,3,32.11666666666667,2.0522264332508073,43.11465914312771,5.353706347434137
208,1,2,0.6456565656565657,88.63636363636364,0.05692984538160948,11,30.143090909090912,1.0737978817771467,46.9508001118404,3.646309845818855
208,1,3,0.7380310457516339,93.34117647058824,0.16881709453947435,34,31.689323529411762,4.055419880518955,44.02154395120249,6.11817839772675
208,1,4,0.7295152505446624,89.45607843137255,0.15155160310846139,51,30.465254901960787,2.4501156776212603,42.87428608843688,6.2087796654235055
208,1,5,0.7749290780141844,92.97170212765958,0.1956169056921105,47,31.0576170212766,3.5469908836081925,41.38272802338804,6.40235190541169
208,1,6,0.8048835125448028,95.37870967741935,0.12556687867233993,31,30.526064516129033,1.490732100579754,38.71471349270896,5.562266088489493
208,1,7,0.8549485596707819,96.09703703703703,0.19088918609740121,27,30.55774074074074,1.9530514899784706,37.46089222602021,8.401458431251896
208,1,8,0.8670726495726496,102.71461538461539,0.17493655579025466,13,30.424923076923076,1.1917327344066755,36.203090069400034,6.261447951161652
208,1,9,0.917962962962963,94.46916666666668,0.28451228607530554,12,31.028833333333335,1.303983326255177,36.51278661928347,9.928602352062054
208,1,10,1.0518287037037037,102.1325,0.1929133972035471,12,31.228666666666665,1.9497056809744997,30.4683012032925,4.969269745650894
208,1,11,0.9578472222222223,102.295,0.0738507193948985,4,30.807499999999997,1.7145334642403447,32.21203918835747,1.0722555987733906
208,1,12,1.0487091503267973,105.59882352941177,0.13732171175405286,17,32.06329411764706,3.668940289182727,30.97144580146076,4.552758289724772
208,1,13,1.144047619047619,113.65214285714286,0.2545620952361663,14,32.469928571428575,3.2550966064899565,29.816358667589302,7.763337038702742
208,1,14,1.3698099415204679,118.52157894736841,0.29250370855503066,19,31.493894736842105,2.5850808260464473,23.939722098327305,5.066293967597434
208,1,15,1.4547666666666665,123.0492,0.40355136981074874,25,31.31092,2.153353681276411,22.80236082894278,5.164206983594356
208,1,16,1.3043055555555556,115.51055555555556,0.4089960858035372,18,31.404222222222227,3.991219238094537,25.36113082399407,5.173001101941478
208,1,17,1.2758730158730158,123.3009523809524,0.26810630328081914,21,30.737904761904762,1.4880817821867833,25.01961784490444,4.948958493181557
208,1,18,1.0065000000000002,90.315,0.2011330303176822,10,31.2271,1.6889324998024295,32.04805374866896,5.978936864453231
208,1,19,0.7800925925925926,123.10000000000001,0.04162250746377506,3,30.804333333333332,1.9543992256786558,39.58969521258947,3.684908178410875
208,1,20,0.9236666666666666,99.94800000000001,0.21551843577550875,10,31.3039,4.114541784937908,35.009293981281274,6.38636011626074
208,1,23,1.9258333333333333,233.2525,2.4765829933691434,4,85.85375,111.72231360050685,44.06448786675783,2.7048323421800715
209,1,0,0.6646527777777778,57.715,0.16131952914492123,4,16.6475,3.3473409845228894,25.387918905828954,3.09707260410238
209,1,1,0.6530555555555555,63.19555555555556,0.20806723747058778,9,20.43811111111111,5.108912957871872,32.27770949682318,6.552851526046426
209,1,2,0.5977371273712737,62.97195121951219,0.12572543450037124,41,19.037560975609754,4.019050709115156,32.23214675399714,4.931907475901195
209,1,3,0.607407786885246,69.92946721311476,0.12634249377164866,244,20.352077868852458,4.629890924561329,33.87162755664191,6.003960438806675
209,1,4,0.613398177357168,72.32036277602523,0.1284100175804437,634,20.40138643533123,4.708411053782334,33.68160592803816,6.309658358869561
209,1,5,0.544496728252502,68.59175519630485,0.12088372085197506,866,16.885848729792148,4.3783095884411125,31.24001959458228,5.237649835548407
209,1,6,0.5162116752514103,62.45635761589404,0.09731645667831383,906,15.259961368653421,3.2459242927905896,29.799008164038746,3.9616125861611073
209,1,7,0.529467780788919,63.05275067750677,0.10636476423580435,738,15.271773712737128,2.8980717379171312,29.21851468655061,3.9212069399845673
209,1,8,0.5325307158119659,62.7095673076923,0.09573876350216834,624,14.787613782051281,2.1194904184503534,28.22819307730966,3.971326832879488
209,1,9,0.5535551629367883,61.66964664310954,0.09093845687481565,566,14.569017667844523,1.3209107476385817,26.834967953282334,3.78892138694722
209,1,10,0.5579121376811593,62.36121376811594,0.11768243639237921,552,14.628460144927535,1.4467782877886568,26.83262212370117,3.7020177892279675
209,1,11,0.6036120996441281,64.07498220640569,0.14576731144371458,562,14.59258896797153,1.348482906760261,24.906211674010603,3.835855372597136
209,1,12,0.6262882764654418,64.44018897637795,0.1227669184279121,635,14.662692913385825,1.761048475660105,24.01137457411753,3.9466368475387625
209,1,13,0.6957501428163382,67.99970437017994,0.18958998847717104,778,14.741251928020565,1.8534763333194115,22.03129464567297,4.086513267814516
209,1,14,0.7899130532971997,72.60328252032521,0.1970044487529302,984,14.750013211382115,1.8580484814827742,19.50881158325065,4.077019661489651
209,1,15,0.9134493786549708,74.93189692982456,0.7986203926149608,912,14.840637061403509,2.1358320910221082,17.59961085159823,4.314933947368583
209,1,16,0.9532310956790124,77.09611111111111,0.2602313132599582,720,15.063952777777779,2.394462517148356,16.799690742091872,4.590361344436095
209,1,17,0.8897649572649573,76.2230966469428,0.23789093252288254,507,14.943183431952663,2.1459915137199763,17.783081763672033,4.600279052109779
209,1,18,0.7894424603174603,73.24878571428572,0.22041788238356108,420,14.92427619047619,2.2035658863898013,19.93751333620309,4.587553254518337
209,1,19,0.6981411111111111,66.07532,0.1986897507102089,250,14.728344,2.2603418872935603,22.17114391740823,4.862553585804746
209,1,20,0.6025822222222221,61.86296,0.14753258194029728,125,14.193904,0.8724512596054277,24.588642968351884,4.590052561743075
209,1,21,0.5791214470284237,61.18116279069768,0.1424755789669636,43,15.082441860465115,3.461116261598448,26.6447888490874,4.517820502997212
209,1,22,0.5714305555555556,66.7335,0.13208582068854158,20,14.94635,3.586428809818304,26.41552749951601,3.3556855010237667
209,1,23,0.8253125,75.1275,0.26770471890381126,8,19.258875,4.87532403135569,24.708957221999608,6.592546003786278
210,1,1,0.5460416666666666,61.894999999999996,0.0608873745249638,4,23.38425,0.8504102441371059,43.09760409320688,3.326218833497518
210,1,2,0.6283771929824562,71.40684210526315,0.10161670090219091,19,22.629263157894737,0.951161678166071,36.824278191769174,5.643914080482363
210,1,3,0.6061604938271604,71.18777777777777,0.0872342905038248,45,23.43662222222222,1.899141424300715,39.147513458613,4.257153757957488
210,1,4,0.6188936781609196,71.91310344827586,0.12317004112266265,58,23.32660344827586,1.8813176321318945,38.56772232087705,5.252772212319266
210,1,5,0.6210841049382716,72.02486111111111,0.1150500953060451,72,23.296888888888887,1.5606460702204459,38.37000282287476,5.299067689129124
210,1,6,0.5956722222222222,72.8198,0.07163787873879295,50,23.293139999999998,1.2305308628757725,39.48955128008836,3.6308275729366173
210,1,7,0.6140333333333333,72.4998,0.0886027537482967,50,22.92326,0.876195947938401,37.983162078370334,4.844456120462188
210,1,8,0.7114484126984127,72.9125,0.13560376927826068,28,22.816857142857142,0.9596280033231136,33.188214043927225,6.306862968304831
210,1,9,0.6333333333333334,70.77821428571428,0.10097838143004809,28,23.22125,0.9784388027570964,37.410420892166535,5.08453622849673
210,1,10,0.7580448717948719,76.05076923076923,0.1905381670195452,26,24.069653846153848,1.734189031041489,33.372003270447905,7.021210909366137
210,1,11,0.8495238095238095,82.33857142857143,0.24200889699574346,28,23.764535714285717,1.9260075666583967,29.86796715152278,7.338060767863659
210,1,12,0.8260521885521885,84.09424242424242,0.16195048584321142,33,23.75678787878788,1.180207046389947,29.84117756278349,5.998053545128762
210,1,13,0.8237114197530864,78.51305555555555,0.23364220064513305,36,23.31813888888889,1.1585859645712904,30.11561403352305,7.089589707044549
210,1,14,0.9221347736625515,80.96925925925926,0.3022506076743088,54,23.467722222222225,1.2160985780652511,27.279053480207427,6.387510546614277
210,1,15,0.908233024691358,87.19305555555555,0.23324077106582364,36,23.152833333333334,1.7678338076381979,26.93452367667043,6.487164098768262
210,1,16,1.0351565656565658,93.71763636363637,0.3232099801276329,55,23.86069090909091,2.025876133034127,24.931960520503363,6.889621511869704
210,1,17,0.908736559139785,82.62064516129031,0.2186934740454556,31,22.89409677419355,0.7666074334294235,26.524024079115147,6.082379027667535
210,1,18,0.7848958333333332,82.39375,0.16699994480643277,24,23.520583333333335,1.2446569954135493,31.12678744838858,6.028945980683863
210,1,19,0.702843137254902,73.81294117647059,0.12425043507154578,17,23.498823529411766,3.041466221974487,33.848634815977654,3.521526028443389
210,1,20,0.6944166666666667,76.208,0.17057462846265106,10,23.6053,2.487042288431068,34.79167746390981,3.9903566591293127
210,1,21,0.6047222222222223,68.20375,0.06730776401724964,8,23.30575,0.9065472566675317,38.90796617924494,4.059418284812517
210,1,22,0.7608333333333334,68.33,0.14377837884126468,2,22.511499999999998,0.6427600640985747,30.04459663973323,4.8328630892030375
211,1,0,0.7030000000000001,86.564,0.24544114283334018,10,20.8554,6.72879920276353,31.06955451454116,8.087469798879926
211,1,1,0.5500252525252525,59.66727272727273,0.2766956827305964,11,15.658545454545454,4.733803003160068,30.795549707170526,6.010798802398067
211,1,2,0.5266913580246914,59.665333333333336,0.14706467678414706,45,17.19357777777778,3.746960267936525,33.391379786822014,3.838752380229251
211,1,3,0.540937629078893,63.691895910780666,0.1378729959781424,269,17.680338289962826,3.198692242230568,33.54706391523319,4.376951514788964
211,1,4,0.5551992988133765,70.18920388349515,0.13274692508919775,1030,18.008470873786408,3.2352626295921585,33.19920955182325,4.414048545227777
211,1,5,0.4621312329645663,63.84632034632035,0.13921719306339628,1386,15.095683982683981,4.204323566912475,33.50670579046912,4.600248987904473
211,1,6,0.43222865531802585,59.402054631828975,0.09950501751080508,1684,13.901943586698337,2.0314122995743604,32.91537850592698,4.390228505126101
211,1,7,0.42008199344052477,58.50921526277898,0.09812220021427272,1389,13.83979409647228,1.9678246794622138,33.665906972488955,4.098282872454415
211,1,8,0.42363569967864445,57.98666082383874,0.09938751680448314,1141,13.673829973707274,1.564990318622287,33.130427863258106,4.471223747859375
211,1,9,0.4183650348196653,56.43154349859682,0.092440132262232,1069,13.4572450888681,1.280592031488233,32.928581759197385,4.213125990262808
211,1,10,0.4431859788359788,56.45393333333333,0.4284925018573614,1050,13.438014285714287,1.3033499525982124,32.15836268970144,4.850949727859266
211,1,11,0.4720808926080893,57.87861087866109,0.14765962020371257,1195,13.629028451882846,2.47831396715445,30.019898499405194,5.061578414732978
211,1,12,0.4998483322140139,58.58967763599731,0.1475030879164941,1489,13.512112155809268,2.064945988558854,28.26424838519671,5.289918880114142
211,1,13,0.5503493947021455,61.0546548004315,0.17429669152432947,1854,13.504086839266451,1.4337272106391747,25.927457302099384,5.356311404690667
211,1,14,0.6449630261660978,65.60915102389079,0.1917225154998722,2344,13.51818899317406,1.5114906040203635,22.214195888820697,5.011879556614324
211,1,15,0.785935475834579,72.23623766816144,0.24585265904290046,2230,13.660485201793723,1.7174617779534755,18.60231006698856,4.650207719424037
211,1,16,0.8699804873405673,74.37332381496287,0.27156342199850747,1751,13.621225585379783,1.555273413150749,16.88445960418768,4.612065997050197
211,1,17,0.8339521030877705,73.5910284463895,0.26668559752580406,1371,13.693980306345733,1.4402898031750844,17.854483961305995,5.140313878754069
211,1,18,0.715264708897089,68.97809040590406,0.23149207638632707,1084,13.612814575645755,1.3805012945708621,20.56266790458164,5.526936336863102
211,1,19,0.582714799820063,61.846126855600545,0.17792677452953273,741,13.52144669365722,1.9965934499164282,24.733102988277846,5.9682882135127935
211,1,20,0.5278952180028129,58.64886075949367,0.17300726254419524,395,13.432577215189875,1.6327073731947848,27.12441421772182,6.005508786346525
211,1,21,0.48346942580164054,57.22268456375839,0.1129134490002935,149,13.384422818791947,1.1752887867152009,28.758775290758024,5.136743761521656
211,1,22,0.47521198830409356,58.788157894736834,0.13751175267833846,38,13.935315789473686,2.5713592798810594,30.482915559343454,5.597050315433326
211,1,23,0.8737638888888888,83.225,0.5492622605127596,20,18.558699999999998,4.8404502737484645,24.928655715466196,7.540804795701388
212,1,2,0.6507407407407407,86.75666666666666,0.05733896756697045,3,27.459999999999997,0.4214261501141103,42.394944931225,3.363832774057381
212,1,3,0.6215873015873016,80.19142857142857,0.05881107063789406,14,27.98935714285714,1.2556299434726206,45.318512349204575,3.764960496653866
212,1,4,0.7288157894736842,89.23894736842105,0.19160342582784967,19,29.541631578947364,4.029771212288835,41.44922921585172,4.582683059910315
212,1,5,0.6625653594771241,83.45764705882353,0.07962141137545246,17,28.39341176470588,1.5281617657672704,43.34359660052022,4.92173154882724
212,1,6,0.7437222222222223,85.99133333333334,0.09623270819728669,15,27.866066666666665,1.3381068965769014,38.03405654099472,4.991836386063124
212,1,7,0.6735185185185185,75.04166666666667,0.13160074142660796,6,27.614500000000003,0.3954530313450637,42.117023597377504,7.003779454521154
212,1,8,1.1727777777777777,100.16,0.3350900468622917,2,28.515,0.6010407640085664,25.272447745088147,6.7084362308821
212,1,9,0.8736805555555556,86.41499999999999,0.1276330918247607,8,27.35425,0.8631036603858351,32.03515006893765,5.763066257877596
212,1,10,0.9375396825396826,88.50571428571428,0.24570384895906305,7,27.522,0.8177222429814817,31.004138753559886,7.876550629318411
212,1,11,1.031468253968254,100.88857142857144,0.19185348613223968,7,29.993142857142857,2.88996859432598,29.57529196220233,3.4169383565177136
212,1,12,0.9638055555555555,89.881,0.11610565067791301,10,28.768400000000003,3.189836296740007,30.275763393014223,5.125061060530909
212,1,13,0.9771666666666666,97.376,0.3044238765355606,5,28.4978,1.3549554236210135,31.010883349230056,7.497909548063788
212,1,14,1.1559027777777777,87.4025,0.29849445395720475,4,29.805,5.700681245839543,26.10253404614917,1.973961393247889
212,1,15,1.0531944444444445,103.8575,0.18486864149728993,4,27.4345,0.3711796510227003,26.66840337912064,4.740451854893233
212,1,16,1.1735185185185186,110.37166666666667,0.2534204081998549,6,28.029666666666667,1.2974593121430311,24.816346451386035,5.242328569276488
212,1,17,1.058888888888889,102.8675,0.21444575286145034,12,28.999416666666665,2.428274975380796,28.455296931913164,6.356983483637001
212,1,18,1.195895061728395,94.86666666666666,0.19620029535780792,9,29.371444444444446,1.8409851378481514,24.968811474021788,2.9691444018754276
212,1,19,0.9369444444444444,88.61,0.09860211226545737,2,27.27,0.07071067811865576,29.271308933397254,3.155921981563876
212,1,22,0.7530555555555556,79.32,0.18856180831641267,2,28.8615,1.666650683256692,39.85227156554861,12.192018248109132
213,1,1,0.7552777777777777,80.48333333333333,0.113028934894817,3,29.076666666666668,1.1715943552840011,38.91860923083414,4.216561493831424
213,1,2,0.6735277777777778,83.463,0.09945987965596827,10,28.8644,1.0262843660506573,43.61150582461366,5.944752068280872
213,1,3,0.6854487179487179,84.94461538461539,0.1019686794361137,26,28.474923076923076,1.1383862234962936,42.25511114043685,5.326823687268446
213,1,4,0.7198123123123122,83.00918918918919,0.20896078408450505,37,28.951324324324325,1.1139485838437273,41.98552300422142,6.863021013377608
213,1,5,0.759527027027027,87.99243243243242,0.1688092458725161,37,29.66554054054054,2.985439867037971,40.30603096481517,6.644312403336859
213,1,6,0.7692777777777777,90.3404,0.11363966067981665,25,29.30736,1.6411557888675086,38.68474127533933,4.689656317355701
213,1,7,0.8077777777777778,89.67363636363636,0.15783078139436416,11,28.758363636363637,0.7659748393684063,36.75709843683715,6.680365676469585
213,1,8,0.8243253968253967,90.94000000000001,0.12708526684856353,7,29.531,0.9705120641530772,36.62440614487501,6.1179822381954665
213,1,9,0.8545833333333335,89.444,0.2308966036954194,10,28.831200000000003,2.081440996574781,35.5670362022077,7.836953021442059
213,1,10,0.9534074074074074,90.80066666666667,0.16277389976780743,15,29.6526,2.6999131943717845,32.09353239756049,6.884105676367063
213,1,11,0.9308564814814816,91.44,0.17247478460174803,12,28.738416666666666,0.8803000994839861,31.864308577840088,5.9683692493705145
213,1,12,1.0487301587301587,103.15428571428572,0.18982490914918454,14,30.195642857142854,2.6632521648177803,29.762348268176044,6.58454291023438
213,1,13,1.0744444444444445,93.542,0.20047741189664242,15,29.525533333333332,2.053345071085807,28.39395280814056,5.621003625353907
213,1,14,1.39679012345679,117.53888888888888,0.8335373027127925,9,31.805666666666664,4.8857406296282235,25.93127671298113,6.7256451959849475
213,1,15,1.2371527777777778,113.8425,0.32467431449658474,16,30.313,1.4969391437196102,25.796128471533287,5.792257579693159
213,1,16,1.3328431372549019,112.31411764705882,0.29862392623360257,17,28.789,1.04984629827418,22.576122647472566,4.800115200164034
213,1,17,1.0545039682539683,103.58714285714287,0.2193702995635918,14,29.87364285714286,2.6218339619769635,29.188044690495662,4.891298759786958
213,1,18,1.0354084967320263,100.60705882352941,0.2766110936357532,17,30.396294117647056,5.4073626053361945,30.147902038758062,4.5112946675444645
213,1,19,0.9005833333333333,90.869,0.09115621531113009,10,29.3608,2.9977564499694336,32.95541536012477,5.085888556828816
213,1,20,0.9504444444444445,88.22200000000001,0.17814042872318173,5,28.547000000000004,0.8048335231586715,30.972639074101544,6.268945215416023
213,1,21,0.9325,89.28333333333335,0.2435634376259051,3,29.02333333333333,0.8800757543151223,32.289630395973234,6.753702356432788
214,1,1,0.6568518518518518,53.21,0.300472921138409,3,17.798666666666666,4.396503876187684,28.73944411196321,5.407288633299355
214,1,2,0.45977182539682543,54.720000000000006,0.08496987192905003,28,14.830250000000001,1.0279577605171373,33.19517263917809,5.812967978479614
214,1,3,0.44661498708010333,52.63697674418605,0.07642053296152407,129,14.87846511627907,1.3641650035742536,33.88069016151127,4.2912125259888025
214,1,4,0.4570652777777778,52.67725,0.07638999581706497,200,15.059415,1.3091904985841114,33.58279408638136,4.737295875484462
214,1,5,0.4765264026402641,54.89752475247524,0.08655574168577146,202,15.283653465346534,1.7140993395900248,32.67186658545714,4.397034068592247
214,1,6,0.4717328811369509,54.47244186046512,0.06742992665589177,172,15.397505813953488,1.0077075744091413,33.17712992814095,4.2974181812793955
214,1,7,0.5212327656123277,57.65496350364964,0.118346828592534,137,15.76362773722628,2.1425138238530583,31.0664310786617,4.907677440278658
214,1,8,0.5003121693121694,55.45390476190476,0.07629659046342323,105,15.107752380952382,0.9344964273396786,30.774350125605356,4.352328736097126
214,1,9,0.5031896551724138,52.352528735632184,0.07972439271357896,87,15.256034482758622,1.079956410062148,30.968040192938364,4.701097020779388
214,1,10,0.5061176470588236,52.35164705882353,0.08818480425243862,85,15.08384705882353,0.9733800523590631,30.563253942938438,4.9374540075543285
214,1,11,0.5560382955771305,57.13825242718446,0.14147671896301767,103,15.717291262135923,3.7093064401955034,28.979046140026014,5.134591115822802
214,1,12,0.5446201814058957,54.74051020408163,0.0997241915888708,98,15.603224489795918,1.481848048824993,29.471573410971256,5.166501822303523
214,1,13,0.5516144114411441,56.10445544554456,0.10577231189828244,101,15.325653465346535,1.185047133540633,28.61865807178522,5.038842885018431
214,1,14,0.6291666666666667,58.33413043478261,0.12284274849534066,138,15.481282608695652,1.1941365080430801,25.40959536042162,4.598454972937675
214,1,15,0.6629311111111111,60.430800000000005,0.14554964067026527,125,15.243352000000002,1.2621384008256422,23.958336721933573,4.976408786356025
214,1,16,0.6816591591591592,60.85261261261262,0.13028582419778442,111,15.30300900900901,0.9540197491332567,23.219050437348766,4.430910361484699
214,1,17,0.6427806122448979,58.740102040816325,0.12094841194206597,98,15.29504081632653,1.565256020811926,24.49465119686543,4.575583292598216
214,1,18,0.5713412698412699,54.913714285714285,0.09409197004408554,70,15.367357142857141,1.4115568241136676,27.48413881541292,4.247713164548192
214,1,19,0.5405654761904761,52.22071428571429,0.0900747595144572,56,15.048660714285715,0.9128265448452001,28.52006148429009,4.543791028257497
214,1,20,0.5685030864197531,50.17388888888889,0.19319933139881523,18,15.717166666666666,3.4357072608639023,28.661530655707775,4.760721455069684
214,1,21,0.5223015873015873,54.63285714285714,0.07900059160808107,7,15.345428571428572,0.8177283283876244,29.982804282798604,4.950164811984957
214,1,22,0.6038888888888889,49.870000000000005,0.05511071908462714,4,15.408,0.9802666303953566,25.75754364869266,3.607611456256304
215,1,1,0.8534722222222222,109.345,0.06108616915250449,2,27.592,0.18667619023324683,32.40428586175388,2.1005692399877134
215,1,2,0.8484722222222222,93.72833333333334,0.19032710228498081,6,30.5495,4.425790223225678,36.69379073348008,4.5192026579939455
215,1,3,0.8968686868686869,84.83545454545454,0.10842461189530016,11,34.81790909090909,3.305917496083211,39.43100168913622,6.627139082001577
215,1,4,0.9042777777777777,93.725,0.14757558338719629,10,32.9885,3.776868110249844,37.2152716837776,6.465552724394405
215,1,5,0.9640656565656566,95.36363636363636,0.23854675994003782,11,34.544636363636364,3.572345259706215,37.72347306188539,9.21917507299664
215,1,6,0.9199074074074075,90.50333333333333,0.11322923232760146,3,30.377333333333336,4.60697963239836,33.73658114389589,9.22694539509205
215,1,7,1.130079365079365,112.92428571428572,0.3511315378158339,7,31.97214285714286,4.437851260410133,30.127615493705076,7.927457233716862
215,1,8,1.1478703703703703,112.66333333333334,0.17247837879648395,3,36.321,2.621757616561837,32.26556108189951,6.4427263905705665
215,1,9,1.2343888888888888,112.824,0.25211431551266533,5,35.5604,8.12107476261609,29.649241514917787,7.697341920800464
215,1,10,1.1739583333333332,105.535,0.20988954264843382,4,31.2815,0.8024601755435194,27.242966093859735,4.49731697939429
215,1,11,1.2602777777777778,100.75333333333333,0.24676987330379366,3,31.452333333333332,4.8829309162974415,26.206495719382428,9.785826258825612
215,1,12,1.1157638888888888,104.545,0.20594012761613859,4,34.305,3.58955428988057,31.755651290818378,7.691779692902077
215,1,13,1.170648148148148,102.82666666666667,0.23763646718250014,3,33.83433333333333,4.486559520761242,30.124633593243598,9.087129752817548
215,1,14,1.418611111111111,125.00999999999999,0.23334523779156074,2,29.865000000000002,2.6940768363207437,21.499318676836566,5.435485740192945
215,1,15,1.6533333333333333,133.64666666666665,0.4321846866734889,9,33.82388888888889,3.2602317572698882,22.283867765190863,8.26205884787033
215,1,16,1.7531837606837608,145.08307692307693,0.40691978839768533,13,32.30976923076923,5.370962718697739,19.16601563701369,4.573090290603506
215,1,17,1.7247777777777777,163.178,0.467393465117526,5,40.019999999999996,13.793296270290144,23.094670986768698,3.6702281821871026
215,1,18,1.309398148148148,124.04333333333334,0.14772047935400198,6,33.31883333333334,3.8263878745713495,25.687672138710994,4.120431123488728
215,1,19,1.0652380952380953,119.48285714285714,0.12849190825864593,7,32.35842857142857,4.229608880938554,30.7033615421268,4.941122061009265
216,1,1,0.8066269841269841,99.14714285714285,0.15801921639890115,7,34.23871428571429,1.9300073155548476,43.34406948765179,5.7480786468098435
216,1,2,0.8010416666666667,92.27125000000001,0.0925074178349896,8,32.93425,2.6364436408595147,41.32774403018243,3.088022721943236
216,1,3,0.7923655913978495,94.87516129032258,0.0944091674576141,31,31.96732258064516,2.3997374215678526,40.81045438290217,5.1443543580191085
216,1,4,0.8162384259259259,99.00583333333333,0.14265316100391684,48,33.006395833333336,2.7457167396602222,41.215631033453946,5.681226817716559
216,1,5,0.8576010101010101,101.11272727272728,0.21965292946851883,33,31.872969696969697,2.5440103120473063,38.803723726363465,7.656096279111607
216,1,6,0.8505797101449275,99.65391304347825,0.13099153276892067,23,33.03178260869565,2.3789920126068997,39.7901943355326,6.6251328925979145
216,1,7,1.0063222222222223,115.54899999999999,0.20516159741326348,50,33.15314,1.7335749662686841,34.3067666537307,7.18551692800559
216,1,8,1.0470717592592593,104.80083333333333,0.27101654250649665,24,32.453125,2.815878893030983,33.06222456069426,8.603565691645231
216,1,9,0.9686111111111111,109.4575,0.21562469231632062,36,33.87675,2.738599687796666,36.51377385052899,7.542554875267976
216,1,10,1.0667592592592592,111.53740740740741,0.2853265839291463,27,33.60444444444445,3.692154336024655,33.27097275730675,7.952439552177281
216,1,11,1.0593813131313132,110.07772727272727,0.2271257120815696,44,33.03511363636364,2.2812427785515177,32.62696657339972,7.224132669033643
216,1,12,1.1479791666666668,109.10825,0.28381513827502386,40,33.525999999999996,2.0475327116137128,30.774232846097497,6.967590346872269
216,1,13,1.2354166666666666,109.16624999999999,0.4277408825248013,40,34.76795,8.269151712764614,29.892430836262115,7.354978508333161
216,1,14,1.3563333333333332,115.7428,0.3844576824818845,25,33.66788,2.329171711145401,26.842256652680984,7.7984909852639035
216,1,15,1.4825000000000002,124.25645161290322,0.4921968996914177,31,32.941709677419354,3.1113481343146456,24.76203549122943,8.36868096980269
216,1,16,1.3414714714714715,125.29405405405406,0.45780742304480837,37,33.45945945945946,2.07745113052021,27.321872146622468,7.659551283318202
216,1,17,1.1756699346405228,119.87,0.25268693153137006,17,33.23882352941177,1.7307242427411036,29.33993520002251,5.59737042213991
216,1,18,1.077537037037037,112.212,0.2241707447030438,15,33.483266666666665,2.6006546007459264,32.28385397712933,6.661025137334209
216,1,19,0.9954259259259259,114.98066666666666,0.32547147098394996,15,33.244,3.254898067308934,35.521111000606055,7.816218616938755
216,1,20,0.7734444444444445,128.43,0.03487720965166829,5,32.854200000000006,0.9163510244442358,42.543661613422856,2.216017515803118
216,1,21,0.8856818181818181,121.30727272727273,0.16703779806391916,11,32.86336363636364,2.227276016695158,38.47468063623266,8.379341022997647
216,1,22,0.7613888888888889,70.41999999999999,0.0467476149784439,2,33.56,0.2545584412271567,44.150296842745355,2.376397479876483
216,1,23,0.7442592592592593,162.77,0.09720648020702471,3,33.455333333333336,0.7621583387547066,45.377464803534316,4.896252193455344
217,1,0,0.575,69.17500000000001,0.06874649261535874,2,20.508499999999998,6.040813231676679,36.55626093752755,14.876396442197466
217,1,2,0.6305555555555555,64.05499999999999,0.08446454439147387,10,21.9834,4.5627382421816245,34.95387459146728,6.744708762052896
217,1,3,0.6695347222222222,67.96950000000001,0.12372207458282787,40,22.1511,4.247357699280933,33.57382267905244,6.487632270628296
217,1,4,0.6706722222222222,68.3528,0.13716259468584133,50,22.17424,4.598172256939685,33.59336960421721,6.703079726556646
217,1,5,0.6405105105105104,68.21891891891892,0.080922443392562,37,20.192,4.522540970884988,31.78119844721956,7.183225020056092
217,1,6,0.6718571428571428,66.58371428571428,0.14695387696335063,35,18.707685714285713,5.184927781965887,28.13993949642234,5.4869162925248895
217,1,7,0.7377532679738562,72.00382352941176,0.1642370519672805,34,17.456029411764707,2.2127038647428914,24.440810624883046,4.426017757132058
217,1,8,0.7513796296296297,69.75133333333333,0.16713585751301216,30,18.020766666666667,3.3814801460545234,24.872548220295936,6.288635115993657
217,1,9,0.7761379928315412,66.56548387096775,0.12312852854375947,31,17.09725806451613,1.8037406126850566,22.447409526117784,3.4090407777263385
217,1,10,0.8071358024691359,68.294,0.1317333614887221,45,16.73757777777778,0.9080111004750213,21.241210693716816,3.3722808716978805
217,1,11,0.9144636015325671,80.55586206896551,0.20891396510023588,29,18.309413793103445,3.047799422970629,20.733773937209634,4.332938086356766
217,1,12,0.8620734126984128,74.15821428571428,0.08336043736667464,28,16.89910714285714,1.321808646970638,19.709797954360116,1.713596070363673
217,1,13,0.9765719696969697,75.53477272727274,0.17206200290102405,44,17.40756818181818,1.9374311018234678,18.26150365270794,3.233506967228958
217,1,14,1.1272169811320754,79.98377358490566,0.22401853769451113,53,17.820716981132076,2.907228778125303,16.471165494743747,4.620026051519436
217,1,15,1.3000793650793652,86.75857142857143,0.35088788311253877,35,18.021742857142858,2.7172981211106744,14.689902944496179,4.156840070699623
217,1,16,1.1536917562724014,83.52,0.2318891283955487,31,18.474451612903223,3.6149482323514173,16.88293182848126,5.705244028878038
217,1,17,1.367027027027027,98.42378378378378,0.5449781722862428,37,21.449432432432435,18.224530698942477,15.5111620576016,5.275176809198743
217,1,18,1.0724404761904762,77.04178571428572,0.2820001957604104,28,17.581785714285715,2.4896179739238415,17.24677854041706,4.0721525320898815
217,1,19,0.8811358024691358,69.32688888888889,0.18918174733178325,45,17.891622222222225,3.280153539150879,20.864439114166586,4.359266470458416
217,1,20,0.8298263888888888,68.71666666666667,0.1981058116022337,24,16.994041666666664,1.808671563406514,21.23453949619937,4.11005545083751
217,1,21,0.7940104166666666,65.43875,0.09043817481852548,16,17.5041875,2.580812125894999,22.31562462359058,4.146510078498806
217,1,22,0.7783333333333333,72.78833333333334,0.07496007167605305,6,19.81266666666667,4.813851624911871,25.308432203437594,4.734553078455309
217,1,23,0.8074074074074074,103.56333333333333,0.08769261574367068,3,23.036666666666665,5.868818734066789,28.94660821636276,8.96884587765776
218,1,2,0.79,98.22,0.09366199573169708,5,34.944399999999995,1.1089149200908048,44.62730869301295,4.207408711240771
218,1,3,0.7746111111111111,87.598,0.08291901634489483,5,31.485000000000003,2.8018490323356104,40.88354719336646,4.497524964884949
218,1,4,0.8324691358024691,98.55388888888889,0.13674750813524558,18,34.974444444444444,3.525340087427898,42.85361184331415,6.74196857643354
218,1,5,0.8778472222222222,108.03375,0.19967509709613954,8,38.314875,11.645974907819934,43.471749241950334,5.473064891038197
218,1,6,1.0221212121212122,117.84636363636363,0.19679257868011452,11,35.72718181818182,0.6975716190014949,36.19527066599505,7.169906938490405
218,1,7,0.9793333333333333,112.296,0.29851475189471866,5,35.6828,1.3976584704426205,38.74683545903837,9.629396638561879
218,1,8,1.1836111111111112,114.42750000000001,0.3471248752428233,4,32.64075,3.437988886447035,29.72868329680743,9.870427745566479
218,1,9,1.1148809523809524,103.98428571428572,0.14124800675446902,7,33.202,2.8960902380047924,30.318680739256433,5.408214617088417
218,1,10,1.0448958333333334,115.10375,0.21710516969153482,8,33.471625,3.6620430651091858,33.69611973603617,9.691483527728922
218,1,11,1.2422685185185185,139.745,0.44314777572688685,6,37.602,5.990826987987551,31.74603226311136,5.88796573660268
218,1,12,1.282037037037037,115.65499999999999,0.25149256098432154,6,33.73016666666667,2.661737058138288,27.30256443219116,6.295872408301915
218,1,13,1.2596527777777777,112.865,0.36857008808698993,8,32.846875,3.0467558126871372,27.729992482243183,6.720428509870194
218,1,14,1.2541666666666667,120.10249999999999,0.20666778673531605,4,35.2555,1.029045350474573,28.640535569871993,4.400169986429073
218,1,16,1.6607936507936507,127.12285714285714,0.42638838908679333,7,34.156142857142854,3.0202423980298563,22.019162292924815,6.729696955592619
218,1,17,1.3544444444444443,112.38,0.10724452847995974,2,35.66,0.424264068711927,26.423368582565846,2.4054333026097177
218,1,18,1.383125,120.96000000000001,0.22125244122249488,4,37.15,4.665818970627415,27.357176100679286,5.093873006097372
218,1,19,1.3938888888888887,102.64500000000001,0.35708892449920665,2,34.5045,1.6058395000746502,25.746554763001775,7.747855037831322
218,1,20,1.0189814814814815,119.59666666666665,0.13028261461446766,3,38.415333333333336,6.406771834031031,38.49751194415388,10.367791203700857
219,1,0,0.7408333333333332,118.13499999999999,0.07385337492392834,2,34.215,0.3606244584051353,46.39072927123742,4.137890839313404
219,1,1,0.8153703703703704,95.75,0.10723673380977856,3,35.49666666666667,0.7471501410916919,43.98250603295432,5.198053921617319
219,1,2,0.8352777777777778,104.19500000000001,0.07781943328970509,8,35.459,0.6362495018241106,42.77220258615171,4.049002723778533
219,1,3,0.9097530864197532,113.83333333333333,0.24053777056257794,9,37.03955555555555,6.493000233157073,41.39460166451275,4.130138871758827
219,1,4,0.8312326388888889,102.30687499999999,0.14349943608204244,16,35.1496875,1.4041531121996618,43.2258731205787,6.177168165301731
219,1,5,0.8673842592592593,110.06083333333333,0.14182485020612406,12,34.79541666666666,1.7247081681117868,40.9430134610899,5.95227660704959
219,1,6,1.01475,116.13199999999999,0.26123494732200736,10,35.2221,2.195842457919054,36.57387247778071,8.38804199474521
219,1,7,1.0225694444444444,121.71583333333332,0.25726081055860506,12,36.41133333333334,2.713374093208853,37.269096165375046,7.746078585997403
219,1,8,1.0576041666666667,115.44125,0.33183728899614756,16,34.9603125,2.6015125528238365,35.45292696102813,8.576656242467394
219,1,9,1.056851851851852,113.29666666666667,0.14741784696887372,9,36.00300000000001,3.5183160744879083,34.65070257302833,5.497332978783097
219,1,10,1.1981746031746032,113.84714285714286,0.3479837241838172,14,37.88842857142857,6.16025104026783,32.77640307023773,5.802670742076016
219,1,11,1.2766269841269842,105.50857142857141,0.2786837119650363,14,34.56785714285714,3.2253988389545984,28.253969585191435,6.269316898297096
219,1,12,1.218076923076923,119.34307692307692,0.2628294880396019,13,34.79507692307693,1.9203669554514167,30.003219634719663,7.346481160973328
219,1,13,1.1485493827160493,110.96444444444445,0.2988059370180863,9,35.68022222222223,0.8332524794109197,32.69250466975987,7.230997576732042
219,1,14,1.3269791666666666,136.98250000000002,0.45112145771376067,8,33.736125,2.5569231754200215,28.39204328184756,10.48017485529091
219,1,15,1.3271230158730158,121.80857142857143,0.33751632170344853,14,35.24814285714286,1.842089067300528,28.090910288947423,6.8207962332003165
219,1,16,1.4877272727272726,142.03636363636363,0.5107934220736109,11,35.522999999999996,1.7867532006407592,26.062596506524528,7.207007320996546
219,1,17,1.3921464646464647,122.4709090909091,0.2830009513057423,11,34.87627272727273,2.5228864457564892,26.155723785541817,6.031917905858651
219,1,18,1.3172685185185184,125.125,0.2119147289979041,6,33.655833333333334,2.728359244430005,26.41286181000797,6.480871438316209
219,1,19,1.2395833333333335,116.0875,0.362408956922443,4,34.5565,2.6389863584338595,29.823179588167044,8.970961278899397
220,1,1,0.7438888888888889,75.53,0.11549410759380276,2,27.075,0.1484924240491756,36.824897025481675,5.517714078608305
220,1,2,0.6808611111111111,86.9225,0.15922642091973424,20,27.338099999999997,1.0003477763679036,41.687336732556595,7.300307987974907
220,1,3,0.6521686746987952,81.39072289156627,0.12052374801933961,83,27.862337349397592,2.2779200090728278,43.40434663999459,4.763972343227379
220,1,4,0.6531339031339031,84.49115384615385,0.08909624556951673,156,27.972294871794873,1.7909540914414723,43.41713140547347,5.051083300978751
220,1,5,0.6669751461988304,84.4121052631579,0.11607472215103148,190,27.577894736842108,2.0985669535905473,42.13514881448372,5.311028787169174
220,1,6,0.6714249249249249,87.36648648648648,0.12159928346044305,185,27.563983783783787,1.7971641503856166,41.88422282153382,5.396746071256701
220,1,7,0.7027649572649572,86.85861538461539,0.11636925228647697,130,27.52023076923077,1.3352808173045174,39.95314164482134,5.2480543152607835
220,1,8,0.6865116279069767,85.75627906976744,0.10592163561578692,86,27.881604651162792,1.4436501146833227,41.3198424750534,4.964895899968373
220,1,9,0.7257581699346405,84.94517647058824,0.22896681757367157,85,28.130188235294117,4.017011829155378,40.137263179104714,5.5722620150530275
220,1,10,0.6849086757990868,86.24602739726028,0.11909345911337481,73,27.49267123287671,0.9592480859563698,41.04189856867544,5.427215156078929
220,1,11,0.7337562189054727,84.38955223880598,0.1476223467916717,67,27.615044776119404,1.3104900012664225,38.66577853605661,5.633195843517583
220,1,12,0.7299263038548753,86.58275510204082,0.16637308311672575,98,27.705530612244896,1.6720668930785987,39.101871644082095,5.860148758650703
220,1,13,0.7963747645951036,87.80652542372881,0.1535805373039131,118,27.682016949152544,1.3164625936174688,35.88828350431292,6.189324772108224
220,1,14,0.8345728114478115,92.03674242424243,0.19644951426393656,132,27.719022727272726,1.4069345187099302,34.67318068052225,6.6040120401613045
220,1,15,0.9140486111111111,94.70100000000001,0.26504568472102397,120,27.647308333333335,1.5247330048452494,32.14979972991525,7.170379095572589
220,1,16,0.9791749174917491,97.20584158415842,0.24294247037668126,101,28.259148514851486,1.9886259899042789,30.313618190390386,6.34689147258553
220,1,17,0.8789599483204135,89.16372093023256,0.21903725432828078,86,28.00551162790698,1.6008021940792938,33.336450982509966,6.328889708476788
220,1,18,0.7710699588477365,87.09753086419752,0.16336351827511425,81,27.762790123456792,2.0790462519870103,37.0460053543221,5.5485561656836975
220,1,19,0.7264344262295082,83.37491803278688,0.12781562624164106,61,27.67583606557377,1.9119137984432224,38.90079215370376,5.253773063356789
220,1,20,0.7188469601677149,84.3377358490566,0.11395514015571391,53,27.669301886792454,1.2014719911730338,39.226668519261395,5.013365127110914
220,1,21,0.7218576388888889,81.984375,0.1810682100617302,16,26.9843125,0.8879273783179946,39.18406883964638,7.860082842800415
220,1,22,0.6660416666666666,80.1225,0.049853372968098136,4,26.94825,0.6833878230307203,40.626386547215716,3.103795931144844
221,1,0,0.48,57.093333333333334,0.14994546333687003,3,16.433333333333334,3.68000452898272,34.878570024253655,4.461888653519281
221,1,1,0.4700462962962963,54.373333333333335,0.09678486281842782,12,14.569916666666666,1.1146039213618217,31.815815896050548,4.906695124761219
221,1,2,0.45707561728395063,48.83361111111111,0.10360062047642446,36,15.565638888888891,2.24146419177641,35.06590049302562,5.806852699073405
221,1,3,0.4155522288755822,48.64203592814371,0.0645482317272974,167,14.45662874251497,0.8651399948766421,35.420462355479444,4.735255370472204
221,1,4,0.4287374772313297,49.96950819672131,0.06965946707358159,244,14.653631147540983,1.0935741130596648,34.830932422584425,4.722562012655626
221,1,5,0.4415985525755641,51.41429118773946,0.06885135692361911,261,14.81745593869732,0.8995912207204385,34.256379571521904,4.9366644615988005
221,1,6,0.44415857605177994,52.085,0.06981819700341313,206,14.890354368932039,0.9608887581387371,34.193816493352465,4.742880568249489
221,1,7,0.4663966480446927,53.60502793296089,0.0961992391731796,179,15.07763687150838,0.9093077481689273,33.36672341392559,5.4350285934091325
221,1,8,0.48981987847222225,52.925078125,0.10865291260173994,128,15.1352890625,1.6999710657674025,31.896261228131124,5.51340815884125
221,1,9,0.5056849024597116,52.73213740458015,0.2472237282622664,131,15.228106870229007,2.8675125276418942,31.7058002129479,5.523459712067535
221,1,10,0.5065462962962963,51.04858333333333,0.10625341046706219,120,15.119566666666666,1.2197395557058488,30.889937597306908,5.472485194975613
221,1,11,0.5323876166242578,53.40946564885496,0.12370750480774116,131,15.213984732824427,1.280856870552695,29.750743075423557,5.654119884024604
221,1,12,0.5319420289855072,52.78782608695653,0.1311128791946615,115,15.388304347826086,1.3752107728336678,30.27582086029823,6.07647761360746
221,1,13,0.5391838741396263,54.615663716814154,0.11494933898674752,113,15.246115044247787,0.9834761939908098,29.386302059302455,5.667456123354071
221,1,14,0.5863797514619883,56.159473684210525,0.1548053641787546,152,15.247828947368422,1.2303441707482705,27.40729245274225,6.006568838572322
221,1,15,0.6253146258503401,57.86581632653061,0.14203663613240933,98,15.017336734693878,0.7534865207733754,25.14033734483142,5.3333095607253505
221,1,16,0.6047604485219163,57.945137614678906,0.14885683824791818,109,15.431908256880734,1.72730140918484,26.832234159207776,6.033390924098525
221,1,17,0.6158930425752855,56.532429906542056,0.15846969020900853,107,15.05381308411215,1.4409943443962252,25.703888289392697,5.7008546971173795
221,1,18,0.517942942942943,52.43851351351351,0.09078688457800178,74,14.947486486486486,0.7670523949035107,29.714522993751896,5.203055589754952
221,1,19,0.5372364672364672,49.958461538461535,0.1314941678022587,39,14.915846153846152,1.1505697338929992,29.007457322592536,5.81451837676299
221,1,20,0.46685823754789274,50.0848275862069,0.07020284697639112,29,14.810827586206896,0.7899893791765951,32.30511497363469,4.268174964236386
221,1,21,0.4478030303030303,55.02090909090909,0.05192014502131896,11,14.80909090909091,0.585225675196407,33.452706678927306,3.838384415194918
221,1,22,0.46111111111111114,49.49,0.059020206486105696,4,14.682,1.0394626817094819,32.34073974371745,5.773040636597889
221,1,23,0.43930555555555556,46.88,0.057943472347231004,2,14.88,1.4142135623730951,33.954693621727316,1.2593496293406208
222,1,2,0.7501388888888889,93.65,0.032409060804383466,2,28.835,1.025304832720492,38.44590355006537,0.2941999093526823
222,1,3,0.7990972222222222,98.8025,0.13759982814582775,4,29.51725,1.3718856548561191,37.57658134713088,5.19820482139756
222,1,4,0.7318827160493827,84.45555555555556,0.06489452770189161,9,30.578555555555553,2.541405079434954,41.87462420166796,2.585064400471911
222,1,5,0.7382936507936508,93.26,0.17658675316483416,7,28.09742857142857,2.1896817772713653,39.81524803098079,8.63304093321497
222,1,6,0.8049652777777778,93.39750000000001,0.1539956822085895,8,29.300625,1.5024846980442577,37.657134626591684,7.518875591933089
222,1,7,0.8893055555555556,107.82499999999999,0.1219759197546794,2,29.47,0.6505382386916236,33.40223941396952,3.849892328126167
222,1,8,0.7894907407407407,95.61500000000001,0.12960926758067248,6,28.5955,3.4016386492395108,37.384120464783834,9.22514474192791
222,1,10,1.0208333333333335,90.365,0.11392275919116597,2,29.826,0.7127636354360406,29.43958723021415,3.983610751494911
222,1,12,0.9890277777777777,106.3825,0.32877895591392686,4,30.4705,0.8347512603564403,33.069963094722326,9.276276231438136
222,1,13,1.0379444444444446,108.926,0.07925399666675695,5,29.924,0.5980217387353081,28.949545451676904,2.0214394029979705
222,1,14,1.0068055555555555,81.12,0.2555405339788051,2,29.053,0.5416437943888941,29.746492620252717,7.012069783317271
222,1,15,1.2538888888888888,109.99333333333334,0.3544081965094577,3,31.159999999999997,1.3604043516543145,26.327788780947845,7.9578802484145195
222,1,16,0.9365740740740741,120.83666666666666,0.23942193973472323,3,29.91,0.5139066063011827,33.12513704649464,6.985677919844801
222,1,17,0.915,89.46000000000001,0.14967093535115245,2,30.5715,0.2948635277547914,33.83781332100297,5.212758078947994
222,1,20,0.6470833333333333,79.47,0.021409621985926074,2,28.759999999999998,1.2727922061357848,44.43737222509034,0.4966977948466853
223,1,1,0.7578240740740741,83.58333333333333,0.056740533736688414,6,28.802000000000003,3.7544640096823403,38.362491251322375,6.95006241911285
223,1,2,0.7420580808080808,79.495,0.2205259442473968,22,27.649136363636362,3.730720105332079,38.99131280673934,8.632127697616129
223,1,3,0.7303348554033486,79.89191780821918,0.12812703843358306,73,26.828575342465754,3.6131449978508563,37.59564336783732,7.391059381546119
223,1,4,0.7374483775811209,84.1624778761062,0.11352644216574423,113,27.48762831858407,3.80132627276955,38.26820377104765,8.327695832816458
223,1,5,0.7573256704980843,85.31917241379311,0.11697950022593329,145,26.96985517241379,4.682468185184839,36.36405217235506,8.003470939964286
223,1,6,0.8028080808080807,87.37754545454546,0.13703074224293277,110,26.920354545454547,3.963680845580452,34.66684055947442,8.338019085261182
223,1,7,0.8430555555555556,89.14768292682926,0.15287326483514535,82,27.618646341463414,3.8860513246833057,33.82459753766057,7.551768234174517
223,1,8,0.8639166666666667,88.5835,0.1753459678807636,40,27.51955,3.8678823328826377,33.143165617179264,7.950093364001329
223,1,9,0.9114624183006537,95.13794117647059,0.21743075479660917,34,28.370176470588234,3.391343333294062,32.75771531376789,8.195663557355651
223,1,10,0.9619444444444444,92.99575,0.1528609460236544,40,29.064075000000003,6.073747300989896,30.885198012074035,7.413626916956985
223,1,11,0.98375,99.70963414634146,0.21876928246932073,82,28.783414634146343,6.495440366468703,30.476546234805138,8.380062498219452
223,1,12,1.0769753086419753,100.17444444444445,0.2683037567090658,81,27.629370370370367,3.3888144735454486,27.507309159355344,8.476912884893443
223,1,13,1.1579888888888887,102.0531,0.3177648179842635,100,28.18388,5.655939347681026,25.929205875713933,7.760364753835003
223,1,14,1.2218939393939394,103.70245454545454,0.30855845612889876,110,28.243554545454547,3.3021363854339327,24.686887502734482,7.079327027862003
223,1,15,1.4003968253968253,106.78985714285714,0.396337004954504,70,28.415285714285712,3.5731108361788957,22.21043987048791,7.662204531715929
223,1,16,1.3633015873015872,115.57,0.395236109177542,70,29.307042857142857,3.593314764689652,23.322112642114863,7.09614684329468
223,1,17,1.2658425925925925,109.72216666666667,0.344068194687307,60,28.170066666666667,3.780161071210298,23.872314226610406,7.199226004185824
223,1,18,1.0549764595103577,105.22983050847458,0.23496553446059687,59,28.77813559322034,3.7726550810546984,28.782517487849898,7.96170313006712
223,1,19,0.916331417624521,98.57172413793103,0.24044807573418187,58,28.169241379310346,4.249824369169158,32.132914456301926,7.451136469292522
223,1,20,0.8871037581699346,88.13117647058823,0.17765203573049854,68,27.149058823529412,4.572467497031939,31.58669008250487,7.304438654600287
223,1,21,0.8528086419753086,90.88166666666666,0.15965523997279452,18,25.679388888888887,4.139272927614347,31.377893124849898,8.960466418178735
223,1,22,1.0676851851851852,113.87666666666667,0.1672702804081434,3,27.695666666666668,3.220656196077647,26.139419228097193,2.8502992267304035
223,1,23,0.8268055555555556,82.295,0.10665527282897094,2,30.477,0.4921463197058356,37.131692655454685,4.194631334731208
224,1,0,0.6572222222222222,58.6725,0.07533942398627931,4,17.795749999999998,2.4402415693260116,27.50657420942077,5.786512962632164
224,1,1,0.743030303030303,62.27272727272727,0.25183488535889176,11,20.376454545454546,3.516159449275199,29.195408950191226,7.128919537778134
224,1,2,0.6307296296296296,59.82906666666667,0.1182339649377849,75,18.678333333333335,2.5637603786780234,30.106640452201592,4.3370785372100205
224,1,3,0.6148114169215086,61.838807339449545,0.10656275925011902,327,18.474403669724772,2.6245504790190277,30.411059693179688,3.746572620151977
224,1,4,0.6387470627727425,66.09909365558912,0.10468797130624342,662,18.864527190332325,2.513935042196821,29.903629111563344,3.883570826052562
224,1,5,0.6150189393939395,64.46653743315508,0.12242040691204166,748,17.42297459893048,2.844678677778752,28.748928060693107,3.7814247136696144
224,1,6,0.5927372262773722,62.20516788321168,0.10175030568437891,685,16.45366131386861,2.2443522846295014,28.17046670520139,3.8581086020019684
224,1,7,0.5921057884231536,64.55285429141716,0.09279619908274758,501,16.572011976047904,2.5110450676673026,28.3104520876257,4.0468312373266695
224,1,8,0.6230634306987399,65.3804381443299,0.12179581567740645,388,16.624123711340207,2.7129135220160654,27.13799606112959,4.070618214592709
224,1,9,0.6075035273368606,61.98663492063492,0.09348901636871142,315,16.379796825396827,2.2756413101807924,27.304220513923347,4.035596294175569
224,1,10,0.6349450781580058,63.426882129277566,0.12936895078958155,263,16.48484410646388,1.8735603089651631,26.501335643065335,3.8135721761442
224,1,11,0.6894127859477124,64.42974264705882,0.12976494128853835,272,16.720966911764705,2.6128678499141813,24.727245415269913,4.041070136540389
224,1,12,0.7476736111111112,67.15221938775511,0.1601224231702279,392,16.78316836734694,1.9434020364855684,23.14854571253268,4.2894052955146655
224,1,13,0.791237531895152,68.74002087682672,0.1679074411298298,479,16.615058455114823,2.01289069409311,21.70990026559294,4.301690603601851
224,1,14,0.9110233393177738,73.45617594254936,0.2089707589280041,557,16.7842315978456,2.288145229645492,19.216006941445748,4.4049310251936635
224,1,15,1.0612868686868686,79.77989090909091,0.2708250095532258,550,17.010645454545454,2.606505143579021,16.881415745647846,4.449595937905147
224,1,16,1.1349848386398094,81.19479532163743,0.2979307081136538,513,16.90633723196881,2.469661627829683,15.790071424255004,4.2695279497029075
224,1,17,1.0797375066454014,79.52564593301436,0.2914915527932214,418,16.76104784688995,2.242277465595456,16.479754006896805,4.300422175491028
224,1,18,0.8825420609884331,73.32946372239748,0.195132420604855,317,17.101104100946372,2.4855558502472457,20.117945592018767,4.354135277402886
224,1,19,0.7907034372501999,67.4170143884892,0.1733714271748989,278,16.88931294964029,2.477454118430687,22.118542042324982,4.633396027355656
224,1,20,0.7334326845093267,64.96525547445255,0.16326414078826962,137,16.566182481751824,2.7361702658658698,23.270957992977642,4.656561191547674
224,1,21,0.6926553672316385,67.34745762711864,0.12762544300232245,59,16.207372881355933,1.807388818522696,24.04194550384879,4.4186052149002455
224,1,22,0.6795277777777777,70.94800000000001,0.08945786744613898,10,16.4557,2.9282952966605746,24.235875690249504,2.601248735279069
224,1,23,0.7525000000000001,78.45599999999999,0.17478326525962032,5,17.415,2.170433827602213,23.72084700589247,3.377462203167356
225,1,0,0.8072222222222222,61.47285714285714,0.12915332467931345,7,22.523,5.93481005031613,28.184425279856388,6.88552537912828
225,1,1,0.8338333333333333,73.066,0.07904810113322748,15,25.349666666666668,3.570653414926154,30.636984100097433,5.070399758409231
225,1,2,0.8224250000000001,79.4646,0.18505395120586418,100,24.921799999999998,4.499446625907895,31.010234434975047,6.113208348718856
225,1,3,0.8004319772528434,78.37724409448819,0.18442061466088852,254,24.70366929133858,4.44305451150172,31.399737791251553,5.5286324986248285
225,1,4,0.7913489057239057,80.54027777777777,0.1324197595993576,396,24.703219696969697,4.267671050129962,31.61841408525843,5.6262745420806946
225,1,5,0.7756052336971732,81.77367758186398,0.11572379699400025,397,22.26497481108312,4.641468947355234,28.893462951296172,5.365952014144489
225,1,6,0.7857027777777777,78.98386666666667,0.1236622319959416,300,19.72232,3.385912941254176,25.485907114135784,4.715910753225945
225,1,7,0.8699665450121654,82.68496350364964,0.1477234682687908,274,19.507594890510948,2.8520023118737994,22.975459276803452,4.620651647130154
225,1,8,0.9328840702947845,82.50147959183674,0.18993490569196028,196,19.50195918367347,2.7321561539574457,21.62337795968269,4.633802050317273
225,1,9,0.9369967320261439,78.78523529411764,0.15072049788335926,170,19.343864705882353,2.290042083652787,21.03288706410726,3.319712147811656
225,1,10,0.9818055555555556,81.67182692307694,0.17275041508030972,208,19.390745192307694,3.047755273988005,20.08611300310385,3.202699201639214
225,1,11,1.0336152570480928,83.1047263681592,0.17376471311186484,201,19.175134328358208,2.242323379190806,18.872720363153654,2.670233117943238
225,1,12,1.0836574074074075,85.10388888888889,0.226772330631741,198,19.875858585858587,6.285056109106849,18.522037975905633,3.022259394720614
225,1,13,1.143036359530262,87.28313008130083,0.20534361494066955,246,19.30847967479675,2.1809236588444922,17.32795319109851,3.227192021636076
225,1,14,1.2841936607453848,90.523197492163,0.30228693488421554,319,19.330373040752352,2.5042685763594426,15.70238644492019,3.5256178514878735
225,1,15,1.4148673767752715,96.71327067669172,0.3656131609381143,266,19.84281954887218,3.2588559905762207,14.816195306914484,3.953053303073755
225,1,16,1.3727389359698683,95.73275423728813,0.32461233895532465,236,19.838406779661014,3.0956498200368645,15.140005499969442,3.849347995077422
225,1,17,1.2521669915529565,88.39690058479533,0.30198768956914457,171,20.101333333333333,3.310235580740441,16.771317101258653,4.029011198253476
225,1,18,1.14475,85.78973333333333,0.2640435704866468,150,19.737306666666665,2.7328220459544346,17.933375142886227,3.8700623422484
225,1,19,1.0066807909604518,79.16771186440678,0.19439924806252337,118,19.565025423728812,2.962753880244471,19.896906752397314,3.589038391579399
225,1,20,0.9483734939759036,78.49951807228916,0.1636186631964548,83,19.500048192771082,3.1293062618695484,20.894115944940403,3.304208261848792
225,1,21,0.8643750000000001,75.43350000000001,0.09350768988992833,20,18.34985,1.9253815008159323,21.348186682006023,2.065704915098347
225,1,22,0.9624603174603175,70.27142857142857,0.2165841740260944,7,19.750428571428568,2.1087721433054245,21.018432817151044,3.17959522752147
225,1,23,1.0135,79.15,0.2261806813529483,5,24.901600000000002,4.007918200263073,25.072890234143145,4.6896047648607695
226,1,0,0.7772222222222221,74.48714285714286,0.11193651750263309,7,25.05742857142857,6.300300782691328,32.367179017268775,7.44784214561194
226,1,1,0.6847222222222222,64.21466666666667,0.07669376390239793,15,20.364266666666666,1.2265285778900354,29.979055756504035,2.6249764191400606
226,1,2,0.713599537037037,65.551875,0.11468249643237095,48,21.4995,2.8957048236192713,30.665726356111758,5.125008945849826
226,1,3,0.7030905905905905,70.90612612612613,0.0899239774094055,111,21.915423423423423,3.410071984176366,31.48683809084046,5.3293206923768
226,1,4,0.7231464011180992,71.26610062893081,0.11775041850138152,159,21.712377358490567,3.216434297615377,30.501359124333558,5.366424005214217
226,1,5,0.7339617208672087,71.76006097560975,0.12140933068091914,164,20.879036585365853,3.2683333267660486,28.86649623610582,4.788230140587539
226,1,6,0.7556217948717949,72.67,0.151768425239924,130,19.620676923076925,2.809927716291144,26.43220183307081,3.4066538357861247
226,1,7,0.8152748538011697,73.16452631578947,0.16376228979930432,95,19.772242105263157,1.9041687733384414,25.11892735026052,4.968950972593304
226,1,8,0.8798647660818714,78.0171052631579,0.19740568667213207,76,20.218105263157895,2.3589137419806736,23.96067082939843,5.172334914683744
226,1,9,0.8986796042617959,76.65109589041096,0.18875802123249757,73,19.654109589041095,1.329574969279488,22.70302744925199,4.481934207222482
226,1,10,0.9383376736111111,81.88328125,0.20219027435891876,64,20.365125,3.0559350970628154,22.17778879085551,3.5735000755534787
226,1,11,0.9854984779299849,82.7827397260274,0.19484139903917783,73,20.050438356164385,2.6149560437473114,20.849484726170342,3.545211602535716
226,1,12,1.015485347985348,85.5778021978022,0.18538979249182572,91,20.300285714285714,3.120162247511122,20.38928005410751,3.3514968685698743
226,1,13,1.125549045138889,87.10765625,0.22295275663581376,128,20.2548046875,2.527150451100515,18.553025218135463,3.5548419568110527
226,1,14,1.2472524565381709,94.23156462585034,0.2569745675897303,147,20.358469387755104,2.748189357362314,16.894681657147146,3.516403521687665
226,1,15,1.408165748393021,98.06157024793389,0.3753638280996876,121,20.964958677685953,3.090589375822176,16.04617979985123,5.325692782711359
226,1,16,1.3780802469135802,100.05144444444444,0.3487429908679249,90,21.07451111111111,3.247595962182336,16.274402916335994,5.078511370929762
226,1,17,1.3131540084388185,97.92341772151899,0.2536693718243381,79,21.18453164556962,3.156652811149742,16.615822314985486,3.3590107539463565
226,1,18,1.0809336419753086,85.26611111111112,0.2276831424154894,72,21.26102777777778,3.2479013374499344,20.303376875927377,4.228335448811922
226,1,19,0.905615468409586,75.72960784313726,0.16807706302894723,51,19.80843137254902,2.2402828772715457,22.527030872978923,4.37890468448023
226,1,20,0.8758827160493827,78.44288888888889,0.14280621215026618,45,20.133666666666667,2.3013022499129803,23.437484977787445,3.8314820021305285
226,1,21,0.8402499999999999,68.962,0.1712781353314692,20,19.759700000000002,1.5419960440934992,24.24610245711606,4.270195014510024
226,1,22,0.7186111111111111,97.06,0.09613719941370828,3,18.678,0.40670874099286364,26.27991268728391,3.23367219323052
226,1,23,0.9017592592592593,72.68833333333333,0.26626994022975786,6,21.06116666666667,2.2224395979793616,24.800281139158006,6.294586527596794
227,1,0,0.5147916666666666,59.54,0.07138235847058463,4,18.627,0.5447586621615126,36.63420023258533,4.50205243455374
227,1,1,0.5448412698412698,58.08428571428572,0.05638064552564383,7,19.163999999999998,0.5251967885151877,35.537417244112454,4.202743152695678
227,1,2,0.5930555555555556,60.92066666666666,0.1634026164730622,30,19.915766666666666,2.3977159632095466,34.83765229155255,5.778136765518048
227,1,3,0.5664930555555556,60.89375,0.1325511748347978,88,19.62953409090909,2.0061916282845873,35.672401238498296,5.275076103366185
227,1,4,0.5695094086021506,62.83056451612903,0.1452076464939428,124,19.666790322580642,1.6405966705295796,35.596158831325255,5.247537651464779
227,1,5,0.6025530303030303,63.59690909090909,0.1109936018239198,110,20.04411818181818,1.8221075897086119,34.01840425277171,4.844280567477146
227,1,6,0.612458071278826,65.45132075471699,0.11024294954969087,106,20.032169811320752,1.1342977308969897,33.51660043851194,4.900109665855867
227,1,7,0.6546307189542484,68.48682352941177,0.16809785853202963,85,20.05054117647059,1.453647485866249,32.011436946543256,5.907389158351161
227,1,8,0.6707418699186992,68.22170731707317,0.23183847802774182,82,20.496902439024392,4.4482988053827155,31.81966285778006,5.494423524862343
227,1,9,0.6713850308641975,64.88472222222222,0.1386596268446918,72,19.80198611111111,0.9203997676003335,30.54109642779258,5.488276090498592
227,1,10,0.6737698412698413,66.54974025974026,0.15235718573903725,77,20.025402597402596,1.2454529957931002,30.966254632571157,6.007523813239345
227,1,11,0.7174463383838384,67.93988636363636,0.25812787548577554,88,20.29281818181818,3.8452669684322562,29.789128534547977,5.906788028915128
227,1,12,0.6941209563994375,67.24481012658228,0.14062177807768197,79,20.146101265822782,0.8713894091818386,30.0096986035579,5.1830711366770625
227,1,13,0.7216725768321514,66.96159574468085,0.1440675338129897,94,20.055446808510638,1.0356003465552743,28.817373486900877,5.411451450067503
227,1,14,0.7774145299145299,68.11175824175824,0.16714450889089788,91,20.159483516483515,1.6515712004878356,27.007414556015576,5.503221824162547
227,1,15,0.8242640692640693,71.1564935064935,0.21137629911480782,77,20.119233766233766,1.0287839000758927,25.80883614103634,5.826667510502251
227,1,16,0.8726262626262626,75.90805194805195,0.346579028676885,77,20.8047012987013,6.142050037210993,25.684699666088285,6.778641476103564
227,1,17,0.8585960960960961,74.58108108108108,0.2083710868475637,74,20.189797297297297,1.3466636091307207,24.638736536326174,5.288251959794847
227,1,18,0.6954811507936508,68.13857142857144,0.13173295108451408,56,20.102642857142857,0.8746369725584634,29.767881906646547,4.849087232108672
227,1,19,0.6529603174603175,64.16257142857143,0.15291756740275317,35,19.9036,0.8581362225606081,31.556936719576605,5.203866081699745
227,1,20,0.6393312757201647,60.919999999999995,0.111018344267443,27,20.246518518518517,1.1338541952924706,32.372229010784906,4.474548363956576
227,1,21,0.5734259259259259,55.873333333333335,0.04018987854483463,3,18.507333333333335,0.7465013953994546,32.32410051507406,1.2039010690943401
227,1,22,0.5906481481481481,54.31666666666666,0.15886031535357936,3,18.83666666666667,0.7049349851818468,33.13048987874757,6.994643616412367
227,1,23,0.8794444444444445,75.358,0.7850542807764518,5,20.1166,2.9383575003732942,30.893720181282454,11.568159695100919
228,1,0,0.5249074074074075,59.35,0.08205375634327262,3,19.179666666666666,0.8399180515582053,37.312283405909334,7.441201138531542
228,1,1,0.47888888888888886,57.678,0.07593679348601884,5,19.273400000000002,1.2850629556562592,40.71229692029367,3.953684699649558
228,1,2,0.5902981029810298,60.84634146341463,0.1783750101681404,41,19.969853658536586,2.7002993497108383,35.29586414881292,6.060408248508212
228,1,3,0.5591926458832933,63.44561151079137,0.08303141019411032,139,20.096697841726616,1.5139208317644548,36.51978593461221,4.79119854546124
228,1,4,0.5561325757575757,63.718545454545456,0.09253003407924829,220,20.35780909090909,1.7364324945520206,37.32743932930323,5.297169633399547
228,1,5,0.6045936213991769,66.13622222222222,0.1575903995169972,270,20.608755555555554,2.6603209493231605,35.315769828225534,6.30890788417512
228,1,6,0.5971260683760683,65.14376068376068,0.09888372313738447,234,19.990123931623934,1.6416864031774185,34.338451780378946,5.910367180306627
228,1,7,0.6051510496671788,66.54230414746544,0.1123761191030784,217,20.53901843317972,1.6272025527901544,34.82624736995828,5.5394804661016614
228,1,8,0.6722017151379567,67.84798657718122,0.14029398151426115,149,20.451295302013424,1.6777144624795115,31.531187102334652,5.930222774274597
228,1,9,0.6316801346801347,64.30387878787879,0.11972804536161286,165,20.107769696969697,1.5079817542090304,32.91992097252843,6.285765838383072
228,1,10,0.6431812169312169,65.83160714285715,0.15413454830033313,168,20.411380952380952,1.7471025930874065,33.12783581413386,6.5708450939648575
228,1,11,0.6724502247912653,66.83947976878612,0.168996250668068,173,20.549179190751445,1.3072921406326157,32.007452284528384,6.342145558357773
228,1,12,0.6789704861111111,67.998,0.15955645424205564,160,20.59601875,1.4004267969025384,31.751812284897266,6.497470589217606
228,1,13,0.7489707341269841,72.86821428571429,0.20689922656971688,224,20.758995535714288,2.2152137159097913,29.334596827193177,6.637136841573656
228,1,14,0.7800730452674897,73.45488888888889,0.2362456454737027,270,20.603299999999997,1.4405585434477728,28.255613709096895,6.741757561954454
228,1,15,0.8348446327683616,76.49122881355932,0.255277999759054,236,20.563601694915256,1.3916195441181414,26.46853973543106,6.721496382008701
228,1,16,0.842423139158576,76.4706796116505,0.22768206002284497,206,20.68402912621359,1.5322595873578226,26.0949970554326,6.3303477646513375
228,1,17,0.821031045751634,75.99376470588236,0.21787686606432594,170,20.92184117647059,2.3350050881332307,26.956420579036475,6.392244155283128
228,1,18,0.7095311111111111,68.31936,0.14790262741525625,125,20.602991999999997,1.4631575582479373,30.104298245977294,5.603512506787333
228,1,19,0.6882918263090676,66.24241379310345,0.18382986910086932,87,20.606563218390804,1.2865944383775096,31.550056431087054,6.594137981526634
228,1,20,0.5877124183006536,64.03058823529412,0.08230612866638294,34,20.057264705882353,1.3437329349743417,34.79023798480656,5.445792789240656
228,1,21,0.6102777777777777,74.49875,0.1442782927177858,8,21.02075,2.4508860642632895,35.910591404048695,7.738083189506371
228,1,22,0.590462962962963,58.26333333333334,0.08613903370465688,3,19.953666666666667,1.0341955005381387,34.42879676765232,6.556028840536322
229,1,0,0.7273737373737373,66.49909090909091,0.11837117050504324,11,18.83627272727273,2.7978001390703047,26.124242151804808,3.2469092579122645
229,1,1,0.5983040935672514,64.65684210526315,0.06172446787377573,19,18.713315789473683,2.93606034324591,31.440642320528852,4.578825412975314
229,1,2,0.6062543859649123,65.3438947368421,0.14100737088258736,95,18.4288,2.2442712583043667,31.017531905519665,3.9098006691029363
229,1,3,0.6238214198881595,67.18218818380744,0.12436542143055863,457,18.926089715536104,3.932768013564036,30.680214339659674,3.779263701719143
229,1,4,0.6269843813593814,69.56572344322345,0.09735142086383992,1092,18.77974358974359,2.161780884434256,30.346659736099344,3.8171009401831597
229,1,5,0.6367483413118334,71.18628873771732,0.0969557861988378,1323,18.129566137566137,2.278183415012484,28.830787879579194,3.763658241709821
229,1,6,0.6469142086487427,70.55470634299138,0.09254283983582809,1277,17.722952231793265,2.236176558409686,27.713537700261615,3.598372947055017
229,1,7,0.6858006535947713,72.35344226579521,0.1146995905689689,918,17.925834422657953,2.1316551094900134,26.644155779686052,4.24493208726375
229,1,8,0.731579908675799,76.25227397260275,0.13071526938224332,730,18.27297808219178,2.552167363081039,25.568756627189497,4.614813171142756
229,1,9,0.7480695119755087,75.32753646677472,0.11913479162421307,617,18.645051863857372,2.203961857073676,25.44817400888497,4.40607430551137
229,1,10,0.7804218490878939,79.09235074626865,0.14191729698627967,536,19.028697761194028,2.171564398857999,24.97782681441713,4.323959068549109
229,1,11,0.8290077519379846,80.65855813953488,0.1408182579841742,645,19.046536434108525,2.3195191688202392,23.491915847384437,4.141724819000814
229,1,12,0.8679609854829704,81.75433417085426,0.14816722494797738,796,19.205886934673366,2.1958492249347836,22.691172901772976,4.2694006076649105
229,1,13,0.9782606713856714,85.4076447876448,0.734406613162027,1036,19.28730308880309,2.3454513756186497,20.89864591767148,4.415575918873983
229,1,14,1.0699049827241318,91.47860065466449,0.24828841108302616,1222,19.339504091653026,2.2753226260925716,18.917683779243394,4.348321989211132
229,1,15,1.1844109109109109,93.60004504504505,0.29956357220825214,1110,19.04245945945946,2.151276562676552,17.025462570912847,4.405787821955107
229,1,16,1.217729609929078,94.77856382978725,0.30516339448710134,940,19.302454255319148,2.3667214677465562,16.827246133340523,4.54151665134568
229,1,17,1.1256806554756196,93.08178417266187,0.2581689173327977,695,19.42910215827338,2.6285005619641884,18.100377262655797,4.581325201551494
229,1,18,0.9786069374884065,86.82659432387312,0.20650091226999404,599,19.612535893155258,2.2252067421060477,20.81397645986303,4.4324241994031075
229,1,19,0.8434077892325315,80.77847938144329,0.16252632545367363,388,18.941778350515463,1.895456352118376,23.072367852484827,3.910239548078731
229,1,20,0.8036404697380307,76.35573170731706,0.14976616447794214,246,18.75990243902439,2.2498856766044675,23.882030967570127,3.9033131326119803
229,1,21,0.7736887254901961,74.88367647058824,0.14445295807915123,68,19.1305,2.954481758733089,25.178752568758256,4.2458031417282465
229,1,22,0.7370098039215687,73.50823529411764,0.10941247283169966,17,18.379117647058823,1.67914479283179,25.27499958489635,3.081809570397608
229,1,23,0.8371527777777777,75.9425,0.1386799122279631,4,19.385749999999998,3.398760791327724,23.335193275107645,3.3408794281604393
230,1,0,0.6709391534391533,71.0784761904762,0.20590200354040877,105,18.886295238095236,3.910594318209411,29.468015797014903,6.126257683082573
230,1,1,0.5611180992313068,65.16201257861636,0.15457922696738738,159,17.607635220125786,2.3787079660211456,32.697391544733144,5.967141065094074
230,1,2,0.5218599537037037,64.51839583333334,0.112439065971224,480,17.584691666666668,2.4993858169845167,34.44465751495724,5.0671661305127325
230,1,3,0.5080846219931271,67.30672680412371,0.10549721781805496,1940,17.525633505154637,2.1364920232126408,35.22069793495186,4.936231446073231
230,1,4,0.5104047658018933,70.3097741222686,0.09021251007160254,4073,18.297379572796466,48.94557138451823,36.68679442834171,108.86614675559962
230,1,5,0.518139515538697,69.70116590137752,0.08207306864628632,5009,17.26592792972649,1.6652074381581325,33.9112607745821,4.875279974952569
230,1,6,0.5310944716726165,69.93585224178616,0.11079470213027873,5509,17.06071610092576,1.8566806649232863,32.779340999551245,4.931258117103094
230,1,7,0.5562644067101431,70.834449981543,0.24501302611896741,5418,17.121906976744185,1.7532466202692016,31.761501226645745,5.345028906960514
230,1,8,0.5830262827535835,72.30304231717338,0.11008464371019511,4868,17.231980690221857,1.8042091877424737,30.406247396632455,5.5061411564586065
230,1,9,0.590429377786563,72.51780984384266,0.3410397530245453,5059,17.45228918758648,1.7981116301673303,30.622042013280637,5.3559681132503245
230,1,10,0.6088319262038775,74.66463039399625,0.44081038311147863,5330,17.61259793621013,1.609017926039316,30.20866337365906,5.3405068525474615
230,1,11,0.6260270818297419,75.15864058150325,0.31586010225587896,6466,17.768529075162387,2.030843630150103,29.44454953453204,5.227023656031466
230,1,12,0.6380260912556018,76.62740347351802,0.14406405515548587,6967,17.8228634993541,1.7824652999119397,28.913498390557383,5.2836704749028955
230,1,13,0.6770855644117447,78.47835561005517,0.39652035248515843,8155,17.856820846106686,1.807097077726241,27.67449545187893,5.433902690357266
230,1,14,0.7412352168991015,80.47117168870584,0.4075478614175168,9226,17.94620756557555,1.9973760753812357,25.648017869688374,5.596324891832401
230,1,15,0.853286655739944,84.59881130915795,0.3475381497914278,8135,18.050070559311617,1.9982091621879476,22.50569542702035,5.478234771684269
230,1,16,0.9474891566858888,88.542830104983,0.26925726084236323,6763,18.193770072453052,2.0688435203995588,20.574117975697742,5.602487218924155
230,1,17,0.9259309325482311,89.1981667384748,0.4202095780162193,4642,18.248614390348987,2.0380578198796875,21.23531149489452,5.766820084305173
230,1,18,0.7930656244479773,82.66996502384738,0.4638399152749775,3145,18.143916057233707,2.150740545716055,24.524077063568694,5.961033792039385
230,1,19,0.6849860027994401,76.08922615476905,0.5933038849529768,1667,17.83972645470906,2.226118955626553,27.639964089965233,5.455981804681521
230,1,20,0.6297097340353719,72.55117861482381,0.14787775807604553,823,17.711501822600244,2.95332009295787,28.975189458195818,5.0444469141009876
230,1,21,0.6210207700101317,74.62808510638298,0.13543073740444955,329,17.495173252279635,1.8298557512825675,29.079813953372096,4.989132392686702
230,1,22,0.6037587719298246,76.09968421052632,0.13754379422185165,190,17.37282105263158,1.856221419234893,29.773134126764074,5.413188051214001
230,1,23,0.7020582561728396,80.31506944444445,0.2313426954369103,144,18.775152777777777,3.8062239998895064,28.232896595227984,6.437241377009269
231,1,0,0.8015579710144927,74.01173913043478,0.46783252141289133,23,20.003173913043476,6.006889920236095,27.188330688149048,5.711895472839657
231,1,1,0.538840579710145,55.81782608695652,0.1513068921711892,23,17.69586956521739,4.241187272711904,33.53127899337521,4.5452872719043995
231,1,2,0.5753278278278279,64.86603603603604,0.2049088078294629,111,18.51505405405405,3.9269825492999257,33.40874426686658,5.157089105832306
231,1,3,0.5509903381642511,64.21678524374177,0.14831944781659628,759,18.32061001317523,3.5937348169809176,33.986292143381576,4.633288376270076
231,1,4,0.5670290017565497,70.48733266061218,0.12818141626070984,2973,18.540567440295995,3.4843348545709514,33.338182600488004,4.702725090449157
231,1,5,0.4765512281478203,64.28630891790219,0.1273489274824154,4519,15.463894224385927,3.380298204279282,33.164311395009186,4.51697430506473
231,1,6,0.44487177039582537,59.29090683466973,0.09524036579557338,5238,14.108968308514699,2.024407845854793,32.399282068359895,4.411719178737525
231,1,7,0.44049061777889137,59.51723878727136,0.10196823913488903,3991,14.07052693560511,1.9622379810944748,32.741082826468194,4.504209707644497
231,1,8,0.4397403201168891,58.520230125523014,0.09867626976272666,3346,13.856551404662284,1.605663058364996,32.31919918352227,4.475457149096544
231,1,9,0.4438814509669298,56.360219704771715,0.2831723835763645,2913,13.692555097837282,1.2254199044017455,31.969362126220272,4.526774002407899
231,1,10,0.45354815803976434,57.06234261732163,0.13096509329665132,2621,13.708992369324685,1.5235734631620739,31.20905046411284,4.76910580124329
231,1,11,0.49045628639543515,58.126137882518464,0.12504391294250744,2843,13.762055575096728,1.254227046949148,29.19540513047401,5.163364892337798
231,1,12,0.5150524533840355,59.49816871810267,0.14522911838229338,3331,13.780337436205343,1.5672637264368494,27.957583013462177,5.187333704020928
231,1,13,0.5641513494648673,61.21189855746859,0.16223483173926867,4298,13.769680549092602,1.2550280141729229,25.702120027792986,5.2679237702983945
231,1,14,0.6643955711258164,65.65265083690151,0.19217718402658168,5138,13.824293499416115,1.5858027319723398,21.985214816120223,4.778694602889468
231,1,15,0.7886294770140059,70.55811575201349,0.22900537509263919,5339,13.936710058063309,1.6694540974099652,18.787382266793095,4.546323177729521
231,1,16,0.8695429048812507,73.21399785177228,0.25605419563045606,4655,14.0206,1.7028119440510028,17.264324334331885,4.51741959715686
231,1,17,0.8274187994655154,73.52604378661732,0.24157040720140083,3243,14.08027382053654,1.704654064493765,18.251180573469522,4.933709664968909
231,1,18,0.7069196800350647,68.7535660749507,0.20183865411698373,2535,13.953317948717949,1.5435000069330278,21.06612838368292,5.384130978560513
231,1,19,0.6020171206961785,62.20977866061294,0.18585081266456868,1762,13.8262190692395,1.5529477367775666,24.571877877097826,5.944038918269915
231,1,20,0.5330379234593594,59.059812695109265,0.17044801073661225,961,13.702677419354838,1.520554684290133,27.269891925644227,5.775885800011976
231,1,21,0.5092039106145251,59.49030726256983,0.15474969915136413,358,13.88618156424581,6.446427635385249,28.04780235187367,5.356639422959306
231,1,22,0.5038960113960115,63.50320512820513,0.1719172168515239,78,14.128666666666668,2.434003317003933,29.506703129911447,5.538934310602698
231,1,23,0.7309150326797385,71.53117647058824,0.31564446429566356,34,18.70026470588235,5.632210822225081,27.82800088617382,7.123139900309643
232,1,0,0.7188888888888889,69.92333333333333,0.026463345252921266,3,22.65233333333333,3.7565830662096817,31.586419343065028,5.822566126050175
232,1,1,0.6197420634920635,59.12357142857143,0.19702004396555542,14,19.756428571428568,5.087823347717806,32.98794563374821,6.994563337347497
232,1,2,0.653359538784067,67.66358490566037,0.11912761428706657,53,19.724396226415095,3.744302771389039,30.476292826800407,4.665547249507442
232,1,3,0.6438863247863248,66.69304615384615,0.13186659945742973,325,19.776267692307695,3.8286549735533377,31.073774201897244,4.62197703583983
232,1,4,0.6422172500662955,69.32527446300716,0.12586000406722506,838,19.96380906921241,4.4250865852859045,31.37201894658111,5.318252351649122
232,1,5,0.5828110836423568,63.421841779975274,0.13310442761200614,809,17.074630407911002,3.994274502968508,29.599990718994363,4.22749472754424
232,1,6,0.5509655101197852,60.22578686493185,0.10581216327624857,807,15.361013630731103,2.847097423782468,28.207419423437,3.665695569862224
232,1,7,0.554281512605042,61.59885714285714,0.12025070688651955,595,15.383717647058823,2.7720072886552973,28.167154236974078,3.75984146714016
232,1,8,0.5652537393162393,63.30512019230769,0.10758960450036323,416,15.151603365384615,2.2794526174222143,27.290316518390537,4.00103932812297
232,1,9,0.5703039215686274,58.57602352941177,0.10818301489627817,425,14.910574117647059,2.067884897162661,26.570691026983503,3.5273037441427375
232,1,10,0.5917217630853994,59.363085399449034,0.11951371686685275,363,14.857338842975206,1.7531462840149887,25.578161612841818,3.2576222820056167
232,1,11,0.640981668066051,61.46841309823677,0.1237590515537364,397,14.849347607052897,1.360211976600872,23.745849903011727,3.65120369321494
232,1,12,0.706897406559878,64.06805491990848,0.18165219848289377,437,15.170636155606408,2.7036260247182495,22.163271625577128,3.898564181817274
232,1,13,0.7427242031334413,63.96672609400324,0.1581212393857168,617,14.97628525121556,1.632242221148458,20.869899929378985,3.939778233028694
232,1,14,0.8616722642037504,70.1186523929471,0.20552201368654033,794,15.16691435768262,2.112966479735219,18.32322894101441,3.902340672771268
232,1,15,1.0064434171013117,74.79826458036985,0.2698105558833605,703,15.323086770981506,2.444384207991398,16.11119038245276,4.376822797408072
232,1,16,1.0480867253392006,76.61339933993399,0.293290182248175,606,15.308465346534653,2.7139765094485386,15.579696613948078,4.468939331296355
232,1,17,1.002039295392954,74.94180894308944,0.2920382396543596,492,15.535302845528454,2.9779898070661437,16.46476429099877,4.279648042001296
232,1,18,0.8562514029180697,70.937601010101,0.2240778026849121,396,15.494411616161617,2.7961359847713187,19.007961097204266,4.655961734800397
232,1,19,0.7282656249999999,64.208375,0.19356966793971983,320,14.80410625,1.907823073284753,21.3972089262759,4.740311922528412
232,1,20,0.6601749539594843,58.88635359116022,0.1432841398601603,181,14.564762430939227,1.1670104321739998,22.884369623334557,4.220031433430957
232,1,21,0.6340525114155251,59.6172602739726,0.14144960249316427,73,14.550739726027397,1.2007612403457195,23.751904064077447,4.0867614624616415
232,1,22,0.6111237373737374,63.31318181818181,0.10448638684444884,22,15.607,2.0580152250813564,25.989957153019933,4.034793413753593
232,1,23,0.7046296296296296,73.90166666666666,0.20317713085398567,6,23.1925,7.236204799478799,32.87578463963691,5.168511584781759
233,1,0,0.7082716049382716,66.50888888888889,0.179623114620303,9,18.673666666666666,1.5661404790120206,27.323186496148605,4.665762691804163
233,1,1,0.6048039215686274,61.15529411764707,0.107167730679959,17,17.82758823529412,1.0310841417425354,30.1416868890353,4.39668975409301
233,1,2,0.6078091787439613,67.89356521739131,0.10959344705376121,115,18.28431304347826,3.4437559956077783,30.427173673811108,4.050566193791796
233,1,3,0.5844430026912726,66.81479238754325,0.10199474865652418,578,18.139408304498268,2.2704825282278915,31.53701216801375,4.308388528804815
233,1,4,0.5830778646450289,68.51582800284294,0.0850892993798229,1407,18.084758351101634,1.984551437871689,31.394032045123502,3.9104598588019255
233,1,5,0.6012801715539596,69.30740873728305,0.09855673536565084,1671,17.589347695990423,2.134388202599141,29.707998528308703,4.16931643048101
233,1,6,0.6095070226672229,69.46264705882353,0.08950421105510613,1598,17.216565707133917,2.3073013252522543,28.561547560953628,3.764929983759838
233,1,7,0.63844093735055,70.62986370157819,0.10436659334130931,1394,17.328449784791967,2.269585002589806,27.634850764489695,4.560229496474055
233,1,8,0.6908030626780627,73.1761446886447,0.15164608909469518,1092,17.509369963369963,2.4744471042270417,26.05307146266375,4.833661518103587
233,1,9,0.7000546082692523,73.43016048144433,0.12398952334739766,997,17.78708826479438,2.1808019595966592,25.945216240338066,4.214498834690494
233,1,10,0.7260229988052569,75.64013978494624,0.12012048424541451,930,18.073690322580646,2.599453378577537,25.36150894858307,4.318960164170547
233,1,11,0.7890377600315489,78.91525288376221,0.7015960927418465,1127,18.360803016858917,2.253343911116788,24.419841928099736,4.408711319663281
233,1,12,0.8058046755122303,81.16729488220959,0.14935735942905712,1231,18.467068237205524,2.329990546103866,23.4991190928191,4.338553098567549
233,1,13,0.8632461001642036,83.08524014778325,0.17454227247201556,1624,18.421304802955664,2.366729246713151,22.04681577654609,4.4495602138872705
233,1,14,0.975544631710362,87.87798774259448,0.23184145369175874,1958,18.691638917262512,2.6750349356325476,19.991569579336318,4.436823133086774
233,1,15,1.1044110477999367,91.39013675213675,0.284328751340611,1755,18.54513846153846,2.301022112801112,17.80059383952687,4.660096737520671
233,1,16,1.1583226644941031,91.75568435754191,0.2940280984412477,1432,18.50204399441341,2.331848879435746,16.94294471350745,4.526728655999119
233,1,17,1.0709096296296297,91.08007111111111,0.24911415814629478,1125,18.797959111111112,2.668303773668904,18.427495629089897,4.653398175959622
233,1,18,0.9236275746111813,84.48126103404792,0.20790481607924308,793,18.679136191677177,2.234036728131508,21.062501429065758,4.543423293111234
233,1,19,0.8210095637223297,79.16796905222436,0.19460383751963714,517,18.474077369439073,2.1760480460351816,23.397549358537987,4.6456624831674596
233,1,20,0.7560813492063492,73.77703571428572,0.13521910916400126,280,18.001746428571426,2.0373448292795753,24.36535153062652,4.127917557520452
233,1,21,0.7246133633633633,72.0304054054054,0.18113669395637483,74,17.532581081081084,2.5413021848465145,25.08925609491876,5.010934533556747
233,1,22,0.6816765873015873,65.93392857142858,0.0945152083643487,28,17.07410714285714,1.7514486562564855,25.373387101004017,3.3315051003717238
233,1,23,0.7439529914529914,74.82846153846154,0.18420744736768108,13,18.413,1.4965233041954276,25.897093584381075,5.37047237712173
234,1,0,0.7107118055555556,72.560625,0.3165755061890088,16,16.9575625,1.9343974761752907,26.163370961001167,5.977010363247932
234,1,1,0.5884391534391534,62.56333333333333,0.13354024674782403,21,17.205761904761907,1.9003818275483981,30.04709583755175,4.836404240994703
234,1,2,0.5525347222222222,63.39472222222222,0.1267383381908209,72,17.695277777777775,3.25626492685491,32.769583561973825,5.121885167914974
234,1,3,0.5370006944444444,63.4507,0.11926659594484072,400,17.5662025,2.789696809191239,33.32978265601452,4.285915950714777
234,1,4,0.5418027354765933,68.24954949238578,0.10184421035249046,1576,17.76341053299492,2.318651264138053,33.35253358158941,4.314013107855863
234,1,5,0.5200317907025224,64.58044559099437,0.09352193783718772,2132,16.490241088180113,2.2901452354544567,32.18658011315184,4.165023282149301
234,1,6,0.5041855236437481,62.56192776327241,0.08779552933601202,2298,15.406543516100959,1.7557495983822942,31.05446660936734,3.9463478294021663
234,1,7,0.5085408987186238,63.451205897840964,0.10692474479992252,1899,15.421902580305424,2.2116860181012505,30.858661390852735,3.818694863211348
234,1,8,0.5363417459156303,64.95662033650329,0.1243962337443325,1367,15.354160204828089,2.446450960680093,29.206179499226813,4.057982678785233
234,1,9,0.5394434171597633,62.92959319526627,0.10638473152801368,1352,15.074139053254438,1.5667929607903615,28.543221353811365,3.9149721413344105
234,1,10,0.5611947121324438,64.76042994810972,0.09762187586388353,1349,15.16633728687917,1.5433975517092182,27.535122344828327,3.762911043063022
234,1,11,0.6125825919028899,66.57301675977654,0.13537849173976055,1611,15.385450651769087,2.614227692425193,25.677515151843753,3.8167026080259663
234,1,12,0.6506910790100445,68.44718080149114,0.14651072203972626,2146,15.439827120223672,2.2522153520500843,24.357600106953612,3.9459730305272616
234,1,13,0.7055438657008164,70.17740600206967,0.1610821296792001,2899,15.427901000344947,1.9140220747468013,22.666426632983317,4.398525050473505
234,1,14,0.8292910678411374,75.79438942976357,0.4385838776288662,3595,15.522308484005563,2.088711515481673,19.741876776468025,4.493518165739582
234,1,15,0.991499842841427,81.53310608203678,0.2699763500143537,3535,15.551357850070723,2.119419112705808,16.71361925441668,4.58192067365043
234,1,16,1.0658819542668552,84.3876449787836,0.2971711248038891,2828,15.701981612446959,2.2018447278438416,15.76528227453397,4.554457992033642
234,1,17,0.9926472043542801,81.28703117268678,0.2780458045083145,2021,15.786040573973281,2.3790866972862563,17.06308079651882,5.07175200884111
234,1,18,0.822895094367335,76.29715796430932,0.21041638207423732,1513,16.059001982815598,2.4579718955435146,20.565586344648707,5.26831755576448
234,1,19,0.6988298611111111,69.66289583333334,0.18965055773347125,960,15.784752083333332,2.3556899361065904,23.61180263743632,5.026768015761755
234,1,20,0.6348023114355231,64.92675182481752,0.14220685905326402,548,15.465726277372264,2.114075249984945,25.12761659851756,4.524910137590077
234,1,21,0.6103307642903019,66.5893063583815,0.11854670349376552,173,15.309878612716762,1.7168077299718474,25.76627818620189,4.38885249660643
234,1,22,0.6051781970649895,67.08830188679245,0.14773182337599933,53,16.207584905660376,3.59049267796733,27.29857879287689,4.4427080246235775
234,1,23,0.7086111111111111,71.74575757575758,0.20401425717245752,33,18.24451515151515,3.820954495616998,26.65363189685488,4.970801763694099
235,1,0,0.6167592592592593,68.87333333333333,0.001156481110814519,3,26.400666666666666,1.6278456110249953,42.80641646105331,2.6620196022720695
235,1,1,0.6848611111111111,75.17,0.005696137959558287,2,23.755499999999998,0.06293250352560302,34.68817694555217,0.38039996832404727
235,1,2,0.6451495726495726,74.50692307692307,0.13909418232216658,13,26.90907692307692,3.9541809615801706,42.347557514146914,4.388574561891164
235,1,3,0.6271031746031747,72.28628571428571,0.10279862634581743,35,25.449742857142855,1.4765795200366283,41.49961084825442,6.194473232302488
235,1,4,0.6448681732580038,80.17271186440678,0.12940540862180908,59,25.850118644067795,2.296852051776486,40.969863985455625,5.4443365373214725
235,1,5,0.6661111111111111,82.57523809523809,0.09401758710333677,42,25.295619047619045,1.2427301171286482,38.646937579329965,5.306990406927645
235,1,6,0.6749338624338624,80.47166666666666,0.11691011845071443,42,25.465785714285715,1.641998567120291,38.65739388779647,5.970540000442081
235,1,7,0.8727314814814814,79.50291666666666,0.6517760567026782,24,26.320833333333336,4.460523021259773,34.76766136742248,8.434948681227073
235,1,8,0.7259974747474748,80.11454545454545,0.19329658660484486,22,25.4865,1.7436865912690351,36.454825069341716,6.053327450778371
235,1,9,0.7002592592592592,76.154,0.10300320979799128,15,25.24386666666667,1.5111458692314388,36.934773617085206,6.854948813250843
235,1,10,0.6694246031746032,77.90071428571427,0.1018730952889552,14,25.024714285714285,0.8673364557497446,38.07182212204945,5.037205657072211
235,1,11,0.708,80.753,0.09696622939263486,20,25.4625,1.9940060576374228,36.40992439486558,4.192279716390478
235,1,12,0.7214094650205761,78.77592592592592,0.07731025257933988,27,25.331814814814813,1.7725050295477525,35.37487024539981,3.2310166756677403
235,1,13,0.8346759259259259,87.21111111111111,0.1773778244616503,18,26.348944444444445,2.2038737145474556,32.383380920214634,4.553858793773621
235,1,14,0.8084413580246914,83.755,0.16469165139966507,18,25.3265,2.0186632807817335,31.95006927691166,3.6560398615835874
235,1,15,0.8951967592592592,85.92416666666666,0.18202979484191498,24,25.20075,1.1757649591352999,29.122392317562355,5.205361832043784
235,1,16,1.0155246913580247,94.07499999999999,0.19379822329311852,18,25.476444444444446,1.2596493079762194,25.9412172097408,4.926894751324428
235,1,17,0.949375,88.23291666666667,0.21819698711913743,24,25.859125000000002,1.3409390386720723,28.49008925153964,5.880352704311664
235,1,18,0.8121502057613169,86.56962962962963,0.1789246293428426,27,25.46033333333333,1.5015071146633365,32.38455097631871,5.190341544464916
235,1,19,0.7991481481481482,78.14666666666668,0.17720771282928008,15,25.274133333333335,1.0778848909300278,32.63166058292329,5.2450957975806825
235,1,20,0.7870277777777778,80.86,0.2001329740560679,10,25.2723,2.350552277893668,33.58486445909501,6.8664215811534355
236,1,0,0.9008333333333334,74.96666666666665,0.37930125816354004,3,18.590666666666667,2.23295350003831,22.40488682519691,6.813674324761929
236,1,1,0.6891269841269841,66.04714285714286,0.11817417010378291,7,20.200142857142858,0.632561045426034,29.98831106179295,4.806138657811678
236,1,2,0.6597833333333334,74.5866,0.08399422907416117,50,20.69594,2.703285192698177,31.68078024213269,4.615313807102664
236,1,3,0.6664709812905689,74.21223367697594,0.10111354595847388,291,20.748278350515463,2.9439862188428427,31.51182735952671,4.716694691551621
236,1,4,0.6629015560699588,78.46140046296296,0.0887432387102551,864,20.512653935185185,2.732911146862863,31.280941863052696,4.60416256781411
236,1,5,0.668257958676953,82.6356823623304,0.08584418825224209,1253,20.077034317637672,2.8453524621398647,30.364857251795073,4.797800222777948
236,1,6,0.6840123221544716,81.0917987804878,0.1027597140602497,1312,19.59614786585366,2.531585279713536,29.02661743586411,4.4800938932354715
236,1,7,0.7348062465450526,84.22324378109452,0.1164611476213758,1005,20.029455721393035,2.8162275389384477,27.767972871229055,5.020166411900912
236,1,8,0.7844140687450041,88.82856115107913,0.12882900549268506,695,21.154759712230213,3.2481103774827536,27.525191220804945,5.255917469032285
236,1,9,0.7799759047099473,85.60813420621932,0.11872025474701546,611,21.389299509001635,3.0397526878991195,27.882151951669336,4.947958527088582
236,1,10,0.8121436965811966,89.7865,0.12501343052341793,520,21.590076923076925,2.8947634127250192,27.06556508915585,4.7450286786034885
236,1,11,0.8454417044595616,91.57687074829931,0.15003350355237932,588,21.981661564625853,3.8517992330343107,26.488303358157278,4.797169777173464
236,1,12,0.8774752198241408,92.71646043165468,0.1600429607827606,695,21.89704748201439,3.277444490048654,25.57258693116316,5.0258148999162815
236,1,13,0.9352588255261371,93.87496945010183,0.19577416036936898,982,21.78882484725051,3.695567181770387,24.01379063327896,4.961031398637686
236,1,14,1.0225321342305038,98.77730590062112,0.24278794122159503,1288,21.819257763975155,3.208230556331866,22.24064297471863,5.163888028493614
236,1,15,1.1757479864543292,103.26469522240527,0.3070115000505451,1214,21.95999917627677,3.28656013902111,19.80540520932482,5.4943063167706985
236,1,16,1.221051566035489,106.04156484458736,0.32327036512071944,933,22.34444372990354,4.2522785583832166,19.548647537628845,6.18793984245499
236,1,17,1.1310526315789473,103.7672972972973,0.285786709995758,703,22.81710810810811,3.878799737212713,21.392805150159994,6.3698268699159275
236,1,18,0.9577521929824561,98.08266917293234,0.21619891808824848,532,22.655398496240604,3.7882052917479427,24.595839714835165,5.955637874083939
236,1,19,0.8491617063492063,90.18716517857142,0.1605989183325652,448,21.629979910714287,3.415213057123421,26.157859137275768,5.550937062727252
236,1,20,0.8001706036745407,84.70818897637795,0.11826859693052183,254,21.140287401574803,2.8783787803622842,26.82585688497611,4.4680346244514375
236,1,21,0.7877008032128514,82.01506024096386,0.12914656801736096,83,20.952518072289156,4.425521362041868,27.018671809362086,5.323959688516951
236,1,22,0.8208179012345679,84.87777777777778,0.2058026608301785,36,21.76125,3.2990408162286897,27.477726573320954,5.673116967251015
236,1,23,0.8260714285714286,94.39142857142858,0.27273003601650003,7,24.423571428571428,6.811359821580976,31.072866875175233,9.604861196759332
237,1,0,0.7446031746031746,75.34,0.09904882732270748,7,21.749142857142857,6.1243741293450125,29.12299456594052,7.0438535463506415
237,1,1,0.6945555555555556,90.021,0.15309788014649256,10,19.172800000000002,1.2539905900763368,28.62415914667208,5.292173915226918
237,1,2,0.6166358024691357,75.83925925925926,0.08927571191655821,27,19.012592592592593,1.3191280412354935,31.279179595613208,3.7798520828498567
237,1,3,0.6076760563380281,73.70093896713615,0.0861631035907266,213,19.01288262910798,2.050134473345736,31.628852472366788,3.708745997171667
237,1,4,0.6186469816272966,78.78020472440944,0.09153448779063555,635,18.94494803149606,1.7994077334782475,31.033152813560026,3.7788637742760307
237,1,5,0.6279203652688501,80.04433425160698,0.08093208607926923,1089,18.27520385674931,1.6234358560241355,29.452587953235074,3.634047745649094
237,1,6,0.6432843137254902,80.61456503728252,0.09520776381945233,1207,18.069628831814416,1.7614471383847774,28.507545832668576,3.828206857592709
237,1,7,0.6807708779443256,84.23201284796573,0.10922805347986966,934,18.200061027837258,1.894524599812343,27.241595418763843,4.188085412483918
237,1,8,0.73567180935825,87.8189700130378,0.14060224471151772,767,18.642113428943937,2.4007653297603286,25.993086710109658,4.632566926743262
237,1,9,0.7306720793865584,87.5104194857916,0.12944423038484065,739,18.84129364005413,1.8367501689958756,26.42504540263086,4.409735109173
237,1,10,0.7924094285281188,88.97761255115961,0.8647407518956003,733,19.11399181446112,1.9413634911708157,25.716627668853167,4.39558069545537
237,1,11,0.8367728259394925,90.15380952380953,0.8207429773155249,819,19.474191697191696,1.9216614248903006,24.735811070537377,4.227553028583858
237,1,12,0.8220601602679105,91.21903121636167,0.17070191212222163,929,19.506498385360604,2.3325985283934605,24.414599054660435,4.332862976254871
237,1,13,0.8817200019306883,94.21155516941789,0.18757450989865013,1151,19.38197567332754,1.8881479334358653,22.747322967779674,4.2082763996457935
237,1,14,0.9894788975021533,97.79563307493541,0.6239310187634338,1548,19.530292635658913,2.1995078391782044,20.92231110360763,4.394531764215127
237,1,15,1.1064167424586933,102.85561391541609,0.30344736475714973,1466,19.60494474761255,2.2037706369205656,18.799010948019887,4.60879694923287
237,1,16,1.175433014107713,104.88834105653383,0.3256913064080821,1079,19.817355885078776,3.0461019686592086,18.02902181545047,5.03168629762959
237,1,17,1.0948609355246524,102.5392793931732,0.2936302594576907,791,20.048450063211124,3.030089811464529,19.486756647659497,5.278747595019482
237,1,18,0.9495486111111111,96.20927884615384,0.23338262562744783,624,19.758429487179487,2.187325852145259,21.79149699814696,4.747047865240468
237,1,19,0.8121099004573581,88.88016949152542,0.17942394614762466,413,19.2951985472155,2.2377034743513486,24.516814129453437,4.163801329671075
237,1,20,0.7512515842839037,84.87148288973384,0.1348762680732989,263,19.267855513307985,3.4713037140571728,26.122016047230073,4.538861311325581
237,1,21,0.7562037037037037,82.56414414414415,0.11573272362805982,111,19.033225225225227,1.4708469525764247,25.641439819682493,3.606457253479324
237,1,22,0.7226010101010101,81.84409090909091,0.1472793526331544,22,18.851454545454548,2.1406197083860397,26.690072567623293,3.878918956480961
237,1,23,0.8225277777777779,74.079,0.1460313734682963,10,18.773,1.9531515842635228,23.18516634554065,3.0064000957633334
238,1,0,0.9599074074074073,102.90666666666668,0.3904923622549151,3,27.720000000000002,12.47965143744007,28.629526188470518,2.0345339833633362
238,1,1,0.5618055555555556,66.47375,0.05689012120441083,8,21.7165,3.7507682260723993,39.04899073217819,7.90003291963357
238,1,2,0.6091979166666667,70.02737499999999,0.08263677465118031,80,21.2247,2.9015262565969513,35.31021733852581,6.138490714206256
238,1,3,0.5971971677559912,69.59976470588235,0.0966549890535328,510,20.607945098039217,2.7668535974976596,35.02342662032404,5.207780167596185
238,1,4,0.5997750522700119,71.52633064516128,0.09286518867932851,1488,21.00086760752688,3.4858314312746197,35.49886747167537,6.208431733672824
238,1,5,0.622319936086529,74.51392699115044,0.09294308273802869,1808,21.175097345132745,3.4323320625063305,34.50184375827043,6.18825855398965
238,1,6,0.6377013033386896,75.37643813604713,0.09775227970708213,1867,20.836689341189075,3.2579078400113537,33.21576142796812,6.171642725217512
238,1,7,0.6572896479328165,78.73265988372093,0.10312334994832016,1376,21.18972601744186,3.507074606221861,32.87447138996632,6.771011806482081
238,1,8,0.6944072137727081,78.75848859315589,0.11532419553057921,1052,22.272096007604564,4.081325812004335,32.84108670480697,7.544908927909943
238,1,9,0.6824317426400759,78.85162393162393,0.10827396086326042,936,21.83486004273504,3.856540624707159,32.701121932257244,7.330571137020093
238,1,10,0.6968814766839377,75.40012953367876,0.1113231311058674,772,21.265018134715028,3.262827284048792,31.130394093974356,6.201177547838169
238,1,11,0.7251534828807557,78.85247933884298,0.13111104690762473,847,21.634860684769773,3.461949940359016,30.62300544037485,6.629694775323387
238,1,12,0.7374566260612772,78.04717607973423,0.15344334380512673,903,21.725022148394242,3.616061656883431,30.3254998064387,6.634552647530485
238,1,13,0.7696514116575592,80.45304918032787,0.15697181807601823,1220,21.85193606557377,3.7144015127664822,29.279429508225757,6.723256409189922
238,1,14,0.8460907859078591,83.90914285714285,0.18788851983990254,1435,21.920840418118466,3.580722978162779,26.944051493516746,6.6131082653459075
238,1,15,0.9519317042606517,87.64846616541354,0.23289877464242428,1330,21.748849624060153,3.518532344171186,24.1147212684761,6.8467285205508555
238,1,16,1.0380450588837684,91.10280184331796,0.27454042815009794,1085,22.085045161290324,3.6515534884422665,22.79848805790634,7.310782423827043
238,1,17,0.9752192636423406,89.50275739644971,0.2557445587362412,845,22.752979881656806,3.9389739080942006,24.95409786061314,7.844628457562331
238,1,18,0.8365915915915916,84.07027027027027,0.20630665208929685,777,22.30456628056628,3.753645335564047,28.03181682216941,7.457969522550386
238,1,19,0.7434809670781893,78.4202037037037,0.15170566387575063,540,21.49770185185185,3.434055251088577,29.708758391549523,6.029314766156375
238,1,20,0.7207866273352999,75.19548672566371,0.12801100457798875,339,21.132489675516222,3.2812361858661534,29.92763319156844,5.501668892499205
238,1,21,0.6786626575028637,74.73123711340206,0.11766629951095064,97,20.410319587628866,2.4506375511724485,88.6484490904471,575.3241818256851
238,1,22,0.6731084656084656,78.10571428571428,0.09190279431966415,21,20.315523809523807,2.0349140674497193,30.618300578287588,4.315389086093108
238,1,23,0.8678935185185185,84.9575,0.30693779320764164,12,23.479916666666668,5.725292790581002,28.496105364717703,6.769916286760457
239,1,0,0.6483333333333333,64.703,0.09209849650773302,10,21.275299999999998,4.385607370833727,33.81261071684206,10.164984061523391
239,1,1,0.613829365079365,79.67428571428572,0.14000191537199758,14,19.482285714285716,2.5812936657829133,32.61642207274535,5.228547429375633
239,1,2,0.559519890260631,68.07691358024691,0.09309100705654991,81,19.4310987654321,2.927600577285682,35.14607494344415,4.995496290162483
239,1,3,0.563588,69.0564,0.08289412366607524,625,19.2685056,2.4811815023905717,34.63498152775766,4.865144793215256
239,1,4,0.570958433873377,70.6590279214064,0.08283743272075052,1934,19.54617993795243,3.0023464027457765,34.626910273611585,5.446124272731838
239,1,5,0.596184734954165,73.63705460342766,0.36083899572443223,2509,19.621976086090076,3.1484207597031353,33.684886709760136,5.5471429579748595
239,1,6,0.5941560173975428,73.9639991928975,0.0918830652911726,2478,19.493497982243746,2.869223790376269,33.31284816969312,5.447351273692817
239,1,7,0.6321520028033856,76.78883066472586,0.5289302419465495,2061,19.60354391072295,2.8712852486752776,32.27754180626634,5.69453445570499
239,1,8,0.6618061955965182,79.03039499670835,0.12437526950116533,1519,20.151915734035548,3.610299788209699,31.153240661380018,6.435046343788616
239,1,9,0.6518905994868206,76.43302309307208,0.11615721613484584,1429,20.077542337298812,3.5857225823335797,31.387673863144922,6.2616015794778965
239,1,10,0.671821954484605,77.2601124497992,0.1498211301260319,1245,19.929852208835342,3.499336322331673,30.388249292725423,6.07878640446237
239,1,11,0.7149765315205956,77.4367079388201,0.6197283921623047,1373,19.951636562272398,3.4091474556517083,29.134069215263924,5.834354098487237
239,1,12,0.7110013008876644,78.2406129476584,0.13378402136264678,1452,20.088896005509643,3.4375124419594973,28.918053327235402,5.967516426631331
239,1,13,0.7514833220070223,80.83903160040775,0.18882789306640554,1962,20.158302752293576,3.471218285207948,27.70566633970488,5.9965147731464885
239,1,14,0.8220852877943907,83.39412489006156,0.19526554041850597,2274,20.154379507475813,3.566752239479057,25.465503882310323,5.993917636464864
239,1,15,0.9562504887995084,85.97191050779286,0.5647969663126171,1989,20.14824836601307,3.4006790546669796,22.529177588213873,6.42999264790243
239,1,16,1.0440666529661597,89.60041923551172,0.3030024191580707,1622,20.33239889025894,3.4795136710989643,21.07156741816472,7.02985737774638
239,1,17,0.9696560438619035,88.81951426368543,0.2816031127848125,1297,20.80470778720123,3.9435102297689952,23.07340090231274,7.4675229544728685
239,1,18,0.8272846304454234,82.37381057268722,0.1986890741267924,908,20.58681718061674,3.7452490236016884,26.087969614740828,7.012011705166254
239,1,19,0.7278887347819387,77.31072122052704,0.16172772692402465,721,19.72653259361997,3.40691250977823,27.93675794153944,5.788594355928802
239,1,20,0.692797571918712,74.1140380047506,0.12434941059495697,421,19.212790973871734,2.5149718665498786,28.347684558443092,4.985582213482325
239,1,21,0.6577454337899543,75.77164383561643,0.10194895440489184,146,19.11435616438356,2.9806839385009614,29.482831654237906,5.0396432109322165
239,1,22,0.6745473251028806,79.34185185185186,0.11809313499794495,27,20.113666666666663,3.9206353782557706,30.209077797549465,5.437935121793721
239,1,23,0.7462179487179488,68.76153846153846,0.3136028592405316,13,18.806923076923077,3.478666853397013,27.827345884030198,7.808595369950392
240,1,3,0.6932870370370371,89.86166666666666,0.14778909905116114,6,30.1925,1.8022479019269246,44.71713284764545,6.701116520626944
240,1,4,0.7598412698412699,89.30142857142857,0.040986063933999305,7,30.053428571428572,1.2802612828563356,39.65684406095851,2.8654465398902973
240,1,5,0.7694444444444445,88.15,0.10624990922290967,5,29.898000000000003,1.079962962327876,39.350650418949385,4.601643791031688
240,1,6,0.8139814814814815,71.81666666666666,0.2358791889284583,3,29.487,2.4649902636724548,37.994491302380496,9.434492647148463
240,1,8,0.9206944444444445,100.5,0.006088975060217502,2,28.85,1.711198410471445,31.341874278036748,2.0658735509570567
240,1,9,0.9710416666666667,101.22999999999999,0.19060216671588523,4,31.4275,4.156692395001903,33.258957559469735,7.0626826156953095
240,1,10,0.7991666666666666,78.285,0.17441967269268172,2,30.475,1.52027957955108,38.85119578692704,6.577017651708904
240,1,13,0.9538492063492063,89.92285714285715,0.1857290459584597,7,30.666,2.316099019184341,33.21446285948185,7.062888382517096
240,1,14,1.3715277777777777,135.065,0.5839523501298906,2,29.956000000000003,1.5641201999846444,23.751361418875106,8.972142831324918
240,1,15,0.804861111111111,91.095,0.19111524947069736,2,28.715,0.5020458146424494,36.6357232365841,8.075430010879819
240,1,16,0.8271296296296297,85.43666666666667,0.03364705760682072,3,28.846666666666664,0.2315887159024227,34.907493407594075,1.1768405164823172
240,1,18,0.7727777777777778,85.85,0.008642416214502185,2,27.815,0.1767766952966369,35.99706010047758,0.6313306169159859
240,1,20,0.8356944444444445,99.215,0.05558644974327583,2,30.481499999999997,1.1716759364261105,36.60205311674722,3.836634482633605
241,1,1,0.64,75.0,0.08339426784536826,7,26.864285714285717,0.9359105573870673,42.51532388901186,5.04803941464341
241,1,2,0.6781578947368421,84.14999999999999,0.1460841526356939,19,28.296000000000003,2.842633442582579,42.66311575651579,5.29905566209297
241,1,3,0.6381363636363636,79.69727272727273,0.09730989099511068,55,27.3284,1.3942055164939724,43.4296468738716,4.650499188226373
241,1,4,0.711617199391172,86.34191780821918,0.3304185165104296,73,28.065246575342464,4.7439873020160475,41.602174210637585,6.563529543912981
241,1,5,0.6698446327683616,82.73966101694916,0.08656846581823625,59,27.187474576271185,1.2736190812003654,41.20647214204389,5.220042928123121
241,1,6,0.7238756613756614,87.77452380952381,0.1214012826361553,42,27.161214285714284,1.283119570036421,38.30491322423077,5.020966431874131
241,1,7,0.7502651515151516,84.20363636363636,0.14506790756320728,22,27.534545454545455,1.2637169562265695,37.80558869855209,6.408275210382175
241,1,8,0.8473692810457516,96.16823529411764,0.44200600736674767,17,29.97105882352941,11.294523592601132,36.83642566860366,5.4573205330944194
241,1,9,0.7431432748538012,85.13052631578948,0.1248744929806897,19,27.865578947368423,1.6671140504806328,38.31749888168506,5.6160870774361005
241,1,10,0.8258148148148148,85.90466666666666,0.08625809694546789,15,27.647199999999998,0.9757133800455954,33.81735806314172,3.6199344027404585
241,1,11,0.8564660493827161,87.79333333333334,0.19793780257640511,18,27.312333333333335,1.569680671909005,33.41734547711753,7.450962478619573
241,1,12,0.850515873015873,86.79892857142856,0.14784290920370827,28,29.142785714285715,2.406825515797118,35.34555454134081,7.214286183496626
241,1,13,0.8925766283524904,88.74206896551723,0.18296897259506614,29,28.34551724137931,2.0816630477421114,32.85693323361804,6.294711308617616
241,1,14,1.0445524691358026,95.85333333333332,0.28671795159084873,36,27.705111111111112,1.424520145327697,27.9758287433509,6.22668213937404
241,1,15,1.0858940972222222,95.1753125,0.2491552607481082,32,28.186,2.0783895285191525,27.1788177854803,5.9715447128477
241,1,16,1.0620580808080808,97.84227272727271,0.23547851233163808,22,27.587136363636365,1.7586875597730354,27.255360360814315,6.426247027330603
241,1,17,1.077512077294686,95.63565217391304,0.27566170617339464,23,27.987608695652174,1.895605342007724,27.501609145732324,6.825584595867419
241,1,18,0.9415277777777779,96.03444444444443,0.1922337034710135,18,27.330055555555557,1.6618346159740671,30.004512269693254,5.665541036415705
241,1,19,0.8486111111111111,86.6425,0.12970142912972876,12,28.856333333333335,2.729961282886738,34.419622919722514,3.8814519217569274
241,1,20,0.7218229166666666,84.22375,0.07554772350133768,16,27.178625,1.1841232973526585,37.97538311963281,3.6492571197006605
241,1,21,0.7022222222222222,74.535,0.03535533905932741,2,27.255000000000003,0.8980256121069138,38.82952124842778,0.676146755424602
241,1,22,0.7145833333333333,81.85,0.052443752938002304,2,27.4525,0.2934493141924166,38.536343999803634,3.2388662176820833
242,1,2,0.6676736111111111,80.86375,0.06256353692845568,8,28.992874999999998,1.0077756889733511,43.678541226235,3.3399824278094274
242,1,3,0.6609661835748792,79.70739130434782,0.07113650063462079,23,28.25791304347826,1.6353164251228802,43.05068034578758,3.4987069707820195
242,1,4,0.6926096491228071,91.1328947368421,0.10672599739360608,38,28.805789473684207,2.155960501542301,42.12057460631428,4.074556620497553
242,1,5,0.7546732026143791,83.18882352941176,0.1124441405943155,17,28.168470588235294,1.1282249951609307,37.969352560470654,4.849483859453662
242,1,6,0.7756286549707603,93.34947368421052,0.12936950892587776,19,28.180473684210526,1.5543155109572633,37.0806476047711,5.105998266442032
242,1,7,0.8440656565656565,91.68727272727273,0.190368845714394,11,29.027272727272727,1.7882790101608375,35.515603193299995,6.034364685269227
242,1,8,0.943858024691358,95.92,0.2063985363213858,9,27.79511111111111,1.0388021279873805,30.628558506158715,6.248183971580072
242,1,9,0.9210897435897436,88.63692307692307,0.19471345351744468,13,28.626692307692306,1.9993689581388494,31.808531269095518,4.239596399921936
242,1,10,0.9858159722222222,97.095625,0.18095290945385437,16,28.772312499999998,1.3539696066874372,30.047071218621017,5.269976848979175
242,1,11,1.066183574879227,103.51347826086956,0.42271621999545433,23,29.809173913043477,6.594889740977644,29.250380987764764,5.114450899626301
242,1,12,1.1698397435897436,101.83615384615385,0.272689895020248,26,29.886692307692307,2.863862730917539,26.521256514425367,5.33594333407043
242,1,13,1.1678240740740742,116.44083333333333,0.2689540667734834,24,29.604,3.306912010241316,26.477636719212807,5.931385864975046
242,1,14,1.1611507936507937,107.52000000000001,0.2654175502298551,21,28.87404761904762,1.5294260517001292,25.90640943869135,5.064241818847476
242,1,15,1.6064814814814814,117.87333333333335,0.427757751369341,15,29.887533333333334,2.3740844510994923,20.024825933919487,6.34467736316658
242,1,16,1.2645833333333334,105.61166666666666,0.2528852254938145,18,28.16927777777778,0.8077192876936995,23.08170513106077,4.365723637748205
242,1,17,1.1388888888888888,99.792,0.2686737788009925,20,29.1606,1.8558382245738647,26.757779669288947,5.48031687802535
242,1,18,1.0160493827160493,98.3488888888889,0.10492922528182588,9,28.147888888888886,1.0957862981033808,27.98507824038224,3.2990490906336003
242,1,19,0.9664444444444443,89.29400000000001,0.06049449010722657,5,27.3564,2.106892688297153,28.36775700522229,2.4492788621609436
242,1,20,0.8185185185185185,86.46166666666666,0.12378890667437795,6,27.623833333333334,1.3483353316837279,34.31661926301655,4.753236119527121
242,1,21,0.659513888888889,84.63499999999999,0.05131820714691487,4,27.36375,0.9324106302125338,41.63552583950887,2.7030708598884194
243,1,0,0.6900555555555555,72.67999999999999,0.23586125669004526,5,25.163400000000003,3.388871168988281,38.571568007780364,8.337218675561514
243,1,1,0.5831172839506172,74.46666666666667,0.08709106134611244,9,24.38377777777778,1.189644251213128,42.38024013983959,4.37183998451645
243,1,2,0.5962760416666667,71.63625,0.09650224363468715,64,24.397625,1.538337873387512,41.65333980255206,5.187664584780118
243,1,3,0.5723882248782648,72.57011952191235,0.09804966988720268,251,90.42734661354582,1048.3551240118113,163.54891763984935,1906.1614356362645
243,1,4,0.5684940209267564,72.5116591928251,0.08954040915656207,446,23.93601121076233,1.1798673272815023,42.91117767423546,5.540322774234977
243,1,5,0.5855826154185995,73.12387673956262,0.09056750782930388,503,23.93554473161034,1.2222068495776233,41.66353777973125,5.551409285875074
243,1,6,0.6021501367138951,75.20472035794184,0.1320653065995834,447,23.918353467561523,1.3228849149109447,40.860146437238924,5.899894950464792
243,1,7,0.5976490344248531,76.01382871536525,0.10798885553620187,397,24.024952141057938,1.3570474821891307,41.128422335553005,5.656936934846677
243,1,8,0.6166236897274633,75.57437735849057,0.12338360615516653,265,23.997566037735847,1.8822268717052855,39.89838838626676,5.70234222930723
243,1,9,0.6102857142857143,73.84246428571429,0.10997451041446514,280,23.9876,1.6261167491051898,40.1685875903858,5.411867670436042
243,1,10,0.6284203011422638,74.97906542056074,0.12452329262228946,214,24.094761682242993,1.8478281692132525,39.295845867438906,5.485695737675082
243,1,11,0.6297815656565656,74.21318181818182,0.1363677895363054,220,23.94244090909091,1.7482573139448694,38.92295013057588,4.996112144496821
243,1,12,0.6536885245901639,75.46516393442623,0.15260319143897697,244,24.141040983606555,1.9632982909846852,38.112676621502686,5.856783134963615
243,1,13,0.6725963192294462,77.27195046439628,0.12457676716668908,323,23.90178947368421,1.464475239028425,36.454191194613564,5.422276702083874
243,1,14,0.7387403100775194,78.48828488372094,0.1875358725725712,344,23.975119186046513,1.543102193420538,33.97345042695012,6.54093771042036
243,1,15,0.8292492012779553,86.21613418530352,0.3570991360869939,313,24.646891373801918,11.036789862207286,31.303625942683873,7.066447547312627
243,1,16,0.8413462903798368,83.94134185303514,0.22166656214908118,313,24.18264536741214,1.713003461119387,30.266704348249693,6.318833278106413
243,1,17,0.8079639274691357,82.36975694444445,0.18786095127863145,288,24.135034722222223,1.5039675561460737,31.167191250871667,6.056206083583288
243,1,18,0.6962800819252432,78.66672811059908,0.14044219333343536,217,23.839718894009216,1.318964608397882,35.29726694878757,5.691898721253166
243,1,19,0.6528224553224553,77.56790209790209,0.14291568914420152,143,24.00532167832168,1.8529163028512141,37.72518933741249,5.176288177318252
243,1,20,0.6463333333333333,73.20575,0.09818496001359252,80,23.9781125,1.4008640551843692,37.75544543532299,4.79846731916499
243,1,21,0.6671626984126985,71.63571428571429,0.12315010573824335,28,23.72617857142857,1.9622972941516588,36.60509823147039,6.431722627109009
243,1,22,0.6826234567901235,78.7911111111111,0.11868119441924718,9,25.459777777777777,3.8978589243897015,37.742412514146956,4.787378426818107
243,1,23,0.5540277777777778,82.78999999999999,0.0500867303340471,2,22.9375,0.5692209588551705,41.52460236247701,2.7265972257958917
244,1,0,0.5291666666666667,62.403333333333336,0.031915445774927595,3,23.093333333333334,0.6316908526592223,43.73063087634366,2.504187999035831
244,1,1,0.5608625730994152,71.65684210526315,0.0769510122624143,19,23.58173684210526,1.089155118128281,42.817587669529054,6.252841097986614
244,1,2,0.589471218206158,71.52506024096385,0.16959519269671536,83,24.223373493975902,1.7367845655387832,42.781050972166,6.778146154141298
244,1,3,0.5637509077705156,70.23477124183006,0.09483777051488806,306,24.067176470588233,1.6115316413434475,43.511235376778465,5.584459540879969
244,1,4,0.571680216802168,72.87666666666667,0.1033872873275813,615,24.10770243902439,2.2464305840528405,43.071505472591255,5.925019998021679
244,1,5,0.584961524024024,73.3197804054054,0.10771205198198615,592,24.022238175675678,2.418055350384875,41.88897584349393,5.588120142231743
244,1,6,0.5913627382612738,73.83721757322176,0.09776582144150842,478,23.961956066945607,1.6257503863817957,41.40273474622118,5.931819112974914
244,1,7,0.5853302546879373,75.5071032745592,0.12970795255238413,397,23.919921914357683,1.6922618572142383,41.940747004426164,5.887137295836377
244,1,8,0.6094879984514131,75.1329268292683,0.1302045799192255,287,24.07273170731707,1.9494216430656217,40.68559986192774,6.251946901106126
244,1,9,0.5956393480257116,73.71314049586778,0.11731949910254484,242,24.120669421487605,3.0690467991559887,41.2647360304322,5.2615172749603225
244,1,10,0.6222665484633569,72.89372340425533,0.15631537018080624,188,23.808175531914895,1.7264162274533204,39.55526045811274,6.146861309775714
244,1,11,0.6056507112648981,73.17370242214533,0.11181095796139225,289,23.73483044982699,1.849209159692817,40.05180304488471,5.708183860769786
244,1,12,0.6163164251207729,73.67888586956522,0.11057130925603514,368,23.79209510869565,1.4916660451940063,39.49041985556574,5.494178618502794
244,1,13,0.6673318112633181,77.71120547945206,0.1639943119705263,365,24.18289315068493,2.9724176301829113,37.36655320350907,5.748250576905012
244,1,14,0.7067268802544876,77.9438445807771,0.17077692297950717,489,23.98656237218814,1.6389098087961185,35.302851973652515,6.2884495398725475
244,1,15,0.7716158466158467,81.46191268191268,0.18641398875239945,481,24.04601455301455,1.5684834082230836,32.54964173929725,6.3448653930382894
244,1,16,0.8343483412322276,84.56672985781991,0.20493096971646932,422,24.319758293838863,1.9477038099934787,30.553208967100204,6.433160135407682
244,1,17,0.7832431149097816,82.69669515669516,0.1696610903429475,351,24.05654415954416,2.0301099147340533,31.89517031111269,6.197757739003001
244,1,18,0.6975259710930443,78.52060975609756,0.19366694478704252,246,24.0914837398374,2.0400104055706603,36.03282359833332,6.364792345806628
244,1,19,0.6222929606625258,74.51602484472049,0.09962274653715969,161,23.98186956521739,1.3842113193549732,39.25178403535229,4.924710278395887
244,1,20,0.6049240041928721,72.19377358490566,0.08350275135679489,106,23.609377358490566,1.1151746858918157,39.64048425217293,4.805796933226881
244,1,21,0.616078431372549,75.34058823529412,0.08327960570771571,34,23.310264705882354,1.6013565519881463,38.45006498875891,5.3010871302554525
244,1,22,0.6165972222222222,79.45,0.06531867175678442,8,23.098125,0.4677409043171535,37.79665150834297,3.713843702167843
244,1,23,0.48509259259259263,61.96000000000001,0.030288394333072875,3,22.819666666666667,0.3898978498701075,47.14912406443176,2.6972929948320488
245,1,0,0.48812500000000003,43.685,0.17668564640069925,4,14.3325,1.4889453762087221,31.387966730013797,7.468128092819292
245,1,1,0.4406481481481481,47.76333333333333,0.027853138514409494,3,14.494333333333335,1.0293038100256566,33.07167085262093,4.275588871029014
245,1,2,0.4417982456140351,49.322105263157894,0.07792652049336247,19,13.777315789473684,1.5377109630382273,31.868455001712103,5.309684997204426
245,1,3,0.4303849518810149,49.44055118110236,0.06609821624466244,127,13.81692125984252,1.4120653038447661,32.614927827097056,4.533625101388014
245,1,4,0.43082895888014,50.22413385826772,0.057433982352849196,254,13.863527559055118,1.1727477603961465,32.58587305260686,4.107425565491938
245,1,5,0.45155631659056317,53.44465753424657,0.0622735688732286,219,13.902657534246574,1.011969506092838,31.297031741912082,4.341809893322787
245,1,6,0.472439184746877,55.62502958579881,0.0730590537825521,169,14.043786982248522,0.9932770507725598,30.370191034005558,4.721486220338645
245,1,7,0.4967229992229992,54.64972027972028,0.08580397013740823,143,14.014776223776224,1.1363386993816589,28.966292603806927,5.0009755140431285
245,1,8,0.49325892857142856,53.42026785714285,0.10383446850553055,112,14.21444642857143,2.561129525727798,29.4165060377841,4.699870147802473
245,1,9,0.5099770642201835,52.81119266055046,0.1602549985615363,109,14.432871559633027,3.040539544898415,29.196987497298206,4.834657977658594
245,1,10,0.5058099415204679,49.31915789473684,0.12579973786309798,95,13.88898947368421,0.962465976129633,28.6857591043031,5.531214013243857
245,1,11,0.5132478632478633,50.190673076923076,0.11595591195839747,104,14.136951923076923,1.191358508071163,28.5376911813942,5.1206001802271235
245,1,12,0.5641078431372548,52.944941176470586,0.36274722735241166,85,14.62895294117647,4.17251314559224,28.117359397098827,6.035458585893112
245,1,13,0.5089217171717172,52.574090909090906,0.09135247743124836,110,14.053627272727272,1.2506112403455887,28.323608003754586,4.740337476518858
245,1,14,0.57628367003367,54.17969696969697,0.13066888919050135,132,14.130893939393939,1.3691442876002275,25.507908245286433,5.206689897168177
245,1,15,0.5899774164408311,56.84252032520325,0.169525058436913,123,13.945195121951219,1.6091337230524176,24.512896544782464,4.399709009494863
245,1,16,0.5957728272827283,55.39990099009901,0.09888226104474755,101,13.998722772277228,1.5492837707715905,23.95657065750437,3.731109047165571
245,1,17,0.5851944444444445,53.66914285714286,0.12025605574548155,70,13.9467,1.6275710305299398,24.558771958946313,4.537755787410596
245,1,18,0.5377222222222222,53.91675,0.11746674458655561,80,14.114949999999999,1.2417076736637507,27.2280507439638,5.140566721973678
245,1,19,0.49490476190476185,47.63485714285714,0.0704531944569714,35,13.785942857142857,1.0142596239986834,28.289294171645157,3.733530169967862
245,1,20,0.47475555555555554,46.9996,0.05687260147341521,25,13.81176,1.191618726774634,29.442118687104166,4.000788499522031
245,1,21,0.5098809523809524,54.14,0.050773810816063636,7,13.754142857142856,1.2657185612095911,27.048793436300738,1.934013060765984
245,1,22,0.7798148148148147,90.09333333333332,0.548411871931781,3,29.623333333333335,26.951664759961183,34.577245505336386,7.37810072019938
245,1,23,0.46222222222222226,45.163333333333334,0.08359034441257163,3,14.798666666666668,0.6308607876016178,32.687831518280504,5.745184696397396
246,1,0,0.6745833333333333,75.900625,0.33606378607752013,16,19.5205625,8.866052469720294,30.939417880024546,8.0410033532114
246,1,1,0.5488194444444444,54.900416666666665,0.15877204772066392,24,16.880041666666667,3.020833983308276,32.26000544626407,6.793506543542768
246,1,2,0.4733806146572104,56.0086170212766,0.0898595231532563,94,16.958021276595744,1.494149464812123,36.578976581042035,4.844630589294971
246,1,3,0.4659337754709727,59.42148788927336,0.08174101460190172,578,16.76408131487889,1.3106616194597236,36.75586376681508,5.356929544254932
246,1,4,0.47230563124432334,62.67663760217984,0.08264445404465252,1835,16.90666811989101,1.5939395898113071,36.52105194625585,5.2253127035963445
246,1,5,0.48884980578334053,62.8502287440656,0.08366297865130796,2317,16.55397583081571,1.5447462561732825,34.59274601255303,5.391793843446266
246,1,6,0.5000626058691572,63.0447136382365,0.08625607313699421,2427,16.35527770910589,1.6825574249890698,33.434596221613326,5.500800122610567
246,1,7,0.5127475051722039,63.69638006571741,0.09391407201301627,1826,16.3915569550931,1.9374960505945331,32.72381294988286,5.56872783401944
246,1,8,0.5357774098601913,65.06690066225165,0.10201218515322703,1510,16.45191986754967,1.9914454430106117,31.50603711376591,5.601981723517217
246,1,9,0.5292330046496713,64.85270562770563,0.10450474325128467,1386,16.42236147186147,1.828132254318558,31.89460317677131,5.795958746439575
246,1,10,0.5396840252779778,64.52665226781858,0.12322812086432568,1389,16.493494600431966,1.7591871999925979,31.554153092582922,5.714595625565523
246,1,11,0.5574047666204529,67.9407605466429,0.14144735082259738,1683,16.78843374925728,2.6843245971793386,31.21932243469244,6.083398947016874
246,1,12,0.5631484543658996,66.80470028937577,0.14169153204025353,2419,16.82017114510128,1.6070307047983146,31.105952028358214,6.199491901351824
246,1,13,0.6072207620421907,68.8095423623995,0.5932620049695948,3234,16.90046536796537,1.8114932704938778,29.869614841688268,6.418587757624882
246,1,14,0.6700779205329527,71.99330240304543,0.5343396425913841,4203,16.965266476326434,1.8226956754642705,27.31269473616669,6.6767729490462795
246,1,15,0.7705456897773997,77.60266907698852,0.4035295065330133,4702,17.17017545725223,1.9562717164979906,24.02647810283351,6.419503547696118
246,1,16,0.8670687984496125,81.64506782945737,0.237155731945117,4128,17.350420542635657,2.2497416867006286,21.384564767975252,5.973604647193786
246,1,17,0.8483540672574414,83.97539877300613,0.24120858018085686,2934,17.3620712338105,2.27287471292607,21.99791061258632,6.3473547800957455
246,1,18,0.6990424439037577,76.62363990267639,0.20215223177688005,2055,17.320748418491483,2.1923044385267754,26.50014726381434,7.010850503614125
246,1,19,0.5970128241529433,68.529667802385,0.15230115788190143,1174,17.03057069846678,1.8315941122458512,29.973000036631184,6.57956369855123
246,1,20,0.5482958446251129,65.38450406504066,0.11612739975136438,615,16.729447154471547,1.555357313091904,31.584269804066665,5.883688451933175
246,1,21,0.5527222222222222,63.52871111111111,0.12622015271365422,225,16.60466222222222,1.719186859194019,31.12585607520201,5.77919999912102
246,1,22,0.5552004219409282,68.41708860759493,0.15219045315379912,79,17.077683544303795,2.8138117660892212,32.01154990655815,6.196621563143655
246,1,23,0.660042735042735,74.73076923076923,0.26818570559792987,39,17.496641025641026,3.493042773158483,28.491428138090953,6.148389845418595
247,1,0,0.7465277777777778,94.27,0.09408448560787669,2,25.810000000000002,0.5656854249492398,34.89829729295202,5.155968590753703
247,1,1,0.59125,59.635,0.022588133287903562,2,24.84,0.4384062043356577,42.029192839910536,0.8641941742329791
247,1,2,0.6144444444444445,78.80000000000001,0.04510276332176618,9,25.671777777777777,1.1840094781902906,41.9066347262689,2.449071163892518
247,1,3,0.6407111111111111,71.7092,0.09991911209025704,25,25.30656,1.0255467273605816,40.25327729167073,5.379587192166166
247,1,4,0.6281167608286252,78.10949152542373,0.0880248061996339,59,25.711033898305086,1.6922798024752226,41.5502561928813,5.105255571205231
247,1,5,0.6436793372319688,78.3321052631579,0.09787533294959366,57,25.305298245614036,1.1720729037069364,40.16302493630946,5.994523415843312
247,1,6,0.6521440972222222,81.613125,0.0865051751770516,32,25.72425,1.7496687059684068,40.03735550793255,5.169885192931697
247,1,7,0.6400948509485095,77.98780487804878,0.08586817455749711,41,25.876097560975612,1.2338667027859622,41.002487046813044,4.763284693949815
247,1,8,0.721875,78.115,0.14231704495570893,20,25.38595,0.9325172765437811,36.27498758467534,6.077101801971736
247,1,9,0.6925520833333333,76.498125,0.0911294143059691,16,25.710625,0.6206052824998077,37.74229306950848,5.054800516149623
247,1,10,0.7221031746031746,79.86142857142856,0.10888253139847079,21,25.519761904761904,0.9242121458172853,35.98816423105008,4.650200766589657
247,1,11,0.8000992063492064,87.9557142857143,0.17044456169912536,14,25.130714285714284,1.0477022058237304,32.32745379512583,4.934509505584322
247,1,12,0.8135386473429951,86.31913043478261,0.18954426591569973,23,25.925782608695652,2.3115167581741987,32.91957548364615,5.399833470791193
247,1,13,0.8846399176954732,89.29666666666668,0.18342858531154482,27,26.169333333333334,1.2191165464573739,30.617468738829032,5.413640738903453
247,1,14,0.8882716049382716,85.17638888888888,0.1428375687158148,36,25.779222222222224,1.1701440719870129,29.64774929101658,4.275002774778731
247,1,15,0.9912275985663083,92.45903225806451,0.24332369097876716,31,26.669483870967742,3.784239931355373,28.15277841785495,6.261728791227324
247,1,16,1.011159420289855,95.47847826086957,0.2365708110548893,46,25.98891304347826,1.5171737002449572,26.870946792894628,5.490105564710071
247,1,17,0.9467307692307693,93.73666666666666,0.24828522092982852,39,26.21051282051282,1.9534859647064258,29.19467468991004,6.3152155396172125
247,1,18,0.9128819444444445,91.22791666666666,0.20988142711876523,24,26.35429166666667,2.7900650682636283,29.735637624094625,4.715172514588076
247,1,19,0.806268115942029,86.49217391304347,0.13143929954429637,23,25.58286956521739,1.1711676498399455,32.397410757409055,4.517046300174011
247,1,20,0.7703055555555556,81.012,0.13521432017346602,10,25.032,0.891466831189535,33.26515204306017,5.132805209296036
247,1,21,0.7151068376068376,90.03538461538461,0.12746174375941424,13,25.472461538461538,1.9516140164568319,36.48920451927886,5.852085638922026
247,1,22,0.9076041666666667,105.42375,0.3284333616564276,8,26.9755,2.840786963400912,32.62064530886388,9.587833281968988
247,1,23,0.6296296296296297,85.16,0.05925875289135511,3,25.746666666666666,0.4885011088353154,41.14743911299218,4.132717308030539
248,1,1,0.7076388888888889,77.445,0.102726901822379,2,28.167,0.060811183182045814,40.221777582181005,5.753001251834042
248,1,2,0.6610648148148148,80.80499999999999,0.0627717343862672,6,27.969333333333335,1.706940850371407,42.4951777769514,2.9829026862123316
248,1,3,0.6185964912280703,75.65894736842105,0.07106549183440392,19,27.95373684210526,1.6218518168406983,45.56350322298331,4.095024969985203
248,1,4,0.6359649122807017,85.86368421052632,0.09641985344336805,19,27.735894736842102,1.1895788187765757,44.433378237928174,5.902305359197165
248,1,5,0.6489327485380117,82.65894736842105,0.07587866998002835,19,27.417105263157893,0.7394080887016504,42.76668676444544,4.811946363463868
248,1,6,0.7248366013071896,81.11588235294118,0.11977228340860888,17,27.75047058823529,2.9540628403447813,39.00735027402629,5.806346752542568
248,1,7,0.7993939393939393,87.05909090909091,0.23746279169814674,11,27.37572727272727,0.7677895663408152,36.052376383831565,6.866758734236334
248,1,8,0.7716025641025641,84.29307692307692,0.1852391178586709,13,28.518153846153844,2.330570954585802,38.1692986633842,5.953554141121752
248,1,9,0.6738492063492064,79.92999999999999,0.14406613819767314,7,27.315714285714286,1.1830871642001854,42.18928188319126,9.245849513197244
248,1,10,0.8069907407407407,88.30416666666667,0.09888149964826516,12,26.901916666666665,0.3688597807823292,33.80418185312032,4.24146400784704
248,1,11,0.9071296296296296,89.90666666666668,0.03722878604370639,3,27.156666666666666,0.9847503913852117,29.94288298491597,0.44113275027790394
248,1,12,1.0210000000000001,90.564,0.213390159291155,10,29.0036,2.7767062902334887,29.560790736468892,6.693462991836749
248,1,13,1.1032777777777778,110.958,0.2677049232381166,10,29.118900000000004,3.205456648002313,27.174746405914494,4.1213445735478675
248,1,14,1.0063157894736843,92.11842105263158,0.20434033182772526,19,27.710526315789473,1.4075134642506208,28.3780553864581,4.664077675144033
248,1,15,1.1401157407407407,103.00583333333333,0.31410648706755484,12,27.129416666666668,0.49172450866744744,25.52520743342106,7.2136234010068465
248,1,16,1.1508333333333332,99.45428571428572,0.08881449433111785,7,27.684285714285714,1.3547675956027438,24.152865973502248,1.7757434939043264
248,1,17,1.1148055555555554,102.667,0.21423277029830076,10,28.772000000000002,2.1978391408128326,26.514176564588837,4.4904062135650715
248,1,18,0.7695707070707072,80.56818181818181,0.07428147207180108,11,27.086000000000002,0.9166482422390834,35.49852306466393,3.6606718576056756
248,1,19,0.95375,94.36699999999999,0.15372697559209103,10,27.7974,0.8458948187833076,29.856041377799038,4.977911522341786
248,1,20,0.7100396825396825,90.71142857142857,0.13826753869761188,7,26.844285714285714,1.1244384842052966,38.869562455361326,6.5031475761051984
249,1,0,0.6728535353535353,76.60909090909091,0.32811992480124386,22,17.572363636363637,4.055720587086773,29.063473110830703,7.426925881225737
249,1,1,0.6469212962962964,69.13916666666667,0.5101506539497458,24,18.081458333333334,4.249968807856549,32.7956598119186,7.5237302013102045
249,1,2,0.5082291666666666,58.87267857142857,0.10599387413344195,56,17.142232142857143,2.745972793290841,34.404546720408675,4.832526440857291
249,1,3,0.5218847125097126,60.37124125874126,0.1148796414687854,572,17.641823426573424,2.8294189687666034,34.42428275931403,4.261164006956384
249,1,4,0.5339180099257619,64.17140273163528,0.10626702868202824,2709,17.759153562200073,2.583473706364445,33.886315056507286,4.489895525391758
249,1,5,0.4842373158221438,59.757197882975596,0.1100637492081898,3401,15.765660688032932,2.665779135771726,33.20264989657074,4.30844373725279
249,1,6,0.45453827884884046,56.31678681195865,0.0950857672439903,3579,14.508764459346187,2.0321286204715276,32.57243767353861,4.305790331819554
249,1,7,0.4557641348550439,55.88898071625344,0.47163457476502685,2541,14.40321251475797,1.7809061295366675,32.922232742584086,4.234337506148704
249,1,8,0.4561106952761144,56.89008483033932,0.09773295723381539,2004,14.271457085828343,1.720798461075331,32.003932223568725,4.328202079826458
249,1,9,0.4498875346809354,54.5608501783591,0.08583162531903826,1682,13.962145659928657,1.0941179795029308,31.70329395942824,4.139452526615856
249,1,10,0.4583244660343897,54.1593546148508,0.0974807828711363,1441,13.939567661346288,1.3341967182887138,31.18931854860461,4.365036352199404
249,1,11,0.5034941897998709,55.336785022595215,0.11605805502679638,1549,14.039231762427372,1.3359854920661263,28.772538823523664,4.6092040955688365
249,1,12,0.5323266452142091,56.7144804088586,0.12409985115944729,1761,14.036947756956273,1.5445073164858132,27.256696929960214,4.586771717376916
249,1,13,0.5894881699046454,60.06875631023406,0.17804946058777302,2179,14.105162000917852,1.719282865882519,25.13036463897812,5.0306296142940425
249,1,14,0.7022002748196496,64.25405015458605,0.19126725818329648,2911,14.115074544829957,1.5685109136355218,21.18109483990615,4.66725796762057
249,1,15,0.8530862028578121,70.809223471539,0.2536718241366387,2846,14.221216444132116,1.5894322914245191,17.885372705332664,4.673439873079444
249,1,16,0.9398423331979969,73.23859114900527,0.5417743005028152,2463,14.290693463256193,1.7021511166370373,16.53897278267579,4.554146353928444
249,1,17,0.8839022378209743,72.68992980561555,0.2710984291143381,1852,14.298776997840172,1.6123607385494159,17.43943572720525,4.764711111108656
249,1,18,0.7424167583425009,67.1567392739274,0.2220747047188692,1515,14.334661386138613,1.7439422504336217,20.634368470805157,5.229383792746378
249,1,19,0.6189498401278977,61.36723021582734,0.17678981972138919,1112,14.075031474820143,1.5438558150249337,24.073039413566075,5.373364890051879
249,1,20,0.5660242272347535,57.36957894736842,0.15836259642820844,665,14.066655639097746,1.8737369208097632,25.997782767654133,4.985371570300967
249,1,21,0.518687530325085,57.39764192139738,0.14365373629372122,229,14.055458515283842,4.691166673455538,27.91729153098866,5.19132052346069
249,1,22,0.5321563088512241,65.0471186440678,0.19542793382070645,59,13.993796610169492,1.7778860440156314,28.13499334484182,6.107251874768569
249,1,23,0.6922002923976608,75.03184210526315,0.2949758320576061,38,17.61142105263158,3.230440172765172,27.683997832571425,6.169158935305092
250,1,1,0.6221296296296296,80.55666666666667,0.051078139526108096,3,28.504333333333335,0.7711590843226401,45.956183162077366,2.5534393976517147
250,1,2,0.7489285714285714,80.27,0.11378647479368084,7,29.334285714285716,1.7338722284995236,39.7469912659373,4.68047439759598
250,1,3,0.6553535353535354,82.14363636363636,0.09502420832793174,11,28.528727272727277,1.0481830079627408,44.22310543146214,5.457352306891652
250,1,4,0.6527777777777778,85.80461538461539,0.07141509462810179,13,29.01523076923077,1.374905763670499,44.83405174216054,4.245742843345364
250,1,5,0.7083040935672514,87.24263157894737,0.10592337210146796,19,28.612684210526314,1.438358479989972,41.00206132263846,4.618919342962051
250,1,6,0.798939393939394,83.88818181818182,0.14103534810956467,11,29.714454545454544,2.620737810756214,37.81007044241836,4.549639650171801
250,1,7,0.8757539682539682,96.96857142857142,0.19469140082382055,14,28.92792857142857,2.2198416251298965,34.38848697936952,7.067141904657041
250,1,8,0.879563492063492,86.80285714285715,0.259558665927765,7,28.550428571428572,0.7275167482935482,35.123137137801514,10.74532567753691
250,1,9,0.8543888888888889,93.09,0.12028938871337337,5,28.327800000000003,1.2926365305065461,33.5750555446988,3.9582981512347057
250,1,10,0.9558796296296297,100.06666666666666,0.2817379781755155,12,29.532916666666665,3.2551137239827117,32.436216073399876,6.619707328976191
250,1,11,0.9288541666666666,91.8675,0.1723805236052795,8,29.7175,2.9632258001807994,32.7117303224188,5.228175382347214
250,1,12,0.9506666666666668,100.85799999999999,0.0986951128913787,5,28.148000000000003,1.705570285857489,29.758094877369246,2.092378617518944
250,1,13,1.1932828282828283,100.14818181818183,0.4333480556292144,11,28.778545454545455,1.7976906498970482,26.35387565562843,7.162565092000588
250,1,14,1.220436507936508,102.22285714285714,0.18969530048285121,7,29.01685714285714,1.677264382714846,24.262985962776042,3.9145307359746333
250,1,15,1.1938888888888888,100.60555555555555,0.359017972142047,9,28.363666666666667,1.2357981226721468,25.384814299080702,6.270703962434833
250,1,16,1.2937121212121212,110.51818181818182,0.2582550739503483,11,28.382636363636365,1.2344279867798909,22.755626456413143,4.7142260730629175
250,1,17,1.0241666666666667,92.71714285714286,0.1569572266181278,7,27.66857142857143,0.5689088553663807,27.62698362551801,4.720145367931694
250,1,18,0.9998765432098765,90.23,0.20920604760193615,9,27.938888888888886,0.7339864515855259,28.81802372933582,4.821686187902813
250,1,19,0.9413888888888889,83.81857142857143,0.18107162714345562,7,27.866285714285713,0.9917206788011947,30.728932528032576,6.9572945183969725
250,1,20,0.8028703703703703,87.35333333333334,0.08157607093869032,3,27.63,0.555067563455116,34.635549089211025,3.367095600706635
251,1,2,0.3642592592592593,39.48388888888889,0.1329600916968067,18,11.455055555555555,1.1681704887770759,33.635978116896446,7.509720567555573
251,1,3,0.34813034188034186,40.01048076923077,0.06595923457884743,104,11.549153846153846,1.4020247755468516,33.959733537225596,5.609311982199157
251,1,4,0.3411453576864536,40.64753424657534,0.058188121686653625,292,11.479712328767123,1.1608081759826796,34.34931942882913,5.249751553742687
251,1,5,0.35851768435101766,41.825945945945946,0.06943502334075126,333,11.635942942942942,1.2916298286291488,33.268033930324094,5.298679278710528
251,1,6,0.3752991452991453,43.835182186234825,0.07838907074647247,247,11.850068825910931,1.1944663192935434,32.440804945377174,5.033573795390648
251,1,7,0.3730367018602313,44.17990950226245,0.07596505464937914,221,11.829262443438914,0.9719588814214326,32.62006528106561,5.157164620804533
251,1,8,0.3751141975308642,43.526444444444444,0.0609816697304533,180,11.752755555555556,1.0113389356226694,31.961166154540958,4.625175863839005
251,1,9,0.3798363774733638,44.13356164383562,0.07882151804103354,146,11.868417808219178,1.0424208479459747,32.163273751474875,5.050793774473374
251,1,10,0.37974299065420564,42.29028037383178,0.0736267209916899,107,11.72803738317757,1.3034545097419679,31.669194079122693,5.05530655324676
251,1,11,0.3744985250737463,41.08203539823009,0.06147935205111775,113,11.83361946902655,1.1038370522100893,32.26016109558189,4.898656196350486
251,1,12,0.3875268817204301,42.214301075268814,0.09118308678080281,93,11.917440860215052,1.2269060102051477,31.71200787645765,5.161043922959667
251,1,13,0.39695286195286195,43.21212121212121,0.0840465446654031,132,11.854007575757576,1.1206293930570408,30.715614213874538,4.972261657239442
251,1,14,0.43356254856254856,44.015454545454546,0.10006196629626812,143,11.853426573426573,1.0904936631772437,28.29268944588397,4.76714820763546
251,1,15,0.43233072916666665,44.622265625,0.09088495416472737,128,11.683875,1.039309984602519,27.873338153939354,4.646392390011991
251,1,16,0.43329648526077097,44.032040816326536,0.08529766398752218,98,11.828530612244897,1.1369961347310884,28.079666828876515,4.73776843036846
251,1,17,0.4287179487179487,44.66576923076923,0.08508815147626175,130,11.777161538461538,0.9133905386134799,28.269327313957636,4.589970959634834
251,1,18,0.394486301369863,43.52123287671233,0.07987074111601587,73,11.626438356164384,0.894465063386761,30.34316001460467,4.919179141073343
251,1,19,0.3781515151515151,44.468,0.06788300579210522,55,11.6262,0.9341569064808792,31.464385119708922,4.721292833101302
251,1,20,0.36893518518518514,40.76566666666667,0.05512303295251896,30,11.3856,0.9923971535352304,31.44467847139909,4.880733788908224
251,1,21,0.3679513888888889,34.10125,0.058633569288683636,8,11.220875,0.9926560960372929,30.967200329915702,4.05877691653683
251,1,22,0.3503703703703704,38.75333333333333,0.09288181680503516,3,11.526666666666666,0.1761628034896513,34.33684391703604,8.138659110228765
252,1,2,0.709388888888889,93.52000000000001,0.020952805581315227,5,30.022199999999998,2.202961461306121,42.32409371358305,2.9140141046050556
252,1,3,0.7740079365079364,98.49785714285714,0.0801585201099776,14,31.443071428571432,2.8026141221335505,40.99499096244917,5.425433942575563
252,1,4,0.818562091503268,96.22,0.13872456373779338,17,31.61182352941177,2.49752693266995,39.53267348376724,6.5814437087205455
252,1,5,0.8137777777777778,102.291,0.13127258616269716,20,31.34735,2.774844979548645,39.54257450197099,7.548203333321193
252,1,6,1.070787037037037,103.3075,0.24561281935863188,12,29.865916666666664,3.134858571794191,29.45789884010364,8.292839008333125
252,1,7,1.099590643274854,110.58052631578946,0.2757961783005723,19,32.0938947368421,3.5067976986725675,31.186133722224334,9.252556174390032
252,1,8,0.9550925925925927,95.89,0.17809881314258766,6,30.743666666666666,2.9228138268912476,32.72102534432875,3.929737268530048
252,1,9,1.111736111111111,103.3675,0.26716346539124486,8,30.463375,2.424740689375729,28.922734965737074,7.63983120586109
252,1,10,1.130216049382716,115.17666666666666,0.12011630951736459,9,33.60944444444445,3.156834851204252,30.005828134878477,3.9818815250374433
252,1,11,1.1672222222222222,99.125,0.1529468761157946,10,30.261599999999998,4.084114597369232,26.616467556264165,6.614605128422551
252,1,12,1.1630902777777778,101.68125,0.1688551708653133,8,31.22275,3.4791834735835865,27.369703339783335,5.276985691868479
252,1,13,1.335719696969697,139.70772727272728,0.26952526550769546,22,31.01590909090909,3.839305069920002,24.18344919613188,5.974755007545756
252,1,14,1.3367929292929295,118.36727272727272,0.4057500934414208,11,31.194999999999997,3.7206210503086727,24.940218614439058,6.850557317334102
252,1,15,1.7166296296296295,145.25333333333336,0.3519488741196953,15,34.24453333333334,2.626325267274373,20.81404335949858,4.757044261847052
252,1,16,1.5398232323232321,113.18363636363637,0.424225479309263,11,32.51027272727273,3.5652050176927865,22.99429640287126,8.386531892368323
252,1,17,1.2320833333333332,115.09750000000001,0.23479878060188902,8,32.863125000000004,1.5330803200932226,27.519073020920448,5.273340410970606
252,1,18,0.9391414141414142,101.4509090909091,0.13706657020919194,11,32.11154545454545,2.8227267442540858,34.85795317475141,5.949875164258398
252,1,19,0.9120299145299146,110.67846153846153,0.1261164842536712,13,31.55753846153846,2.6571014475484547,35.24755360018916,5.807263892943113
252,1,20,0.9058912037037037,101.6275,0.14500157279688825,24,30.57404166666667,3.120466262250014,34.700660531835865,7.072763856062776
252,1,21,0.7882407407407408,90.52333333333333,0.02782264894359779,3,33.38,1.2773801313626305,42.420859587911075,3.1518602502134065
254,1,0,0.8390740740740741,85.43333333333334,0.044805248443300055,3,30.213666666666665,0.7166731007463116,36.071014643191795,1.942591723143792
254,1,1,0.8694444444444445,91.87333333333333,0.2510691643922885,3,31.429999999999996,0.8496469855181032,37.79172706176525,8.534980601509346
254,1,2,0.735672514619883,84.95842105263158,0.08638304909549431,19,30.875684210526316,2.185782469928779,42.23732204456368,3.155939974914121
254,1,3,0.7508444444444444,89.2392,0.10474529046446715,25,30.948,1.5802911915213596,41.715914907366496,4.064326798410174
254,1,4,0.7329818594104309,88.00265306122449,0.09336732212069211,49,30.76577551020408,1.1908973203937818,42.49712085627286,4.561253899415158
254,1,5,0.7586186186186186,92.94621621621621,0.06399553252229753,37,30.455324324324323,1.1937549547088357,40.39982022944076,3.4505668814361554
254,1,6,0.8461363636363636,97.6239393939394,0.14035930599122723,33,30.878151515151515,2.1115207807586827,37.12509427594722,4.530752665627157
254,1,7,0.8469949494949496,99.26727272727273,0.17863647684890913,22,30.50059090909091,1.0816776942320367,37.28185556900382,6.6136268851016355
254,1,8,1.0347777777777778,111.01533333333333,0.20806141513778043,15,31.1844,2.0757669770128686,31.24519965407544,6.579189277987108
254,1,9,0.9642857142857143,98.80571428571429,0.18814262191481096,14,31.307785714285718,1.7280977170809009,33.49906421943302,6.076074891047137
254,1,10,0.9086928104575163,93.12823529411764,0.13533451085860965,17,30.982117647058825,1.6818503159598126,34.69004555824068,4.6773265950786085
254,1,11,1.0629960317460319,100.3157142857143,0.1430925882931997,14,32.86857142857143,3.802449528604215,31.290723006448292,4.418593611734805
254,1,12,0.9671296296296297,99.81466666666667,0.12667322223823135,15,31.1886,2.5603952485058667,32.65328430919386,4.065047210256966
254,1,13,1.0683506944444445,99.8375,0.17758717991066075,16,31.014625,1.5316435562275355,29.677794900793145,4.539491972876929
254,1,14,1.1351190476190476,103.55035714285714,0.27737735983994805,28,31.594142857142856,2.1502725187198726,28.976892022519884,5.4701281849657635
254,1,15,1.3323677248677248,106.07476190476191,0.3061780101712147,21,32.15861904761905,2.467717457007396,25.397211962564867,6.144757385012932
254,1,16,1.2882010582010583,113.01380952380953,0.33189923703141305,21,32.07061904761905,1.7929044167548482,26.423853921822477,6.374562728343913
254,1,17,1.2545972222222221,109.34549999999999,0.20071929367197552,20,31.93175,2.209611298872556,26.06990867220095,4.481559671906063
254,1,18,1.135662393162393,100.32307692307693,0.2968114489800677,13,31.69530769230769,3.7422147939559216,29.252995518916855,6.152303802346786
254,1,19,0.9540833333333334,98.91799999999999,0.1452047328346626,10,30.4852,1.2219362412899375,32.66362484987163,5.289906483859791
254,1,20,0.9248888888888889,92.05199999999999,0.13928524924928776,10,31.0728,1.9316356224137556,33.98780035490279,3.2071615865258587
254,1,23,0.8759722222222223,98.17500000000001,0.02612366719383634,2,30.185000000000002,1.0960155108391478,34.45552034478388,0.22364974526766865
255,1,0,0.783395061728395,90.93666666666667,0.12338374671749375,9,25.831333333333333,3.815926132670809,33.62499438125588,6.741129729781752
255,1,1,0.7434953703703703,85.66416666666667,0.13113782996526402,12,23.45266666666667,4.418887032507236,32.32177030753244,7.608266185722605
255,1,2,0.6805441400304414,71.46328767123288,0.11311348159569182,73,23.405835616438356,4.619542263320333,34.847490748033486,7.103690319115137
255,1,3,0.6817134920634921,73.69579999999999,0.12402598252575778,350,22.857514285714284,4.509149161296521,33.999545856817704,6.67362334933889
255,1,4,0.6844463888888889,77.21521000000001,0.1376400093009108,1000,23.514984000000002,4.77131880520312,34.911540092006305,7.179589748656948
255,1,5,0.6588972464150611,71.96084718923198,0.11660789761358918,1263,20.15760965954078,4.960713932962945,30.844183357441125,6.68493537532951
255,1,6,0.6577643511181547,69.49214738510301,0.1000887508828938,1262,17.87172028526149,3.475834492110201,27.429079845067758,4.861779502489996
255,1,7,0.7007995090996169,71.81303879310344,0.11975177717729059,928,17.931334051724136,3.3601155156922937,26.02654376830692,5.187418453714424
255,1,8,0.7598260951306637,74.94541455160744,0.1467979996250292,591,17.75133671742809,3.0592226718434103,24.065654221122855,5.570218852079933
255,1,9,0.7892702789872601,73.69313497822932,0.14967739105625308,689,17.48923076923077,2.7345850957313553,22.75150885365204,4.522567033905176
255,1,10,0.8320123456790124,75.12633333333333,0.15152976691459308,540,17.81482407407407,2.468833487129997,21.832617076075785,3.7997984665746807
255,1,11,0.8951122667987452,76.34285289747399,0.15742898382081558,673,17.66695690936107,2.6236691659745657,20.191324861247576,3.873647709854091
255,1,12,0.9509227526179791,79.14927784577723,0.1919077319791205,817,17.628627906976742,2.51966834809987,19.08048249287211,3.8037200418950605
255,1,13,1.044836125808348,83.52585537918871,0.2463843338957513,1134,17.758456790123457,3.051887358890037,17.661620662307428,4.061529069007346
255,1,14,1.1973211934156378,87.8394962962963,0.2927525438066173,1350,17.82223185185185,3.0235470863324347,15.609408748168084,4.1204574146084605
255,1,15,1.3294127568230605,92.21923643054278,0.36060378489890804,1087,17.894886844526216,3.0673395907366428,14.30161460688255,4.328129308286158
255,1,16,1.3614450425305689,92.62444976076554,0.38091463757401806,836,17.79996770334928,2.9132117621983418,14.017508930626388,4.367210850963513
255,1,17,1.2494883461047255,89.01202586206897,0.3178652266533155,696,17.859938218390806,2.7739204151451147,15.148878024434925,4.327022980317905
255,1,18,1.0905234638047139,83.82554924242424,0.27670286115079606,528,18.00264393939394,3.0939300894811725,17.377120409440106,4.526511915256244
255,1,19,0.9456904051702709,77.29492170022371,0.2369560162239468,447,18.217516778523493,3.7402880963904837,20.034405765965854,4.82668857792173
255,1,20,0.8371397569444443,71.64271875,0.1879662030517834,320,17.626168749999998,3.0682590352648407,21.685777190337927,4.171381289319878
255,1,21,0.8178681392235609,71.00253012048192,0.16152319221187966,83,17.790397590361447,3.0764253406477278,22.213138940771834,3.9192731970738097
255,1,22,0.7733937198067633,80.92652173913044,0.14296599031369603,23,19.702608695652174,5.1322070189515445,25.52526628070535,4.681638236409525
255,1,23,0.8727777777777778,88.316,0.31276399000376104,10,23.4358,5.032349369606385,28.492406279859004,8.070176590239422
256,1,0,0.8306944444444445,87.99333333333334,0.1528600536034654,6,24.628833333333333,4.185122718232606,30.27862097262606,6.60512203041097
256,1,1,0.7100462962962962,67.94166666666666,0.07089998184846723,12,23.789833333333334,3.330529928714138,33.83309761224533,6.254252635321833
256,1,2,0.6493664717348927,71.03,0.12907620524877997,57,22.896122807017544,4.939481566456485,35.492512527619745,5.798068963008011
256,1,3,0.6623938158341829,71.41403669724771,0.13166303109448876,327,22.634706422018347,4.630658792461165,34.65890772479116,6.6746910973375595
256,1,4,0.671859587143253,74.48200748129676,0.12539650210556566,802,22.711854114713216,4.858735634396885,34.22976328902238,6.787408292921545
256,1,5,0.6396502166022714,70.70788198103267,0.1071734174511027,949,19.82523603793467,5.01399529262227,31.100179643944116,6.349593451662987
256,1,6,0.6326180555555556,68.04089285714285,0.10430791036605992,840,17.352075,3.4111438272376207,27.687781112382346,4.659121024363382
256,1,7,0.6790315428380188,70.58331325301205,0.1249589964394654,664,17.38392469879518,3.631415838596965,26.018890319074774,5.085592025848134
256,1,8,0.7334122287968441,72.56065088757397,0.14931679830238434,507,17.214958579881657,3.178667115115354,24.151168286825513,5.507076535634423
256,1,9,0.7667485443959243,71.70128820960699,0.14484251895582556,458,17.029438864628823,2.8085660804796095,22.70305451635885,4.354000813849033
256,1,10,0.8070953002610967,70.6698955613577,0.21525508570712992,383,16.692187989556135,1.893015954596788,21.36696658490394,4.0210695253374755
256,1,11,0.864833918128655,73.05557894736842,0.16726060184466024,475,16.675065263157894,2.4040527363231594,19.723519823197663,3.136525127936275
256,1,12,0.9179706659120921,74.21256366723259,0.16384255841646736,589,16.7752156196944,1.9955878874041728,18.714392997597113,3.235876751088642
256,1,13,0.9951612348734874,79.2257301980198,0.21108157234518735,808,16.92780693069307,2.544740158289427,17.581962793368405,3.570186828607717
256,1,14,1.1361640482695812,82.75169057377049,0.2651974236609471,976,17.049565573770494,2.505559579405782,15.697871476481467,3.8740172323286464
256,1,15,1.2690154246794874,88.23783653846155,0.3387588639277028,832,17.168242788461537,2.6054412527417017,14.357022797958532,3.957302969540114
256,1,16,1.3224196840610578,89.67693290734825,0.38609514350134616,626,17.300638977635785,2.5402906606635223,14.095792845407995,4.293732261202635
256,1,17,1.207282608695652,87.17840579710145,0.29357764827031724,483,17.369306418219463,2.7651688139810733,15.175921336232035,4.205840639058471
256,1,18,1.0484565350474442,78.74068870523416,0.2616218293629215,363,17.281782369146008,2.6154775145853493,17.324922532022963,4.420792274197512
256,1,19,0.8935199257007768,73.13635258358663,0.21048311587007418,329,17.29591489361702,2.957630490913901,20.143266481677642,4.644133173901247
256,1,20,0.8157920912178555,68.37803493449782,0.16552645320793125,229,16.882100436681224,2.7239573900256313,21.281718594903936,4.113488410464099
256,1,21,0.7712693389592123,68.54772151898734,0.1466236398967085,79,16.879569620253164,2.175023852999438,22.429413767918426,3.9682192776310727
256,1,22,0.7945601851851851,74.18166666666666,0.14647774689612436,12,16.398,1.215670709002761,21.231713298919736,4.042054449894253
256,1,23,0.9141666666666666,76.09200000000001,0.22341425081927024,5,24.733,2.6368337073088255,28.437752201189927,7.572382087482154
257,1,2,0.645982905982906,71.74615384615385,0.14825544213880767,13,22.51576923076923,1.8690098605877816,35.897931682632546,5.324989637822068
257,1,3,0.6129659498207886,71.14193548387097,0.09512972978120542,62,22.181629032258066,1.7439091309033927,36.85501969057053,5.367933407715851
257,1,4,0.6073060211049038,68.37709497206704,0.0963758452983293,179,22.133944134078213,1.7432899889649767,37.04072321126559,4.768229984861706
257,1,5,0.6328054101221641,69.5414659685864,0.09564973325055025,191,21.379738219895287,1.9226196696872713,34.43445888469484,5.378313755550989
257,1,6,0.6514829749103942,72.4497311827957,0.10215943703894297,186,21.08812365591398,2.24676342366611,33.06568696533466,5.775811350290946
257,1,7,0.6959714548802947,73.30414364640883,0.16077964152167176,181,21.59124309392265,2.52220141422337,32.16272345785132,6.326694789306067
257,1,8,0.7348057813911473,74.00959349593496,0.17592161956455415,123,21.43029268292683,1.8765249262614254,30.549117462489612,6.563849415523519
257,1,9,0.7312149758454106,75.24295652173913,0.1794839373981318,115,21.217347826086957,1.9465702183065117,30.34416117577897,6.549139919858512
257,1,10,0.7359020310633213,72.74817204301075,0.14681859294708005,93,20.655978494623657,2.2615594512871877,28.96800663009209,5.5598252571340705
257,1,11,0.7389026402640264,71.68138613861386,0.1277200435766873,101,20.96819801980198,2.3159870812239083,29.153654269393204,5.5078740619444195
257,1,12,0.7822027777777778,71.28229999999999,0.17631071358567632,100,21.30319,2.4247731319266,28.331908680206176,6.0715424107608635
257,1,13,0.8390073815073815,75.64979020979021,0.2463886936886028,143,21.33693006993007,2.448534513271352,27.359678829782542,7.570884340149994
257,1,14,0.885886752136752,76.42076923076922,0.24052298718207263,156,21.78155769230769,2.143356891512018,26.325263568162654,7.279667476241207
257,1,15,0.9476388888888889,82.2984756097561,0.252843101329708,164,21.725621951219512,2.63391510425976,24.553647436615154,6.975527643784525
257,1,16,0.9897328042328043,81.56809523809524,0.27382908668383793,105,22.252190476190478,2.067552213531174,24.334889283952155,7.232191147869802
257,1,17,0.9108966244725739,87.55582278481012,0.2781619954938388,79,22.651075949367087,2.263606928662984,26.622808392325922,6.601101905069666
257,1,18,0.825945165945166,78.75974025974025,0.18960625656531577,77,22.959805194805195,5.961472107226186,28.612403591328334,5.870820353691636
257,1,19,0.7470810564663024,76.2927868852459,0.22032303387653493,61,21.967295081967215,4.152812421898613,30.50735932611438,6.19426574617451
257,1,20,0.6949509803921569,71.27911764705881,0.1264508112377437,34,20.79038235294118,2.2556824407745295,30.736220116108402,5.805975101847033
257,1,21,0.6978645833333333,68.476875,0.15984775159771134,16,21.1315625,3.745306324254399,30.981261275438857,5.695734689222774
257,1,22,0.6136111111111111,61.155,0.06363961030678934,2,23.4605,0.8195367593952079,38.37060536687712,2.643944322407614
258,1,2,0.8381597222222222,84.86375,0.0804577865234776,8,28.60275,3.346938505133139,34.39161908272063,5.272221753175485
258,1,3,0.8469618055555556,94.39125,0.1390210655777847,16,31.6551875,5.726106940656393,37.54114360421657,4.957681771625132
258,1,4,0.8850877192982456,94.65736842105264,0.17966225010775747,19,29.38584210526316,4.293166343325398,34.034805347536526,6.600529981394285
258,1,5,0.9019685990338163,92.95521739130434,0.10251676223577344,23,27.92926086956522,4.400530187244913,31.38058053665895,6.3703121051650164
258,1,6,0.8916435185185185,92.25083333333333,0.11404512923835415,12,28.002750000000002,5.0047511086057925,31.99739013779178,7.444133760844385
258,1,7,1.0389409722222223,100.463125,0.2778210006881299,16,28.0615625,5.158467911680109,28.74821572770353,8.871619903351812
258,1,8,1.0670833333333334,109.10666666666667,0.15671342611174463,12,32.67341666666667,4.438089196906362,31.4514042150156,6.824435671737171
258,1,9,0.9988194444444445,102.89875,0.15896689934757938,8,32.052,3.7342798885078627,33.0311865634282,6.902306617847063
258,1,10,1.0938657407407406,98.69166666666666,0.21462762555967882,12,29.489500000000003,5.1701282294630655,28.055434556200307,7.9745147189248025
258,1,11,1.1830555555555555,97.64181818181818,0.19051412733981007,11,29.537909090909093,4.175276361021997,25.898041311326327,7.383720463335282
258,1,12,1.1772839506172839,109.42,0.1612306056966415,9,28.873444444444445,4.4203454930330714,25.34362721310434,7.388418424381876
258,1,13,1.2128333333333334,97.152,0.2990480266148269,5,25.8182,4.5790076654227185,22.746303207316892,8.764689314563263
258,1,14,1.44267094017094,116.39,0.37761680493471705,13,30.767,4.884535818956257,22.83280854647162,7.200772150243485
258,1,15,1.4696367521367522,115.22153846153846,0.4424522826654841,13,32.212923076923076,3.206806834987582,24.180741244423213,8.381887682465347
258,1,16,1.998888888888889,122.015,0.6006976910638018,6,30.283666666666665,6.46662040533281,16.973838107723775,8.393751238783434
258,1,17,1.373373015873016,114.32000000000001,0.2666332168725422,7,30.777142857142856,4.664596139309078,23.562731921321433,7.359686701191762
258,1,18,1.2854938271604939,105.98777777777778,0.3840925648027605,9,28.859222222222222,4.569682340649561,24.440424223684104,8.599680513158306
258,1,19,1.0668333333333333,96.791,0.14513635327692373,10,29.7868,4.958803525045129,28.66949415592858,7.178095807273115
258,1,20,1.0472916666666667,97.6875,0.15968016757142342,4,29.962500000000002,4.302475062875631,29.13773295959582,6.349236196789802
259,1,1,0.8284722222222223,86.6425,0.08215040031311438,4,33.310500000000005,1.3689301175248734,40.44907252827247,3.5310555416267766
259,1,2,0.7161111111111111,92.67599999999999,0.17602574792620707,15,31.050400000000003,2.7607627776188446,44.47192157426203,5.320940025353731
259,1,3,0.7327111111111111,92.9322,0.1440806573682408,50,31.2817,2.1130070964849876,43.657574656840154,5.516698931280861
259,1,4,0.7684166666666666,93.96083333333333,0.15825942620401195,60,31.233166666666666,2.5071961932430478,41.68406884836863,5.7075385127126825
259,1,5,0.7661882716049383,97.14037037037036,0.11298330221803408,54,31.48425925925926,3.225027027443776,41.55724430603011,4.3288964969227735
259,1,6,0.793921568627451,93.76088235294117,0.13280694995147926,34,30.735529411764706,1.1790481840539242,39.69423012430439,6.439108968926219
259,1,7,0.887265625,97.505625,0.1918937295788676,32,31.35921875,2.811295795070137,36.25001214324515,5.223277593587099
259,1,8,0.9045751633986928,99.11823529411765,0.24305942984208137,34,31.106147058823527,2.23322039695027,35.871745633343096,6.261095958073005
259,1,9,0.8448148148148148,92.86958333333332,0.12014832114174322,24,30.74020833333333,1.6783640839187446,36.96378573481439,4.5636072439163895
259,1,10,0.8887280701754386,95.08631578947369,0.18913809622241498,19,30.943210526315784,1.3153144777727477,36.08480888721154,6.469817993007956
259,1,11,0.9355246913580247,98.34555555555556,0.15668931744456172,18,30.21022222222222,1.6578867681321652,33.04454953673508,5.087533593371813
259,1,12,1.0067283950617285,95.92185185185184,0.2562775514261616,27,30.358740740740743,2.01683656697605,31.457141573781502,5.840775894785333
259,1,13,1.0954761904761905,99.81228571428571,0.24047050689249463,35,30.98802857142857,3.179776430225636,29.1162892996575,4.675092241704664
259,1,14,1.0602391975308643,104.39611111111111,0.26759481459962464,36,29.75622222222222,1.1918808691933964,29.473504708342798,5.9812486211025915
259,1,15,1.1936877394636014,104.84931034482759,0.23978469105221364,29,31.003655172413794,1.7541030324002818,26.938577977682144,5.250206114480577
259,1,16,1.2412777777777777,103.4876,0.328261922735025,25,30.924,1.8871425268555273,26.40589427161474,6.2238016595142325
259,1,17,1.0567559523809524,107.79857142857144,0.19493478816461238,28,30.55192857142857,1.8278251583572795,29.787410790211716,5.270133621645958
259,1,18,1.0601080246913581,105.87444444444445,0.18134215631992184,18,30.87527777777778,1.9477120455596861,29.92614526892067,5.402600027139422
259,1,19,0.9775,95.0755,0.17199341053760192,20,30.853050000000003,2.1856183148987958,32.39152097638173,5.398947369489411
259,1,20,0.8695833333333334,88.195,0.060617641465089384,6,29.677833333333336,0.7025810747996745,34.273687842512324,2.6120300038754585
259,1,21,1.020185185185185,107.01666666666667,0.3870099782318653,3,31.081333333333333,2.965236134498116,32.441765684905874,7.811322707285907
260,1,1,0.7551388888888889,64.55375,0.12994640056346446,8,24.727125,4.2856468569100326,33.26319101842726,6.46789514263912
260,1,2,0.9064646464646465,86.11454545454545,0.18203242533146083,11,25.538999999999998,4.767658670668445,28.791109819485506,5.453194923655359
260,1,3,0.7261913580246914,74.45533333333333,0.11278627720594296,45,23.559733333333334,3.654162672400292,32.89598816065076,5.654338857952133
260,1,4,0.7453205128205128,75.10794871794872,0.1011733816000359,78,23.579538461538462,3.0181041554768613,31.998568100746215,4.697045143378303
260,1,5,0.7603703703703704,76.44933333333333,0.12724555155250128,60,22.045283333333334,2.9796285236083655,29.358308647878538,3.7030966553508766
260,1,6,0.7900925925925926,78.8486274509804,0.14201491691197232,51,21.25527450980392,3.573810387127059,27.461858178410857,5.529964193985127
260,1,7,0.903888888888889,80.43708333333333,0.16913053704327424,48,22.046625000000002,5.066306744226581,25.016865474848533,6.088523149778102
260,1,8,0.9563802083333334,84.2459375,0.2346717511046065,32,22.05546875,3.8470706910866266,24.178558366668284,5.976396450262158
260,1,9,0.9210277777777779,82.24966666666666,0.15296670919854125,30,22.821166666666667,3.6857951660051773,25.386105227911457,5.6181683690209
260,1,10,0.9592792792792793,82.28405405405405,0.1776781701501021,37,22.722945945945945,4.559383711679719,24.459341166732408,6.859218826717957
260,1,11,1.0369113756613757,85.13714285714285,0.1792099032133677,42,22.64392857142857,4.905918627549724,22.408623124667898,6.073751982999449
260,1,12,1.068838383838384,88.35909090909091,0.17030699538824176,33,21.920939393939392,3.4853897014841992,21.01196421367733,4.80202718990527
260,1,13,1.1921296296296295,88.96357142857143,0.2909167521986769,42,21.253119047619048,2.8775862954776925,18.676796658209966,4.2852534065523065
260,1,14,1.3709234234234235,95.96972972972974,0.33883568858662316,37,21.73956756756757,3.142443321689357,16.852210110305997,5.106419998343821
260,1,15,1.4917632850241545,104.73152173913043,0.4177982010759854,46,22.759521739130438,3.717460248545626,16.493098066487097,5.836088897124862
260,1,16,1.5068518518518519,103.05733333333335,0.39463069191315836,30,23.041966666666667,5.048613770021486,16.4293551562505,5.69462168033854
260,1,17,1.1435732323232324,90.38727272727273,0.280141284789257,22,23.805818181818186,5.493578291201321,21.78604251865662,6.351882754175177
260,1,18,0.9993402777777778,98.90083333333332,0.1777769816652616,24,27.16795833333333,9.727872757673836,27.03126017025419,6.800612276710357
260,1,19,0.9591329966329967,77.10606060606061,0.1636191394343429,33,22.763575757575758,3.995366551005544,24.37145812100566,6.044319620711539
260,1,20,0.9223148148148148,78.34458333333333,0.22139983193041388,24,21.190416666666668,2.8092994472035135,23.68007809112451,3.7737028014043945
260,1,21,0.849462962962963,83.41666666666667,0.19014911264113962,15,22.629,4.2127080364060365,27.312521839157984,5.547341892519724
260,1,22,0.7295833333333333,69.96000000000001,0.044587010924818433,2,20.6,0.05656854249492636,28.290492940359766,1.8064517102847422
261,1,0,0.7026923076923077,72.21538461538461,0.3160374349598157,13,19.296461538461536,4.653734622418583,30.441765040022986,10.393250854505247
261,1,1,0.5744907407407407,64.51366666666667,0.13977950242536621,30,18.697433333333333,4.36250736731585,33.142042139194395,5.9573244976835555
261,1,2,0.5756349206349206,60.865966386554625,0.1746851565885972,119,18.48913445378151,3.900057782979958,33.02110013645291,4.991426537235103
261,1,3,0.5671494825229447,63.44634446397188,0.13947513888450763,569,18.99855711775044,3.80942114710952,34.13036957496306,5.033730419125576
261,1,4,0.5830235552525941,68.93617586912065,0.12321346297932452,1467,19.58765712338105,3.9468371669559104,34.119056555568825,5.557841092503522
261,1,5,0.5419013718223783,65.2206553540082,0.5642170951642071,1709,17.047076067875953,3.9505561392288278,32.659332700302954,4.950346315510232
261,1,6,0.48779797695102095,60.9906313416009,0.10678866478895765,1774,15.30122209695603,2.9624173505186864,31.858970362684758,4.29721008709638
261,1,7,0.4826857660671965,59.86525721455458,0.098560502183884,1594,15.022602885821831,2.4322692069459695,31.639608305860904,4.267848925488257
261,1,8,0.4977558882759828,60.04222222222222,0.11873062543971348,1269,14.911280535855004,2.584817920984863,30.565017554453267,4.223942070480329
261,1,9,0.5137297575587382,58.68519797809604,0.4185787269743648,1187,14.602202190395955,1.9588777557446904,29.653102546588663,4.103960337583283
261,1,10,0.5191010833557167,59.952352941176464,0.10956115447099184,1241,14.601506849315069,1.8241422279791106,28.72874963552026,3.9940853303918606
261,1,11,0.5627057948941108,61.65874020887728,0.14126209079002122,1532,14.612153394255875,1.9242057777726929,26.87347921705077,4.494113193070977
261,1,12,0.6245964755077658,63.70576344086022,0.7759562855803553,1860,14.764791397849462,4.08618447737529,25.51558694276575,4.642979896952665
261,1,13,0.6371326089984677,65.4888006686168,0.15686756121098724,2393,14.591545340576682,1.6984531499464268,23.850440258740274,4.677397672979652
261,1,14,0.7516324923957775,70.12856682769727,0.2525267589768428,3105,14.775147826086958,2.133840328470214,20.62503159068544,4.437323090970635
261,1,15,0.8742242853425523,74.62901639344263,0.22600606299906026,2989,14.857468384074942,2.0973446602588797,17.898115792942335,4.354295675997392
261,1,16,0.9377398096420443,77.40813780260707,0.2548686640747569,2685,15.048080074487896,2.73323718652503,17.028738648966705,4.769556064085588
261,1,17,0.8933700156810036,78.66737903225805,0.2465713338333244,1984,15.193737903225806,2.6147236091119166,18.040408659319436,4.894974717652854
261,1,18,0.7545464109411669,72.10552075746541,0.1978444613927553,1373,15.026313182811363,2.4837647095016355,21.009120847650404,5.304469618313926
261,1,19,0.6472795893719807,64.5090625,0.16240436022713045,736,14.553394021739132,1.7864544941032285,23.613908803542245,5.268428873082211
261,1,20,0.5765442561205273,59.94497175141243,0.14727268338254398,354,14.392649717514123,1.6881048214746739,25.978426399273328,4.740831655194186
261,1,21,0.5442584541062802,57.004782608695656,0.1162098741114285,115,14.341060869565217,1.9271808529876076,27.05688781662522,4.263863500670752
261,1,22,0.6112777777777778,59.261,0.2413507759590393,40,15.20305,2.1634286409806514,26.37148506725121,4.651795598815467
261,1,23,0.8217063492063493,81.63333333333333,0.42780317642596005,21,19.27657142857143,4.747215474058751,26.811697826619984,8.343375535344284
262,1,0,0.8970555555555556,85.888,0.310793774168223,5,23.423399999999997,4.08707203264146,28.68261738547261,10.775731390257642
262,1,1,0.7235802469135802,77.05000000000001,0.10361292116050438,9,20.488555555555553,0.6499452113661415,28.8113866168559,4.01938350592989
262,1,2,0.6825907029478459,71.10693877551022,0.09780134047285204,49,21.462938775510203,2.9887240477624344,31.9124823290296,5.522757897402773
262,1,3,0.690958684316085,74.73606498194945,0.12361306358268415,277,22.294328519855597,4.166760422324036,32.79817990837092,6.529021311525042
262,1,4,0.6774721390552229,75.1741616766467,0.096071790041007,668,22.431011976047902,3.9291887714457623,33.60228883460311,6.963844207993567
262,1,5,0.6845824833401333,77.12030599755202,0.09132542582237621,817,21.580073439412484,3.7324740854454195,31.928203518518128,6.273670244207027
262,1,6,0.680225974873552,76.98036710719529,0.09324043148355197,681,21.554138032305435,3.5423595092372793,32.10827932031677,6.142286191691347
262,1,7,0.711700127469726,79.58606118546845,0.09859821401811202,523,22.106141491395796,3.448557683831862,31.549577825654367,6.065851397150709
262,1,8,0.7510814814814815,83.90344,0.17463047366251644,375,22.67252,4.771272964819015,30.78108856559862,6.199350180459964
262,1,9,0.7366253644314869,79.97055393586007,0.11063050033489559,343,22.33803498542274,3.525685830830621,30.849203963977263,5.870335392768474
262,1,10,0.7700449039264828,81.31327067669173,0.12320139273912661,266,22.497037593984963,3.1118482608542095,29.9510917104881,6.334684006163712
262,1,11,0.8571192454136379,83.521246105919,0.6584779067411944,321,22.69206542056075,3.1639121232789935,28.33152061679338,6.198974245889839
262,1,12,0.8577015398550725,86.72978260869566,0.14755452879501443,368,22.58390489130435,3.214070866656307,26.981351250534164,5.475053507494966
262,1,13,0.9283881578947369,88.43598684210525,0.19474610571727355,456,22.568778508771928,3.2842079021037027,25.196431549532978,5.794422419290369
262,1,14,1.0609133958211285,93.40572934973638,0.23632283058338444,569,22.822499121265377,3.3593546245368486,22.54704895578522,6.09055933947514
262,1,15,1.2736472967220094,98.8841570881226,1.0502144802573499,522,22.39749808429119,3.3755760803567347,19.46482048973678,6.291623684847285
262,1,16,1.238508916323731,102.782,0.2971813631088045,405,22.901814814814816,3.6795957971593887,19.658409773307103,6.272561712803591
262,1,17,1.154062962962963,97.54063333333333,0.281042593850956,300,23.06415666666667,3.682919503921234,21.367062504575397,7.002869361604962
262,1,18,1.0090868196131353,93.08076923076923,0.22735969642061798,247,23.4884979757085,3.8163784730272923,24.541009924302145,7.215015076320498
262,1,19,0.8619978106185002,86.93793103448276,0.1664132120165779,203,23.07104433497537,4.076182111600948,27.706560452498916,7.004493668846851
262,1,20,0.8286598812553011,84.39923664122136,0.15174166722373142,131,22.659190839694656,3.25022859578192,28.22698408270708,6.588999701920873
262,1,21,0.7969354838709677,74.22806451612904,0.12493517833398436,31,22.549290322580646,3.50737199047519,28.82006851226863,5.507086956447594
262,1,22,0.8177546296296296,81.98083333333334,0.2088452450892074,12,22.97075,3.309158561683564,29.531286780177737,8.095738515946477
263,1,0,0.6694907407407408,81.81333333333333,0.047494449534924724,6,26.346333333333334,4.53104675176351,39.76913916766577,8.489799599247442
263,1,1,0.7910925925925926,86.63466666666666,0.3798288227574307,15,23.726999999999997,4.383917768389366,33.189234330900476,10.420794081633643
263,1,2,0.7005422008547009,74.1064423076923,0.11020565791622913,104,22.373250000000002,3.573485899073031,32.59729452872806,6.923615847262255
263,1,3,0.7144224555735057,76.15541195476575,0.12403168592570872,619,22.0793295638126,3.5980039703735183,31.60997301572807,6.706296219247264
263,1,4,0.6904977628635347,75.49237416107383,0.09782214330187557,1192,22.08944798657718,3.744038835938664,32.4772383741951,6.589118254921769
263,1,5,0.6907848247900377,75.94724587315378,0.08537729715982996,1151,21.700444830582104,3.905712024853359,31.789577885752387,6.549659617905553
263,1,6,0.7033261888431641,76.75880658436213,0.09525807974263996,972,21.589218106995887,3.5445807457283265,31.132222318655156,6.143046217449685
263,1,7,0.7351190943593771,78.60935217903415,0.1150908689796208,849,22.005886925795053,3.651680615468421,30.46146771130928,6.1020883224046
263,1,8,0.7806407476249484,84.85124535315985,0.12598101855981744,538,22.71825092936803,3.752588153943663,29.756061401925056,6.436467611885826
263,1,9,0.7755114017437962,80.41519114688128,0.11591217247151357,497,22.91886519114688,3.5924108924364964,30.139831676750532,6.207859449272051
263,1,10,0.8055752961082909,81.80687817258884,0.12287211556204503,394,22.52427157360406,2.8808409271753628,28.534329525387594,5.28906726589078
263,1,11,0.8473313492063491,83.11841517857144,0.12395348013501806,448,22.721763392857145,3.111105247874926,27.350553896554896,5.293623915190639
263,1,12,0.8837044105173877,86.1757251908397,0.15124027955309483,524,22.69280916030534,3.3884108163356013,26.499071028291226,7.6151696236539514
263,1,13,0.9618214869281045,88.48213235294118,0.17978972555665926,680,22.67530735294118,3.166614477178109,24.335253720440345,5.441856274279222
263,1,14,1.0648028891589036,93.56421628189551,0.24423356009655514,823,23.3343390036452,3.526916991887074,22.92240507215911,5.848666908051589
263,1,15,1.2123023436397007,98.19653113087675,0.29166437044291454,787,22.900092757306226,3.489581664201412,20.05254989006242,6.097232637279419
263,1,16,1.2731878698224852,100.7871597633136,0.3342325936871197,676,22.937071005917158,3.656217066777511,19.304503629296114,6.211843590411845
263,1,17,1.1619029374201788,97.99319923371647,0.28102060016145725,522,23.40677203065134,3.824384337659288,21.407604201464764,6.731606266101093
263,1,18,0.9886573004875545,92.86593533487297,0.23858830546776344,433,23.441503464203233,4.129752112394388,24.89598866830356,6.755971412036519
263,1,19,0.8695592799503413,85.40192737430168,0.15762259243965163,358,23.267111731843578,3.7857612829763463,27.527417586237732,6.292148105473313
263,1,20,0.8341912144702843,83.6899069767442,0.15818998826403147,215,22.694786046511627,5.102963704636006,27.778698691721154,6.001669972397305
263,1,21,0.8189520202020202,82.57621212121212,0.1427530308416234,66,23.090348484848484,3.64928300857716,28.965824295100816,6.646312404982528
263,1,22,0.8301430976430976,79.45818181818181,0.10918890962108076,33,23.638121212121213,4.583605081957703,28.874317803428585,6.3411849519466195
263,1,23,0.7768055555555555,75.21000000000001,0.09670052773119733,8,21.68875,2.8377528207066534,28.329827752950983,5.54495853200278
