PULocationID,DOLocationID,pickup_hour,num_trips,GCT_Taxi,GCT_UAM_Early,GCT_UAM_Mid,GCT_UAM_Mature
1,132,14,3,301.27,322.659203905138,216.281594632537,110.239830701587
1,132,17,2,198.96,322.659203905138,216.281594632537,110.239830701587
1,132,18,2,209.65,322.659203905138,216.281594632537,110.239830701587
1,132,20,2,204.14,322.659203905138,216.281594632537,110.239830701587
2,132,8,2,38.74,50.0704865464453,33.562732887285,17.1070959489785
2,132,11,3,39.14,50.0704865464453,33.562732887285,17.1070959489785
2,132,14,4,43.89,50.0704865464453,33.562732887285,17.1070959489785
2,132,16,2,47.47,50.0704865464453,33.562732887285,17.1070959489785
2,132,17,2,47.24,50.0704865464453,33.562732887285,17.1070959489785
2,132,22,2,25.49,50.0704865464453,33.562732887285,17.1070959489785
3,132,0,21,95.26,242.926709572359,162.83613016225,82.9984051656677
3,132,1,46,86.69,242.926709572359,162.83613016225,82.9984051656677
3,132,2,115,80.75,242.926709572359,162.83613016225,82.9984051656677
3,132,3,206,83.44,242.926709572359,162.83613016225,82.9984051656677
3,132,4,385,82.4,242.926709572359,162.83613016225,82.9984051656677
3,132,5,386,88.98,242.926709572359,162.83613016225,82.9984051656677
3,132,6,273,92.03,242.926709572359,162.83613016225,82.9984051656677
3,132,7,174,96.94,242.926709572359,162.83613016225,82.9984051656677
3,132,8,154,94.62,242.926709572359,162.83613016225,82.9984051656677
3,132,9,154,94.8,242.926709572359,162.83613016225,82.9984051656677
3,132,10,140,96.37,242.926709572359,162.83613016225,82.9984051656677
3,132,11,100,98.14,242.926709572359,162.83613016225,82.9984051656677
3,132,12,111,100.27,242.926709572359,162.83613016225,82.9984051656677
3,132,13,140,103.92,242.926709572359,162.83613016225,82.9984051656677
3,132,14,146,107.35,242.926709572359,162.83613016225,82.9984051656677
3,132,15,163,113.15,242.926709572359,162.83613016225,82.9984051656677
3,132,16,139,114.18,242.926709572359,162.83613016225,82.9984051656677
3,132,17,122,110.78,242.926709572359,162.83613016225,82.9984051656677
3,132,18,108,101.91,242.926709572359,162.83613016225,82.9984051656677
3,132,19,87,90.03,242.926709572359,162.83613016225,82.9984051656677
3,132,20,69,84.77,242.926709572359,162.83613016225,82.9984051656677
3,132,21,36,85.71,242.926709572359,162.83613016225,82.9984051656677
3,132,22,18,86.6,242.926709572359,162.83613016225,82.9984051656677
3,132,23,8,90.04,242.926709572359,162.83613016225,82.9984051656677
4,132,0,20,85.16,182.115390227118,122.07371284852,62.2215933833812
4,132,1,23,80.14,182.115390227118,122.07371284852,62.2215933833812
4,132,2,96,84.48,182.115390227118,122.07371284852,62.2215933833812
4,132,3,328,85.98,182.115390227118,122.07371284852,62.2215933833812
4,132,4,972,90.53,182.115390227118,122.07371284852,62.2215933833812
4,132,5,1385,91.85,182.115390227118,122.07371284852,62.2215933833812
4,132,6,1141,98.33,182.115390227118,122.07371284852,62.2215933833812
4,132,7,727,104.63,182.115390227118,122.07371284852,62.2215933833812
4,132,8,641,111.05,182.115390227118,122.07371284852,62.2215933833812
4,132,9,581,102.68,182.115390227118,122.07371284852,62.2215933833812
4,132,10,520,106.27,182.115390227118,122.07371284852,62.2215933833812
4,132,11,484,108.52,182.115390227118,122.07371284852,62.2215933833812
4,132,12,631,117.54,182.115390227118,122.07371284852,62.2215933833812
4,132,13,866,122.26,182.115390227118,122.07371284852,62.2215933833812
4,132,14,1007,132.24,182.115390227118,122.07371284852,62.2215933833812
4,132,15,953,144.41,182.115390227118,122.07371284852,62.2215933833812
4,132,16,854,147.09,182.115390227118,122.07371284852,62.2215933833812
4,132,17,724,136.83,182.115390227118,122.07371284852,62.2215933833812
4,132,18,626,120.03,182.115390227118,122.07371284852,62.2215933833812
4,132,19,497,107.21,182.115390227118,122.07371284852,62.2215933833812
4,132,20,318,97.6,182.115390227118,122.07371284852,62.2215933833812
4,132,21,178,97.33,182.115390227118,122.07371284852,62.2215933833812
4,132,22,68,91.08,182.115390227118,122.07371284852,62.2215933833812
4,132,23,49,91.18,182.115390227118,122.07371284852,62.2215933833812
5,132,0,2,108.1,343.268799481357,230.096406489777,117.281310689303
5,132,2,6,124.77,343.268799481357,230.096406489777,117.281310689303
5,132,3,16,123.41,343.268799481357,230.096406489777,117.281310689303
5,132,4,33,126.52,343.268799481357,230.096406489777,117.281310689303
5,132,5,31,142.52,343.268799481357,230.096406489777,117.281310689303
5,132,6,22,145.97,343.268799481357,230.096406489777,117.281310689303
5,132,7,17,153.48,343.268799481357,230.096406489777,117.281310689303
5,132,8,16,166.55,343.268799481357,230.096406489777,117.281310689303
5,132,9,13,138.68,343.268799481357,230.096406489777,117.281310689303
5,132,10,9,137.76,343.268799481357,230.096406489777,117.281310689303
5,132,11,6,151.26,343.268799481357,230.096406489777,117.281310689303
5,132,12,12,170.24,343.268799481357,230.096406489777,117.281310689303
5,132,13,15,162.94,343.268799481357,230.096406489777,117.281310689303
5,132,14,12,159.71,343.268799481357,230.096406489777,117.281310689303
5,132,15,8,172.97,343.268799481357,230.096406489777,117.281310689303
5,132,16,12,185.4,343.268799481357,230.096406489777,117.281310689303
5,132,17,21,161.4,343.268799481357,230.096406489777,117.281310689303
5,132,18,12,164.91,343.268799481357,230.096406489777,117.281310689303
5,132,19,4,135.6,343.268799481357,230.096406489777,117.281310689303
5,132,20,5,169.06,343.268799481357,230.096406489777,117.281310689303
5,132,21,10,124.06,343.268799481357,230.096406489777,117.281310689303
5,132,22,4,144.36,343.268799481357,230.096406489777,117.281310689303
6,132,1,5,80.34,240.142096576645,160.969577056501,82.0470135379017
6,132,2,12,95.05,240.142096576645,160.969577056501,82.0470135379017
6,132,3,42,93.41,240.142096576645,160.969577056501,82.0470135379017
6,132,4,96,95.42,240.142096576645,160.969577056501,82.0470135379017
6,132,5,106,97.48,240.142096576645,160.969577056501,82.0470135379017
6,132,6,78,104.08,240.142096576645,160.969577056501,82.0470135379017
6,132,7,45,106.43,240.142096576645,160.969577056501,82.0470135379017
6,132,8,58,110.2,240.142096576645,160.969577056501,82.0470135379017
6,132,9,37,102.06,240.142096576645,160.969577056501,82.0470135379017
6,132,10,36,107.63,240.142096576645,160.969577056501,82.0470135379017
6,132,11,45,102.5,240.142096576645,160.969577056501,82.0470135379017
6,132,12,42,105.85,240.142096576645,160.969577056501,82.0470135379017
6,132,13,57,119.1,240.142096576645,160.969577056501,82.0470135379017
6,132,14,49,128.13,240.142096576645,160.969577056501,82.0470135379017
6,132,15,51,134.29,240.142096576645,160.969577056501,82.0470135379017
6,132,16,55,133.27,240.142096576645,160.969577056501,82.0470135379017
6,132,17,47,124.73,240.142096576645,160.969577056501,82.0470135379017
6,132,18,36,118.95,240.142096576645,160.969577056501,82.0470135379017
6,132,19,24,98.64,240.142096576645,160.969577056501,82.0470135379017
6,132,20,27,105.68,240.142096576645,160.969577056501,82.0470135379017
6,132,21,10,89.99,240.142096576645,160.969577056501,82.0470135379017
6,132,22,7,89.12,240.142096576645,160.969577056501,82.0470135379017
6,132,23,4,79.65,240.142096576645,160.969577056501,82.0470135379017
7,132,0,103,119.14,170.74977555797,114.455231073102,58.3384144076012
7,132,1,108,125.76,170.74977555797,114.455231073102,58.3384144076012
7,132,2,330,64.21,170.74977555797,114.455231073102,58.3384144076012
7,132,3,1116,67.17,170.74977555797,114.455231073102,58.3384144076012
7,132,4,3024,69.16,170.74977555797,114.455231073102,58.3384144076012
7,132,5,4114,71.89,170.74977555797,114.455231073102,58.3384144076012
7,132,6,3130,75.11,170.74977555797,114.455231073102,58.3384144076012
7,132,7,2314,76.43,170.74977555797,114.455231073102,58.3384144076012
7,132,8,1818,79.98,170.74977555797,114.455231073102,58.3384144076012
7,132,9,1734,78.32,170.74977555797,114.455231073102,58.3384144076012
7,132,10,1553,81.32,170.74977555797,114.455231073102,58.3384144076012
7,132,11,1445,82.78,170.74977555797,114.455231073102,58.3384144076012
7,132,12,1638,85.81,170.74977555797,114.455231073102,58.3384144076012
7,132,13,2183,89.65,170.74977555797,114.455231073102,58.3384144076012
7,132,14,2675,95.23,170.74977555797,114.455231073102,58.3384144076012
7,132,15,2592,102.74,170.74977555797,114.455231073102,58.3384144076012
7,132,16,2350,103.39,170.74977555797,114.455231073102,58.3384144076012
7,132,17,2177,97.68,170.74977555797,114.455231073102,58.3384144076012
7,132,18,1823,88.03,170.74977555797,114.455231073102,58.3384144076012
7,132,19,1423,79.8,170.74977555797,114.455231073102,58.3384144076012
7,132,20,1112,73.43,170.74977555797,114.455231073102,58.3384144076012
7,132,21,701,68.77,170.74977555797,114.455231073102,58.3384144076012
7,132,22,463,72.31,170.74977555797,114.455231073102,58.3384144076012
7,132,23,189,71.38,170.74977555797,114.455231073102,58.3384144076012
8,132,2,2,58.03,186.311488458197,124.886398200955,63.6552334376638
8,132,4,10,68.27,186.311488458197,124.886398200955,63.6552334376638
8,132,5,6,74.65,186.311488458197,124.886398200955,63.6552334376638
8,132,6,4,75.31,186.311488458197,124.886398200955,63.6552334376638
8,132,7,4,95.53,186.311488458197,124.886398200955,63.6552334376638
8,132,8,7,81.36,186.311488458197,124.886398200955,63.6552334376638
8,132,9,3,72.06,186.311488458197,124.886398200955,63.6552334376638
8,132,10,3,76.44,186.311488458197,124.886398200955,63.6552334376638
8,132,11,7,73.52,186.311488458197,124.886398200955,63.6552334376638
8,132,13,6,89.88,186.311488458197,124.886398200955,63.6552334376638
8,132,14,8,98.06,186.311488458197,124.886398200955,63.6552334376638
8,132,15,10,113.04,186.311488458197,124.886398200955,63.6552334376638
8,132,16,5,94.46,186.311488458197,124.886398200955,63.6552334376638
8,132,17,6,101.01,186.311488458197,124.886398200955,63.6552334376638
8,132,18,4,98.63,186.311488458197,124.886398200955,63.6552334376638
8,132,19,4,82.68,186.311488458197,124.886398200955,63.6552334376638
8,132,20,3,74.74,186.311488458197,124.886398200955,63.6552334376638
9,132,0,16,58.16,116.540306289212,78.1180979130087,39.817192504482
9,132,1,18,54.41,116.540306289212,78.1180979130087,39.817192504482
9,132,2,43,63.37,116.540306289212,78.1180979130087,39.817192504482
9,132,3,196,60.45,116.540306289212,78.1180979130087,39.817192504482
9,132,4,558,62.71,116.540306289212,78.1180979130087,39.817192504482
9,132,5,712,66.43,116.540306289212,78.1180979130087,39.817192504482
9,132,6,547,68.5,116.540306289212,78.1180979130087,39.817192504482
9,132,7,420,71.45,116.540306289212,78.1180979130087,39.817192504482
9,132,8,351,71.36,116.540306289212,78.1180979130087,39.817192504482
9,132,9,327,68.01,116.540306289212,78.1180979130087,39.817192504482
9,132,10,296,69.98,116.540306289212,78.1180979130087,39.817192504482
9,132,11,271,68.3,116.540306289212,78.1180979130087,39.817192504482
9,132,12,301,69.15,116.540306289212,78.1180979130087,39.817192504482
9,132,13,290,73.92,116.540306289212,78.1180979130087,39.817192504482
9,132,14,261,79.32,116.540306289212,78.1180979130087,39.817192504482
9,132,15,257,82.27,116.540306289212,78.1180979130087,39.817192504482
9,132,16,214,84.44,116.540306289212,78.1180979130087,39.817192504482
9,132,17,183,80.46,116.540306289212,78.1180979130087,39.817192504482
9,132,18,138,76.19,116.540306289212,78.1180979130087,39.817192504482
9,132,19,123,67.86,116.540306289212,78.1180979130087,39.817192504482
9,132,20,100,62.43,116.540306289212,78.1180979130087,39.817192504482
9,132,21,84,60.22,116.540306289212,78.1180979130087,39.817192504482
9,132,22,31,65.08,116.540306289212,78.1180979130087,39.817192504482
9,132,23,30,58.73,116.540306289212,78.1180979130087,39.817192504482
10,132,0,736,24.3,41.2188380258561,27.6293870103064,14.0828393261097
10,132,1,1078,23.88,41.2188380258561,27.6293870103064,14.0828393261097
10,132,2,1415,24.44,41.2188380258561,27.6293870103064,14.0828393261097
10,132,3,4337,24.03,41.2188380258561,27.6293870103064,14.0828393261097
10,132,4,6286,25.84,41.2188380258561,27.6293870103064,14.0828393261097
10,132,5,9121,28.27,41.2188380258561,27.6293870103064,14.0828393261097
10,132,6,7184,29.32,41.2188380258561,27.6293870103064,14.0828393261097
10,132,7,6457,29.23,41.2188380258561,27.6293870103064,14.0828393261097
10,132,8,6112,26.36,41.2188380258561,27.6293870103064,14.0828393261097
10,132,9,5166,25.29,41.2188380258561,27.6293870103064,14.0828393261097
10,132,10,4326,24.65,41.2188380258561,27.6293870103064,14.0828393261097
10,132,11,5328,24.5,41.2188380258561,27.6293870103064,14.0828393261097
10,132,12,5206,25.28,41.2188380258561,27.6293870103064,14.0828393261097
10,132,13,6624,25.1,41.2188380258561,27.6293870103064,14.0828393261097
10,132,14,6163,25.88,41.2188380258561,27.6293870103064,14.0828393261097
10,132,15,5853,26.29,41.2188380258561,27.6293870103064,14.0828393261097
10,132,16,4665,26.27,41.2188380258561,27.6293870103064,14.0828393261097
10,132,17,4475,26.6,41.2188380258561,27.6293870103064,14.0828393261097
10,132,18,4178,26.3,41.2188380258561,27.6293870103064,14.0828393261097
10,132,19,3859,25.54,41.2188380258561,27.6293870103064,14.0828393261097
10,132,20,3032,25.77,41.2188380258561,27.6293870103064,14.0828393261097
10,132,21,2582,24.43,41.2188380258561,27.6293870103064,14.0828393261097
10,132,22,1676,25.68,41.2188380258561,27.6293870103064,14.0828393261097
10,132,23,1271,24.56,41.2188380258561,27.6293870103064,14.0828393261097
11,132,0,5,72.66,188.605785344025,126.424287661481,64.4391035309751
11,132,1,4,86.11,188.605785344025,126.424287661481,64.4391035309751
11,132,2,72,58.3,188.605785344025,126.424287661481,64.4391035309751
11,132,3,179,66.25,188.605785344025,126.424287661481,64.4391035309751
11,132,4,282,73.74,188.605785344025,126.424287661481,64.4391035309751
11,132,5,354,76.4,188.605785344025,126.424287661481,64.4391035309751
11,132,6,267,77.92,188.605785344025,126.424287661481,64.4391035309751
11,132,7,205,80.34,188.605785344025,126.424287661481,64.4391035309751
11,132,8,212,80.63,188.605785344025,126.424287661481,64.4391035309751
11,132,9,187,83.77,188.605785344025,126.424287661481,64.4391035309751
11,132,10,157,78.97,188.605785344025,126.424287661481,64.4391035309751
11,132,11,109,80.05,188.605785344025,126.424287661481,64.4391035309751
11,132,12,161,82.82,188.605785344025,126.424287661481,64.4391035309751
11,132,13,186,88.04,188.605785344025,126.424287661481,64.4391035309751
11,132,14,180,98.56,188.605785344025,126.424287661481,64.4391035309751
11,132,15,172,111.31,188.605785344025,126.424287661481,64.4391035309751
11,132,16,148,106.17,188.605785344025,126.424287661481,64.4391035309751
11,132,17,138,103.54,188.605785344025,126.424287661481,64.4391035309751
11,132,18,107,95.12,188.605785344025,126.424287661481,64.4391035309751
11,132,19,79,84.43,188.605785344025,126.424287661481,64.4391035309751
11,132,20,55,81.06,188.605785344025,126.424287661481,64.4391035309751
11,132,21,33,74.7,188.605785344025,126.424287661481,64.4391035309751
11,132,22,24,71.63,188.605785344025,126.424287661481,64.4391035309751
11,132,23,9,64.47,188.605785344025,126.424287661481,64.4391035309751
12,132,4,4,107.22,201.702578785816,135.203195363108,68.9137575135132
12,132,5,2,108.48,201.702578785816,135.203195363108,68.9137575135132
12,132,6,9,150.91,201.702578785816,135.203195363108,68.9137575135132
12,132,7,4,106.36,201.702578785816,135.203195363108,68.9137575135132
12,132,8,9,113.51,201.702578785816,135.203195363108,68.9137575135132
12,132,9,8,104.16,201.702578785816,135.203195363108,68.9137575135132
12,132,10,15,117.11,201.702578785816,135.203195363108,68.9137575135132
12,132,11,26,136.46,201.702578785816,135.203195363108,68.9137575135132
12,132,12,40,139.87,201.702578785816,135.203195363108,68.9137575135132
12,132,13,41,138.4,201.702578785816,135.203195363108,68.9137575135132
12,132,14,37,138.46,201.702578785816,135.203195363108,68.9137575135132
12,132,15,51,154.61,201.702578785816,135.203195363108,68.9137575135132
12,132,16,35,147.75,201.702578785816,135.203195363108,68.9137575135132
12,132,17,33,152.11,201.702578785816,135.203195363108,68.9137575135132
12,132,18,18,129.87,201.702578785816,135.203195363108,68.9137575135132
12,132,19,8,121.64,201.702578785816,135.203195363108,68.9137575135132
12,132,20,5,116.03,201.702578785816,135.203195363108,68.9137575135132
12,132,21,3,94.86,201.702578785816,135.203195363108,68.9137575135132
12,132,22,3,158.39,201.702578785816,135.203195363108,68.9137575135132
13,132,0,20,102.95,205.398719334567,137.680754230776,70.1765818910983
13,132,1,14,102.79,205.398719334567,137.680754230776,70.1765818910983
13,132,2,42,99.81,205.398719334567,137.680754230776,70.1765818910983
13,132,3,286,104.15,205.398719334567,137.680754230776,70.1765818910983
13,132,4,1135,108.61,205.398719334567,137.680754230776,70.1765818910983
13,132,5,2055,113.85,205.398719334567,137.680754230776,70.1765818910983
13,132,6,1743,117.51,205.398719334567,137.680754230776,70.1765818910983
13,132,7,1262,121.5,205.398719334567,137.680754230776,70.1765818910983
13,132,8,1062,124.58,205.398719334567,137.680754230776,70.1765818910983
13,132,9,928,123.23,205.398719334567,137.680754230776,70.1765818910983
13,132,10,914,127.7,205.398719334567,137.680754230776,70.1765818910983
13,132,11,941,145.49,205.398719334567,137.680754230776,70.1765818910983
13,132,12,1342,135.83,205.398719334567,137.680754230776,70.1765818910983
13,132,13,1979,142.92,205.398719334567,137.680754230776,70.1765818910983
13,132,14,2343,164.51,205.398719334567,137.680754230776,70.1765818910983
13,132,15,2291,173.74,205.398719334567,137.680754230776,70.1765818910983
13,132,16,2048,167.47,205.398719334567,137.680754230776,70.1765818910983
13,132,17,1615,163.51,205.398719334567,137.680754230776,70.1765818910983
13,132,18,1190,144.95,205.398719334567,137.680754230776,70.1765818910983
13,132,19,939,128.84,205.398719334567,137.680754230776,70.1765818910983
13,132,20,549,120.59,205.398719334567,137.680754230776,70.1765818910983
13,132,21,336,115.78,205.398719334567,137.680754230776,70.1765818910983
13,132,22,168,116.87,205.398719334567,137.680754230776,70.1765818910983
13,132,23,70,116.39,205.398719334567,137.680754230776,70.1765818910983
14,132,0,23,77.37,203.217732683181,136.218817719667,69.431425403072
14,132,1,38,82.11,203.217732683181,136.218817719667,69.431425403072
14,132,2,108,82.34,203.217732683181,136.218817719667,69.431425403072
14,132,3,653,80.94,203.217732683181,136.218817719667,69.431425403072
14,132,4,1531,84.86,203.217732683181,136.218817719667,69.431425403072
14,132,5,2017,89.46,203.217732683181,136.218817719667,69.431425403072
14,132,6,1581,91.94,203.217732683181,136.218817719667,69.431425403072
14,132,7,1206,94.63,203.217732683181,136.218817719667,69.431425403072
14,132,8,1136,97.3,203.217732683181,136.218817719667,69.431425403072
14,132,9,894,94.51,203.217732683181,136.218817719667,69.431425403072
14,132,10,756,92.96,203.217732683181,136.218817719667,69.431425403072
14,132,11,650,98.43,203.217732683181,136.218817719667,69.431425403072
14,132,12,861,98.28,203.217732683181,136.218817719667,69.431425403072
14,132,13,971,104.55,203.217732683181,136.218817719667,69.431425403072
14,132,14,981,114.09,203.217732683181,136.218817719667,69.431425403072
14,132,15,920,122.19,203.217732683181,136.218817719667,69.431425403072
14,132,16,827,122.49,203.217732683181,136.218817719667,69.431425403072
14,132,17,752,118.24,203.217732683181,136.218817719667,69.431425403072
14,132,18,544,105.84,203.217732683181,136.218817719667,69.431425403072
14,132,19,407,94.45,203.217732683181,136.218817719667,69.431425403072
14,132,20,333,90.19,203.217732683181,136.218817719667,69.431425403072
14,132,21,183,85.43,203.217732683181,136.218817719667,69.431425403072
14,132,22,82,81.42,203.217732683181,136.218817719667,69.431425403072
14,132,23,47,83.17,203.217732683181,136.218817719667,69.431425403072
15,132,0,4,57.3,150.626935041382,100.966695854551,51.4632392849478
15,132,1,10,64.54,150.626935041382,100.966695854551,51.4632392849478
15,132,2,47,66.82,150.626935041382,100.966695854551,51.4632392849478
15,132,3,171,65.47,150.626935041382,100.966695854551,51.4632392849478
15,132,4,456,69.08,150.626935041382,100.966695854551,51.4632392849478
15,132,5,563,73.69,150.626935041382,100.966695854551,51.4632392849478
15,132,6,410,75.94,150.626935041382,100.966695854551,51.4632392849478
15,132,7,298,77.33,150.626935041382,100.966695854551,51.4632392849478
15,132,8,203,76.76,150.626935041382,100.966695854551,51.4632392849478
15,132,9,188,73.36,150.626935041382,100.966695854551,51.4632392849478
15,132,10,161,70.65,150.626935041382,100.966695854551,51.4632392849478
15,132,11,162,73.72,150.626935041382,100.966695854551,51.4632392849478
15,132,12,165,73.1,150.626935041382,100.966695854551,51.4632392849478
15,132,13,209,78.78,150.626935041382,100.966695854551,51.4632392849478
15,132,14,212,81.24,150.626935041382,100.966695854551,51.4632392849478
15,132,15,238,89.39,150.626935041382,100.966695854551,51.4632392849478
15,132,16,193,91.97,150.626935041382,100.966695854551,51.4632392849478
15,132,17,192,91.33,150.626935041382,100.966695854551,51.4632392849478
15,132,18,161,78.33,150.626935041382,100.966695854551,51.4632392849478
15,132,19,136,73.54,150.626935041382,100.966695854551,51.4632392849478
15,132,20,89,67.46,150.626935041382,100.966695854551,51.4632392849478
15,132,21,56,65.55,150.626935041382,100.966695854551,51.4632392849478
15,132,22,37,72.89,150.626935041382,100.966695854551,51.4632392849478
15,132,23,16,59.93,150.626935041382,100.966695854551,51.4632392849478
16,132,0,22,58.98,128.726657828453,86.2867275747696,43.9807846608394
16,132,1,27,56.11,128.726657828453,86.2867275747696,43.9807846608394
16,132,2,100,59.78,128.726657828453,86.2867275747696,43.9807846608394
16,132,3,369,61.42,128.726657828453,86.2867275747696,43.9807846608394
16,132,4,837,62.07,128.726657828453,86.2867275747696,43.9807846608394
16,132,5,1185,67.28,128.726657828453,86.2867275747696,43.9807846608394
16,132,6,776,70.31,128.726657828453,86.2867275747696,43.9807846608394
16,132,7,623,68.16,128.726657828453,86.2867275747696,43.9807846608394
16,132,8,522,69.27,128.726657828453,86.2867275747696,43.9807846608394
16,132,9,461,63.67,128.726657828453,86.2867275747696,43.9807846608394
16,132,10,383,63.81,128.726657828453,86.2867275747696,43.9807846608394
16,132,11,376,63.58,128.726657828453,86.2867275747696,43.9807846608394
16,132,12,360,66.25,128.726657828453,86.2867275747696,43.9807846608394
16,132,13,442,67.5,128.726657828453,86.2867275747696,43.9807846608394
16,132,14,505,73.77,128.726657828453,86.2867275747696,43.9807846608394
16,132,15,477,78.63,128.726657828453,86.2867275747696,43.9807846608394
16,132,16,490,81.43,128.726657828453,86.2867275747696,43.9807846608394
16,132,17,425,78.62,128.726657828453,86.2867275747696,43.9807846608394
16,132,18,330,71.03,128.726657828453,86.2867275747696,43.9807846608394
16,132,19,257,67.64,128.726657828453,86.2867275747696,43.9807846608394
16,132,20,204,64.8,128.726657828453,86.2867275747696,43.9807846608394
16,132,21,160,62.25,128.726657828453,86.2867275747696,43.9807846608394
16,132,22,98,61.56,128.726657828453,86.2867275747696,43.9807846608394
16,132,23,47,62.21,128.726657828453,86.2867275747696,43.9807846608394
17,132,0,55,80.3,147.973292639176,99.1879336082328,50.5565951055129
17,132,1,71,72.9,147.973292639176,99.1879336082328,50.5565951055129
17,132,2,291,71.23,147.973292639176,99.1879336082328,50.5565951055129
17,132,3,1200,73.46,147.973292639176,99.1879336082328,50.5565951055129
17,132,4,3244,78.43,147.973292639176,99.1879336082328,50.5565951055129
17,132,5,4319,84.99,147.973292639176,99.1879336082328,50.5565951055129
17,132,6,3539,87.22,147.973292639176,99.1879336082328,50.5565951055129
17,132,7,2575,91.34,147.973292639176,99.1879336082328,50.5565951055129
17,132,8,2213,92.16,147.973292639176,99.1879336082328,50.5565951055129
17,132,9,2057,85.33,147.973292639176,99.1879336082328,50.5565951055129
17,132,10,1636,83.95,147.973292639176,99.1879336082328,50.5565951055129
17,132,11,1585,84.45,147.973292639176,99.1879336082328,50.5565951055129
17,132,12,1680,86.83,147.973292639176,99.1879336082328,50.5565951055129
17,132,13,2431,91.01,147.973292639176,99.1879336082328,50.5565951055129
17,132,14,2674,96.33,147.973292639176,99.1879336082328,50.5565951055129
17,132,15,2606,99.49,147.973292639176,99.1879336082328,50.5565951055129
17,132,16,2405,101.15,147.973292639176,99.1879336082328,50.5565951055129
17,132,17,2091,100.47,147.973292639176,99.1879336082328,50.5565951055129
17,132,18,1757,89.5,147.973292639176,99.1879336082328,50.5565951055129
17,132,19,1456,84.4,147.973292639176,99.1879336082328,50.5565951055129
17,132,20,1116,82.5,147.973292639176,99.1879336082328,50.5565951055129
17,132,21,722,80.62,147.973292639176,99.1879336082328,50.5565951055129
17,132,22,300,75.99,147.973292639176,99.1879336082328,50.5565951055129
17,132,23,107,76.71,147.973292639176,99.1879336082328,50.5565951055129
18,132,0,30,89.46,256.183645177351,171.722382709478,87.5277733629124
18,132,1,76,86.15,256.183645177351,171.722382709478,87.5277733629124
18,132,2,192,85.51,256.183645177351,171.722382709478,87.5277733629124
18,132,3,317,85.98,256.183645177351,171.722382709478,87.5277733629124
18,132,4,530,91.36,256.183645177351,171.722382709478,87.5277733629124
18,132,5,617,94.43,256.183645177351,171.722382709478,87.5277733629124
18,132,6,313,100.88,256.183645177351,171.722382709478,87.5277733629124
18,132,7,190,102.9,256.183645177351,171.722382709478,87.5277733629124
18,132,8,190,104.29,256.183645177351,171.722382709478,87.5277733629124
18,132,9,188,110.14,256.183645177351,171.722382709478,87.5277733629124
18,132,10,241,107.11,256.183645177351,171.722382709478,87.5277733629124
18,132,11,153,106.15,256.183645177351,171.722382709478,87.5277733629124
18,132,12,166,109.28,256.183645177351,171.722382709478,87.5277733629124
18,132,13,164,115.52,256.183645177351,171.722382709478,87.5277733629124
18,132,14,176,123.69,256.183645177351,171.722382709478,87.5277733629124
18,132,15,180,126.03,256.183645177351,171.722382709478,87.5277733629124
18,132,16,186,130.9,256.183645177351,171.722382709478,87.5277733629124
18,132,17,200,123.3,256.183645177351,171.722382709478,87.5277733629124
18,132,18,206,109.73,256.183645177351,171.722382709478,87.5277733629124
18,132,19,141,99.32,256.183645177351,171.722382709478,87.5277733629124
18,132,20,120,93.86,256.183645177351,171.722382709478,87.5277733629124
18,132,21,50,87.71,256.183645177351,171.722382709478,87.5277733629124
18,132,22,25,94.01,256.183645177351,171.722382709478,87.5277733629124
18,132,23,22,99.98,256.183645177351,171.722382709478,87.5277733629124
19,132,0,33,42.59,108.018012389479,72.4055216336002,36.9054632702777
19,132,1,41,41.18,108.018012389479,72.4055216336002,36.9054632702777
19,132,2,120,42.25,108.018012389479,72.4055216336002,36.9054632702777
19,132,3,299,48.41,108.018012389479,72.4055216336002,36.9054632702777
19,132,4,606,50.09,108.018012389479,72.4055216336002,36.9054632702777
19,132,5,750,53.08,108.018012389479,72.4055216336002,36.9054632702777
19,132,6,621,58.01,108.018012389479,72.4055216336002,36.9054632702777
19,132,7,451,54.34,108.018012389479,72.4055216336002,36.9054632702777
19,132,8,344,52.69,108.018012389479,72.4055216336002,36.9054632702777
19,132,9,328,51.4,108.018012389479,72.4055216336002,36.9054632702777
19,132,10,277,53.86,108.018012389479,72.4055216336002,36.9054632702777
19,132,11,335,50.76,108.018012389479,72.4055216336002,36.9054632702777
19,132,12,473,50.91,108.018012389479,72.4055216336002,36.9054632702777
19,132,13,394,52.35,108.018012389479,72.4055216336002,36.9054632702777
19,132,14,423,51.13,108.018012389479,72.4055216336002,36.9054632702777
19,132,15,352,56.78,108.018012389479,72.4055216336002,36.9054632702777
19,132,16,459,53.79,108.018012389479,72.4055216336002,36.9054632702777
19,132,17,355,57.04,108.018012389479,72.4055216336002,36.9054632702777
19,132,18,208,54.59,108.018012389479,72.4055216336002,36.9054632702777
19,132,19,180,53.26,108.018012389479,72.4055216336002,36.9054632702777
19,132,20,155,51.56,108.018012389479,72.4055216336002,36.9054632702777
19,132,21,173,46.63,108.018012389479,72.4055216336002,36.9054632702777
19,132,22,43,50.06,108.018012389479,72.4055216336002,36.9054632702777
19,132,23,41,45.75,108.018012389479,72.4055216336002,36.9054632702777
20,132,0,12,80.88,245.145251537506,164.323240364513,83.7563928123308
20,132,1,21,80.22,245.145251537506,164.323240364513,83.7563928123308
20,132,2,84,82.96,245.145251537506,164.323240364513,83.7563928123308
20,132,3,155,84.58,245.145251537506,164.323240364513,83.7563928123308
20,132,4,280,89.35,245.145251537506,164.323240364513,83.7563928123308
20,132,5,296,91.5,245.145251537506,164.323240364513,83.7563928123308
20,132,6,220,98.81,245.145251537506,164.323240364513,83.7563928123308
20,132,7,155,102.59,245.145251537506,164.323240364513,83.7563928123308
20,132,8,160,103.78,245.145251537506,164.323240364513,83.7563928123308
20,132,9,146,101.09,245.145251537506,164.323240364513,83.7563928123308
20,132,10,138,101.29,245.145251537506,164.323240364513,83.7563928123308
20,132,11,169,100.94,245.145251537506,164.323240364513,83.7563928123308
20,132,12,169,110.37,245.145251537506,164.323240364513,83.7563928123308
20,132,13,269,114.9,245.145251537506,164.323240364513,83.7563928123308
20,132,14,251,118.26,245.145251537506,164.323240364513,83.7563928123308
20,132,15,245,131.02,245.145251537506,164.323240364513,83.7563928123308
20,132,16,257,130.13,245.145251537506,164.323240364513,83.7563928123308
20,132,17,191,122.46,245.145251537506,164.323240364513,83.7563928123308
20,132,18,146,112.03,245.145251537506,164.323240364513,83.7563928123308
20,132,19,130,99.16,245.145251537506,164.323240364513,83.7563928123308
20,132,20,76,87.49,245.145251537506,164.323240364513,83.7563928123308
20,132,21,56,83.31,245.145251537506,164.323240364513,83.7563928123308
20,132,22,27,89.7,245.145251537506,164.323240364513,83.7563928123308
20,132,23,10,96.35,245.145251537506,164.323240364513,83.7563928123308
21,132,0,15,63.68,170.537857746445,114.313180508131,58.2660105109123
21,132,1,22,66.49,170.537857746445,114.313180508131,58.2660105109123
21,132,2,62,71.4,170.537857746445,114.313180508131,58.2660105109123
21,132,3,242,74.71,170.537857746445,114.313180508131,58.2660105109123
21,132,4,537,75.08,170.537857746445,114.313180508131,58.2660105109123
21,132,5,657,79.23,170.537857746445,114.313180508131,58.2660105109123
21,132,6,570,79.38,170.537857746445,114.313180508131,58.2660105109123
21,132,7,405,83.57,170.537857746445,114.313180508131,58.2660105109123
21,132,8,345,82.67,170.537857746445,114.313180508131,58.2660105109123
21,132,9,356,79.93,170.537857746445,114.313180508131,58.2660105109123
21,132,10,279,80.9,170.537857746445,114.313180508131,58.2660105109123
21,132,11,247,81.49,170.537857746445,114.313180508131,58.2660105109123
21,132,12,285,85.23,170.537857746445,114.313180508131,58.2660105109123
21,132,13,366,89.73,170.537857746445,114.313180508131,58.2660105109123
21,132,14,407,105.55,170.537857746445,114.313180508131,58.2660105109123
21,132,15,319,104.5,170.537857746445,114.313180508131,58.2660105109123
21,132,16,318,104.62,170.537857746445,114.313180508131,58.2660105109123
21,132,17,276,104.67,170.537857746445,114.313180508131,58.2660105109123
21,132,18,201,90.32,170.537857746445,114.313180508131,58.2660105109123
21,132,19,187,82.04,170.537857746445,114.313180508131,58.2660105109123
21,132,20,170,77.95,170.537857746445,114.313180508131,58.2660105109123
21,132,21,101,72.14,170.537857746445,114.313180508131,58.2660105109123
21,132,22,54,73.26,170.537857746445,114.313180508131,58.2660105109123
21,132,23,38,64.11,170.537857746445,114.313180508131,58.2660105109123
22,132,0,14,63.62,177.332501620853,118.867696214893,60.5874703711202
22,132,1,147,62.07,177.332501620853,118.867696214893,60.5874703711202
22,132,2,105,72.22,177.332501620853,118.867696214893,60.5874703711202
22,132,3,328,75.8,177.332501620853,118.867696214893,60.5874703711202
22,132,4,692,78.75,177.332501620853,118.867696214893,60.5874703711202
22,132,5,762,82.52,177.332501620853,118.867696214893,60.5874703711202
22,132,6,611,82.54,177.332501620853,118.867696214893,60.5874703711202
22,132,7,486,86.54,177.332501620853,118.867696214893,60.5874703711202
22,132,8,488,85.24,177.332501620853,118.867696214893,60.5874703711202
22,132,9,407,88.94,177.332501620853,118.867696214893,60.5874703711202
22,132,10,331,87.12,177.332501620853,118.867696214893,60.5874703711202
22,132,11,273,85.86,177.332501620853,118.867696214893,60.5874703711202
22,132,12,361,89.8,177.332501620853,118.867696214893,60.5874703711202
22,132,13,453,93.98,177.332501620853,118.867696214893,60.5874703711202
22,132,14,468,101.54,177.332501620853,118.867696214893,60.5874703711202
22,132,15,429,110.3,177.332501620853,118.867696214893,60.5874703711202
22,132,16,364,111.82,177.332501620853,118.867696214893,60.5874703711202
22,132,17,327,107.94,177.332501620853,118.867696214893,60.5874703711202
22,132,18,247,96.21,177.332501620853,118.867696214893,60.5874703711202
22,132,19,212,85.3,177.332501620853,118.867696214893,60.5874703711202
22,132,20,177,81.57,177.332501620853,118.867696214893,60.5874703711202
22,132,21,131,79.29,177.332501620853,118.867696214893,60.5874703711202
22,132,22,85,72.9,177.332501620853,118.867696214893,60.5874703711202
22,132,23,38,70.77,177.332501620853,118.867696214893,60.5874703711202
23,132,0,6,152.73,318.034579440335,213.18166398832,108.659780258618
23,132,1,3,130.7,318.034579440335,213.18166398832,108.659780258618
23,132,2,28,100.91,318.034579440335,213.18166398832,108.659780258618
23,132,3,49,99.96,318.034579440335,213.18166398832,108.659780258618
23,132,4,108,113.01,318.034579440335,213.18166398832,108.659780258618
23,132,5,106,108.38,318.034579440335,213.18166398832,108.659780258618
23,132,6,120,123.93,318.034579440335,213.18166398832,108.659780258618
23,132,7,76,129.38,318.034579440335,213.18166398832,108.659780258618
23,132,8,61,134.07,318.034579440335,213.18166398832,108.659780258618
23,132,9,77,121.88,318.034579440335,213.18166398832,108.659780258618
23,132,10,61,122.17,318.034579440335,213.18166398832,108.659780258618
23,132,11,70,129.37,318.034579440335,213.18166398832,108.659780258618
23,132,12,93,129.12,318.034579440335,213.18166398832,108.659780258618
23,132,13,82,132.28,318.034579440335,213.18166398832,108.659780258618
23,132,14,84,143.31,318.034579440335,213.18166398832,108.659780258618
23,132,15,81,141.95,318.034579440335,213.18166398832,108.659780258618
23,132,16,64,147.31,318.034579440335,213.18166398832,108.659780258618
23,132,17,60,147.44,318.034579440335,213.18166398832,108.659780258618
23,132,18,56,135.72,318.034579440335,213.18166398832,108.659780258618
23,132,19,45,116.78,318.034579440335,213.18166398832,108.659780258618
23,132,20,44,108.35,318.034579440335,213.18166398832,108.659780258618
23,132,21,30,104.47,318.034579440335,213.18166398832,108.659780258618
23,132,22,18,105.21,318.034579440335,213.18166398832,108.659780258618
23,132,23,10,109.9,318.034579440335,213.18166398832,108.659780258618
24,132,0,16,84.37,227.209680811552,152.300853306264,77.628520876755
24,132,1,17,85.1,227.209680811552,152.300853306264,77.628520876755
24,132,2,82,92.25,227.209680811552,152.300853306264,77.628520876755
24,132,3,243,91.99,227.209680811552,152.300853306264,77.628520876755
24,132,4,647,95.61,227.209680811552,152.300853306264,77.628520876755
24,132,5,811,100.99,227.209680811552,152.300853306264,77.628520876755
24,132,6,747,107.4,227.209680811552,152.300853306264,77.628520876755
24,132,7,581,111.44,227.209680811552,152.300853306264,77.628520876755
24,132,8,434,112.34,227.209680811552,152.300853306264,77.628520876755
24,132,9,399,109.24,227.209680811552,152.300853306264,77.628520876755
24,132,10,327,111.77,227.209680811552,152.300853306264,77.628520876755
24,132,11,316,114.43,227.209680811552,152.300853306264,77.628520876755
24,132,12,416,122.94,227.209680811552,152.300853306264,77.628520876755
24,132,13,608,122.25,227.209680811552,152.300853306264,77.628520876755
24,132,14,643,132.31,227.209680811552,152.300853306264,77.628520876755
24,132,15,625,140.99,227.209680811552,152.300853306264,77.628520876755
24,132,16,588,141.45,227.209680811552,152.300853306264,77.628520876755
24,132,17,463,136.33,227.209680811552,152.300853306264,77.628520876755
24,132,18,401,123.01,227.209680811552,152.300853306264,77.628520876755
24,132,19,326,109.35,227.209680811552,152.300853306264,77.628520876755
24,132,20,257,102.49,227.209680811552,152.300853306264,77.628520876755
24,132,21,155,99.75,227.209680811552,152.300853306264,77.628520876755
24,132,22,78,100.29,227.209680811552,152.300853306264,77.628520876755
24,132,23,26,107.33,227.209680811552,152.300853306264,77.628520876755
25,132,0,51,89.98,173.662402066302,116.407592878272,59.3335431666427
25,132,1,50,80.44,173.662402066302,116.407592878272,59.3335431666427
25,132,2,128,85.32,173.662402066302,116.407592878272,59.3335431666427
25,132,3,624,86.92,173.662402066302,116.407592878272,59.3335431666427
25,132,4,2444,91.27,173.662402066302,116.407592878272,59.3335431666427
25,132,5,4309,96.62,173.662402066302,116.407592878272,59.3335431666427
25,132,6,3685,102.73,173.662402066302,116.407592878272,59.3335431666427
25,132,7,2726,108.4,173.662402066302,116.407592878272,59.3335431666427
25,132,8,2409,111.27,173.662402066302,116.407592878272,59.3335431666427
25,132,9,2223,106.3,173.662402066302,116.407592878272,59.3335431666427
25,132,10,1895,106.08,173.662402066302,116.407592878272,59.3335431666427
25,132,11,1753,108.33,173.662402066302,116.407592878272,59.3335431666427
25,132,12,1897,114.37,173.662402066302,116.407592878272,59.3335431666427
25,132,13,2464,121.19,173.662402066302,116.407592878272,59.3335431666427
25,132,14,2722,127.04,173.662402066302,116.407592878272,59.3335431666427
25,132,15,2471,132.93,173.662402066302,116.407592878272,59.3335431666427
25,132,16,2276,135.29,173.662402066302,116.407592878272,59.3335431666427
25,132,17,1851,130.01,173.662402066302,116.407592878272,59.3335431666427
25,132,18,1466,115.85,173.662402066302,116.407592878272,59.3335431666427
25,132,19,1328,106.34,173.662402066302,116.407592878272,59.3335431666427
25,132,20,862,100.92,173.662402066302,116.407592878272,59.3335431666427
25,132,21,576,98.04,173.662402066302,116.407592878272,59.3335431666427
25,132,22,291,98,173.662402066302,116.407592878272,59.3335431666427
25,132,23,112,100.49,173.662402066302,116.407592878272,59.3335431666427
26,132,0,28,80.8,169.659729795194,113.724562823313,57.9659890780552
26,132,1,17,94.07,169.659729795194,113.724562823313,57.9659890780552
26,132,2,51,81.99,169.659729795194,113.724562823313,57.9659890780552
26,132,3,157,86.74,169.659729795194,113.724562823313,57.9659890780552
26,132,4,436,90.63,169.659729795194,113.724562823313,57.9659890780552
26,132,5,502,96,169.659729795194,113.724562823313,57.9659890780552
26,132,6,403,96.19,169.659729795194,113.724562823313,57.9659890780552
26,132,7,441,100.41,169.659729795194,113.724562823313,57.9659890780552
26,132,8,398,102.91,169.659729795194,113.724562823313,57.9659890780552
26,132,9,304,100.6,169.659729795194,113.724562823313,57.9659890780552
26,132,10,240,101.86,169.659729795194,113.724562823313,57.9659890780552
26,132,11,214,103.36,169.659729795194,113.724562823313,57.9659890780552
26,132,12,268,108.05,169.659729795194,113.724562823313,57.9659890780552
26,132,13,432,113.8,169.659729795194,113.724562823313,57.9659890780552
26,132,14,454,125.03,169.659729795194,113.724562823313,57.9659890780552
26,132,15,417,131.17,169.659729795194,113.724562823313,57.9659890780552
26,132,16,328,132.44,169.659729795194,113.724562823313,57.9659890780552
26,132,17,316,127.6,169.659729795194,113.724562823313,57.9659890780552
26,132,18,245,108.33,169.659729795194,113.724562823313,57.9659890780552
26,132,19,269,100.42,169.659729795194,113.724562823313,57.9659890780552
26,132,20,319,95.61,169.659729795194,113.724562823313,57.9659890780552
26,132,21,166,95.78,169.659729795194,113.724562823313,57.9659890780552
26,132,22,70,90.19,169.659729795194,113.724562823313,57.9659890780552
26,132,23,47,92.93,169.659729795194,113.724562823313,57.9659890780552
27,132,2,2,68.83,135.345658400403,90.723507871903,46.2422341829178
27,132,3,10,72.37,135.345658400403,90.723507871903,46.2422341829178
27,132,4,31,73.2,135.345658400403,90.723507871903,46.2422341829178
27,132,5,55,76.4,135.345658400403,90.723507871903,46.2422341829178
27,132,6,43,77.64,135.345658400403,90.723507871903,46.2422341829178
27,132,7,25,77.61,135.345658400403,90.723507871903,46.2422341829178
27,132,8,25,71.35,135.345658400403,90.723507871903,46.2422341829178
27,132,9,18,80.26,135.345658400403,90.723507871903,46.2422341829178
27,132,10,16,78.04,135.345658400403,90.723507871903,46.2422341829178
27,132,11,18,73.59,135.345658400403,90.723507871903,46.2422341829178
27,132,12,28,79.23,135.345658400403,90.723507871903,46.2422341829178
27,132,13,39,83.83,135.345658400403,90.723507871903,46.2422341829178
27,132,14,32,95.79,135.345658400403,90.723507871903,46.2422341829178
27,132,15,32,88.48,135.345658400403,90.723507871903,46.2422341829178
27,132,16,25,83.3,135.345658400403,90.723507871903,46.2422341829178
27,132,17,29,85.58,135.345658400403,90.723507871903,46.2422341829178
27,132,18,18,80.21,135.345658400403,90.723507871903,46.2422341829178
27,132,19,9,83.85,135.345658400403,90.723507871903,46.2422341829178
27,132,20,6,75.76,135.345658400403,90.723507871903,46.2422341829178
27,132,21,3,73.34,135.345658400403,90.723507871903,46.2422341829178
27,132,22,4,65.53,135.345658400403,90.723507871903,46.2422341829178
28,132,0,113,40.78,78.4454976502375,52.5827781082743,26.8017099019633
28,132,1,210,34.13,78.4454976502375,52.5827781082743,26.8017099019633
28,132,2,303,34.94,78.4454976502375,52.5827781082743,26.8017099019633
28,132,3,861,36.03,78.4454976502375,52.5827781082743,26.8017099019633
28,132,4,1679,39.24,78.4454976502375,52.5827781082743,26.8017099019633
28,132,5,2382,42.37,78.4454976502375,52.5827781082743,26.8017099019633
28,132,6,1990,43.85,78.4454976502375,52.5827781082743,26.8017099019633
28,132,7,1769,44.26,78.4454976502375,52.5827781082743,26.8017099019633
28,132,8,1388,42.63,78.4454976502375,52.5827781082743,26.8017099019633
28,132,9,1222,42.44,78.4454976502375,52.5827781082743,26.8017099019633
28,132,10,1112,42.63,78.4454976502375,52.5827781082743,26.8017099019633
28,132,11,1067,42.7,78.4454976502375,52.5827781082743,26.8017099019633
28,132,12,1015,44.02,78.4454976502375,52.5827781082743,26.8017099019633
28,132,13,1149,44.63,78.4454976502375,52.5827781082743,26.8017099019633
28,132,14,1184,46.69,78.4454976502375,52.5827781082743,26.8017099019633
28,132,15,1148,47.97,78.4454976502375,52.5827781082743,26.8017099019633
28,132,16,948,49.41,78.4454976502375,52.5827781082743,26.8017099019633
28,132,17,864,48.41,78.4454976502375,52.5827781082743,26.8017099019633
28,132,18,745,44.8,78.4454976502375,52.5827781082743,26.8017099019633
28,132,19,697,41.86,78.4454976502375,52.5827781082743,26.8017099019633
28,132,20,639,40.95,78.4454976502375,52.5827781082743,26.8017099019633
28,132,21,388,37.88,78.4454976502375,52.5827781082743,26.8017099019633
28,132,22,213,40.15,78.4454976502375,52.5827781082743,26.8017099019633
28,132,23,152,41.34,78.4454976502375,52.5827781082743,26.8017099019633
29,132,0,21,55.42,160.586759529305,107.642862833323,54.8661156079458
29,132,1,11,54.57,160.586759529305,107.642862833323,54.8661156079458
29,132,2,47,57.66,160.586759529305,107.642862833323,54.8661156079458
29,132,3,194,60.15,160.586759529305,107.642862833323,54.8661156079458
29,132,4,466,63.56,160.586759529305,107.642862833323,54.8661156079458
29,132,5,565,69.19,160.586759529305,107.642862833323,54.8661156079458
29,132,6,460,68.51,160.586759529305,107.642862833323,54.8661156079458
29,132,7,357,69.72,160.586759529305,107.642862833323,54.8661156079458
29,132,8,346,71.25,160.586759529305,107.642862833323,54.8661156079458
29,132,9,312,70.22,160.586759529305,107.642862833323,54.8661156079458
29,132,10,246,68.65,160.586759529305,107.642862833323,54.8661156079458
29,132,11,200,72.35,160.586759529305,107.642862833323,54.8661156079458
29,132,12,278,72.68,160.586759529305,107.642862833323,54.8661156079458
29,132,13,366,75.85,160.586759529305,107.642862833323,54.8661156079458
29,132,14,356,85.67,160.586759529305,107.642862833323,54.8661156079458
29,132,15,377,89.98,160.586759529305,107.642862833323,54.8661156079458
29,132,16,317,93.39,160.586759529305,107.642862833323,54.8661156079458
29,132,17,347,90.42,160.586759529305,107.642862833323,54.8661156079458
29,132,18,231,85.48,160.586759529305,107.642862833323,54.8661156079458
29,132,19,189,75,160.586759529305,107.642862833323,54.8661156079458
29,132,20,166,67.38,160.586759529305,107.642862833323,54.8661156079458
29,132,21,98,63.47,160.586759529305,107.642862833323,54.8661156079458
29,132,22,39,61.8,160.586759529305,107.642862833323,54.8661156079458
29,132,23,32,57.61,160.586759529305,107.642862833323,54.8661156079458
30,132,0,3,38.78,53.2043705515229,35.6634057390375,18.1778196040822
30,132,1,4,42.34,53.2043705515229,35.6634057390375,18.1778196040822
30,132,2,5,44.11,53.2043705515229,35.6634057390375,18.1778196040822
30,132,3,17,51.35,53.2043705515229,35.6634057390375,18.1778196040822
30,132,4,50,53.27,53.2043705515229,35.6634057390375,18.1778196040822
30,132,5,55,56.19,53.2043705515229,35.6634057390375,18.1778196040822
30,132,6,42,52.91,53.2043705515229,35.6634057390375,18.1778196040822
30,132,7,31,51.43,53.2043705515229,35.6634057390375,18.1778196040822
30,132,8,23,47.66,53.2043705515229,35.6634057390375,18.1778196040822
30,132,9,23,47.87,53.2043705515229,35.6634057390375,18.1778196040822
30,132,10,29,47.83,53.2043705515229,35.6634057390375,18.1778196040822
30,132,11,22,48.91,53.2043705515229,35.6634057390375,18.1778196040822
30,132,12,36,50.94,53.2043705515229,35.6634057390375,18.1778196040822
30,132,13,37,53.71,53.2043705515229,35.6634057390375,18.1778196040822
30,132,14,29,54.42,53.2043705515229,35.6634057390375,18.1778196040822
30,132,15,40,54.41,53.2043705515229,35.6634057390375,18.1778196040822
30,132,16,14,50.52,53.2043705515229,35.6634057390375,18.1778196040822
30,132,17,29,49.19,53.2043705515229,35.6634057390375,18.1778196040822
30,132,18,31,47.63,53.2043705515229,35.6634057390375,18.1778196040822
30,132,19,26,50.23,53.2043705515229,35.6634057390375,18.1778196040822
30,132,20,19,46.95,53.2043705515229,35.6634057390375,18.1778196040822
30,132,21,12,45.81,53.2043705515229,35.6634057390375,18.1778196040822
30,132,22,6,46.26,53.2043705515229,35.6634057390375,18.1778196040822
30,132,23,7,44.38,53.2043705515229,35.6634057390375,18.1778196040822
31,132,2,11,73.08,242.293731592469,162.41183888154,82.7821417381989
31,132,3,9,71.89,242.293731592469,162.41183888154,82.7821417381989
31,132,4,19,87.26,242.293731592469,162.41183888154,82.7821417381989
31,132,5,24,100.19,242.293731592469,162.41183888154,82.7821417381989
31,132,6,14,93.23,242.293731592469,162.41183888154,82.7821417381989
31,132,7,18,90.59,242.293731592469,162.41183888154,82.7821417381989
31,132,8,6,108.99,242.293731592469,162.41183888154,82.7821417381989
31,132,9,11,98.81,242.293731592469,162.41183888154,82.7821417381989
31,132,10,8,123.32,242.293731592469,162.41183888154,82.7821417381989
31,132,11,6,113.86,242.293731592469,162.41183888154,82.7821417381989
31,132,12,15,103.3,242.293731592469,162.41183888154,82.7821417381989
31,132,13,26,110.32,242.293731592469,162.41183888154,82.7821417381989
31,132,14,21,113.8,242.293731592469,162.41183888154,82.7821417381989
31,132,15,21,130.79,242.293731592469,162.41183888154,82.7821417381989
31,132,16,25,133.54,242.293731592469,162.41183888154,82.7821417381989
31,132,17,11,112.04,242.293731592469,162.41183888154,82.7821417381989
31,132,18,7,126.15,242.293731592469,162.41183888154,82.7821417381989
31,132,19,11,91.55,242.293731592469,162.41183888154,82.7821417381989
31,132,20,8,82.74,242.293731592469,162.41183888154,82.7821417381989
31,132,22,2,69.79,242.293731592469,162.41183888154,82.7821417381989
31,132,23,2,80.51,242.293731592469,162.41183888154,82.7821417381989
32,132,0,12,87.83,246.039454863605,164.922633529045,84.0619065620977
32,132,1,34,79.34,246.039454863605,164.922633529045,84.0619065620977
32,132,2,98,79.75,246.039454863605,164.922633529045,84.0619065620977
32,132,3,191,85.01,246.039454863605,164.922633529045,84.0619065620977
32,132,4,327,85.42,246.039454863605,164.922633529045,84.0619065620977
32,132,5,328,90.8,246.039454863605,164.922633529045,84.0619065620977
32,132,6,198,97.37,246.039454863605,164.922633529045,84.0619065620977
32,132,7,133,101.24,246.039454863605,164.922633529045,84.0619065620977
32,132,8,110,106.47,246.039454863605,164.922633529045,84.0619065620977
32,132,9,120,95.44,246.039454863605,164.922633529045,84.0619065620977
32,132,10,116,99.04,246.039454863605,164.922633529045,84.0619065620977
32,132,11,104,101.72,246.039454863605,164.922633529045,84.0619065620977
32,132,12,135,104.5,246.039454863605,164.922633529045,84.0619065620977
32,132,13,132,111.85,246.039454863605,164.922633529045,84.0619065620977
32,132,14,105,117.26,246.039454863605,164.922633529045,84.0619065620977
32,132,15,134,125.06,246.039454863605,164.922633529045,84.0619065620977
32,132,16,131,118.77,246.039454863605,164.922633529045,84.0619065620977
32,132,17,115,109.93,246.039454863605,164.922633529045,84.0619065620977
32,132,18,100,105.21,246.039454863605,164.922633529045,84.0619065620977
32,132,19,89,100.22,246.039454863605,164.922633529045,84.0619065620977
32,132,20,63,88.72,246.039454863605,164.922633529045,84.0619065620977
32,132,21,37,90.41,246.039454863605,164.922633529045,84.0619065620977
32,132,22,31,90.92,246.039454863605,164.922633529045,84.0619065620977
32,132,23,21,86.49,246.039454863605,164.922633529045,84.0619065620977
33,132,0,28,89.86,183.823643328457,123.218771474841,62.8052355990931
33,132,1,17,86.34,183.823643328457,123.218771474841,62.8052355990931
33,132,2,43,85,183.823643328457,123.218771474841,62.8052355990931
33,132,3,405,90.33,183.823643328457,123.218771474841,62.8052355990931
33,132,4,1812,93.37,183.823643328457,123.218771474841,62.8052355990931
33,132,5,3554,100.37,183.823643328457,123.218771474841,62.8052355990931
33,132,6,2996,104.66,183.823643328457,123.218771474841,62.8052355990931
33,132,7,2087,111.92,183.823643328457,123.218771474841,62.8052355990931
33,132,8,1633,115.17,183.823643328457,123.218771474841,62.8052355990931
33,132,9,1452,109.94,183.823643328457,123.218771474841,62.8052355990931
33,132,10,1163,113.57,183.823643328457,123.218771474841,62.8052355990931
33,132,11,1147,115.55,183.823643328457,123.218771474841,62.8052355990931
33,132,12,1391,122.89,183.823643328457,123.218771474841,62.8052355990931
33,132,13,2077,129.49,183.823643328457,123.218771474841,62.8052355990931
33,132,14,2252,139.77,183.823643328457,123.218771474841,62.8052355990931
33,132,15,2134,148.89,183.823643328457,123.218771474841,62.8052355990931
33,132,16,1932,149.5,183.823643328457,123.218771474841,62.8052355990931
33,132,17,1552,143.22,183.823643328457,123.218771474841,62.8052355990931
33,132,18,1266,126.98,183.823643328457,123.218771474841,62.8052355990931
33,132,19,1115,115.37,183.823643328457,123.218771474841,62.8052355990931
33,132,20,670,104.59,183.823643328457,123.218771474841,62.8052355990931
33,132,21,432,99.93,183.823643328457,123.218771474841,62.8052355990931
33,132,22,228,95.63,183.823643328457,123.218771474841,62.8052355990931
33,132,23,73,99.5,183.823643328457,123.218771474841,62.8052355990931
34,132,0,3,84.18,167.515118752511,112.287009235613,57.2332606903174
34,132,1,5,90.84,167.515118752511,112.287009235613,57.2332606903174
34,132,2,7,74.39,167.515118752511,112.287009235613,57.2332606903174
34,132,3,29,78.67,167.515118752511,112.287009235613,57.2332606903174
34,132,4,58,83.15,167.515118752511,112.287009235613,57.2332606903174
34,132,5,95,88.65,167.515118752511,112.287009235613,57.2332606903174
34,132,6,51,96.6,167.515118752511,112.287009235613,57.2332606903174
34,132,7,63,103.35,167.515118752511,112.287009235613,57.2332606903174
34,132,8,40,99.89,167.515118752511,112.287009235613,57.2332606903174
34,132,9,59,98.99,167.515118752511,112.287009235613,57.2332606903174
34,132,10,55,108.11,167.515118752511,112.287009235613,57.2332606903174
34,132,11,91,108.32,167.515118752511,112.287009235613,57.2332606903174
34,132,12,115,115.09,167.515118752511,112.287009235613,57.2332606903174
34,132,13,142,122.29,167.515118752511,112.287009235613,57.2332606903174
34,132,14,155,129.26,167.515118752511,112.287009235613,57.2332606903174
34,132,15,162,135.99,167.515118752511,112.287009235613,57.2332606903174
34,132,16,155,135.93,167.515118752511,112.287009235613,57.2332606903174
34,132,17,120,128.87,167.515118752511,112.287009235613,57.2332606903174
34,132,18,89,112.84,167.515118752511,112.287009235613,57.2332606903174
34,132,19,42,99.65,167.515118752511,112.287009235613,57.2332606903174
34,132,20,39,91.49,167.515118752511,112.287009235613,57.2332606903174
34,132,21,15,91.33,167.515118752511,112.287009235613,57.2332606903174
34,132,22,10,112.38,167.515118752511,112.287009235613,57.2332606903174
34,132,23,2,92.44,167.515118752511,112.287009235613,57.2332606903174
35,132,0,112,50.97,108.926843659989,73.014720051184,37.2159748074809
35,132,1,319,44.2,108.926843659989,73.014720051184,37.2159748074809
35,132,2,885,47.93,108.926843659989,73.014720051184,37.2159748074809
35,132,3,1708,51.97,108.926843659989,73.014720051184,37.2159748074809
35,132,4,1902,55.2,108.926843659989,73.014720051184,37.2159748074809
35,132,5,2120,59.66,108.926843659989,73.014720051184,37.2159748074809
35,132,6,1476,62.97,108.926843659989,73.014720051184,37.2159748074809
35,132,7,1074,64.75,108.926843659989,73.014720051184,37.2159748074809
35,132,8,1035,61.76,108.926843659989,73.014720051184,37.2159748074809
35,132,9,980,57.49,108.926843659989,73.014720051184,37.2159748074809
35,132,10,1060,56.14,108.926843659989,73.014720051184,37.2159748074809
35,132,11,1423,55.56,108.926843659989,73.014720051184,37.2159748074809
35,132,12,1623,55.49,108.926843659989,73.014720051184,37.2159748074809
35,132,13,1380,57.49,108.926843659989,73.014720051184,37.2159748074809
35,132,14,1067,60.22,108.926843659989,73.014720051184,37.2159748074809
35,132,15,1228,59.38,108.926843659989,73.014720051184,37.2159748074809
35,132,16,805,61.98,108.926843659989,73.014720051184,37.2159748074809
35,132,17,604,61.76,108.926843659989,73.014720051184,37.2159748074809
35,132,18,530,57.81,108.926843659989,73.014720051184,37.2159748074809
35,132,19,595,55.88,108.926843659989,73.014720051184,37.2159748074809
35,132,20,415,57.56,108.926843659989,73.014720051184,37.2159748074809
35,132,21,345,52.73,108.926843659989,73.014720051184,37.2159748074809
35,132,22,476,51.51,108.926843659989,73.014720051184,37.2159748074809
35,132,23,156,52.51,108.926843659989,73.014720051184,37.2159748074809
36,132,0,67,61.79,128.552437109066,86.1699457363753,43.9212603628265
36,132,1,91,61.36,128.552437109066,86.1699457363753,43.9212603628265
36,132,2,430,57.34,128.552437109066,86.1699457363753,43.9212603628265
36,132,3,991,67.17,128.552437109066,86.1699457363753,43.9212603628265
36,132,4,2564,69.17,128.552437109066,86.1699457363753,43.9212603628265
36,132,5,3379,73.27,128.552437109066,86.1699457363753,43.9212603628265
36,132,6,2798,74.17,128.552437109066,86.1699457363753,43.9212603628265
36,132,7,2283,78.2,128.552437109066,86.1699457363753,43.9212603628265
36,132,8,1852,76.31,128.552437109066,86.1699457363753,43.9212603628265
36,132,9,1815,71.67,128.552437109066,86.1699457363753,43.9212603628265
36,132,10,1470,70.31,128.552437109066,86.1699457363753,43.9212603628265
36,132,11,1481,72.06,128.552437109066,86.1699457363753,43.9212603628265
36,132,12,1562,73.22,128.552437109066,86.1699457363753,43.9212603628265
36,132,13,2256,76.16,128.552437109066,86.1699457363753,43.9212603628265
36,132,14,2667,82.28,128.552437109066,86.1699457363753,43.9212603628265
36,132,15,2276,86.74,128.552437109066,86.1699457363753,43.9212603628265
36,132,16,2163,88.42,128.552437109066,86.1699457363753,43.9212603628265
36,132,17,1929,86.45,128.552437109066,86.1699457363753,43.9212603628265
36,132,18,1548,80.54,128.552437109066,86.1699457363753,43.9212603628265
36,132,19,1249,74.6,128.552437109066,86.1699457363753,43.9212603628265
36,132,20,970,70.07,128.552437109066,86.1699457363753,43.9212603628265
36,132,21,648,68.05,128.552437109066,86.1699457363753,43.9212603628265
36,132,22,442,60.97,128.552437109066,86.1699457363753,43.9212603628265
36,132,23,183,61.75,128.552437109066,86.1699457363753,43.9212603628265
37,132,0,99,68.16,129.057014480941,86.5081688438636,44.0936544039016
37,132,1,160,63.96,129.057014480941,86.5081688438636,44.0936544039016
37,132,2,446,66.78,129.057014480941,86.5081688438636,44.0936544039016
37,132,3,1647,66.46,129.057014480941,86.5081688438636,44.0936544039016
37,132,4,4185,71.68,129.057014480941,86.5081688438636,44.0936544039016
37,132,5,5552,76.18,129.057014480941,86.5081688438636,44.0936544039016
37,132,6,4405,78.36,129.057014480941,86.5081688438636,44.0936544039016
37,132,7,3397,82.96,129.057014480941,86.5081688438636,44.0936544039016
37,132,8,2626,82.24,129.057014480941,86.5081688438636,44.0936544039016
37,132,9,2698,75.72,129.057014480941,86.5081688438636,44.0936544039016
37,132,10,2169,74.91,129.057014480941,86.5081688438636,44.0936544039016
37,132,11,2088,75.35,129.057014480941,86.5081688438636,44.0936544039016
37,132,12,2241,77.93,129.057014480941,86.5081688438636,44.0936544039016
37,132,13,3102,82.36,129.057014480941,86.5081688438636,44.0936544039016
37,132,14,3449,87.42,129.057014480941,86.5081688438636,44.0936544039016
37,132,15,3380,90.85,129.057014480941,86.5081688438636,44.0936544039016
37,132,16,3154,91.89,129.057014480941,86.5081688438636,44.0936544039016
37,132,17,2963,89.49,129.057014480941,86.5081688438636,44.0936544039016
37,132,18,2232,82.17,129.057014480941,86.5081688438636,44.0936544039016
37,132,19,1936,77.5,129.057014480941,86.5081688438636,44.0936544039016
37,132,20,1330,74.29,129.057014480941,86.5081688438636,44.0936544039016
37,132,21,888,70.94,129.057014480941,86.5081688438636,44.0936544039016
37,132,22,419,70.44,129.057014480941,86.5081688438636,44.0936544039016
37,132,23,174,66.72,129.057014480941,86.5081688438636,44.0936544039016
38,132,0,72,37.32,65.7856259524035,44.0967432903868,22.4763347204038
38,132,1,109,35.71,65.7856259524035,44.0967432903868,22.4763347204038
38,132,2,221,38.81,65.7856259524035,44.0967432903868,22.4763347204038
38,132,3,615,39.18,65.7856259524035,44.0967432903868,22.4763347204038
38,132,4,1265,39.77,65.7856259524035,44.0967432903868,22.4763347204038
38,132,5,1385,43.59,65.7856259524035,44.0967432903868,22.4763347204038
38,132,6,919,48.93,65.7856259524035,44.0967432903868,22.4763347204038
38,132,7,809,47.88,65.7856259524035,44.0967432903868,22.4763347204038
38,132,8,887,41.78,65.7856259524035,44.0967432903868,22.4763347204038
38,132,9,699,39.83,65.7856259524035,44.0967432903868,22.4763347204038
38,132,10,692,39.7,65.7856259524035,44.0967432903868,22.4763347204038
38,132,11,753,42.95,65.7856259524035,44.0967432903868,22.4763347204038
38,132,12,730,39.58,65.7856259524035,44.0967432903868,22.4763347204038
38,132,13,1130,39.8,65.7856259524035,44.0967432903868,22.4763347204038
38,132,14,974,41.2,65.7856259524035,44.0967432903868,22.4763347204038
38,132,15,993,40.24,65.7856259524035,44.0967432903868,22.4763347204038
38,132,16,698,40.77,65.7856259524035,44.0967432903868,22.4763347204038
38,132,17,640,42.42,65.7856259524035,44.0967432903868,22.4763347204038
38,132,18,623,41.78,65.7856259524035,44.0967432903868,22.4763347204038
38,132,19,514,40.25,65.7856259524035,44.0967432903868,22.4763347204038
38,132,20,487,40,65.7856259524035,44.0967432903868,22.4763347204038
38,132,21,415,38.23,65.7856259524035,44.0967432903868,22.4763347204038
38,132,22,216,35.65,65.7856259524035,44.0967432903868,22.4763347204038
38,132,23,71,35.03,65.7856259524035,44.0967432903868,22.4763347204038
39,132,0,191,41.25,97.8583985258858,65.5954338980747,33.4343268552591
39,132,1,320,43.11,97.8583985258858,65.5954338980747,33.4343268552591
39,132,2,1089,43.71,97.8583985258858,65.5954338980747,33.4343268552591
39,132,3,2776,46.29,97.8583985258858,65.5954338980747,33.4343268552591
39,132,4,4097,49.09,97.8583985258858,65.5954338980747,33.4343268552591
39,132,5,4139,53.23,97.8583985258858,65.5954338980747,33.4343268552591
39,132,6,3101,54.51,97.8583985258858,65.5954338980747,33.4343268552591
39,132,7,2373,57.89,97.8583985258858,65.5954338980747,33.4343268552591
39,132,8,2096,52.69,97.8583985258858,65.5954338980747,33.4343268552591
39,132,9,1859,53.08,97.8583985258858,65.5954338980747,33.4343268552591
39,132,10,1907,49.66,97.8583985258858,65.5954338980747,33.4343268552591
39,132,11,2303,50.96,97.8583985258858,65.5954338980747,33.4343268552591
39,132,12,1946,50.16,97.8583985258858,65.5954338980747,33.4343268552591
39,132,13,2247,51.72,97.8583985258858,65.5954338980747,33.4343268552591
39,132,14,1799,54.95,97.8583985258858,65.5954338980747,33.4343268552591
39,132,15,1620,55.77,97.8583985258858,65.5954338980747,33.4343268552591
39,132,16,1387,55.66,97.8583985258858,65.5954338980747,33.4343268552591
39,132,17,1255,57.75,97.8583985258858,65.5954338980747,33.4343268552591
39,132,18,1087,55.46,97.8583985258858,65.5954338980747,33.4343268552591
39,132,19,926,52.13,97.8583985258858,65.5954338980747,33.4343268552591
39,132,20,818,49.15,97.8583985258858,65.5954338980747,33.4343268552591
39,132,21,537,47.46,97.8583985258858,65.5954338980747,33.4343268552591
39,132,22,346,44.54,97.8583985258858,65.5954338980747,33.4343268552591
39,132,23,266,44.77,97.8583985258858,65.5954338980747,33.4343268552591
40,132,0,12,93.84,179.653228062408,120.423301663027,61.3803703935751
40,132,1,6,79.94,179.653228062408,120.423301663027,61.3803703935751
40,132,2,33,90.04,179.653228062408,120.423301663027,61.3803703935751
40,132,3,193,94.12,179.653228062408,120.423301663027,61.3803703935751
40,132,4,1041,96.54,179.653228062408,120.423301663027,61.3803703935751
40,132,5,2007,102.73,179.653228062408,120.423301663027,61.3803703935751
40,132,6,1645,106.7,179.653228062408,120.423301663027,61.3803703935751
40,132,7,1105,113.53,179.653228062408,120.423301663027,61.3803703935751
40,132,8,909,118.34,179.653228062408,120.423301663027,61.3803703935751
40,132,9,771,112.27,179.653228062408,120.423301663027,61.3803703935751
40,132,10,585,113.46,179.653228062408,120.423301663027,61.3803703935751
40,132,11,587,114.81,179.653228062408,120.423301663027,61.3803703935751
40,132,12,669,120.04,179.653228062408,120.423301663027,61.3803703935751
40,132,13,1033,126.98,179.653228062408,120.423301663027,61.3803703935751
40,132,14,1252,136.06,179.653228062408,120.423301663027,61.3803703935751
40,132,15,1134,143.68,179.653228062408,120.423301663027,61.3803703935751
40,132,16,1085,143.68,179.653228062408,120.423301663027,61.3803703935751
40,132,17,830,136.87,179.653228062408,120.423301663027,61.3803703935751
40,132,18,700,124.76,179.653228062408,120.423301663027,61.3803703935751
40,132,19,610,113.82,179.653228062408,120.423301663027,61.3803703935751
40,132,20,367,104.85,179.653228062408,120.423301663027,61.3803703935751
40,132,21,210,100.26,179.653228062408,120.423301663027,61.3803703935751
40,132,22,67,99.24,179.653228062408,120.423301663027,61.3803703935751
40,132,23,26,101.17,179.653228062408,120.423301663027,61.3803703935751
41,132,0,41,82.23,221.773757045303,148.657100869526,75.7712816954601
41,132,1,58,77.43,221.773757045303,148.657100869526,75.7712816954601
41,132,2,204,81.27,221.773757045303,148.657100869526,75.7712816954601
41,132,3,697,84.63,221.773757045303,148.657100869526,75.7712816954601
41,132,4,1812,87.5,221.773757045303,148.657100869526,75.7712816954601
41,132,5,2669,92.68,221.773757045303,148.657100869526,75.7712816954601
41,132,6,2162,96.31,221.773757045303,148.657100869526,75.7712816954601
41,132,7,1448,100.8,221.773757045303,148.657100869526,75.7712816954601
41,132,8,1234,102.34,221.773757045303,148.657100869526,75.7712816954601
41,132,9,1084,98.85,221.773757045303,148.657100869526,75.7712816954601
41,132,10,918,103.17,221.773757045303,148.657100869526,75.7712816954601
41,132,11,937,104.55,221.773757045303,148.657100869526,75.7712816954601
41,132,12,1089,111.55,221.773757045303,148.657100869526,75.7712816954601
41,132,13,1600,126.52,221.773757045303,148.657100869526,75.7712816954601
41,132,14,1694,120.44,221.773757045303,148.657100869526,75.7712816954601
41,132,15,1665,131.11,221.773757045303,148.657100869526,75.7712816954601
41,132,16,1574,131.69,221.773757045303,148.657100869526,75.7712816954601
41,132,17,1312,124.12,221.773757045303,148.657100869526,75.7712816954601
41,132,18,1118,112.39,221.773757045303,148.657100869526,75.7712816954601
41,132,19,943,102.19,221.773757045303,148.657100869526,75.7712816954601
41,132,20,732,93.77,221.773757045303,148.657100869526,75.7712816954601
41,132,21,408,88.93,221.773757045303,148.657100869526,75.7712816954601
41,132,22,182,94.18,221.773757045303,148.657100869526,75.7712816954601
41,132,23,85,98.69,221.773757045303,148.657100869526,75.7712816954601
42,132,0,57,91.34,228.508746479544,153.17162962631,78.0723600035377
42,132,1,105,77.35,228.508746479544,153.17162962631,78.0723600035377
42,132,2,267,78.54,228.508746479544,153.17162962631,78.0723600035377
42,132,3,1078,79.96,228.508746479544,153.17162962631,78.0723600035377
42,132,4,2050,83.96,228.508746479544,153.17162962631,78.0723600035377
42,132,5,2740,88.14,228.508746479544,153.17162962631,78.0723600035377
42,132,6,1941,93.41,228.508746479544,153.17162962631,78.0723600035377
42,132,7,1346,98.39,228.508746479544,153.17162962631,78.0723600035377
42,132,8,1163,99.36,228.508746479544,153.17162962631,78.0723600035377
42,132,9,998,95.4,228.508746479544,153.17162962631,78.0723600035377
42,132,10,875,99.07,228.508746479544,153.17162962631,78.0723600035377
42,132,11,871,98.83,228.508746479544,153.17162962631,78.0723600035377
42,132,12,895,103.81,228.508746479544,153.17162962631,78.0723600035377
42,132,13,1158,109.94,228.508746479544,153.17162962631,78.0723600035377
42,132,14,1312,114.33,228.508746479544,153.17162962631,78.0723600035377
42,132,15,1323,122.8,228.508746479544,153.17162962631,78.0723600035377
42,132,16,1183,126.48,228.508746479544,153.17162962631,78.0723600035377
42,132,17,1026,118.55,228.508746479544,153.17162962631,78.0723600035377
42,132,18,1010,108.33,228.508746479544,153.17162962631,78.0723600035377
42,132,19,817,96.66,228.508746479544,153.17162962631,78.0723600035377
42,132,20,634,89.06,228.508746479544,153.17162962631,78.0723600035377
42,132,21,355,82.27,228.508746479544,153.17162962631,78.0723600035377
42,132,22,152,84.11,228.508746479544,153.17162962631,78.0723600035377
42,132,23,75,91.21,228.508746479544,153.17162962631,78.0723600035377
43,132,0,7,89.62,212.234006002605,142.2625131964,72.5119277791479
43,132,1,9,92.93,212.234006002605,142.2625131964,72.5119277791479
43,132,2,12,134.91,212.234006002605,142.2625131964,72.5119277791479
43,132,3,58,99.41,212.234006002605,142.2625131964,72.5119277791479
43,132,4,281,145.91,212.234006002605,142.2625131964,72.5119277791479
43,132,5,492,106.17,212.234006002605,142.2625131964,72.5119277791479
43,132,6,551,111.89,212.234006002605,142.2625131964,72.5119277791479
43,132,7,490,138.85,212.234006002605,142.2625131964,72.5119277791479
43,132,8,452,123.74,212.234006002605,142.2625131964,72.5119277791479
43,132,9,445,125.47,212.234006002605,142.2625131964,72.5119277791479
43,132,10,415,158.47,212.234006002605,142.2625131964,72.5119277791479
43,132,11,448,161.97,212.234006002605,142.2625131964,72.5119277791479
43,132,12,648,157.45,212.234006002605,142.2625131964,72.5119277791479
43,132,13,880,178.53,212.234006002605,142.2625131964,72.5119277791479
43,132,14,965,163.05,212.234006002605,142.2625131964,72.5119277791479
43,132,15,818,181.09,212.234006002605,142.2625131964,72.5119277791479
43,132,16,696,184.89,212.234006002605,142.2625131964,72.5119277791479
43,132,17,514,148.44,212.234006002605,142.2625131964,72.5119277791479
43,132,18,411,134.63,212.234006002605,142.2625131964,72.5119277791479
43,132,19,309,120.72,212.234006002605,142.2625131964,72.5119277791479
43,132,20,177,115.47,212.234006002605,142.2625131964,72.5119277791479
43,132,21,88,198.45,212.234006002605,142.2625131964,72.5119277791479
43,132,22,35,108.09,212.234006002605,142.2625131964,72.5119277791479
43,132,23,23,118.65,212.234006002605,142.2625131964,72.5119277791479
44,132,2,2,127.58,386.486269233544,259.065495735824,132.047003070522
44,132,3,12,123.48,386.486269233544,259.065495735824,132.047003070522
44,132,4,33,140.08,386.486269233544,259.065495735824,132.047003070522
44,132,5,24,141.6,386.486269233544,259.065495735824,132.047003070522
44,132,6,18,155.55,386.486269233544,259.065495735824,132.047003070522
44,132,7,12,159.25,386.486269233544,259.065495735824,132.047003070522
44,132,8,15,156.78,386.486269233544,259.065495735824,132.047003070522
44,132,9,11,148.06,386.486269233544,259.065495735824,132.047003070522
44,132,10,8,150.21,386.486269233544,259.065495735824,132.047003070522
44,132,11,11,142.35,386.486269233544,259.065495735824,132.047003070522
44,132,12,20,169,386.486269233544,259.065495735824,132.047003070522
44,132,13,17,176.79,386.486269233544,259.065495735824,132.047003070522
44,132,14,21,176.77,386.486269233544,259.065495735824,132.047003070522
44,132,15,16,173.77,386.486269233544,259.065495735824,132.047003070522
44,132,16,23,179.66,386.486269233544,259.065495735824,132.047003070522
44,132,17,14,178.49,386.486269233544,259.065495735824,132.047003070522
44,132,18,13,161.53,386.486269233544,259.065495735824,132.047003070522
44,132,19,9,146.24,386.486269233544,259.065495735824,132.047003070522
44,132,20,8,161.45,386.486269233544,259.065495735824,132.047003070522
45,132,0,12,87.06,192.231861984838,128.854882011938,65.6779898548615
45,132,1,18,86.45,192.231861984838,128.854882011938,65.6779898548615
45,132,2,48,82.86,192.231861984838,128.854882011938,65.6779898548615
45,132,3,167,84.67,192.231861984838,128.854882011938,65.6779898548615
45,132,4,524,89.86,192.231861984838,128.854882011938,65.6779898548615
45,132,5,713,93.55,192.231861984838,128.854882011938,65.6779898548615
45,132,6,601,98.65,192.231861984838,128.854882011938,65.6779898548615
45,132,7,526,104.88,192.231861984838,128.854882011938,65.6779898548615
45,132,8,473,108.61,192.231861984838,128.854882011938,65.6779898548615
45,132,9,441,103.31,192.231861984838,128.854882011938,65.6779898548615
45,132,10,421,111.28,192.231861984838,128.854882011938,65.6779898548615
45,132,11,467,114.53,192.231861984838,128.854882011938,65.6779898548615
45,132,12,586,124.02,192.231861984838,128.854882011938,65.6779898548615
45,132,13,747,128.69,192.231861984838,128.854882011938,65.6779898548615
45,132,14,813,136.88,192.231861984838,128.854882011938,65.6779898548615
45,132,15,727,147.93,192.231861984838,128.854882011938,65.6779898548615
45,132,16,593,149.41,192.231861984838,128.854882011938,65.6779898548615
45,132,17,506,142.35,192.231861984838,128.854882011938,65.6779898548615
45,132,18,369,128.84,192.231861984838,128.854882011938,65.6779898548615
45,132,19,316,112.94,192.231861984838,128.854882011938,65.6779898548615
45,132,20,216,103.81,192.231861984838,128.854882011938,65.6779898548615
45,132,21,130,95.74,192.231861984838,128.854882011938,65.6779898548615
45,132,22,57,97.5,192.231861984838,128.854882011938,65.6779898548615
45,132,23,27,96.28,192.231861984838,128.854882011938,65.6779898548615
46,132,1,3,77.21,220.185966701229,147.59278959806,75.2287968179117
46,132,2,8,86.5,220.185966701229,147.59278959806,75.2287968179117
46,132,3,24,107.26,220.185966701229,147.59278959806,75.2287968179117
46,132,4,48,95.44,220.185966701229,147.59278959806,75.2287968179117
46,132,5,85,101.44,220.185966701229,147.59278959806,75.2287968179117
46,132,6,56,100.66,220.185966701229,147.59278959806,75.2287968179117
46,132,7,24,107.73,220.185966701229,147.59278959806,75.2287968179117
46,132,8,29,106.05,220.185966701229,147.59278959806,75.2287968179117
46,132,9,30,102.41,220.185966701229,147.59278959806,75.2287968179117
46,132,10,26,103.84,220.185966701229,147.59278959806,75.2287968179117
46,132,11,22,109.94,220.185966701229,147.59278959806,75.2287968179117
46,132,12,30,103.87,220.185966701229,147.59278959806,75.2287968179117
46,132,13,32,116.13,220.185966701229,147.59278959806,75.2287968179117
46,132,14,41,125.16,220.185966701229,147.59278959806,75.2287968179117
46,132,15,47,122.4,220.185966701229,147.59278959806,75.2287968179117
46,132,16,35,126.39,220.185966701229,147.59278959806,75.2287968179117
46,132,17,20,122.87,220.185966701229,147.59278959806,75.2287968179117
46,132,18,23,111.5,220.185966701229,147.59278959806,75.2287968179117
46,132,19,19,103.39,220.185966701229,147.59278959806,75.2287968179117
46,132,20,20,91.94,220.185966701229,147.59278959806,75.2287968179117
46,132,21,8,80.89,220.185966701229,147.59278959806,75.2287968179117
46,132,22,4,91.74,220.185966701229,147.59278959806,75.2287968179117
47,132,0,16,92.76,234.918989605707,157.468477782287,80.2624854003385
47,132,1,38,82.91,234.918989605707,157.468477782287,80.2624854003385
47,132,2,99,77.34,234.918989605707,157.468477782287,80.2624854003385
47,132,3,149,82.56,234.918989605707,157.468477782287,80.2624854003385
47,132,4,220,83.03,234.918989605707,157.468477782287,80.2624854003385
47,132,5,267,86.03,234.918989605707,157.468477782287,80.2624854003385
47,132,6,145,95.82,234.918989605707,157.468477782287,80.2624854003385
47,132,7,112,99.1,234.918989605707,157.468477782287,80.2624854003385
47,132,8,96,97.24,234.918989605707,157.468477782287,80.2624854003385
47,132,9,80,101.05,234.918989605707,157.468477782287,80.2624854003385
47,132,10,81,100.92,234.918989605707,157.468477782287,80.2624854003385
47,132,11,93,102.6,234.918989605707,157.468477782287,80.2624854003385
47,132,12,71,102.71,234.918989605707,157.468477782287,80.2624854003385
47,132,13,74,107.62,234.918989605707,157.468477782287,80.2624854003385
47,132,14,102,112.88,234.918989605707,157.468477782287,80.2624854003385
47,132,15,96,122.85,234.918989605707,157.468477782287,80.2624854003385
47,132,16,101,119.67,234.918989605707,157.468477782287,80.2624854003385
47,132,17,89,115.31,234.918989605707,157.468477782287,80.2624854003385
47,132,18,82,105.11,234.918989605707,157.468477782287,80.2624854003385
47,132,19,69,92.22,234.918989605707,157.468477782287,80.2624854003385
47,132,20,60,84.81,234.918989605707,157.468477782287,80.2624854003385
47,132,21,32,91.57,234.918989605707,157.468477782287,80.2624854003385
47,132,22,17,89.84,234.918989605707,157.468477782287,80.2624854003385
47,132,23,15,80.26,234.918989605707,157.468477782287,80.2624854003385
48,132,0,123,101.18,212.96691287294,142.753787781829,72.7623329383001
48,132,1,226,130.04,212.96691287294,142.753787781829,72.7623329383001
48,132,2,561,97.48,212.96691287294,142.753787781829,72.7623329383001
48,132,3,2146,92.16,212.96691287294,142.753787781829,72.7623329383001
48,132,4,5183,95.89,212.96691287294,142.753787781829,72.7623329383001
48,132,5,6550,104.88,212.96691287294,142.753787781829,72.7623329383001
48,132,6,5535,112.96,212.96691287294,142.753787781829,72.7623329383001
48,132,7,4597,120.78,212.96691287294,142.753787781829,72.7623329383001
48,132,8,4640,120.99,212.96691287294,142.753787781829,72.7623329383001
48,132,9,4475,136.88,212.96691287294,142.753787781829,72.7623329383001
48,132,10,4568,127.2,212.96691287294,142.753787781829,72.7623329383001
48,132,11,5020,144.58,212.96691287294,142.753787781829,72.7623329383001
48,132,12,5683,136.36,212.96691287294,142.753787781829,72.7623329383001
48,132,13,6288,143.15,212.96691287294,142.753787781829,72.7623329383001
48,132,14,6770,158.98,212.96691287294,142.753787781829,72.7623329383001
48,132,15,6117,155.06,212.96691287294,142.753787781829,72.7623329383001
48,132,16,5279,160.01,212.96691287294,142.753787781829,72.7623329383001
48,132,17,4452,147.48,212.96691287294,142.753787781829,72.7623329383001
48,132,18,3412,134.13,212.96691287294,142.753787781829,72.7623329383001
48,132,19,2732,130.74,212.96691287294,142.753787781829,72.7623329383001
48,132,20,1815,113.02,212.96691287294,142.753787781829,72.7623329383001
48,132,21,1258,110.17,212.96691287294,142.753787781829,72.7623329383001
48,132,22,706,118.39,212.96691287294,142.753787781829,72.7623329383001
48,132,23,322,136.87,212.96691287294,142.753787781829,72.7623329383001
49,132,0,44,79.25,156.133637210158,104.657891741154,53.3446606343551
49,132,1,55,76.42,156.133637210158,104.657891741154,53.3446606343551
49,132,2,172,74.93,156.133637210158,104.657891741154,53.3446606343551
49,132,3,762,79.53,156.133637210158,104.657891741154,53.3446606343551
49,132,4,2715,82.53,156.133637210158,104.657891741154,53.3446606343551
49,132,5,4519,88.72,156.133637210158,104.657891741154,53.3446606343551
49,132,6,3931,92.1,156.133637210158,104.657891741154,53.3446606343551
49,132,7,2805,97.1,156.133637210158,104.657891741154,53.3446606343551
49,132,8,2253,98.04,156.133637210158,104.657891741154,53.3446606343551
49,132,9,2115,91.98,156.133637210158,104.657891741154,53.3446606343551
49,132,10,1590,90.54,156.133637210158,104.657891741154,53.3446606343551
49,132,11,1511,90.6,156.133637210158,104.657891741154,53.3446606343551
49,132,12,1758,95.18,156.133637210158,104.657891741154,53.3446606343551
49,132,13,2542,98.18,156.133637210158,104.657891741154,53.3446606343551
49,132,14,2815,103.94,156.133637210158,104.657891741154,53.3446606343551
49,132,15,2777,110.31,156.133637210158,104.657891741154,53.3446606343551
49,132,16,2585,113.7,156.133637210158,104.657891741154,53.3446606343551
49,132,17,2197,107.84,156.133637210158,104.657891741154,53.3446606343551
49,132,18,1793,98.05,156.133637210158,104.657891741154,53.3446606343551
49,132,19,1556,92.17,156.133637210158,104.657891741154,53.3446606343551
49,132,20,1172,88.23,156.133637210158,104.657891741154,53.3446606343551
49,132,21,677,84.94,156.133637210158,104.657891741154,53.3446606343551
49,132,22,299,85.97,156.133637210158,104.657891741154,53.3446606343551
49,132,23,112,79.43,156.133637210158,104.657891741154,53.3446606343551
50,132,0,40,175.91,218.89929613654,146.730321836007,74.7891926054692
50,132,1,65,90.24,218.89929613654,146.730321836007,74.7891926054692
50,132,2,130,103.33,218.89929613654,146.730321836007,74.7891926054692
50,132,3,608,95.64,218.89929613654,146.730321836007,74.7891926054692
50,132,4,1876,120.08,218.89929613654,146.730321836007,74.7891926054692
50,132,5,2419,105.53,218.89929613654,146.730321836007,74.7891926054692
50,132,6,1944,112.84,218.89929613654,146.730321836007,74.7891926054692
50,132,7,1713,125.19,218.89929613654,146.730321836007,74.7891926054692
50,132,8,1736,134.58,218.89929613654,146.730321836007,74.7891926054692
50,132,9,1716,132.57,218.89929613654,146.730321836007,74.7891926054692
50,132,10,1607,132.7,218.89929613654,146.730321836007,74.7891926054692
50,132,11,1176,134.91,218.89929613654,146.730321836007,74.7891926054692
50,132,12,1339,140.74,218.89929613654,146.730321836007,74.7891926054692
50,132,13,1656,147.09,218.89929613654,146.730321836007,74.7891926054692
50,132,14,1826,154.7,218.89929613654,146.730321836007,74.7891926054692
50,132,15,1761,175.58,218.89929613654,146.730321836007,74.7891926054692
50,132,16,1623,165.97,218.89929613654,146.730321836007,74.7891926054692
50,132,17,1342,155.12,218.89929613654,146.730321836007,74.7891926054692
50,132,18,1178,140.09,218.89929613654,146.730321836007,74.7891926054692
50,132,19,999,126.66,218.89929613654,146.730321836007,74.7891926054692
50,132,20,743,118.08,218.89929613654,146.730321836007,74.7891926054692
50,132,21,505,114.38,218.89929613654,146.730321836007,74.7891926054692
50,132,22,288,116.3,218.89929613654,146.730321836007,74.7891926054692
50,132,23,105,118.34,218.89929613654,146.730321836007,74.7891926054692
51,132,0,14,86.87,249.799017937928,167.442705130894,85.3463998968895
51,132,1,74,81.31,249.799017937928,167.442705130894,85.3463998968895
51,132,2,160,83,249.799017937928,167.442705130894,85.3463998968895
51,132,3,358,83.7,249.799017937928,167.442705130894,85.3463998968895
51,132,4,595,84.72,249.799017937928,167.442705130894,85.3463998968895
51,132,5,708,88.67,249.799017937928,167.442705130894,85.3463998968895
51,132,6,446,96.43,249.799017937928,167.442705130894,85.3463998968895
51,132,7,300,93.51,249.799017937928,167.442705130894,85.3463998968895
51,132,8,208,96.53,249.799017937928,167.442705130894,85.3463998968895
51,132,9,245,92.5,249.799017937928,167.442705130894,85.3463998968895
51,132,10,207,94.89,249.799017937928,167.442705130894,85.3463998968895
51,132,11,182,95.76,249.799017937928,167.442705130894,85.3463998968895
51,132,12,161,104.57,249.799017937928,167.442705130894,85.3463998968895
51,132,13,177,104.87,249.799017937928,167.442705130894,85.3463998968895
51,132,14,177,110.57,249.799017937928,167.442705130894,85.3463998968895
51,132,15,226,121.75,249.799017937928,167.442705130894,85.3463998968895
51,132,16,172,123.92,249.799017937928,167.442705130894,85.3463998968895
51,132,17,182,114.02,249.799017937928,167.442705130894,85.3463998968895
51,132,18,194,102.97,249.799017937928,167.442705130894,85.3463998968895
51,132,19,166,98.65,249.799017937928,167.442705130894,85.3463998968895
51,132,20,103,88.38,249.799017937928,167.442705130894,85.3463998968895
51,132,21,53,86.23,249.799017937928,167.442705130894,85.3463998968895
51,132,22,25,87.59,249.799017937928,167.442705130894,85.3463998968895
51,132,23,20,92.37,249.799017937928,167.442705130894,85.3463998968895
52,132,0,5,93.13,182.167151601491,122.108408999921,62.2392781885214
52,132,2,10,80.4,182.167151601491,122.108408999921,62.2392781885214
52,132,3,107,89.05,182.167151601491,122.108408999921,62.2392781885214
52,132,4,527,94.12,182.167151601491,122.108408999921,62.2392781885214
52,132,5,1121,101.8,182.167151601491,122.108408999921,62.2392781885214
52,132,6,968,107.74,182.167151601491,122.108408999921,62.2392781885214
52,132,7,671,114.92,182.167151601491,122.108408999921,62.2392781885214
52,132,8,499,115.92,182.167151601491,122.108408999921,62.2392781885214
52,132,9,455,111.35,182.167151601491,122.108408999921,62.2392781885214
52,132,10,329,112.16,182.167151601491,122.108408999921,62.2392781885214
52,132,11,324,114.78,182.167151601491,122.108408999921,62.2392781885214
52,132,12,377,121.88,182.167151601491,122.108408999921,62.2392781885214
52,132,13,578,128.47,182.167151601491,122.108408999921,62.2392781885214
52,132,14,699,138.93,182.167151601491,122.108408999921,62.2392781885214
52,132,15,681,145.34,182.167151601491,122.108408999921,62.2392781885214
52,132,16,596,147.02,182.167151601491,122.108408999921,62.2392781885214
52,132,17,542,137.3,182.167151601491,122.108408999921,62.2392781885214
52,132,18,444,126.89,182.167151601491,122.108408999921,62.2392781885214
52,132,19,349,115.73,182.167151601491,122.108408999921,62.2392781885214
52,132,20,227,109.65,182.167151601491,122.108408999921,62.2392781885214
52,132,21,115,100.02,182.167151601491,122.108408999921,62.2392781885214
52,132,22,48,95.21,182.167151601491,122.108408999921,62.2392781885214
52,132,23,15,101.15,182.167151601491,122.108408999921,62.2392781885214
53,132,0,25,67.62,156.793720267589,105.100351818298,53.5701847899332
53,132,1,25,59.64,156.793720267589,105.100351818298,53.5701847899332
53,132,2,98,60.58,156.793720267589,105.100351818298,53.5701847899332
53,132,3,258,61.07,156.793720267589,105.100351818298,53.5701847899332
53,132,4,391,64.15,156.793720267589,105.100351818298,53.5701847899332
53,132,5,520,67.44,156.793720267589,105.100351818298,53.5701847899332
53,132,6,535,67.36,156.793720267589,105.100351818298,53.5701847899332
53,132,7,304,70.32,156.793720267589,105.100351818298,53.5701847899332
53,132,8,241,72.87,156.793720267589,105.100351818298,53.5701847899332
53,132,9,262,71.69,156.793720267589,105.100351818298,53.5701847899332
53,132,10,209,77.01,156.793720267589,105.100351818298,53.5701847899332
53,132,11,239,75.33,156.793720267589,105.100351818298,53.5701847899332
53,132,12,211,79.61,156.793720267589,105.100351818298,53.5701847899332
53,132,13,244,79.84,156.793720267589,105.100351818298,53.5701847899332
53,132,14,180,84.46,156.793720267589,105.100351818298,53.5701847899332
53,132,15,213,86.76,156.793720267589,105.100351818298,53.5701847899332
53,132,16,174,86.46,156.793720267589,105.100351818298,53.5701847899332
53,132,17,170,83.35,156.793720267589,105.100351818298,53.5701847899332
53,132,18,140,74.19,156.793720267589,105.100351818298,53.5701847899332
53,132,19,117,65.37,156.793720267589,105.100351818298,53.5701847899332
53,132,20,86,67.86,156.793720267589,105.100351818298,53.5701847899332
53,132,21,97,62.81,156.793720267589,105.100351818298,53.5701847899332
53,132,22,70,63.97,156.793720267589,105.100351818298,53.5701847899332
53,132,23,28,69.09,156.793720267589,105.100351818298,53.5701847899332
54,132,0,4,83,187.118282636098,125.427200165458,63.9308829542632
54,132,2,7,86.89,187.118282636098,125.427200165458,63.9308829542632
54,132,3,51,86.62,187.118282636098,125.427200165458,63.9308829542632
54,132,4,211,94.17,187.118282636098,125.427200165458,63.9308829542632
54,132,5,425,97.42,187.118282636098,125.427200165458,63.9308829542632
54,132,6,331,102.57,187.118282636098,125.427200165458,63.9308829542632
54,132,7,207,110.58,187.118282636098,125.427200165458,63.9308829542632
54,132,8,190,113.28,187.118282636098,125.427200165458,63.9308829542632
54,132,9,172,110.73,187.118282636098,125.427200165458,63.9308829542632
54,132,10,140,108.58,187.118282636098,125.427200165458,63.9308829542632
54,132,11,92,110.67,187.118282636098,125.427200165458,63.9308829542632
54,132,12,129,116.16,187.118282636098,125.427200165458,63.9308829542632
54,132,13,196,126.45,187.118282636098,125.427200165458,63.9308829542632
54,132,14,252,134.88,187.118282636098,125.427200165458,63.9308829542632
54,132,15,199,143.57,187.118282636098,125.427200165458,63.9308829542632
54,132,16,206,144.23,187.118282636098,125.427200165458,63.9308829542632
54,132,17,177,137.73,187.118282636098,125.427200165458,63.9308829542632
54,132,18,141,131.18,187.118282636098,125.427200165458,63.9308829542632
54,132,19,98,111.9,187.118282636098,125.427200165458,63.9308829542632
54,132,20,84,104.54,187.118282636098,125.427200165458,63.9308829542632
54,132,21,42,93.92,187.118282636098,125.427200165458,63.9308829542632
54,132,22,12,114.1,187.118282636098,125.427200165458,63.9308829542632
54,132,23,3,99.97,187.118282636098,125.427200165458,63.9308829542632
55,132,0,20,68.03,182.042927261853,122.025140219909,62.1968356671088
55,132,1,21,65.86,182.042927261853,122.025140219909,62.1968356671088
55,132,2,66,66.46,182.042927261853,122.025140219909,62.1968356671088
55,132,3,287,66.02,182.042927261853,122.025140219909,62.1968356671088
55,132,4,722,68.28,182.042927261853,122.025140219909,62.1968356671088
55,132,5,832,71.6,182.042927261853,122.025140219909,62.1968356671088
55,132,6,560,74.58,182.042927261853,122.025140219909,62.1968356671088
55,132,7,474,74.95,182.042927261853,122.025140219909,62.1968356671088
55,132,8,418,76.66,182.042927261853,122.025140219909,62.1968356671088
55,132,9,330,74.86,182.042927261853,122.025140219909,62.1968356671088
55,132,10,307,80.05,182.042927261853,122.025140219909,62.1968356671088
55,132,11,293,76.76,182.042927261853,122.025140219909,62.1968356671088
55,132,12,349,80.3,182.042927261853,122.025140219909,62.1968356671088
55,132,13,493,85.96,182.042927261853,122.025140219909,62.1968356671088
55,132,14,440,93.8,182.042927261853,122.025140219909,62.1968356671088
55,132,15,406,101.38,182.042927261853,122.025140219909,62.1968356671088
55,132,16,367,99.05,182.042927261853,122.025140219909,62.1968356671088
55,132,17,326,95.88,182.042927261853,122.025140219909,62.1968356671088
55,132,18,268,90.24,182.042927261853,122.025140219909,62.1968356671088
55,132,19,218,80.22,182.042927261853,122.025140219909,62.1968356671088
55,132,20,163,72.9,182.042927261853,122.025140219909,62.1968356671088
55,132,21,115,72.27,182.042927261853,122.025140219909,62.1968356671088
55,132,22,56,66.71,182.042927261853,122.025140219909,62.1968356671088
55,132,23,30,65.57,182.042927261853,122.025140219909,62.1968356671088
56,132,0,64,54.44,124.334751512923,83.3427901637086,42.4802447635687
56,132,1,91,48.64,124.334751512923,83.3427901637086,42.4802447635687
56,132,2,184,47.73,124.334751512923,83.3427901637086,42.4802447635687
56,132,3,362,50.34,124.334751512923,83.3427901637086,42.4802447635687
56,132,4,644,52.4,124.334751512923,83.3427901637086,42.4802447635687
56,132,5,746,55.03,124.334751512923,83.3427901637086,42.4802447635687
56,132,6,500,59.75,124.334751512923,83.3427901637086,42.4802447635687
56,132,7,396,62.94,124.334751512923,83.3427901637086,42.4802447635687
56,132,8,346,63.08,124.334751512923,83.3427901637086,42.4802447635687
56,132,9,386,62.66,124.334751512923,83.3427901637086,42.4802447635687
56,132,10,381,62.72,124.334751512923,83.3427901637086,42.4802447635687
56,132,11,394,65.02,124.334751512923,83.3427901637086,42.4802447635687
56,132,12,342,68.57,124.334751512923,83.3427901637086,42.4802447635687
56,132,13,294,69.55,124.334751512923,83.3427901637086,42.4802447635687
56,132,14,345,75.15,124.334751512923,83.3427901637086,42.4802447635687
56,132,15,343,77.95,124.334751512923,83.3427901637086,42.4802447635687
56,132,16,265,78.35,124.334751512923,83.3427901637086,42.4802447635687
56,132,17,305,76.1,124.334751512923,83.3427901637086,42.4802447635687
56,132,18,299,67.34,124.334751512923,83.3427901637086,42.4802447635687
56,132,19,342,60.4,124.334751512923,83.3427901637086,42.4802447635687
56,132,20,284,58.17,124.334751512923,83.3427901637086,42.4802447635687
56,132,21,211,56.05,124.334751512923,83.3427901637086,42.4802447635687
56,132,22,141,56.96,124.334751512923,83.3427901637086,42.4802447635687
56,132,23,70,56.62,124.334751512923,83.3427901637086,42.4802447635687
57,132,0,5,51.36,131.871260683752,88.3945853758139,45.0551705212032
57,132,1,22,45.46,131.871260683752,88.3945853758139,45.0551705212032
57,132,2,14,42.48,131.871260683752,88.3945853758139,45.0551705212032
57,132,3,69,51.42,131.871260683752,88.3945853758139,45.0551705212032
57,132,4,44,55.03,131.871260683752,88.3945853758139,45.0551705212032
57,132,5,40,57.08,131.871260683752,88.3945853758139,45.0551705212032
57,132,6,40,59.45,131.871260683752,88.3945853758139,45.0551705212032
57,132,7,22,63.82,131.871260683752,88.3945853758139,45.0551705212032
57,132,8,22,60.99,131.871260683752,88.3945853758139,45.0551705212032
57,132,9,14,60.16,131.871260683752,88.3945853758139,45.0551705212032
57,132,10,26,66.96,131.871260683752,88.3945853758139,45.0551705212032
57,132,11,20,89.27,131.871260683752,88.3945853758139,45.0551705212032
57,132,12,21,70.9,131.871260683752,88.3945853758139,45.0551705212032
57,132,13,18,76,131.871260683752,88.3945853758139,45.0551705212032
57,132,14,10,70.78,131.871260683752,88.3945853758139,45.0551705212032
57,132,15,24,73.83,131.871260683752,88.3945853758139,45.0551705212032
57,132,16,20,81.78,131.871260683752,88.3945853758139,45.0551705212032
57,132,17,16,74.84,131.871260683752,88.3945853758139,45.0551705212032
57,132,18,16,75.43,131.871260683752,88.3945853758139,45.0551705212032
57,132,19,17,69.33,131.871260683752,88.3945853758139,45.0551705212032
57,132,20,34,56.06,131.871260683752,88.3945853758139,45.0551705212032
57,132,21,20,56.29,131.871260683752,88.3945853758139,45.0551705212032
57,132,22,9,58.01,131.871260683752,88.3945853758139,45.0551705212032
57,132,23,10,68.18,131.871260683752,88.3945853758139,45.0551705212032
58,132,0,3,112.96,214.776051318604,143.966470833183,73.3804436679861
58,132,1,6,77.2,214.776051318604,143.966470833183,73.3804436679861
58,132,2,33,74.2,214.776051318604,143.966470833183,73.3804436679861
58,132,3,91,77.19,214.776051318604,143.966470833183,73.3804436679861
58,132,4,146,84.45,214.776051318604,143.966470833183,73.3804436679861
58,132,5,146,88.53,214.776051318604,143.966470833183,73.3804436679861
58,132,6,115,91.3,214.776051318604,143.966470833183,73.3804436679861
58,132,7,75,93.61,214.776051318604,143.966470833183,73.3804436679861
58,132,8,51,91.32,214.776051318604,143.966470833183,73.3804436679861
58,132,9,41,93.27,214.776051318604,143.966470833183,73.3804436679861
58,132,10,33,88.02,214.776051318604,143.966470833183,73.3804436679861
58,132,11,30,94.09,214.776051318604,143.966470833183,73.3804436679861
58,132,12,69,97.79,214.776051318604,143.966470833183,73.3804436679861
58,132,13,43,101.46,214.776051318604,143.966470833183,73.3804436679861
58,132,14,53,104.12,214.776051318604,143.966470833183,73.3804436679861
58,132,15,63,106.46,214.776051318604,143.966470833183,73.3804436679861
58,132,16,51,109.1,214.776051318604,143.966470833183,73.3804436679861
58,132,17,45,102.6,214.776051318604,143.966470833183,73.3804436679861
58,132,18,44,94.66,214.776051318604,143.966470833183,73.3804436679861
58,132,19,19,84.43,214.776051318604,143.966470833183,73.3804436679861
58,132,20,25,87.48,214.776051318604,143.966470833183,73.3804436679861
58,132,21,7,80.57,214.776051318604,143.966470833183,73.3804436679861
58,132,22,8,72.31,214.776051318604,143.966470833183,73.3804436679861
58,132,23,4,78.17,214.776051318604,143.966470833183,73.3804436679861
59,132,2,4,89.27,229.100120575805,153.568033420207,78.2744090368958
59,132,3,3,74.01,229.100120575805,153.568033420207,78.2744090368958
59,132,4,6,77.54,229.100120575805,153.568033420207,78.2744090368958
59,132,5,8,81.75,229.100120575805,153.568033420207,78.2744090368958
59,132,6,4,85.19,229.100120575805,153.568033420207,78.2744090368958
59,132,7,5,90.99,229.100120575805,153.568033420207,78.2744090368958
59,132,8,4,99.72,229.100120575805,153.568033420207,78.2744090368958
59,132,9,6,124.95,229.100120575805,153.568033420207,78.2744090368958
59,132,11,3,90.6,229.100120575805,153.568033420207,78.2744090368958
59,132,12,3,90.41,229.100120575805,153.568033420207,78.2744090368958
59,132,14,2,120.6,229.100120575805,153.568033420207,78.2744090368958
59,132,15,3,116.19,229.100120575805,153.568033420207,78.2744090368958
59,132,17,4,97.78,229.100120575805,153.568033420207,78.2744090368958
59,132,18,3,108.07,229.100120575805,153.568033420207,78.2744090368958
59,132,19,3,90,229.100120575805,153.568033420207,78.2744090368958
60,132,0,13,79.8,221.755332177068,148.6447505016,75.7649866500054
60,132,1,30,71.83,221.755332177068,148.6447505016,75.7649866500054
60,132,2,89,77.92,221.755332177068,148.6447505016,75.7649866500054
60,132,3,132,79.5,221.755332177068,148.6447505016,75.7649866500054
60,132,4,189,82.57,221.755332177068,148.6447505016,75.7649866500054
60,132,5,232,84.95,221.755332177068,148.6447505016,75.7649866500054
60,132,6,116,88.96,221.755332177068,148.6447505016,75.7649866500054
60,132,7,82,87.88,221.755332177068,148.6447505016,75.7649866500054
60,132,8,83,100.13,221.755332177068,148.6447505016,75.7649866500054
60,132,9,81,88.67,221.755332177068,148.6447505016,75.7649866500054
60,132,10,74,93.26,221.755332177068,148.6447505016,75.7649866500054
60,132,11,61,93.02,221.755332177068,148.6447505016,75.7649866500054
60,132,12,58,99.77,221.755332177068,148.6447505016,75.7649866500054
60,132,13,53,103.7,221.755332177068,148.6447505016,75.7649866500054
60,132,14,71,107.13,221.755332177068,148.6447505016,75.7649866500054
60,132,15,74,113.52,221.755332177068,148.6447505016,75.7649866500054
60,132,16,79,113.31,221.755332177068,148.6447505016,75.7649866500054
60,132,17,70,113.37,221.755332177068,148.6447505016,75.7649866500054
60,132,18,60,106.44,221.755332177068,148.6447505016,75.7649866500054
60,132,19,58,89.28,221.755332177068,148.6447505016,75.7649866500054
60,132,20,35,83.31,221.755332177068,148.6447505016,75.7649866500054
60,132,21,25,78.8,221.755332177068,148.6447505016,75.7649866500054
60,132,22,9,79.55,221.755332177068,148.6447505016,75.7649866500054
60,132,23,7,78.59,221.755332177068,148.6447505016,75.7649866500054
61,132,0,221,62.61,134.245170352482,89.9858400570763,45.8662411394105
61,132,1,414,59.46,134.245170352482,89.9858400570763,45.8662411394105
61,132,2,735,63.41,134.245170352482,89.9858400570763,45.8662411394105
61,132,3,2531,65.7,134.245170352482,89.9858400570763,45.8662411394105
61,132,4,5855,70.25,134.245170352482,89.9858400570763,45.8662411394105
61,132,5,7645,77.42,134.245170352482,89.9858400570763,45.8662411394105
61,132,6,6334,79.51,134.245170352482,89.9858400570763,45.8662411394105
61,132,7,4481,83.09,134.245170352482,89.9858400570763,45.8662411394105
61,132,8,3477,82.77,134.245170352482,89.9858400570763,45.8662411394105
61,132,9,3651,75.87,134.245170352482,89.9858400570763,45.8662411394105
61,132,10,2760,73.81,134.245170352482,89.9858400570763,45.8662411394105
61,132,11,3193,72.9,134.245170352482,89.9858400570763,45.8662411394105
61,132,12,3136,77.97,134.245170352482,89.9858400570763,45.8662411394105
61,132,13,4022,81.05,134.245170352482,89.9858400570763,45.8662411394105
61,132,14,4369,86.37,134.245170352482,89.9858400570763,45.8662411394105
61,132,15,4168,89.67,134.245170352482,89.9858400570763,45.8662411394105
61,132,16,3808,91.05,134.245170352482,89.9858400570763,45.8662411394105
61,132,17,3471,88.16,134.245170352482,89.9858400570763,45.8662411394105
61,132,18,2781,81.08,134.245170352482,89.9858400570763,45.8662411394105
61,132,19,2443,76.63,134.245170352482,89.9858400570763,45.8662411394105
61,132,20,1851,73.58,134.245170352482,89.9858400570763,45.8662411394105
61,132,21,1355,68.65,134.245170352482,89.9858400570763,45.8662411394105
61,132,22,557,68.99,134.245170352482,89.9858400570763,45.8662411394105
61,132,23,264,64.78,134.245170352482,89.9858400570763,45.8662411394105
62,132,0,58,74.45,139.790475752315,93.7029120639637,47.7608516791611
62,132,1,60,66.9,139.790475752315,93.7029120639637,47.7608516791611
62,132,2,204,72.09,139.790475752315,93.7029120639637,47.7608516791611
62,132,3,782,71.01,139.790475752315,93.7029120639637,47.7608516791611
62,132,4,1777,74.34,139.790475752315,93.7029120639637,47.7608516791611
62,132,5,2365,80.41,139.790475752315,93.7029120639637,47.7608516791611
62,132,6,1743,83.95,139.790475752315,93.7029120639637,47.7608516791611
62,132,7,1378,88.46,139.790475752315,93.7029120639637,47.7608516791611
62,132,8,1116,86.96,139.790475752315,93.7029120639637,47.7608516791611
62,132,9,1064,80.1,139.790475752315,93.7029120639637,47.7608516791611
62,132,10,745,77.49,139.790475752315,93.7029120639637,47.7608516791611
62,132,11,783,78.27,139.790475752315,93.7029120639637,47.7608516791611
62,132,12,937,82.27,139.790475752315,93.7029120639637,47.7608516791611
62,132,13,1316,83.73,139.790475752315,93.7029120639637,47.7608516791611
62,132,14,1533,88.3,139.790475752315,93.7029120639637,47.7608516791611
62,132,15,1371,88.97,139.790475752315,93.7029120639637,47.7608516791611
62,132,16,1334,93.04,139.790475752315,93.7029120639637,47.7608516791611
62,132,17,1264,88.22,139.790475752315,93.7029120639637,47.7608516791611
62,132,18,1011,81.05,139.790475752315,93.7029120639637,47.7608516791611
62,132,19,882,80.04,139.790475752315,93.7029120639637,47.7608516791611
62,132,20,689,77.06,139.790475752315,93.7029120639637,47.7608516791611
62,132,21,469,73.45,139.790475752315,93.7029120639637,47.7608516791611
62,132,22,149,69.22,139.790475752315,93.7029120639637,47.7608516791611
62,132,23,79,75.82,139.790475752315,93.7029120639637,47.7608516791611
63,132,0,81,40.53,92.2020073975714,61.8039000496963,31.5017627355303
63,132,1,167,38.29,92.2020073975714,61.8039000496963,31.5017627355303
63,132,2,479,40.24,92.2020073975714,61.8039000496963,31.5017627355303
63,132,3,1413,38.5,92.2020073975714,61.8039000496963,31.5017627355303
63,132,4,1453,42.77,92.2020073975714,61.8039000496963,31.5017627355303
63,132,5,2117,44.37,92.2020073975714,61.8039000496963,31.5017627355303
63,132,6,1113,46.28,92.2020073975714,61.8039000496963,31.5017627355303
63,132,7,1025,45.66,92.2020073975714,61.8039000496963,31.5017627355303
63,132,8,847,45.31,92.2020073975714,61.8039000496963,31.5017627355303
63,132,9,773,42.14,92.2020073975714,61.8039000496963,31.5017627355303
63,132,10,979,40.46,92.2020073975714,61.8039000496963,31.5017627355303
63,132,11,1325,39.9,92.2020073975714,61.8039000496963,31.5017627355303
63,132,12,1057,41.09,92.2020073975714,61.8039000496963,31.5017627355303
63,132,13,1600,41.32,92.2020073975714,61.8039000496963,31.5017627355303
63,132,14,1023,46,92.2020073975714,61.8039000496963,31.5017627355303
63,132,15,979,47.29,92.2020073975714,61.8039000496963,31.5017627355303
63,132,16,875,49.01,92.2020073975714,61.8039000496963,31.5017627355303
63,132,17,873,48.47,92.2020073975714,61.8039000496963,31.5017627355303
63,132,18,656,47.49,92.2020073975714,61.8039000496963,31.5017627355303
63,132,19,758,43.36,92.2020073975714,61.8039000496963,31.5017627355303
63,132,20,492,41.81,92.2020073975714,61.8039000496963,31.5017627355303
63,132,21,355,41.22,92.2020073975714,61.8039000496963,31.5017627355303
63,132,22,289,39.74,92.2020073975714,61.8039000496963,31.5017627355303
63,132,23,250,35.53,92.2020073975714,61.8039000496963,31.5017627355303
64,132,0,13,59.88,130.200525536629,87.2746753981813,44.4843466998559
64,132,1,11,57.93,130.200525536629,87.2746753981813,44.4843466998559
64,132,2,47,59.66,130.200525536629,87.2746753981813,44.4843466998559
64,132,3,163,57.1,130.200525536629,87.2746753981813,44.4843466998559
64,132,4,485,60.84,130.200525536629,87.2746753981813,44.4843466998559
64,132,5,673,66.19,130.200525536629,87.2746753981813,44.4843466998559
64,132,6,510,68.33,130.200525536629,87.2746753981813,44.4843466998559
64,132,7,404,66.38,130.200525536629,87.2746753981813,44.4843466998559
64,132,8,302,66.25,130.200525536629,87.2746753981813,44.4843466998559
64,132,9,302,60.54,130.200525536629,87.2746753981813,44.4843466998559
64,132,10,218,60.46,130.200525536629,87.2746753981813,44.4843466998559
64,132,11,184,66.57,130.200525536629,87.2746753981813,44.4843466998559
64,132,12,209,65.43,130.200525536629,87.2746753981813,44.4843466998559
64,132,13,321,63.84,130.200525536629,87.2746753981813,44.4843466998559
64,132,14,365,64.15,130.200525536629,87.2746753981813,44.4843466998559
64,132,15,321,68.94,130.200525536629,87.2746753981813,44.4843466998559
64,132,16,324,77.26,130.200525536629,87.2746753981813,44.4843466998559
64,132,17,291,72.52,130.200525536629,87.2746753981813,44.4843466998559
64,132,18,200,70.23,130.200525536629,87.2746753981813,44.4843466998559
64,132,19,173,64.98,130.200525536629,87.2746753981813,44.4843466998559
64,132,20,153,61.56,130.200525536629,87.2746753981813,44.4843466998559
64,132,21,96,63.45,130.200525536629,87.2746753981813,44.4843466998559
64,132,22,59,58.52,130.200525536629,87.2746753981813,44.4843466998559
64,132,23,25,58.2,130.200525536629,87.2746753981813,44.4843466998559
65,132,0,46,86.24,176.688354399418,118.435918083217,60.3673908575699
65,132,1,43,79.78,176.688354399418,118.435918083217,60.3673908575699
65,132,2,107,76.51,176.688354399418,118.435918083217,60.3673908575699
65,132,3,611,82.42,176.688354399418,118.435918083217,60.3673908575699
65,132,4,2145,84.82,176.688354399418,118.435918083217,60.3673908575699
65,132,5,3206,91.11,176.688354399418,118.435918083217,60.3673908575699
65,132,6,2697,94.44,176.688354399418,118.435918083217,60.3673908575699
65,132,7,2142,100.57,176.688354399418,118.435918083217,60.3673908575699
65,132,8,1911,103.22,176.688354399418,118.435918083217,60.3673908575699
65,132,9,1797,98.48,176.688354399418,118.435918083217,60.3673908575699
65,132,10,1629,103.76,176.688354399418,118.435918083217,60.3673908575699
65,132,11,1681,106.44,176.688354399418,118.435918083217,60.3673908575699
65,132,12,1870,113.77,176.688354399418,118.435918083217,60.3673908575699
65,132,13,2131,120.88,176.688354399418,118.435918083217,60.3673908575699
65,132,14,2324,127.76,176.688354399418,118.435918083217,60.3673908575699
65,132,15,2261,137.08,176.688354399418,118.435918083217,60.3673908575699
65,132,16,1894,138.32,176.688354399418,118.435918083217,60.3673908575699
65,132,17,1595,147.08,176.688354399418,118.435918083217,60.3673908575699
65,132,18,1298,117.67,176.688354399418,118.435918083217,60.3673908575699
65,132,19,1067,102.63,176.688354399418,118.435918083217,60.3673908575699
65,132,20,819,96.02,176.688354399418,118.435918083217,60.3673908575699
65,132,21,548,90.1,176.688354399418,118.435918083217,60.3673908575699
65,132,22,306,93.29,176.688354399418,118.435918083217,60.3673908575699
65,132,23,119,93.64,176.688354399418,118.435918083217,60.3673908575699
66,132,0,9,95.65,178.903083953637,119.920472789449,61.1240759548861
66,132,1,16,87.96,178.903083953637,119.920472789449,61.1240759548861
66,132,2,26,81.27,178.903083953637,119.920472789449,61.1240759548861
66,132,3,181,90.03,178.903083953637,119.920472789449,61.1240759548861
66,132,4,817,92.65,178.903083953637,119.920472789449,61.1240759548861
66,132,5,1609,98.97,178.903083953637,119.920472789449,61.1240759548861
66,132,6,1357,102.93,178.903083953637,119.920472789449,61.1240759548861
66,132,7,949,108.25,178.903083953637,119.920472789449,61.1240759548861
66,132,8,715,109.96,178.903083953637,119.920472789449,61.1240759548861
66,132,9,650,104.51,178.903083953637,119.920472789449,61.1240759548861
66,132,10,527,110.82,178.903083953637,119.920472789449,61.1240759548861
66,132,11,595,111.53,178.903083953637,119.920472789449,61.1240759548861
66,132,12,743,120.32,178.903083953637,119.920472789449,61.1240759548861
66,132,13,1229,133.44,178.903083953637,119.920472789449,61.1240759548861
66,132,14,1486,140.04,178.903083953637,119.920472789449,61.1240759548861
66,132,15,1575,148.9,178.903083953637,119.920472789449,61.1240759548861
66,132,16,1387,152.81,178.903083953637,119.920472789449,61.1240759548861
66,132,17,1066,146.77,178.903083953637,119.920472789449,61.1240759548861
66,132,18,875,127.43,178.903083953637,119.920472789449,61.1240759548861
66,132,19,676,114.99,178.903083953637,119.920472789449,61.1240759548861
66,132,20,491,106.59,178.903083953637,119.920472789449,61.1240759548861
66,132,21,250,98.78,178.903083953637,119.920472789449,61.1240759548861
66,132,22,102,102.73,178.903083953637,119.920472789449,61.1240759548861
66,132,23,34,98.72,178.903083953637,119.920472789449,61.1240759548861
67,132,0,8,70.89,190.923679281619,127.977994454731,65.2310357993621
67,132,1,8,73.26,190.923679281619,127.977994454731,65.2310357993621
67,132,2,49,80.19,190.923679281619,127.977994454731,65.2310357993621
67,132,3,141,84.68,190.923679281619,127.977994454731,65.2310357993621
67,132,4,383,85.42,190.923679281619,127.977994454731,65.2310357993621
67,132,5,450,90.94,190.923679281619,127.977994454731,65.2310357993621
67,132,6,353,92.57,190.923679281619,127.977994454731,65.2310357993621
67,132,7,268,95.31,190.923679281619,127.977994454731,65.2310357993621
67,132,8,214,94.23,190.923679281619,127.977994454731,65.2310357993621
67,132,9,209,92.13,190.923679281619,127.977994454731,65.2310357993621
67,132,10,164,94.3,190.923679281619,127.977994454731,65.2310357993621
67,132,11,172,98.75,190.923679281619,127.977994454731,65.2310357993621
67,132,12,224,96.65,190.923679281619,127.977994454731,65.2310357993621
67,132,13,241,103.62,190.923679281619,127.977994454731,65.2310357993621
67,132,14,248,113.81,190.923679281619,127.977994454731,65.2310357993621
67,132,15,217,118.13,190.923679281619,127.977994454731,65.2310357993621
67,132,16,220,120.39,190.923679281619,127.977994454731,65.2310357993621
67,132,17,139,119.38,190.923679281619,127.977994454731,65.2310357993621
67,132,18,133,106.59,190.923679281619,127.977994454731,65.2310357993621
67,132,19,102,97.75,190.923679281619,127.977994454731,65.2310357993621
67,132,20,70,92.41,190.923679281619,127.977994454731,65.2310357993621
67,132,21,48,81.75,190.923679281619,127.977994454731,65.2310357993621
67,132,22,30,82.1,190.923679281619,127.977994454731,65.2310357993621
67,132,23,13,78.31,190.923679281619,127.977994454731,65.2310357993621
68,132,0,111,106.98,211.280186991435,141.623159059807,72.1860457183276
68,132,1,107,91.55,211.280186991435,141.623159059807,72.1860457183276
68,132,2,279,88.86,211.280186991435,141.623159059807,72.1860457183276
68,132,3,1275,111.59,211.280186991435,141.623159059807,72.1860457183276
68,132,4,3906,99.05,211.280186991435,141.623159059807,72.1860457183276
68,132,5,5411,102.32,211.280186991435,141.623159059807,72.1860457183276
68,132,6,4740,116.77,211.280186991435,141.623159059807,72.1860457183276
68,132,7,3868,119.17,211.280186991435,141.623159059807,72.1860457183276
68,132,8,3748,130.82,211.280186991435,141.623159059807,72.1860457183276
68,132,9,3565,135.57,211.280186991435,141.623159059807,72.1860457183276
68,132,10,3366,129.05,211.280186991435,141.623159059807,72.1860457183276
68,132,11,3848,137.61,211.280186991435,141.623159059807,72.1860457183276
68,132,12,4878,140.59,211.280186991435,141.623159059807,72.1860457183276
68,132,13,6251,149.99,211.280186991435,141.623159059807,72.1860457183276
68,132,14,6450,155.38,211.280186991435,141.623159059807,72.1860457183276
68,132,15,5755,171.17,211.280186991435,141.623159059807,72.1860457183276
68,132,16,4992,168.65,211.280186991435,141.623159059807,72.1860457183276
68,132,17,3958,168.11,211.280186991435,141.623159059807,72.1860457183276
68,132,18,3209,139.27,211.280186991435,141.623159059807,72.1860457183276
68,132,19,2624,125.36,211.280186991435,141.623159059807,72.1860457183276
68,132,20,1554,116.49,211.280186991435,141.623159059807,72.1860457183276
68,132,21,1025,112.7,211.280186991435,141.623159059807,72.1860457183276
68,132,22,529,115.58,211.280186991435,141.623159059807,72.1860457183276
68,132,23,250,113.96,211.280186991435,141.623159059807,72.1860457183276
69,132,0,36,89.97,229.487671188557,153.827812355729,78.4068196838601
69,132,1,123,80.3,229.487671188557,153.827812355729,78.4068196838601
69,132,2,240,81.85,229.487671188557,153.827812355729,78.4068196838601
69,132,3,336,85.56,229.487671188557,153.827812355729,78.4068196838601
69,132,4,612,86.79,229.487671188557,153.827812355729,78.4068196838601
69,132,5,651,90.07,229.487671188557,153.827812355729,78.4068196838601
69,132,6,414,95.08,229.487671188557,153.827812355729,78.4068196838601
69,132,7,310,100.34,229.487671188557,153.827812355729,78.4068196838601
69,132,8,286,103.84,229.487671188557,153.827812355729,78.4068196838601
69,132,9,235,99.86,229.487671188557,153.827812355729,78.4068196838601
69,132,10,282,97.58,229.487671188557,153.827812355729,78.4068196838601
69,132,11,232,106.23,229.487671188557,153.827812355729,78.4068196838601
69,132,12,240,111.22,229.487671188557,153.827812355729,78.4068196838601
69,132,13,198,113,229.487671188557,153.827812355729,78.4068196838601
69,132,14,212,116.97,229.487671188557,153.827812355729,78.4068196838601
69,132,15,233,126.3,229.487671188557,153.827812355729,78.4068196838601
69,132,16,285,127.53,229.487671188557,153.827812355729,78.4068196838601
69,132,17,240,122.02,229.487671188557,153.827812355729,78.4068196838601
69,132,18,182,108.86,229.487671188557,153.827812355729,78.4068196838601
69,132,19,169,98.23,229.487671188557,153.827812355729,78.4068196838601
69,132,20,171,89.28,229.487671188557,153.827812355729,78.4068196838601
69,132,21,102,84.91,229.487671188557,153.827812355729,78.4068196838601
69,132,22,59,88.64,229.487671188557,153.827812355729,78.4068196838601
69,132,23,30,88.21,229.487671188557,153.827812355729,78.4068196838601
70,132,0,58,67.12,148.274208279911,99.3896402815288,50.6594060245525
70,132,1,62,64.79,148.274208279911,99.3896402815288,50.6594060245525
70,132,2,129,54.3,148.274208279911,99.3896402815288,50.6594060245525
70,132,3,304,55.45,148.274208279911,99.3896402815288,50.6594060245525
70,132,4,812,57.72,148.274208279911,99.3896402815288,50.6594060245525
70,132,5,1233,59.29,148.274208279911,99.3896402815288,50.6594060245525
70,132,6,1007,62.88,148.274208279911,99.3896402815288,50.6594060245525
70,132,7,715,63.64,148.274208279911,99.3896402815288,50.6594060245525
70,132,8,659,93.04,148.274208279911,99.3896402815288,50.6594060245525
70,132,9,641,65.55,148.274208279911,99.3896402815288,50.6594060245525
70,132,10,640,72.66,148.274208279911,99.3896402815288,50.6594060245525
70,132,11,702,72.58,148.274208279911,99.3896402815288,50.6594060245525
70,132,12,745,75.4,148.274208279911,99.3896402815288,50.6594060245525
70,132,13,671,104.33,148.274208279911,99.3896402815288,50.6594060245525
70,132,14,673,95.79,148.274208279911,99.3896402815288,50.6594060245525
70,132,15,727,90.6,148.274208279911,99.3896402815288,50.6594060245525
70,132,16,655,88.7,148.274208279911,99.3896402815288,50.6594060245525
70,132,17,528,111.15,148.274208279911,99.3896402815288,50.6594060245525
70,132,18,458,77.72,148.274208279911,99.3896402815288,50.6594060245525
70,132,19,427,68.23,148.274208279911,99.3896402815288,50.6594060245525
70,132,20,320,62.85,148.274208279911,99.3896402815288,50.6594060245525
70,132,21,257,61.09,148.274208279911,99.3896402815288,50.6594060245525
70,132,22,155,65.67,148.274208279911,99.3896402815288,50.6594060245525
70,132,23,110,76.13,148.274208279911,99.3896402815288,50.6594060245525
71,132,0,75,65.25,128.569338041239,86.1812745951739,43.9270347398747
71,132,1,161,62.62,128.569338041239,86.1812745951739,43.9270347398747
71,132,2,362,65.92,128.569338041239,86.1812745951739,43.9270347398747
71,132,3,1441,63.99,128.569338041239,86.1812745951739,43.9270347398747
71,132,4,1898,68.96,128.569338041239,86.1812745951739,43.9270347398747
71,132,5,1909,74.97,128.569338041239,86.1812745951739,43.9270347398747
71,132,6,1356,77.76,128.569338041239,86.1812745951739,43.9270347398747
71,132,7,918,80.85,128.569338041239,86.1812745951739,43.9270347398747
71,132,8,795,80.45,128.569338041239,86.1812745951739,43.9270347398747
71,132,9,685,76.06,128.569338041239,86.1812745951739,43.9270347398747
71,132,10,671,72.3,128.569338041239,86.1812745951739,43.9270347398747
71,132,11,669,72.24,128.569338041239,86.1812745951739,43.9270347398747
71,132,12,766,73.58,128.569338041239,86.1812745951739,43.9270347398747
71,132,13,824,76.51,128.569338041239,86.1812745951739,43.9270347398747
71,132,14,828,82,128.569338041239,86.1812745951739,43.9270347398747
71,132,15,794,80.72,128.569338041239,86.1812745951739,43.9270347398747
71,132,16,638,81.38,128.569338041239,86.1812745951739,43.9270347398747
71,132,17,600,80.31,128.569338041239,86.1812745951739,43.9270347398747
71,132,18,431,75.09,128.569338041239,86.1812745951739,43.9270347398747
71,132,19,427,73.52,128.569338041239,86.1812745951739,43.9270347398747
71,132,20,302,72.41,128.569338041239,86.1812745951739,43.9270347398747
71,132,21,270,69.73,128.569338041239,86.1812745951739,43.9270347398747
71,132,22,153,69.05,128.569338041239,86.1812745951739,43.9270347398747
71,132,23,84,67.92,128.569338041239,86.1812745951739,43.9270347398747
72,132,0,155,52.02,116.480027637338,78.077692547869,39.796597684012
72,132,1,526,54.32,116.480027637338,78.077692547869,39.796597684012
72,132,2,661,55.13,116.480027637338,78.077692547869,39.796597684012
72,132,3,1572,57.09,116.480027637338,78.077692547869,39.796597684012
72,132,4,2259,61.6,116.480027637338,78.077692547869,39.796597684012
72,132,5,2136,66.37,116.480027637338,78.077692547869,39.796597684012
72,132,6,1459,70.86,116.480027637338,78.077692547869,39.796597684012
72,132,7,1148,72.34,116.480027637338,78.077692547869,39.796597684012
72,132,8,1219,67.03,116.480027637338,78.077692547869,39.796597684012
72,132,9,914,65.99,116.480027637338,78.077692547869,39.796597684012
72,132,10,933,62.69,116.480027637338,78.077692547869,39.796597684012
72,132,11,1134,61.72,116.480027637338,78.077692547869,39.796597684012
72,132,12,1009,63.39,116.480027637338,78.077692547869,39.796597684012
72,132,13,1173,65.05,116.480027637338,78.077692547869,39.796597684012
72,132,14,1010,68.51,116.480027637338,78.077692547869,39.796597684012
72,132,15,815,66.77,116.480027637338,78.077692547869,39.796597684012
72,132,16,710,68.03,116.480027637338,78.077692547869,39.796597684012
72,132,17,720,68.3,116.480027637338,78.077692547869,39.796597684012
72,132,18,620,65.06,116.480027637338,78.077692547869,39.796597684012
72,132,19,639,64.98,116.480027637338,78.077692547869,39.796597684012
72,132,20,443,60.77,116.480027637338,78.077692547869,39.796597684012
72,132,21,280,60.29,116.480027637338,78.077692547869,39.796597684012
72,132,22,230,57.95,116.480027637338,78.077692547869,39.796597684012
72,132,23,127,57.42,116.480027637338,78.077692547869,39.796597684012
73,132,0,18,66.73,121.808152943389,81.6491866309372,41.6170064142976
73,132,1,30,55.12,121.808152943389,81.6491866309372,41.6170064142976
73,132,2,56,53.43,121.808152943389,81.6491866309372,41.6170064142976
73,132,3,121,61.83,121.808152943389,81.6491866309372,41.6170064142976
73,132,4,294,61.65,121.808152943389,81.6491866309372,41.6170064142976
73,132,5,332,67.79,121.808152943389,81.6491866309372,41.6170064142976
73,132,6,268,71.37,121.808152943389,81.6491866309372,41.6170064142976
73,132,7,208,71.94,121.808152943389,81.6491866309372,41.6170064142976
73,132,8,175,71.47,121.808152943389,81.6491866309372,41.6170064142976
73,132,9,153,70.63,121.808152943389,81.6491866309372,41.6170064142976
73,132,10,165,71.14,121.808152943389,81.6491866309372,41.6170064142976
73,132,11,153,72.23,121.808152943389,81.6491866309372,41.6170064142976
73,132,12,122,74.92,121.808152943389,81.6491866309372,41.6170064142976
73,132,13,162,77.96,121.808152943389,81.6491866309372,41.6170064142976
73,132,14,162,77.29,121.808152943389,81.6491866309372,41.6170064142976
73,132,15,162,79.62,121.808152943389,81.6491866309372,41.6170064142976
73,132,16,146,79.94,121.808152943389,81.6491866309372,41.6170064142976
73,132,17,147,77.6,121.808152943389,81.6491866309372,41.6170064142976
73,132,18,122,71.29,121.808152943389,81.6491866309372,41.6170064142976
73,132,19,114,70.02,121.808152943389,81.6491866309372,41.6170064142976
73,132,20,92,63.48,121.808152943389,81.6491866309372,41.6170064142976
73,132,21,67,62,121.808152943389,81.6491866309372,41.6170064142976
73,132,22,46,66.59,121.808152943389,81.6491866309372,41.6170064142976
73,132,23,23,59.9,121.808152943389,81.6491866309372,41.6170064142976
74,132,0,36,79.04,212.24374801832,142.269043364046,72.5152562388668
74,132,1,67,78.55,212.24374801832,142.269043364046,72.5152562388668
74,132,2,212,75.59,212.24374801832,142.269043364046,72.5152562388668
74,132,3,548,74.56,212.24374801832,142.269043364046,72.5152562388668
74,132,4,1218,78.91,212.24374801832,142.269043364046,72.5152562388668
74,132,5,1527,83.09,212.24374801832,142.269043364046,72.5152562388668
74,132,6,1234,86.65,212.24374801832,142.269043364046,72.5152562388668
74,132,7,858,125.51,212.24374801832,142.269043364046,72.5152562388668
74,132,8,741,117.42,212.24374801832,142.269043364046,72.5152562388668
74,132,9,758,89.14,212.24374801832,142.269043364046,72.5152562388668
74,132,10,614,118.4,212.24374801832,142.269043364046,72.5152562388668
74,132,11,614,121.14,212.24374801832,142.269043364046,72.5152562388668
74,132,12,689,98.88,212.24374801832,142.269043364046,72.5152562388668
74,132,13,807,125.44,212.24374801832,142.269043364046,72.5152562388668
74,132,14,981,108.94,212.24374801832,142.269043364046,72.5152562388668
74,132,15,1025,117.91,212.24374801832,142.269043364046,72.5152562388668
74,132,16,912,139.17,212.24374801832,142.269043364046,72.5152562388668
74,132,17,776,113.91,212.24374801832,142.269043364046,72.5152562388668
74,132,18,700,101.63,212.24374801832,142.269043364046,72.5152562388668
74,132,19,689,90.61,212.24374801832,142.269043364046,72.5152562388668
74,132,20,444,84.86,212.24374801832,142.269043364046,72.5152562388668
74,132,21,250,81.49,212.24374801832,142.269043364046,72.5152562388668
74,132,22,123,81.91,212.24374801832,142.269043364046,72.5152562388668
74,132,23,62,88.07,212.24374801832,142.269043364046,72.5152562388668
75,132,0,31,81.16,207.259390734091,138.927980321046,70.8122993837103
75,132,1,70,80.77,207.259390734091,138.927980321046,70.8122993837103
75,132,2,238,77.12,207.259390734091,138.927980321046,70.8122993837103
75,132,3,704,78.98,207.259390734091,138.927980321046,70.8122993837103
75,132,4,1460,83.92,207.259390734091,138.927980321046,70.8122993837103
75,132,5,2196,88.77,207.259390734091,138.927980321046,70.8122993837103
75,132,6,1748,107.3,207.259390734091,138.927980321046,70.8122993837103
75,132,7,1171,96.13,207.259390734091,138.927980321046,70.8122993837103
75,132,8,1036,98.77,207.259390734091,138.927980321046,70.8122993837103
75,132,9,902,96.69,207.259390734091,138.927980321046,70.8122993837103
75,132,10,873,99.2,207.259390734091,138.927980321046,70.8122993837103
75,132,11,792,103.63,207.259390734091,138.927980321046,70.8122993837103
75,132,12,887,107.03,207.259390734091,138.927980321046,70.8122993837103
75,132,13,1297,113.19,207.259390734091,138.927980321046,70.8122993837103
75,132,14,1474,142.01,207.259390734091,138.927980321046,70.8122993837103
75,132,15,1477,139.9,207.259390734091,138.927980321046,70.8122993837103
75,132,16,1384,128.79,207.259390734091,138.927980321046,70.8122993837103
75,132,17,1239,126.01,207.259390734091,138.927980321046,70.8122993837103
75,132,18,993,109.8,207.259390734091,138.927980321046,70.8122993837103
75,132,19,827,99.46,207.259390734091,138.927980321046,70.8122993837103
75,132,20,577,90.27,207.259390734091,138.927980321046,70.8122993837103
75,132,21,323,88.76,207.259390734091,138.927980321046,70.8122993837103
75,132,22,189,92.11,207.259390734091,138.927980321046,70.8122993837103
75,132,23,72,88.8,207.259390734091,138.927980321046,70.8122993837103
76,132,0,405,35.9,82.0413885623822,54.9931386719604,28.030282961645
76,132,1,590,33.53,82.0413885623822,54.9931386719604,28.030282961645
76,132,2,1218,35.25,82.0413885623822,54.9931386719604,28.030282961645
76,132,3,4368,36.64,82.0413885623822,54.9931386719604,28.030282961645
76,132,4,5310,38.23,82.0413885623822,54.9931386719604,28.030282961645
76,132,5,5576,41.85,82.0413885623822,54.9931386719604,28.030282961645
76,132,6,4063,42.37,82.0413885623822,54.9931386719604,28.030282961645
76,132,7,3451,41.76,82.0413885623822,54.9931386719604,28.030282961645
76,132,8,3403,39.75,82.0413885623822,54.9931386719604,28.030282961645
76,132,9,3279,37.88,82.0413885623822,54.9931386719604,28.030282961645
76,132,10,2933,38.03,82.0413885623822,54.9931386719604,28.030282961645
76,132,11,4734,36.69,82.0413885623822,54.9931386719604,28.030282961645
76,132,12,4228,37.7,82.0413885623822,54.9931386719604,28.030282961645
76,132,13,4575,38.87,82.0413885623822,54.9931386719604,28.030282961645
76,132,14,3958,40.94,82.0413885623822,54.9931386719604,28.030282961645
76,132,15,3713,41.32,82.0413885623822,54.9931386719604,28.030282961645
76,132,16,2791,42.55,82.0413885623822,54.9931386719604,28.030282961645
76,132,17,2218,44.61,82.0413885623822,54.9931386719604,28.030282961645
76,132,18,1837,41.25,82.0413885623822,54.9931386719604,28.030282961645
76,132,19,2311,38.56,82.0413885623822,54.9931386719604,28.030282961645
76,132,20,1963,38.04,82.0413885623822,54.9931386719604,28.030282961645
76,132,21,1977,37.21,82.0413885623822,54.9931386719604,28.030282961645
76,132,22,1383,35.99,82.0413885623822,54.9931386719604,28.030282961645
76,132,23,636,35.12,82.0413885623822,54.9931386719604,28.030282961645
77,132,0,103,44.07,97.9886871254023,65.6827676103161,33.4788412933387
77,132,1,418,40.75,97.9886871254023,65.6827676103161,33.4788412933387
77,132,2,421,43.26,97.9886871254023,65.6827676103161,33.4788412933387
77,132,3,901,45.67,97.9886871254023,65.6827676103161,33.4788412933387
77,132,4,1499,48.07,97.9886871254023,65.6827676103161,33.4788412933387
77,132,5,1378,51.26,97.9886871254023,65.6827676103161,33.4788412933387
77,132,6,1010,53.09,97.9886871254023,65.6827676103161,33.4788412933387
77,132,7,810,54.59,97.9886871254023,65.6827676103161,33.4788412933387
77,132,8,692,52.24,97.9886871254023,65.6827676103161,33.4788412933387
77,132,9,669,50.31,97.9886871254023,65.6827676103161,33.4788412933387
77,132,10,622,48.09,97.9886871254023,65.6827676103161,33.4788412933387
77,132,11,1182,45.42,97.9886871254023,65.6827676103161,33.4788412933387
77,132,12,801,46.5,97.9886871254023,65.6827676103161,33.4788412933387
77,132,13,1251,47.15,97.9886871254023,65.6827676103161,33.4788412933387
77,132,14,854,49.3,97.9886871254023,65.6827676103161,33.4788412933387
77,132,15,986,48.54,97.9886871254023,65.6827676103161,33.4788412933387
77,132,16,695,48.24,97.9886871254023,65.6827676103161,33.4788412933387
77,132,17,722,47.86,97.9886871254023,65.6827676103161,33.4788412933387
77,132,18,403,50.29,97.9886871254023,65.6827676103161,33.4788412933387
77,132,19,437,47.01,97.9886871254023,65.6827676103161,33.4788412933387
77,132,20,541,44.85,97.9886871254023,65.6827676103161,33.4788412933387
77,132,21,305,44.91,97.9886871254023,65.6827676103161,33.4788412933387
77,132,22,247,42.67,97.9886871254023,65.6827676103161,33.4788412933387
77,132,23,144,45.79,97.9886871254023,65.6827676103161,33.4788412933387
78,132,0,21,86.28,232.385647678454,155.770354111416,79.3969431136487
78,132,1,44,80.6,232.385647678454,155.770354111416,79.3969431136487
78,132,2,137,78,232.385647678454,155.770354111416,79.3969431136487
78,132,3,276,79.11,232.385647678454,155.770354111416,79.3969431136487
78,132,4,353,82.47,232.385647678454,155.770354111416,79.3969431136487
78,132,5,386,86.94,232.385647678454,155.770354111416,79.3969431136487
78,132,6,206,94.3,232.385647678454,155.770354111416,79.3969431136487
78,132,7,126,102.57,232.385647678454,155.770354111416,79.3969431136487
78,132,8,152,95.43,232.385647678454,155.770354111416,79.3969431136487
78,132,9,133,92.84,232.385647678454,155.770354111416,79.3969431136487
78,132,10,141,99.96,232.385647678454,155.770354111416,79.3969431136487
78,132,11,123,99.31,232.385647678454,155.770354111416,79.3969431136487
78,132,12,144,102.5,232.385647678454,155.770354111416,79.3969431136487
78,132,13,110,106.26,232.385647678454,155.770354111416,79.3969431136487
78,132,14,118,119.93,232.385647678454,155.770354111416,79.3969431136487
78,132,15,121,118.67,232.385647678454,155.770354111416,79.3969431136487
78,132,16,127,116.4,232.385647678454,155.770354111416,79.3969431136487
78,132,17,148,110.86,232.385647678454,155.770354111416,79.3969431136487
78,132,18,131,99.84,232.385647678454,155.770354111416,79.3969431136487
78,132,19,102,92.26,232.385647678454,155.770354111416,79.3969431136487
78,132,20,79,81.52,232.385647678454,155.770354111416,79.3969431136487
78,132,21,34,79.97,232.385647678454,155.770354111416,79.3969431136487
78,132,22,25,90.43,232.385647678454,155.770354111416,79.3969431136487
78,132,23,15,81.86,232.385647678454,155.770354111416,79.3969431136487
79,132,0,79,95.69,190.400709929215,127.627443024265,65.0523579492549
79,132,1,72,86.21,190.400709929215,127.627443024265,65.0523579492549
79,132,2,203,138.98,190.400709929215,127.627443024265,65.0523579492549
79,132,3,1011,88.35,190.400709929215,127.627443024265,65.0523579492549
79,132,4,3684,91.72,190.400709929215,127.627443024265,65.0523579492549
79,132,5,5863,94.44,190.400709929215,127.627443024265,65.0523579492549
79,132,6,5277,100.07,190.400709929215,127.627443024265,65.0523579492549
79,132,7,3845,115.74,190.400709929215,127.627443024265,65.0523579492549
79,132,8,3152,113.88,190.400709929215,127.627443024265,65.0523579492549
79,132,9,2924,107.53,190.400709929215,127.627443024265,65.0523579492549
79,132,10,2468,111.56,190.400709929215,127.627443024265,65.0523579492549
79,132,11,2384,113.05,190.400709929215,127.627443024265,65.0523579492549
79,132,12,3121,121.6,190.400709929215,127.627443024265,65.0523579492549
79,132,13,4568,137.46,190.400709929215,127.627443024265,65.0523579492549
79,132,14,5002,137.16,190.400709929215,127.627443024265,65.0523579492549
79,132,15,4585,152.08,190.400709929215,127.627443024265,65.0523579492549
79,132,16,4117,149.03,190.400709929215,127.627443024265,65.0523579492549
79,132,17,3490,147.37,190.400709929215,127.627443024265,65.0523579492549
79,132,18,2702,126.35,190.400709929215,127.627443024265,65.0523579492549
79,132,19,2359,127.19,190.400709929215,127.627443024265,65.0523579492549
79,132,20,1616,101.97,190.400709929215,127.627443024265,65.0523579492549
79,132,21,921,121.16,190.400709929215,127.627443024265,65.0523579492549
79,132,22,407,103.62,190.400709929215,127.627443024265,65.0523579492549
79,132,23,167,106.94,190.400709929215,127.627443024265,65.0523579492549
80,132,0,65,78.79,149.735403519258,100.369093626143,51.1586383844479
80,132,1,183,69.77,149.735403519258,100.369093626143,51.1586383844479
80,132,2,182,73.72,149.735403519258,100.369093626143,51.1586383844479
80,132,3,731,75.89,149.735403519258,100.369093626143,51.1586383844479
80,132,4,2372,77.76,149.735403519258,100.369093626143,51.1586383844479
80,132,5,3820,78.83,149.735403519258,100.369093626143,51.1586383844479
80,132,6,3372,83.6,149.735403519258,100.369093626143,51.1586383844479
80,132,7,2444,89.31,149.735403519258,100.369093626143,51.1586383844479
80,132,8,1793,91.91,149.735403519258,100.369093626143,51.1586383844479
80,132,9,1718,86.24,149.735403519258,100.369093626143,51.1586383844479
80,132,10,1357,87.41,149.735403519258,100.369093626143,51.1586383844479
80,132,11,1278,90.31,149.735403519258,100.369093626143,51.1586383844479
80,132,12,1513,95.4,149.735403519258,100.369093626143,51.1586383844479
80,132,13,2363,98.51,149.735403519258,100.369093626143,51.1586383844479
80,132,14,2962,107.44,149.735403519258,100.369093626143,51.1586383844479
80,132,15,2683,112.3,149.735403519258,100.369093626143,51.1586383844479
80,132,16,2544,113.23,149.735403519258,100.369093626143,51.1586383844479
80,132,17,2226,108.45,149.735403519258,100.369093626143,51.1586383844479
80,132,18,1853,97.24,149.735403519258,100.369093626143,51.1586383844479
80,132,19,1435,88.12,149.735403519258,100.369093626143,51.1586383844479
80,132,20,1091,81.23,149.735403519258,100.369093626143,51.1586383844479
80,132,21,669,77.94,149.735403519258,100.369093626143,51.1586383844479
80,132,22,288,81.37,149.735403519258,100.369093626143,51.1586383844479
80,132,23,118,81.76,149.735403519258,100.369093626143,51.1586383844479
81,132,0,25,85.61,258.22124228286,173.088203816901,88.2239393399888
81,132,1,61,83.95,258.22124228286,173.088203816901,88.2239393399888
81,132,2,118,84.8,258.22124228286,173.088203816901,88.2239393399888
81,132,3,249,84.27,258.22124228286,173.088203816901,88.2239393399888
81,132,4,417,85.93,258.22124228286,173.088203816901,88.2239393399888
81,132,5,489,88.4,258.22124228286,173.088203816901,88.2239393399888
81,132,6,309,95.76,258.22124228286,173.088203816901,88.2239393399888
81,132,7,184,99.9,258.22124228286,173.088203816901,88.2239393399888
81,132,8,139,95.79,258.22124228286,173.088203816901,88.2239393399888
81,132,9,158,98.07,258.22124228286,173.088203816901,88.2239393399888
81,132,10,196,94.54,258.22124228286,173.088203816901,88.2239393399888
81,132,11,170,95.8,258.22124228286,173.088203816901,88.2239393399888
81,132,12,139,102.93,258.22124228286,173.088203816901,88.2239393399888
81,132,13,107,106.86,258.22124228286,173.088203816901,88.2239393399888
81,132,14,122,108.59,258.22124228286,173.088203816901,88.2239393399888
81,132,15,117,114.62,258.22124228286,173.088203816901,88.2239393399888
81,132,16,135,118.35,258.22124228286,173.088203816901,88.2239393399888
81,132,17,134,113.93,258.22124228286,173.088203816901,88.2239393399888
81,132,18,97,100.31,258.22124228286,173.088203816901,88.2239393399888
81,132,19,132,89.04,258.22124228286,173.088203816901,88.2239393399888
81,132,20,80,87.61,258.22124228286,173.088203816901,88.2239393399888
81,132,21,41,79.94,258.22124228286,173.088203816901,88.2239393399888
81,132,22,18,81.41,258.22124228286,173.088203816901,88.2239393399888
81,132,23,17,89.85,258.22124228286,173.088203816901,88.2239393399888
82,132,0,115,64.92,130.973224733775,87.7926231663136,44.7483473161274
82,132,1,105,56.01,130.973224733775,87.7926231663136,44.7483473161274
82,132,2,257,55.55,130.973224733775,87.7926231663136,44.7483473161274
82,132,3,791,56.31,130.973224733775,87.7926231663136,44.7483473161274
82,132,4,1413,60.57,130.973224733775,87.7926231663136,44.7483473161274
82,132,5,1522,62.28,130.973224733775,87.7926231663136,44.7483473161274
82,132,6,1195,66.44,130.973224733775,87.7926231663136,44.7483473161274
82,132,7,976,70.66,130.973224733775,87.7926231663136,44.7483473161274
82,132,8,786,70.89,130.973224733775,87.7926231663136,44.7483473161274
82,132,9,825,69.7,130.973224733775,87.7926231663136,44.7483473161274
82,132,10,742,72.53,130.973224733775,87.7926231663136,44.7483473161274
82,132,11,810,71.51,130.973224733775,87.7926231663136,44.7483473161274
82,132,12,680,76.49,130.973224733775,87.7926231663136,44.7483473161274
82,132,13,810,79.51,130.973224733775,87.7926231663136,44.7483473161274
82,132,14,871,83.19,130.973224733775,87.7926231663136,44.7483473161274
82,132,15,922,85.82,130.973224733775,87.7926231663136,44.7483473161274
82,132,16,868,90.16,130.973224733775,87.7926231663136,44.7483473161274
82,132,17,733,83.71,130.973224733775,87.7926231663136,44.7483473161274
82,132,18,732,76.05,130.973224733775,87.7926231663136,44.7483473161274
82,132,19,720,70.45,130.973224733775,87.7926231663136,44.7483473161274
82,132,20,672,66.64,130.973224733775,87.7926231663136,44.7483473161274
82,132,21,658,90.03,130.973224733775,87.7926231663136,44.7483473161274
82,132,22,389,64.37,130.973224733775,87.7926231663136,44.7483473161274
82,132,23,204,66.93,130.973224733775,87.7926231663136,44.7483473161274
83,132,0,32,58.19,137.724886696802,92.3183276808908,47.0551219648905
83,132,1,46,62.86,137.724886696802,92.3183276808908,47.0551219648905
83,132,2,104,59.99,137.724886696802,92.3183276808908,47.0551219648905
83,132,3,290,60.2,137.724886696802,92.3183276808908,47.0551219648905
83,132,4,468,62.93,137.724886696802,92.3183276808908,47.0551219648905
83,132,5,593,66.12,137.724886696802,92.3183276808908,47.0551219648905
83,132,6,454,70.53,137.724886696802,92.3183276808908,47.0551219648905
83,132,7,409,72.68,137.724886696802,92.3183276808908,47.0551219648905
83,132,8,306,72.64,137.724886696802,92.3183276808908,47.0551219648905
83,132,9,319,71.2,137.724886696802,92.3183276808908,47.0551219648905
83,132,10,270,74.64,137.724886696802,92.3183276808908,47.0551219648905
83,132,11,218,73.89,137.724886696802,92.3183276808908,47.0551219648905
83,132,12,207,78.51,137.724886696802,92.3183276808908,47.0551219648905
83,132,13,270,86.27,137.724886696802,92.3183276808908,47.0551219648905
83,132,14,306,86.66,137.724886696802,92.3183276808908,47.0551219648905
83,132,15,324,89.82,137.724886696802,92.3183276808908,47.0551219648905
83,132,16,283,87.75,137.724886696802,92.3183276808908,47.0551219648905
83,132,17,295,87.89,137.724886696802,92.3183276808908,47.0551219648905
83,132,18,235,81.25,137.724886696802,92.3183276808908,47.0551219648905
83,132,19,260,74.72,137.724886696802,92.3183276808908,47.0551219648905
83,132,20,206,70.42,137.724886696802,92.3183276808908,47.0551219648905
83,132,21,169,65.78,137.724886696802,92.3183276808908,47.0551219648905
83,132,22,115,66.58,137.724886696802,92.3183276808908,47.0551219648905
83,132,23,69,68.15,137.724886696802,92.3183276808908,47.0551219648905
84,132,1,2,130.24,350.516249136931,234.954442304517,119.75747629493
84,132,2,6,149.39,350.516249136931,234.954442304517,119.75747629493
84,132,3,23,132.97,350.516249136931,234.954442304517,119.75747629493
84,132,4,37,131.19,350.516249136931,234.954442304517,119.75747629493
84,132,5,53,141.11,350.516249136931,234.954442304517,119.75747629493
84,132,6,37,161.67,350.516249136931,234.954442304517,119.75747629493
84,132,7,28,170.16,350.516249136931,234.954442304517,119.75747629493
84,132,8,22,155.02,350.516249136931,234.954442304517,119.75747629493
84,132,9,12,151.64,350.516249136931,234.954442304517,119.75747629493
84,132,10,19,155.03,350.516249136931,234.954442304517,119.75747629493
84,132,11,19,145.84,350.516249136931,234.954442304517,119.75747629493
84,132,12,24,157.15,350.516249136931,234.954442304517,119.75747629493
84,132,13,23,174.47,350.516249136931,234.954442304517,119.75747629493
84,132,14,26,179.5,350.516249136931,234.954442304517,119.75747629493
84,132,15,27,181.16,350.516249136931,234.954442304517,119.75747629493
84,132,16,19,187.99,350.516249136931,234.954442304517,119.75747629493
84,132,17,19,187.7,350.516249136931,234.954442304517,119.75747629493
84,132,18,22,155.33,350.516249136931,234.954442304517,119.75747629493
84,132,19,12,146.53,350.516249136931,234.954442304517,119.75747629493
84,132,20,6,131.72,350.516249136931,234.954442304517,119.75747629493
84,132,21,3,132.19,350.516249136931,234.954442304517,119.75747629493
84,132,22,2,127.99,350.516249136931,234.954442304517,119.75747629493
85,132,0,47,75.03,139.601852719996,93.5764762154875,47.696406683024
85,132,1,135,67.16,139.601852719996,93.5764762154875,47.696406683024
85,132,2,254,69.57,139.601852719996,93.5764762154875,47.696406683024
85,132,3,997,70.75,139.601852719996,93.5764762154875,47.696406683024
85,132,4,1251,75.38,139.601852719996,93.5764762154875,47.696406683024
85,132,5,1284,81.75,139.601852719996,93.5764762154875,47.696406683024
85,132,6,1057,84.38,139.601852719996,93.5764762154875,47.696406683024
85,132,7,796,88.77,139.601852719996,93.5764762154875,47.696406683024
85,132,8,671,84.62,139.601852719996,93.5764762154875,47.696406683024
85,132,9,610,81.98,139.601852719996,93.5764762154875,47.696406683024
85,132,10,535,79.14,139.601852719996,93.5764762154875,47.696406683024
85,132,11,620,78.22,139.601852719996,93.5764762154875,47.696406683024
85,132,12,550,83.55,139.601852719996,93.5764762154875,47.696406683024
85,132,13,655,84.61,139.601852719996,93.5764762154875,47.696406683024
85,132,14,672,88.2,139.601852719996,93.5764762154875,47.696406683024
85,132,15,624,89.04,139.601852719996,93.5764762154875,47.696406683024
85,132,16,577,89.93,139.601852719996,93.5764762154875,47.696406683024
85,132,17,559,88.26,139.601852719996,93.5764762154875,47.696406683024
85,132,18,467,81.08,139.601852719996,93.5764762154875,47.696406683024
85,132,19,440,79.86,139.601852719996,93.5764762154875,47.696406683024
85,132,20,283,80.69,139.601852719996,93.5764762154875,47.696406683024
85,132,21,187,76.82,139.601852719996,93.5764762154875,47.696406683024
85,132,22,130,75.32,139.601852719996,93.5764762154875,47.696406683024
85,132,23,48,71.73,139.601852719996,93.5764762154875,47.696406683024
86,132,0,112,49.42,45.0990481588763,30.2303295060477,15.408552967542
86,132,1,176,47.96,45.0990481588763,30.2303295060477,15.408552967542
86,132,2,431,47.95,45.0990481588763,30.2303295060477,15.408552967542
86,132,3,965,50.19,45.0990481588763,30.2303295060477,15.408552967542
86,132,4,1434,53.1,45.0990481588763,30.2303295060477,15.408552967542
86,132,5,1875,56.21,45.0990481588763,30.2303295060477,15.408552967542
86,132,6,1585,58.81,45.0990481588763,30.2303295060477,15.408552967542
86,132,7,1157,60.94,45.0990481588763,30.2303295060477,15.408552967542
86,132,8,914,60.84,45.0990481588763,30.2303295060477,15.408552967542
86,132,9,1025,57.35,45.0990481588763,30.2303295060477,15.408552967542
86,132,10,838,58.89,45.0990481588763,30.2303295060477,15.408552967542
86,132,11,953,57.86,45.0990481588763,30.2303295060477,15.408552967542
86,132,12,776,60.73,45.0990481588763,30.2303295060477,15.408552967542
86,132,13,969,59.38,45.0990481588763,30.2303295060477,15.408552967542
86,132,14,808,61.87,45.0990481588763,30.2303295060477,15.408552967542
86,132,15,774,63.08,45.0990481588763,30.2303295060477,15.408552967542
86,132,16,570,66.06,45.0990481588763,30.2303295060477,15.408552967542
86,132,17,545,61.89,45.0990481588763,30.2303295060477,15.408552967542
86,132,18,567,59.4,45.0990481588763,30.2303295060477,15.408552967542
86,132,19,590,56.01,45.0990481588763,30.2303295060477,15.408552967542
86,132,20,428,55.79,45.0990481588763,30.2303295060477,15.408552967542
86,132,21,433,51.65,45.0990481588763,30.2303295060477,15.408552967542
86,132,22,351,43.84,45.0990481588763,30.2303295060477,15.408552967542
86,132,23,185,49.91,45.0990481588763,30.2303295060477,15.408552967542
87,132,0,63,104.23,196.979490792459,132.037263660464,67.3000659948003
87,132,1,60,92.49,196.979490792459,132.037263660464,67.3000659948003
87,132,2,204,89.86,196.979490792459,132.037263660464,67.3000659948003
87,132,3,1033,96.94,196.979490792459,132.037263660464,67.3000659948003
87,132,4,3326,100.84,196.979490792459,132.037263660464,67.3000659948003
87,132,5,4638,105.73,196.979490792459,132.037263660464,67.3000659948003
87,132,6,3872,111.62,196.979490792459,132.037263660464,67.3000659948003
87,132,7,3000,117.06,196.979490792459,132.037263660464,67.3000659948003
87,132,8,2722,118.81,196.979490792459,132.037263660464,67.3000659948003
87,132,9,2653,117.37,196.979490792459,132.037263660464,67.3000659948003
87,132,10,2316,132.85,196.979490792459,132.037263660464,67.3000659948003
87,132,11,2620,126.17,196.979490792459,132.037263660464,67.3000659948003
87,132,12,3177,132.11,196.979490792459,132.037263660464,67.3000659948003
87,132,13,3876,145.4,196.979490792459,132.037263660464,67.3000659948003
87,132,14,4239,152.09,196.979490792459,132.037263660464,67.3000659948003
87,132,15,3978,171.9,196.979490792459,132.037263660464,67.3000659948003
87,132,16,3560,161.72,196.979490792459,132.037263660464,67.3000659948003
87,132,17,2748,156.41,196.979490792459,132.037263660464,67.3000659948003
87,132,18,2297,138.07,196.979490792459,132.037263660464,67.3000659948003
87,132,19,1811,138.07,196.979490792459,132.037263660464,67.3000659948003
87,132,20,1144,115.43,196.979490792459,132.037263660464,67.3000659948003
87,132,21,630,109.64,196.979490792459,132.037263660464,67.3000659948003
87,132,22,359,110.88,196.979490792459,132.037263660464,67.3000659948003
87,132,23,182,106.95,196.979490792459,132.037263660464,67.3000659948003
88,132,0,16,277.25,198.770662816953,133.237903645408,67.9120383121798
88,132,1,11,92.83,198.770662816953,133.237903645408,67.9120383121798
88,132,2,44,94.15,198.770662816953,133.237903645408,67.9120383121798
88,132,3,219,99.91,198.770662816953,133.237903645408,67.9120383121798
88,132,4,664,100.55,198.770662816953,133.237903645408,67.9120383121798
88,132,5,888,109.53,198.770662816953,133.237903645408,67.9120383121798
88,132,6,762,113.06,198.770662816953,133.237903645408,67.9120383121798
88,132,7,662,117.91,198.770662816953,133.237903645408,67.9120383121798
88,132,8,630,119.82,198.770662816953,133.237903645408,67.9120383121798
88,132,9,625,118.84,198.770662816953,133.237903645408,67.9120383121798
88,132,10,610,122.55,198.770662816953,133.237903645408,67.9120383121798
88,132,11,786,150.51,198.770662816953,133.237903645408,67.9120383121798
88,132,12,912,138.73,198.770662816953,133.237903645408,67.9120383121798
88,132,13,1078,141.68,198.770662816953,133.237903645408,67.9120383121798
88,132,14,1225,153.55,198.770662816953,133.237903645408,67.9120383121798
88,132,15,1116,183.6,198.770662816953,133.237903645408,67.9120383121798
88,132,16,1036,167.9,198.770662816953,133.237903645408,67.9120383121798
88,132,17,861,159.8,198.770662816953,133.237903645408,67.9120383121798
88,132,18,578,142.57,198.770662816953,133.237903645408,67.9120383121798
88,132,19,432,128.48,198.770662816953,133.237903645408,67.9120383121798
88,132,20,259,121.88,198.770662816953,133.237903645408,67.9120383121798
88,132,21,139,113.68,198.770662816953,133.237903645408,67.9120383121798
88,132,22,57,130.92,198.770662816953,133.237903645408,67.9120383121798
88,132,23,31,109.14,198.770662816953,133.237903645408,67.9120383121798
89,132,0,119,74.92,147.074722900382,98.5856135949101,50.2495895260058
89,132,1,199,71.48,147.074722900382,98.5856135949101,50.2495895260058
89,132,2,576,69.32,147.074722900382,98.5856135949101,50.2495895260058
89,132,3,1438,77.41,147.074722900382,98.5856135949101,50.2495895260058
89,132,4,3090,82.67,147.074722900382,98.5856135949101,50.2495895260058
89,132,5,3915,89.25,147.074722900382,98.5856135949101,50.2495895260058
89,132,6,3032,91.96,147.074722900382,98.5856135949101,50.2495895260058
89,132,7,2203,95.35,147.074722900382,98.5856135949101,50.2495895260058
89,132,8,1910,95.38,147.074722900382,98.5856135949101,50.2495895260058
89,132,9,1848,90.29,147.074722900382,98.5856135949101,50.2495895260058
89,132,10,1503,88.56,147.074722900382,98.5856135949101,50.2495895260058
89,132,11,1478,89.64,147.074722900382,98.5856135949101,50.2495895260058
89,132,12,1589,92.15,147.074722900382,98.5856135949101,50.2495895260058
89,132,13,1914,93.9,147.074722900382,98.5856135949101,50.2495895260058
89,132,14,1967,99.13,147.074722900382,98.5856135949101,50.2495895260058
89,132,15,1813,101.56,147.074722900382,98.5856135949101,50.2495895260058
89,132,16,1765,103.31,147.074722900382,98.5856135949101,50.2495895260058
89,132,17,1663,100.03,147.074722900382,98.5856135949101,50.2495895260058
89,132,18,1401,93.58,147.074722900382,98.5856135949101,50.2495895260058
89,132,19,1033,90.08,147.074722900382,98.5856135949101,50.2495895260058
89,132,20,689,86.48,147.074722900382,98.5856135949101,50.2495895260058
89,132,21,443,85.5,147.074722900382,98.5856135949101,50.2495895260058
89,132,22,226,80.47,147.074722900382,98.5856135949101,50.2495895260058
89,132,23,118,77.81,147.074722900382,98.5856135949101,50.2495895260058
90,132,0,41,96.72,205.833946577427,137.97249127399,70.3252817483745
90,132,1,55,88.72,205.833946577427,137.97249127399,70.3252817483745
90,132,2,150,87.31,205.833946577427,137.97249127399,70.3252817483745
90,132,3,731,92.51,205.833946577427,137.97249127399,70.3252817483745
90,132,4,2928,96.75,205.833946577427,137.97249127399,70.3252817483745
90,132,5,4699,99.7,205.833946577427,137.97249127399,70.3252817483745
90,132,6,4229,106.32,205.833946577427,137.97249127399,70.3252817483745
90,132,7,3014,114.27,205.833946577427,137.97249127399,70.3252817483745
90,132,8,2557,128.96,205.833946577427,137.97249127399,70.3252817483745
90,132,9,2520,128.98,205.833946577427,137.97249127399,70.3252817483745
90,132,10,2100,119.92,205.833946577427,137.97249127399,70.3252817483745
90,132,11,2358,145.57,205.833946577427,137.97249127399,70.3252817483745
90,132,12,3027,130.64,205.833946577427,137.97249127399,70.3252817483745
90,132,13,3825,136.71,205.833946577427,137.97249127399,70.3252817483745
90,132,14,4069,156.62,205.833946577427,137.97249127399,70.3252817483745
90,132,15,3730,155.15,205.833946577427,137.97249127399,70.3252817483745
90,132,16,3408,154.76,205.833946577427,137.97249127399,70.3252817483745
90,132,17,2657,144.46,205.833946577427,137.97249127399,70.3252817483745
90,132,18,2105,131.06,205.833946577427,137.97249127399,70.3252817483745
90,132,19,1677,132.59,205.833946577427,137.97249127399,70.3252817483745
90,132,20,1033,109.84,205.833946577427,137.97249127399,70.3252817483745
90,132,21,551,138.58,205.833946577427,137.97249127399,70.3252817483745
90,132,22,276,109.23,205.833946577427,137.97249127399,70.3252817483745
90,132,23,121,114.78,205.833946577427,137.97249127399,70.3252817483745
91,132,0,93,55.58,123.253100309861,82.6177488687354,42.1106875215607
91,132,1,202,103.44,123.253100309861,82.6177488687354,42.1106875215607
91,132,2,371,61.59,123.253100309861,82.6177488687354,42.1106875215607
91,132,3,1248,61.59,123.253100309861,82.6177488687354,42.1106875215607
91,132,4,2008,65.33,123.253100309861,82.6177488687354,42.1106875215607
91,132,5,2265,70.36,123.253100309861,82.6177488687354,42.1106875215607
91,132,6,1731,70.54,123.253100309861,82.6177488687354,42.1106875215607
91,132,7,1293,74.24,123.253100309861,82.6177488687354,42.1106875215607
91,132,8,1110,69.88,123.253100309861,82.6177488687354,42.1106875215607
91,132,9,1088,66.89,123.253100309861,82.6177488687354,42.1106875215607
91,132,10,896,66.24,123.253100309861,82.6177488687354,42.1106875215607
91,132,11,1061,65.97,123.253100309861,82.6177488687354,42.1106875215607
91,132,12,947,68.14,123.253100309861,82.6177488687354,42.1106875215607
91,132,13,1186,69.77,123.253100309861,82.6177488687354,42.1106875215607
91,132,14,1117,74.18,123.253100309861,82.6177488687354,42.1106875215607
91,132,15,871,77.93,123.253100309861,82.6177488687354,42.1106875215607
91,132,16,691,78.55,123.253100309861,82.6177488687354,42.1106875215607
91,132,17,696,79.74,123.253100309861,82.6177488687354,42.1106875215607
91,132,18,568,75.57,123.253100309861,82.6177488687354,42.1106875215607
91,132,19,491,69.11,123.253100309861,82.6177488687354,42.1106875215607
91,132,20,383,66.07,123.253100309861,82.6177488687354,42.1106875215607
91,132,21,385,59.91,123.253100309861,82.6177488687354,42.1106875215607
91,132,22,190,61.36,123.253100309861,82.6177488687354,42.1106875215607
91,132,23,125,58.36,123.253100309861,82.6177488687354,42.1106875215607
92,132,0,84,152.92,133.325870922181,89.3696247304287,45.5521530479076
92,132,1,94,51.81,133.325870922181,89.3696247304287,45.5521530479076
92,132,2,191,57.95,133.325870922181,89.3696247304287,45.5521530479076
92,132,3,516,55.54,133.325870922181,89.3696247304287,45.5521530479076
92,132,4,1425,56.97,133.325870922181,89.3696247304287,45.5521530479076
92,132,5,1921,59.6,133.325870922181,89.3696247304287,45.5521530479076
92,132,6,1874,63.04,133.325870922181,89.3696247304287,45.5521530479076
92,132,7,1660,63.6,133.325870922181,89.3696247304287,45.5521530479076
92,132,8,1466,68.69,133.325870922181,89.3696247304287,45.5521530479076
92,132,9,1455,65.64,133.325870922181,89.3696247304287,45.5521530479076
92,132,10,1361,70.82,133.325870922181,89.3696247304287,45.5521530479076
92,132,11,1459,71.01,133.325870922181,89.3696247304287,45.5521530479076
92,132,12,1422,73.21,133.325870922181,89.3696247304287,45.5521530479076
92,132,13,1421,76.33,133.325870922181,89.3696247304287,45.5521530479076
92,132,14,1548,78.23,133.325870922181,89.3696247304287,45.5521530479076
92,132,15,1380,79.01,133.325870922181,89.3696247304287,45.5521530479076
92,132,16,1297,79.86,133.325870922181,89.3696247304287,45.5521530479076
92,132,17,1132,80.16,133.325870922181,89.3696247304287,45.5521530479076
92,132,18,989,70.85,133.325870922181,89.3696247304287,45.5521530479076
92,132,19,963,65.88,133.325870922181,89.3696247304287,45.5521530479076
92,132,20,880,60.33,133.325870922181,89.3696247304287,45.5521530479076
92,132,21,758,58.61,133.325870922181,89.3696247304287,45.5521530479076
92,132,22,498,63.57,133.325870922181,89.3696247304287,45.5521530479076
92,132,23,178,67.33,133.325870922181,89.3696247304287,45.5521530479076
93,132,0,25,70.63,116.745624218484,78.255724512877,39.8873414836187
93,132,1,16,94.94,116.745624218484,78.255724512877,39.8873414836187
93,132,2,14,48.14,116.745624218484,78.255724512877,39.8873414836187
93,132,3,15,53.63,116.745624218484,78.255724512877,39.8873414836187
93,132,4,40,64.15,116.745624218484,78.255724512877,39.8873414836187
93,132,5,61,69.54,116.745624218484,78.255724512877,39.8873414836187
93,132,6,53,70.59,116.745624218484,78.255724512877,39.8873414836187
93,132,7,44,61.87,116.745624218484,78.255724512877,39.8873414836187
93,132,8,45,77.34,116.745624218484,78.255724512877,39.8873414836187
93,132,9,49,76.45,116.745624218484,78.255724512877,39.8873414836187
93,132,10,43,75.85,116.745624218484,78.255724512877,39.8873414836187
93,132,11,64,82.44,116.745624218484,78.255724512877,39.8873414836187
93,132,12,72,76.69,116.745624218484,78.255724512877,39.8873414836187
93,132,13,125,83,116.745624218484,78.255724512877,39.8873414836187
93,132,14,209,83.14,116.745624218484,78.255724512877,39.8873414836187
93,132,15,242,90.45,116.745624218484,78.255724512877,39.8873414836187
93,132,16,371,90.52,116.745624218484,78.255724512877,39.8873414836187
93,132,17,231,87.4,116.745624218484,78.255724512877,39.8873414836187
93,132,18,201,78.8,116.745624218484,78.255724512877,39.8873414836187
93,132,19,141,78.28,116.745624218484,78.255724512877,39.8873414836187
93,132,20,120,73.79,116.745624218484,78.255724512877,39.8873414836187
93,132,21,78,73.28,116.745624218484,78.255724512877,39.8873414836187
93,132,22,62,75.48,116.745624218484,78.255724512877,39.8873414836187
93,132,23,35,89.96,116.745624218484,78.255724512877,39.8873414836187
94,132,0,7,97.79,249.594722268781,167.305763761904,85.276600183423
94,132,1,46,83.57,249.594722268781,167.305763761904,85.276600183423
94,132,2,77,85.62,249.594722268781,167.305763761904,85.276600183423
94,132,3,116,88.48,249.594722268781,167.305763761904,85.276600183423
94,132,4,185,92.22,249.594722268781,167.305763761904,85.276600183423
94,132,5,234,94.78,249.594722268781,167.305763761904,85.276600183423
94,132,6,118,100.25,249.594722268781,167.305763761904,85.276600183423
94,132,7,65,104.26,249.594722268781,167.305763761904,85.276600183423
94,132,8,78,115.26,249.594722268781,167.305763761904,85.276600183423
94,132,9,77,100.61,249.594722268781,167.305763761904,85.276600183423
94,132,10,68,100.2,249.594722268781,167.305763761904,85.276600183423
94,132,11,79,108.22,249.594722268781,167.305763761904,85.276600183423
94,132,12,69,116.99,249.594722268781,167.305763761904,85.276600183423
94,132,13,61,122.84,249.594722268781,167.305763761904,85.276600183423
94,132,14,88,119.17,249.594722268781,167.305763761904,85.276600183423
94,132,15,63,133.78,249.594722268781,167.305763761904,85.276600183423
94,132,16,73,127.25,249.594722268781,167.305763761904,85.276600183423
94,132,17,73,126.47,249.594722268781,167.305763761904,85.276600183423
94,132,18,82,112.54,249.594722268781,167.305763761904,85.276600183423
94,132,19,59,101.47,249.594722268781,167.305763761904,85.276600183423
94,132,20,36,96.31,249.594722268781,167.305763761904,85.276600183423
94,132,21,21,87.64,249.594722268781,167.305763761904,85.276600183423
94,132,22,12,94.66,249.594722268781,167.305763761904,85.276600183423
94,132,23,9,90.15,249.594722268781,167.305763761904,85.276600183423
95,132,0,111,53.72,101.654944222702,68.1402953105641,34.7314556828345
95,132,1,118,48.54,101.654944222702,68.1402953105641,34.7314556828345
95,132,2,294,47.4,101.654944222702,68.1402953105641,34.7314556828345
95,132,3,1049,49.69,101.654944222702,68.1402953105641,34.7314556828345
95,132,4,3185,56.82,101.654944222702,68.1402953105641,34.7314556828345
95,132,5,4894,60.25,101.654944222702,68.1402953105641,34.7314556828345
95,132,6,3981,54.2,101.654944222702,68.1402953105641,34.7314556828345
95,132,7,3138,55.48,101.654944222702,68.1402953105641,34.7314556828345
95,132,8,2512,55.7,101.654944222702,68.1402953105641,34.7314556828345
95,132,9,2392,54.67,101.654944222702,68.1402953105641,34.7314556828345
95,132,10,1875,57.39,101.654944222702,68.1402953105641,34.7314556828345
95,132,11,1757,61.96,101.654944222702,68.1402953105641,34.7314556828345
95,132,12,1541,57.4,101.654944222702,68.1402953105641,34.7314556828345
95,132,13,2292,59.03,101.654944222702,68.1402953105641,34.7314556828345
95,132,14,2635,71.25,101.654944222702,68.1402953105641,34.7314556828345
95,132,15,2655,63.31,101.654944222702,68.1402953105641,34.7314556828345
95,132,16,2608,66.64,101.654944222702,68.1402953105641,34.7314556828345
95,132,17,2468,61.79,101.654944222702,68.1402953105641,34.7314556828345
95,132,18,2085,57.56,101.654944222702,68.1402953105641,34.7314556828345
95,132,19,1859,52.79,101.654944222702,68.1402953105641,34.7314556828345
95,132,20,1500,49.32,101.654944222702,68.1402953105641,34.7314556828345
95,132,21,1111,48.52,101.654944222702,68.1402953105641,34.7314556828345
95,132,22,650,51.19,101.654944222702,68.1402953105641,34.7314556828345
95,132,23,275,54.55,101.654944222702,68.1402953105641,34.7314556828345
96,132,1,3,39.83,95.5256034332212,64.0317387160188,32.6373034542083
96,132,2,8,49.84,95.5256034332212,64.0317387160188,32.6373034542083
96,132,3,19,44.72,95.5256034332212,64.0317387160188,32.6373034542083
96,132,4,26,51.02,95.5256034332212,64.0317387160188,32.6373034542083
96,132,5,36,54.41,95.5256034332212,64.0317387160188,32.6373034542083
96,132,6,37,55.06,95.5256034332212,64.0317387160188,32.6373034542083
96,132,7,25,53.11,95.5256034332212,64.0317387160188,32.6373034542083
96,132,8,14,55.77,95.5256034332212,64.0317387160188,32.6373034542083
96,132,9,18,49.03,95.5256034332212,64.0317387160188,32.6373034542083
96,132,10,15,46.57,95.5256034332212,64.0317387160188,32.6373034542083
96,132,11,20,49.42,95.5256034332212,64.0317387160188,32.6373034542083
96,132,12,25,67.63,95.5256034332212,64.0317387160188,32.6373034542083
96,132,13,71,45.23,95.5256034332212,64.0317387160188,32.6373034542083
96,132,14,28,61.55,95.5256034332212,64.0317387160188,32.6373034542083
96,132,15,26,58.43,95.5256034332212,64.0317387160188,32.6373034542083
96,132,16,21,58.26,95.5256034332212,64.0317387160188,32.6373034542083
96,132,17,20,50.35,95.5256034332212,64.0317387160188,32.6373034542083
96,132,18,18,52.32,95.5256034332212,64.0317387160188,32.6373034542083
96,132,19,11,49.27,95.5256034332212,64.0317387160188,32.6373034542083
96,132,20,10,43.35,95.5256034332212,64.0317387160188,32.6373034542083
96,132,21,11,43.37,95.5256034332212,64.0317387160188,32.6373034542083
96,132,22,3,40.23,95.5256034332212,64.0317387160188,32.6373034542083
96,132,23,4,43.37,95.5256034332212,64.0317387160188,32.6373034542083
97,132,0,39,91.08,166.620543983234,111.687367089115,56.927620033174
97,132,1,47,77.38,166.620543983234,111.687367089115,56.927620033174
97,132,2,132,79.14,166.620543983234,111.687367089115,56.927620033174
97,132,3,600,81.62,166.620543983234,111.687367089115,56.927620033174
97,132,4,1866,85.78,166.620543983234,111.687367089115,56.927620033174
97,132,5,3222,91.4,166.620543983234,111.687367089115,56.927620033174
97,132,6,2819,96.78,166.620543983234,111.687367089115,56.927620033174
97,132,7,1893,101.89,166.620543983234,111.687367089115,56.927620033174
97,132,8,1482,104.04,166.620543983234,111.687367089115,56.927620033174
97,132,9,1446,99.55,166.620543983234,111.687367089115,56.927620033174
97,132,10,1146,99.16,166.620543983234,111.687367089115,56.927620033174
97,132,11,1060,99.71,166.620543983234,111.687367089115,56.927620033174
97,132,12,1256,104.96,166.620543983234,111.687367089115,56.927620033174
97,132,13,1769,109.87,166.620543983234,111.687367089115,56.927620033174
97,132,14,2138,117.41,166.620543983234,111.687367089115,56.927620033174
97,132,15,2006,122.44,166.620543983234,111.687367089115,56.927620033174
97,132,16,1836,125.29,166.620543983234,111.687367089115,56.927620033174
97,132,17,1438,118.89,166.620543983234,111.687367089115,56.927620033174
97,132,18,1401,109.47,166.620543983234,111.687367089115,56.927620033174
97,132,19,1110,100.18,166.620543983234,111.687367089115,56.927620033174
97,132,20,815,94.79,166.620543983234,111.687367089115,56.927620033174
97,132,21,470,89.73,166.620543983234,111.687367089115,56.927620033174
97,132,22,247,92.69,166.620543983234,111.687367089115,56.927620033174
97,132,23,89,100.04,166.620543983234,111.687367089115,56.927620033174
98,132,0,10,59.67,98.7148423484059,66.1695165010377,33.7269396828411
98,132,1,17,60.85,98.7148423484059,66.1695165010377,33.7269396828411
98,132,2,44,53.76,98.7148423484059,66.1695165010377,33.7269396828411
98,132,3,157,58.43,98.7148423484059,66.1695165010377,33.7269396828411
98,132,4,411,58.93,98.7148423484059,66.1695165010377,33.7269396828411
98,132,5,548,62.15,98.7148423484059,66.1695165010377,33.7269396828411
98,132,6,352,64.35,98.7148423484059,66.1695165010377,33.7269396828411
98,132,7,261,69.33,98.7148423484059,66.1695165010377,33.7269396828411
98,132,8,229,67.89,98.7148423484059,66.1695165010377,33.7269396828411
98,132,9,253,63.48,98.7148423484059,66.1695165010377,33.7269396828411
98,132,10,245,63.71,98.7148423484059,66.1695165010377,33.7269396828411
98,132,11,158,65.08,98.7148423484059,66.1695165010377,33.7269396828411
98,132,12,121,66.77,98.7148423484059,66.1695165010377,33.7269396828411
98,132,13,217,69.43,98.7148423484059,66.1695165010377,33.7269396828411
98,132,14,210,70.55,98.7148423484059,66.1695165010377,33.7269396828411
98,132,15,276,73.81,98.7148423484059,66.1695165010377,33.7269396828411
98,132,16,190,76.43,98.7148423484059,66.1695165010377,33.7269396828411
98,132,17,182,74.79,98.7148423484059,66.1695165010377,33.7269396828411
98,132,18,137,74.01,98.7148423484059,66.1695165010377,33.7269396828411
98,132,19,123,66.61,98.7148423484059,66.1695165010377,33.7269396828411
98,132,20,118,61.49,98.7148423484059,66.1695165010377,33.7269396828411
98,132,21,74,58.41,98.7148423484059,66.1695165010377,33.7269396828411
98,132,22,37,57.45,98.7148423484059,66.1695165010377,33.7269396828411
98,132,23,22,57.45,98.7148423484059,66.1695165010377,33.7269396828411
99,132,3,2,127.1,335.49109795687,224.882937703105,114.623979087013
100,132,0,107,95.92,206.838942518497,138.646149803185,70.6686489328791
100,132,1,125,90.13,206.838942518497,138.646149803185,70.6686489328791
100,132,2,207,86.59,206.838942518497,138.646149803185,70.6686489328791
100,132,3,756,121.45,206.838942518497,138.646149803185,70.6686489328791
100,132,4,1945,106.82,206.838942518497,138.646149803185,70.6686489328791
100,132,5,2442,110.68,206.838942518497,138.646149803185,70.6686489328791
100,132,6,2477,105.13,206.838942518497,138.646149803185,70.6686489328791
100,132,7,2270,124.32,206.838942518497,138.646149803185,70.6686489328791
100,132,8,2312,117.4,206.838942518497,138.646149803185,70.6686489328791
100,132,9,2443,120.69,206.838942518497,138.646149803185,70.6686489328791
100,132,10,2587,124.46,206.838942518497,138.646149803185,70.6686489328791
100,132,11,3000,139.17,206.838942518497,138.646149803185,70.6686489328791
100,132,12,3621,136.48,206.838942518497,138.646149803185,70.6686489328791
100,132,13,4281,151.48,206.838942518497,138.646149803185,70.6686489328791
100,132,14,4586,152.94,206.838942518497,138.646149803185,70.6686489328791
100,132,15,4131,166.28,206.838942518497,138.646149803185,70.6686489328791
100,132,16,3687,168.59,206.838942518497,138.646149803185,70.6686489328791
100,132,17,2728,159.98,206.838942518497,138.646149803185,70.6686489328791
100,132,18,1982,142.92,206.838942518497,138.646149803185,70.6686489328791
100,132,19,1352,116.44,206.838942518497,138.646149803185,70.6686489328791
100,132,20,941,110.41,206.838942518497,138.646149803185,70.6686489328791
100,132,21,579,107.91,206.838942518497,138.646149803185,70.6686489328791
100,132,22,341,115.2,206.838942518497,138.646149803185,70.6686489328791
100,132,23,150,108.57,206.838942518497,138.646149803185,70.6686489328791
101,132,0,13,49.81,123.325321032821,82.6661591199796,42.1353624732617
101,132,1,20,61.65,123.325321032821,82.6661591199796,42.1353624732617
101,132,2,44,59.36,123.325321032821,82.6661591199796,42.1353624732617
101,132,3,199,55.33,123.325321032821,82.6661591199796,42.1353624732617
101,132,4,532,54.85,123.325321032821,82.6661591199796,42.1353624732617
101,132,5,749,60.98,123.325321032821,82.6661591199796,42.1353624732617
101,132,6,559,64.03,123.325321032821,82.6661591199796,42.1353624732617
101,132,7,456,61.83,123.325321032821,82.6661591199796,42.1353624732617
101,132,8,297,59.51,123.325321032821,82.6661591199796,42.1353624732617
101,132,9,303,58.03,123.325321032821,82.6661591199796,42.1353624732617
101,132,10,231,56.12,123.325321032821,82.6661591199796,42.1353624732617
101,132,11,223,57.62,123.325321032821,82.6661591199796,42.1353624732617
101,132,12,254,64.31,123.325321032821,82.6661591199796,42.1353624732617
101,132,13,336,61.9,123.325321032821,82.6661591199796,42.1353624732617
101,132,14,319,61.17,123.325321032821,82.6661591199796,42.1353624732617
101,132,15,350,63.75,123.325321032821,82.6661591199796,42.1353624732617
101,132,16,352,65.39,123.325321032821,82.6661591199796,42.1353624732617
101,132,17,324,68.83,123.325321032821,82.6661591199796,42.1353624732617
101,132,18,237,63.21,123.325321032821,82.6661591199796,42.1353624732617
101,132,19,222,60.21,123.325321032821,82.6661591199796,42.1353624732617
101,132,20,123,57.33,123.325321032821,82.6661591199796,42.1353624732617
101,132,21,69,55.91,123.325321032821,82.6661591199796,42.1353624732617
101,132,22,28,55.17,123.325321032821,82.6661591199796,42.1353624732617
101,132,23,34,52.16,123.325321032821,82.6661591199796,42.1353624732617
102,132,0,24,49.77,102.501524810489,68.7077664915982,35.0206986349753
102,132,1,43,50.49,102.501524810489,68.7077664915982,35.0206986349753
102,132,2,126,51.83,102.501524810489,68.7077664915982,35.0206986349753
102,132,3,395,57.8,102.501524810489,68.7077664915982,35.0206986349753
102,132,4,970,56.54,102.501524810489,68.7077664915982,35.0206986349753
102,132,5,993,59.61,102.501524810489,68.7077664915982,35.0206986349753
102,132,6,717,60.63,102.501524810489,68.7077664915982,35.0206986349753
102,132,7,534,65,102.501524810489,68.7077664915982,35.0206986349753
102,132,8,412,62.51,102.501524810489,68.7077664915982,35.0206986349753
102,132,9,411,57.6,102.501524810489,68.7077664915982,35.0206986349753
102,132,10,350,58.02,102.501524810489,68.7077664915982,35.0206986349753
102,132,11,383,57.28,102.501524810489,68.7077664915982,35.0206986349753
102,132,12,417,58.28,102.501524810489,68.7077664915982,35.0206986349753
102,132,13,483,61.89,102.501524810489,68.7077664915982,35.0206986349753
102,132,14,475,68.72,102.501524810489,68.7077664915982,35.0206986349753
102,132,15,471,66.44,102.501524810489,68.7077664915982,35.0206986349753
102,132,16,476,65.65,102.501524810489,68.7077664915982,35.0206986349753
102,132,17,401,66.39,102.501524810489,68.7077664915982,35.0206986349753
102,132,18,322,61.85,102.501524810489,68.7077664915982,35.0206986349753
102,132,19,301,58.14,102.501524810489,68.7077664915982,35.0206986349753
102,132,20,203,56.16,102.501524810489,68.7077664915982,35.0206986349753
102,132,21,112,55.88,102.501524810489,68.7077664915982,35.0206986349753
102,132,22,59,53.51,102.501524810489,68.7077664915982,35.0206986349753
102,132,23,37,49.88,102.501524810489,68.7077664915982,35.0206986349753
105,132,14,2,287.16,200.102925230659,134.130932066163,68.367219448064
105,132,17,2,149.71,200.102925230659,134.130932066163,68.367219448064
106,132,0,8,88.18,174.224059850313,116.784077539777,59.525439316736
106,132,1,6,85.62,174.224059850313,116.784077539777,59.525439316736
106,132,2,17,91,174.224059850313,116.784077539777,59.525439316736
106,132,3,144,90.16,174.224059850313,116.784077539777,59.525439316736
106,132,4,468,92.92,174.224059850313,116.784077539777,59.525439316736
106,132,5,750,99.56,174.224059850313,116.784077539777,59.525439316736
106,132,6,574,103.66,174.224059850313,116.784077539777,59.525439316736
106,132,7,427,108.14,174.224059850313,116.784077539777,59.525439316736
106,132,8,395,112.23,174.224059850313,116.784077539777,59.525439316736
106,132,9,368,107.66,174.224059850313,116.784077539777,59.525439316736
106,132,10,320,108.62,174.224059850313,116.784077539777,59.525439316736
106,132,11,323,107.28,174.224059850313,116.784077539777,59.525439316736
106,132,12,326,116.27,174.224059850313,116.784077539777,59.525439316736
106,132,13,430,120.24,174.224059850313,116.784077539777,59.525439316736
106,132,14,470,131.42,174.224059850313,116.784077539777,59.525439316736
106,132,15,436,134.99,174.224059850313,116.784077539777,59.525439316736
106,132,16,405,138.01,174.224059850313,116.784077539777,59.525439316736
106,132,17,324,128.92,174.224059850313,116.784077539777,59.525439316736
106,132,18,278,119.09,174.224059850313,116.784077539777,59.525439316736
106,132,19,188,108.34,174.224059850313,116.784077539777,59.525439316736
106,132,20,146,101.21,174.224059850313,116.784077539777,59.525439316736
106,132,21,46,95.77,174.224059850313,116.784077539777,59.525439316736
106,132,22,32,98.4,174.224059850313,116.784077539777,59.525439316736
106,132,23,20,100.51,174.224059850313,116.784077539777,59.525439316736
107,132,0,44,94.58,193.969128778589,130.019388797758,66.2715448965549
107,132,1,48,82.47,193.969128778589,130.019388797758,66.2715448965549
107,132,2,154,132,193.969128778589,130.019388797758,66.2715448965549
107,132,3,670,85.91,193.969128778589,130.019388797758,66.2715448965549
107,132,4,2786,88.85,193.969128778589,130.019388797758,66.2715448965549
107,132,5,5073,91.85,193.969128778589,130.019388797758,66.2715448965549
107,132,6,4359,97.2,193.969128778589,130.019388797758,66.2715448965549
107,132,7,3095,110.25,193.969128778589,130.019388797758,66.2715448965549
107,132,8,2619,108.43,193.969128778589,130.019388797758,66.2715448965549
107,132,9,2375,117.42,193.969128778589,130.019388797758,66.2715448965549
107,132,10,2002,119.6,193.969128778589,130.019388797758,66.2715448965549
107,132,11,2037,108.17,193.969128778589,130.019388797758,66.2715448965549
107,132,12,2561,115.7,193.969128778589,130.019388797758,66.2715448965549
107,132,13,3568,121.87,193.969128778589,130.019388797758,66.2715448965549
107,132,14,4082,131.44,193.969128778589,130.019388797758,66.2715448965549
107,132,15,3715,141.8,193.969128778589,130.019388797758,66.2715448965549
107,132,16,3367,143.8,193.969128778589,130.019388797758,66.2715448965549
107,132,17,2679,143.72,193.969128778589,130.019388797758,66.2715448965549
107,132,18,2111,131.56,193.969128778589,130.019388797758,66.2715448965549
107,132,19,1766,106.61,193.969128778589,130.019388797758,66.2715448965549
107,132,20,1222,98.99,193.969128778589,130.019388797758,66.2715448965549
107,132,21,638,96.08,193.969128778589,130.019388797758,66.2715448965549
107,132,22,342,101.1,193.969128778589,130.019388797758,66.2715448965549
107,132,23,127,101.17,193.969128778589,130.019388797758,66.2715448965549
108,132,0,5,61.31,172.881573065704,115.884195624015,59.0667649195294
108,132,1,13,62.69,172.881573065704,115.884195624015,59.0667649195294
108,132,2,32,68.34,172.881573065704,115.884195624015,59.0667649195294
108,132,3,145,67.26,172.881573065704,115.884195624015,59.0667649195294
108,132,4,328,69.16,172.881573065704,115.884195624015,59.0667649195294
108,132,5,380,71.87,172.881573065704,115.884195624015,59.0667649195294
108,132,6,312,72.83,172.881573065704,115.884195624015,59.0667649195294
108,132,7,247,75.01,172.881573065704,115.884195624015,59.0667649195294
108,132,8,223,76.05,172.881573065704,115.884195624015,59.0667649195294
108,132,9,203,73.66,172.881573065704,115.884195624015,59.0667649195294
108,132,10,188,74.14,172.881573065704,115.884195624015,59.0667649195294
108,132,11,145,78.75,172.881573065704,115.884195624015,59.0667649195294
108,132,12,182,76.34,172.881573065704,115.884195624015,59.0667649195294
108,132,13,250,78.07,172.881573065704,115.884195624015,59.0667649195294
108,132,14,216,88.49,172.881573065704,115.884195624015,59.0667649195294
108,132,15,202,94.41,172.881573065704,115.884195624015,59.0667649195294
108,132,16,172,96.78,172.881573065704,115.884195624015,59.0667649195294
108,132,17,141,94.63,172.881573065704,115.884195624015,59.0667649195294
108,132,18,119,85.07,172.881573065704,115.884195624015,59.0667649195294
108,132,19,106,77.48,172.881573065704,115.884195624015,59.0667649195294
108,132,20,85,73.51,172.881573065704,115.884195624015,59.0667649195294
108,132,21,49,70.34,172.881573065704,115.884195624015,59.0667649195294
108,132,22,24,64.2,172.881573065704,115.884195624015,59.0667649195294
108,132,23,25,68.4,172.881573065704,115.884195624015,59.0667649195294
109,132,0,3,120.6,314.540964363361,210.83985990917,107.466150788388
109,132,1,5,101.82,314.540964363361,210.83985990917,107.466150788388
109,132,2,15,138.68,314.540964363361,210.83985990917,107.466150788388
109,132,3,37,121.91,314.540964363361,210.83985990917,107.466150788388
109,132,4,77,122.01,314.540964363361,210.83985990917,107.466150788388
109,132,5,68,126.26,314.540964363361,210.83985990917,107.466150788388
109,132,6,56,135.11,314.540964363361,210.83985990917,107.466150788388
109,132,7,42,146.29,314.540964363361,210.83985990917,107.466150788388
109,132,8,46,147.79,314.540964363361,210.83985990917,107.466150788388
109,132,9,25,144.17,314.540964363361,210.83985990917,107.466150788388
109,132,10,25,132.27,314.540964363361,210.83985990917,107.466150788388
109,132,11,30,145.32,314.540964363361,210.83985990917,107.466150788388
109,132,12,45,145.22,314.540964363361,210.83985990917,107.466150788388
109,132,13,42,149.57,314.540964363361,210.83985990917,107.466150788388
109,132,14,40,167.13,314.540964363361,210.83985990917,107.466150788388
109,132,15,27,167.29,314.540964363361,210.83985990917,107.466150788388
109,132,16,47,164.55,314.540964363361,210.83985990917,107.466150788388
109,132,17,30,162.95,314.540964363361,210.83985990917,107.466150788388
109,132,18,25,151.36,314.540964363361,210.83985990917,107.466150788388
109,132,19,20,135.27,314.540964363361,210.83985990917,107.466150788388
109,132,20,17,132.13,314.540964363361,210.83985990917,107.466150788388
109,132,21,7,115.95,314.540964363361,210.83985990917,107.466150788388
109,132,22,6,126.42,314.540964363361,210.83985990917,107.466150788388
111,132,3,2,82.32,170.929383195498,114.575623814987,58.3997792015203
111,132,4,6,105.72,170.929383195498,114.575623814987,58.3997792015203
111,132,5,5,117.67,170.929383195498,114.575623814987,58.3997792015203
111,132,6,8,105.88,170.929383195498,114.575623814987,58.3997792015203
111,132,7,6,110.39,170.929383195498,114.575623814987,58.3997792015203
111,132,8,3,117.47,170.929383195498,114.575623814987,58.3997792015203
111,132,9,8,115.75,170.929383195498,114.575623814987,58.3997792015203
111,132,10,2,115.93,170.929383195498,114.575623814987,58.3997792015203
111,132,11,4,113.39,170.929383195498,114.575623814987,58.3997792015203
111,132,12,5,117.12,170.929383195498,114.575623814987,58.3997792015203
111,132,13,4,122.94,170.929383195498,114.575623814987,58.3997792015203
111,132,14,5,111.94,170.929383195498,114.575623814987,58.3997792015203
111,132,15,5,142.07,170.929383195498,114.575623814987,58.3997792015203
111,132,16,6,139.95,170.929383195498,114.575623814987,58.3997792015203
111,132,17,2,135.47,170.929383195498,114.575623814987,58.3997792015203
111,132,18,2,125.91,170.929383195498,114.575623814987,58.3997792015203
111,132,19,2,99.76,170.929383195498,114.575623814987,58.3997792015203
111,132,20,4,96.21,170.929383195498,114.575623814987,58.3997792015203
112,132,0,67,79.3,166.461056091756,111.580460808197,56.8731293571209
112,132,1,60,68.31,166.461056091756,111.580460808197,56.8731293571209
112,132,2,156,72.31,166.461056091756,111.580460808197,56.8731293571209
112,132,3,754,73.93,166.461056091756,111.580460808197,56.8731293571209
112,132,4,2954,77.79,166.461056091756,111.580460808197,56.8731293571209
112,132,5,5349,79.86,166.461056091756,111.580460808197,56.8731293571209
112,132,6,4417,83.85,166.461056091756,111.580460808197,56.8731293571209
112,132,7,3226,89.55,166.461056091756,111.580460808197,56.8731293571209
112,132,8,2378,91.13,166.461056091756,111.580460808197,56.8731293571209
112,132,9,2325,86.56,166.461056091756,111.580460808197,56.8731293571209
112,132,10,1750,92.3,166.461056091756,111.580460808197,56.8731293571209
112,132,11,1758,93.43,166.461056091756,111.580460808197,56.8731293571209
112,132,12,2141,99.56,166.461056091756,111.580460808197,56.8731293571209
112,132,13,3353,104.61,166.461056091756,111.580460808197,56.8731293571209
112,132,14,3964,112.1,166.461056091756,111.580460808197,56.8731293571209
112,132,15,3821,118.97,166.461056091756,111.580460808197,56.8731293571209
112,132,16,3482,119.92,166.461056091756,111.580460808197,56.8731293571209
112,132,17,2901,116.65,166.461056091756,111.580460808197,56.8731293571209
112,132,18,2455,102.22,166.461056091756,111.580460808197,56.8731293571209
112,132,19,2026,90.66,166.461056091756,111.580460808197,56.8731293571209
112,132,20,1405,84.03,166.461056091756,111.580460808197,56.8731293571209
112,132,21,875,78.6,166.461056091756,111.580460808197,56.8731293571209
112,132,22,324,82.24,166.461056091756,111.580460808197,56.8731293571209
112,132,23,154,79.79,166.461056091756,111.580460808197,56.8731293571209
113,132,0,34,99.16,198.820331162978,133.271196819602,67.9290080126894
113,132,1,14,94.9,198.820331162978,133.271196819602,67.9290080126894
113,132,2,66,82.79,198.820331162978,133.271196819602,67.9290080126894
113,132,3,362,95.78,198.820331162978,133.271196819602,67.9290080126894
113,132,4,1597,98.1,198.820331162978,133.271196819602,67.9290080126894
113,132,5,3066,101.68,198.820331162978,133.271196819602,67.9290080126894
113,132,6,2891,107.62,198.820331162978,133.271196819602,67.9290080126894
113,132,7,2153,115.16,198.820331162978,133.271196819602,67.9290080126894
113,132,8,1695,117.08,198.820331162978,133.271196819602,67.9290080126894
113,132,9,1587,115.65,198.820331162978,133.271196819602,67.9290080126894
113,132,10,1260,120.22,198.820331162978,133.271196819602,67.9290080126894
113,132,11,1285,121.59,198.820331162978,133.271196819602,67.9290080126894
113,132,12,1650,131.95,198.820331162978,133.271196819602,67.9290080126894
113,132,13,2516,137.9,198.820331162978,133.271196819602,67.9290080126894
113,132,14,2759,150.29,198.820331162978,133.271196819602,67.9290080126894
113,132,15,2546,159.17,198.820331162978,133.271196819602,67.9290080126894
113,132,16,2296,162.08,198.820331162978,133.271196819602,67.9290080126894
113,132,17,1737,151.56,198.820331162978,133.271196819602,67.9290080126894
113,132,18,1445,149.49,198.820331162978,133.271196819602,67.9290080126894
113,132,19,1263,120.27,198.820331162978,133.271196819602,67.9290080126894
113,132,20,788,111.99,198.820331162978,133.271196819602,67.9290080126894
113,132,21,405,108.77,198.820331162978,133.271196819602,67.9290080126894
113,132,22,183,114.34,198.820331162978,133.271196819602,67.9290080126894
113,132,23,73,111.66,198.820331162978,133.271196819602,67.9290080126894
114,132,0,26,103.89,198.865551575369,133.301508500731,67.9444580309933
114,132,1,21,91.41,198.865551575369,133.301508500731,67.9444580309933
114,132,2,40,93.74,198.865551575369,133.301508500731,67.9444580309933
114,132,3,267,105.9,198.865551575369,133.301508500731,67.9444580309933
114,132,4,939,98.08,198.865551575369,133.301508500731,67.9444580309933
114,132,5,1667,99.85,198.865551575369,133.301508500731,67.9444580309933
114,132,6,1505,122.56,198.865551575369,133.301508500731,67.9444580309933
114,132,7,1139,114.16,198.865551575369,133.301508500731,67.9444580309933
114,132,8,822,115.45,198.865551575369,133.301508500731,67.9444580309933
114,132,9,820,112.48,198.865551575369,133.301508500731,67.9444580309933
114,132,10,675,121.06,198.865551575369,133.301508500731,67.9444580309933
114,132,11,659,122.18,198.865551575369,133.301508500731,67.9444580309933
114,132,12,986,132.02,198.865551575369,133.301508500731,67.9444580309933
114,132,13,1434,141.54,198.865551575369,133.301508500731,67.9444580309933
114,132,14,1653,162.54,198.865551575369,133.301508500731,67.9444580309933
114,132,15,1591,162.57,198.865551575369,133.301508500731,67.9444580309933
114,132,16,1397,162.68,198.865551575369,133.301508500731,67.9444580309933
114,132,17,1111,178.58,198.865551575369,133.301508500731,67.9444580309933
114,132,18,967,136.73,198.865551575369,133.301508500731,67.9444580309933
114,132,19,867,122.01,198.865551575369,133.301508500731,67.9444580309933
114,132,20,637,113.58,198.865551575369,133.301508500731,67.9444580309933
114,132,21,328,109.44,198.865551575369,133.301508500731,67.9444580309933
114,132,22,156,121.91,198.865551575369,133.301508500731,67.9444580309933
114,132,23,57,120.32,198.865551575369,133.301508500731,67.9444580309933
115,132,0,2,90.19,250.298582429864,167.777568056327,85.5170812360517
115,132,1,3,86.57,250.298582429864,167.777568056327,85.5170812360517
115,132,2,16,103.94,250.298582429864,167.777568056327,85.5170812360517
115,132,3,51,95.27,250.298582429864,167.777568056327,85.5170812360517
115,132,4,99,97,250.298582429864,167.777568056327,85.5170812360517
115,132,5,101,102.6,250.298582429864,167.777568056327,85.5170812360517
115,132,6,93,109.33,250.298582429864,167.777568056327,85.5170812360517
115,132,7,49,120.58,250.298582429864,167.777568056327,85.5170812360517
115,132,8,59,118.82,250.298582429864,167.777568056327,85.5170812360517
115,132,9,43,109.92,250.298582429864,167.777568056327,85.5170812360517
115,132,10,36,105.19,250.298582429864,167.777568056327,85.5170812360517
115,132,11,40,111.44,250.298582429864,167.777568056327,85.5170812360517
115,132,12,28,117.61,250.298582429864,167.777568056327,85.5170812360517
115,132,13,55,124.81,250.298582429864,167.777568056327,85.5170812360517
115,132,14,47,133.11,250.298582429864,167.777568056327,85.5170812360517
115,132,15,48,146.52,250.298582429864,167.777568056327,85.5170812360517
115,132,16,49,157.43,250.298582429864,167.777568056327,85.5170812360517
115,132,17,28,134.49,250.298582429864,167.777568056327,85.5170812360517
115,132,18,36,129.34,250.298582429864,167.777568056327,85.5170812360517
115,132,19,24,108.38,250.298582429864,167.777568056327,85.5170812360517
115,132,20,12,96.91,250.298582429864,167.777568056327,85.5170812360517
115,132,21,18,98.96,250.298582429864,167.777568056327,85.5170812360517
115,132,22,8,87.68,250.298582429864,167.777568056327,85.5170812360517
116,132,0,36,90.88,239.672511966405,160.654809936616,81.8865751332124
116,132,1,77,82,239.672511966405,160.654809936616,81.8865751332124
116,132,2,235,81.33,239.672511966405,160.654809936616,81.8865751332124
116,132,3,593,85.16,239.672511966405,160.654809936616,81.8865751332124
116,132,4,1380,88.93,239.672511966405,160.654809936616,81.8865751332124
116,132,5,1638,93.37,239.672511966405,160.654809936616,81.8865751332124
116,132,6,1266,97.51,239.672511966405,160.654809936616,81.8865751332124
116,132,7,841,105.09,239.672511966405,160.654809936616,81.8865751332124
116,132,8,742,105.72,239.672511966405,160.654809936616,81.8865751332124
116,132,9,641,100.91,239.672511966405,160.654809936616,81.8865751332124
116,132,10,549,103.67,239.672511966405,160.654809936616,81.8865751332124
116,132,11,490,105.18,239.672511966405,160.654809936616,81.8865751332124
116,132,12,577,110.7,239.672511966405,160.654809936616,81.8865751332124
116,132,13,752,111.26,239.672511966405,160.654809936616,81.8865751332124
116,132,14,820,120.56,239.672511966405,160.654809936616,81.8865751332124
116,132,15,812,128.44,239.672511966405,160.654809936616,81.8865751332124
116,132,16,702,132.34,239.672511966405,160.654809936616,81.8865751332124
116,132,17,615,122.95,239.672511966405,160.654809936616,81.8865751332124
116,132,18,585,113.98,239.672511966405,160.654809936616,81.8865751332124
116,132,19,425,103.12,239.672511966405,160.654809936616,81.8865751332124
116,132,20,341,94.85,239.672511966405,160.654809936616,81.8865751332124
116,132,21,179,91.26,239.672511966405,160.654809936616,81.8865751332124
116,132,22,110,98.54,239.672511966405,160.654809936616,81.8865751332124
116,132,23,52,92.61,239.672511966405,160.654809936616,81.8865751332124
117,132,0,86,58.34,50.9058688314518,34.1226977373257,17.3925128859685
117,132,1,182,57.79,50.9058688314518,34.1226977373257,17.3925128859685
117,132,2,277,59.12,50.9058688314518,34.1226977373257,17.3925128859685
117,132,3,566,61.05,50.9058688314518,34.1226977373257,17.3925128859685
117,132,4,1076,61.25,50.9058688314518,34.1226977373257,17.3925128859685
117,132,5,1139,64.7,50.9058688314518,34.1226977373257,17.3925128859685
117,132,6,965,65.64,50.9058688314518,34.1226977373257,17.3925128859685
117,132,7,685,66.6,50.9058688314518,34.1226977373257,17.3925128859685
117,132,8,684,65.17,50.9058688314518,34.1226977373257,17.3925128859685
117,132,9,642,61.9,50.9058688314518,34.1226977373257,17.3925128859685
117,132,10,536,63.66,50.9058688314518,34.1226977373257,17.3925128859685
117,132,11,483,63.6,50.9058688314518,34.1226977373257,17.3925128859685
117,132,12,510,64.85,50.9058688314518,34.1226977373257,17.3925128859685
117,132,13,610,66.18,50.9058688314518,34.1226977373257,17.3925128859685
117,132,14,625,67.24,50.9058688314518,34.1226977373257,17.3925128859685
117,132,15,538,66.06,50.9058688314518,34.1226977373257,17.3925128859685
117,132,16,395,69.43,50.9058688314518,34.1226977373257,17.3925128859685
117,132,17,395,67.75,50.9058688314518,34.1226977373257,17.3925128859685
117,132,18,320,65.93,50.9058688314518,34.1226977373257,17.3925128859685
117,132,19,320,62.54,50.9058688314518,34.1226977373257,17.3925128859685
117,132,20,316,61.47,50.9058688314518,34.1226977373257,17.3925128859685
117,132,21,286,59.29,50.9058688314518,34.1226977373257,17.3925128859685
117,132,22,332,56.69,50.9058688314518,34.1226977373257,17.3925128859685
117,132,23,111,59.29,50.9058688314518,34.1226977373257,17.3925128859685
118,132,1,5,109.89,291.279959670591,195.247782798652,99.5187896462163
118,132,2,21,107.96,291.279959670591,195.247782798652,99.5187896462163
118,132,3,63,109.3,291.279959670591,195.247782798652,99.5187896462163
118,132,4,114,113.51,291.279959670591,195.247782798652,99.5187896462163
118,132,5,159,112.34,291.279959670591,195.247782798652,99.5187896462163
118,132,6,122,121.08,291.279959670591,195.247782798652,99.5187896462163
118,132,7,80,137.26,291.279959670591,195.247782798652,99.5187896462163
118,132,8,71,132.51,291.279959670591,195.247782798652,99.5187896462163
118,132,9,51,121.12,291.279959670591,195.247782798652,99.5187896462163
118,132,10,55,125.43,291.279959670591,195.247782798652,99.5187896462163
118,132,11,52,124.79,291.279959670591,195.247782798652,99.5187896462163
118,132,12,46,139.37,291.279959670591,195.247782798652,99.5187896462163
118,132,13,62,138.73,291.279959670591,195.247782798652,99.5187896462163
118,132,14,90,147.11,291.279959670591,195.247782798652,99.5187896462163
118,132,15,58,158.86,291.279959670591,195.247782798652,99.5187896462163
118,132,16,69,153.2,291.279959670591,195.247782798652,99.5187896462163
118,132,17,57,151.09,291.279959670591,195.247782798652,99.5187896462163
118,132,18,47,123.16,291.279959670591,195.247782798652,99.5187896462163
118,132,19,50,122.14,291.279959670591,195.247782798652,99.5187896462163
118,132,20,32,124.03,291.279959670591,195.247782798652,99.5187896462163
118,132,21,23,103.55,291.279959670591,195.247782798652,99.5187896462163
118,132,22,11,101.14,291.279959670591,195.247782798652,99.5187896462163
118,132,23,3,107.21,291.279959670591,195.247782798652,99.5187896462163
119,132,0,25,88.73,239.770751839957,160.720661076926,81.9201397949282
119,132,1,58,82.73,239.770751839957,160.720661076926,81.9201397949282
119,132,2,155,80.61,239.770751839957,160.720661076926,81.9201397949282
119,132,3,222,82.15,239.770751839957,160.720661076926,81.9201397949282
119,132,4,331,86.16,239.770751839957,160.720661076926,81.9201397949282
119,132,5,448,88.91,239.770751839957,160.720661076926,81.9201397949282
119,132,6,239,97.28,239.770751839957,160.720661076926,81.9201397949282
119,132,7,153,101.16,239.770751839957,160.720661076926,81.9201397949282
119,132,8,159,98.5,239.770751839957,160.720661076926,81.9201397949282
119,132,9,134,95.13,239.770751839957,160.720661076926,81.9201397949282
119,132,10,157,100.39,239.770751839957,160.720661076926,81.9201397949282
119,132,11,137,100.2,239.770751839957,160.720661076926,81.9201397949282
119,132,12,130,106.79,239.770751839957,160.720661076926,81.9201397949282
119,132,13,109,105.9,239.770751839957,160.720661076926,81.9201397949282
119,132,14,120,117.33,239.770751839957,160.720661076926,81.9201397949282
119,132,15,150,122.06,239.770751839957,160.720661076926,81.9201397949282
119,132,16,141,130.89,239.770751839957,160.720661076926,81.9201397949282
119,132,17,167,122.31,239.770751839957,160.720661076926,81.9201397949282
119,132,18,123,109.94,239.770751839957,160.720661076926,81.9201397949282
119,132,19,139,100.11,239.770751839957,160.720661076926,81.9201397949282
119,132,20,99,87.12,239.770751839957,160.720661076926,81.9201397949282
119,132,21,37,93.92,239.770751839957,160.720661076926,81.9201397949282
119,132,22,23,92.87,239.770751839957,160.720661076926,81.9201397949282
119,132,23,17,82.03,239.770751839957,160.720661076926,81.9201397949282
120,132,2,4,75.48,249.510485866718,167.249299284388,85.2478199515564
120,132,3,14,90.15,249.510485866718,167.249299284388,85.2478199515564
120,132,4,14,92.68,249.510485866718,167.249299284388,85.2478199515564
120,132,5,15,94.25,249.510485866718,167.249299284388,85.2478199515564
120,132,6,18,91.01,249.510485866718,167.249299284388,85.2478199515564
120,132,7,17,101.61,249.510485866718,167.249299284388,85.2478199515564
120,132,8,10,114.83,249.510485866718,167.249299284388,85.2478199515564
120,132,9,16,99.38,249.510485866718,167.249299284388,85.2478199515564
120,132,10,14,102.75,249.510485866718,167.249299284388,85.2478199515564
120,132,11,23,103.13,249.510485866718,167.249299284388,85.2478199515564
120,132,12,16,111.46,249.510485866718,167.249299284388,85.2478199515564
120,132,13,16,107.63,249.510485866718,167.249299284388,85.2478199515564
120,132,14,18,112.34,249.510485866718,167.249299284388,85.2478199515564
120,132,15,12,117.02,249.510485866718,167.249299284388,85.2478199515564
120,132,16,13,118.16,249.510485866718,167.249299284388,85.2478199515564
120,132,17,9,123.05,249.510485866718,167.249299284388,85.2478199515564
120,132,18,7,114.22,249.510485866718,167.249299284388,85.2478199515564
120,132,19,9,101.98,249.510485866718,167.249299284388,85.2478199515564
120,132,20,5,102.93,249.510485866718,167.249299284388,85.2478199515564
120,132,22,2,81.89,249.510485866718,167.249299284388,85.2478199515564
121,132,0,34,49.93,94.2691749207008,63.1895424949261,32.208031749473
121,132,1,46,44.31,94.2691749207008,63.1895424949261,32.208031749473
121,132,2,133,46.24,94.2691749207008,63.1895424949261,32.208031749473
121,132,3,470,48.38,94.2691749207008,63.1895424949261,32.208031749473
121,132,4,787,52.53,94.2691749207008,63.1895424949261,32.208031749473
121,132,5,1045,54.28,94.2691749207008,63.1895424949261,32.208031749473
121,132,6,788,56.75,94.2691749207008,63.1895424949261,32.208031749473
121,132,7,704,54.25,94.2691749207008,63.1895424949261,32.208031749473
121,132,8,481,57.26,94.2691749207008,63.1895424949261,32.208031749473
121,132,9,593,54,94.2691749207008,63.1895424949261,32.208031749473
121,132,10,353,57.12,94.2691749207008,63.1895424949261,32.208031749473
121,132,11,380,57.5,94.2691749207008,63.1895424949261,32.208031749473
121,132,12,365,59.89,94.2691749207008,63.1895424949261,32.208031749473
121,132,13,507,61.76,94.2691749207008,63.1895424949261,32.208031749473
121,132,14,496,62.22,94.2691749207008,63.1895424949261,32.208031749473
121,132,15,532,62.41,94.2691749207008,63.1895424949261,32.208031749473
121,132,16,431,63.89,94.2691749207008,63.1895424949261,32.208031749473
121,132,17,455,61.72,94.2691749207008,63.1895424949261,32.208031749473
121,132,18,370,58.18,94.2691749207008,63.1895424949261,32.208031749473
121,132,19,335,54.92,94.2691749207008,63.1895424949261,32.208031749473
121,132,20,242,53.97,94.2691749207008,63.1895424949261,32.208031749473
121,132,21,187,48.79,94.2691749207008,63.1895424949261,32.208031749473
121,132,22,92,47.91,94.2691749207008,63.1895424949261,32.208031749473
121,132,23,55,50.52,94.2691749207008,63.1895424949261,32.208031749473
122,132,0,66,44.88,74.7236543130852,50.0879904121873,25.5301039027551
122,132,1,107,47.01,74.7236543130852,50.0879904121873,25.5301039027551
122,132,2,458,44.78,74.7236543130852,50.0879904121873,25.5301039027551
122,132,3,479,48.22,74.7236543130852,50.0879904121873,25.5301039027551
122,132,4,749,50.89,74.7236543130852,50.0879904121873,25.5301039027551
122,132,5,762,53.76,74.7236543130852,50.0879904121873,25.5301039027551
122,132,6,571,56,74.7236543130852,50.0879904121873,25.5301039027551
122,132,7,418,58.12,74.7236543130852,50.0879904121873,25.5301039027551
122,132,8,394,55.88,74.7236543130852,50.0879904121873,25.5301039027551
122,132,9,334,52.84,74.7236543130852,50.0879904121873,25.5301039027551
122,132,10,331,52.32,74.7236543130852,50.0879904121873,25.5301039027551
122,132,11,536,52.18,74.7236543130852,50.0879904121873,25.5301039027551
122,132,12,351,52.38,74.7236543130852,50.0879904121873,25.5301039027551
122,132,13,404,54.55,74.7236543130852,50.0879904121873,25.5301039027551
122,132,14,398,54.39,74.7236543130852,50.0879904121873,25.5301039027551
122,132,15,354,54.85,74.7236543130852,50.0879904121873,25.5301039027551
122,132,16,275,53.79,74.7236543130852,50.0879904121873,25.5301039027551
122,132,17,261,53.85,74.7236543130852,50.0879904121873,25.5301039027551
122,132,18,206,55.24,74.7236543130852,50.0879904121873,25.5301039027551
122,132,19,240,48.92,74.7236543130852,50.0879904121873,25.5301039027551
122,132,20,132,50.38,74.7236543130852,50.0879904121873,25.5301039027551
122,132,21,146,47.54,74.7236543130852,50.0879904121873,25.5301039027551
122,132,22,170,45.1,74.7236543130852,50.0879904121873,25.5301039027551
122,132,23,81,46.18,74.7236543130852,50.0879904121873,25.5301039027551
123,132,0,18,64.04,156.054521583419,104.604859769017,53.317629967968
123,132,1,24,71.76,156.054521583419,104.604859769017,53.317629967968
123,132,2,58,67.1,156.054521583419,104.604859769017,53.317629967968
123,132,3,344,69.66,156.054521583419,104.604859769017,53.317629967968
123,132,4,814,74.46,156.054521583419,104.604859769017,53.317629967968
123,132,5,1088,79.66,156.054521583419,104.604859769017,53.317629967968
123,132,6,723,80.43,156.054521583419,104.604859769017,53.317629967968
123,132,7,585,83.24,156.054521583419,104.604859769017,53.317629967968
123,132,8,525,80.79,156.054521583419,104.604859769017,53.317629967968
123,132,9,380,79.64,156.054521583419,104.604859769017,53.317629967968
123,132,10,292,76.32,156.054521583419,104.604859769017,53.317629967968
123,132,11,218,79.54,156.054521583419,104.604859769017,53.317629967968
123,132,12,277,84.89,156.054521583419,104.604859769017,53.317629967968
123,132,13,386,88.59,156.054521583419,104.604859769017,53.317629967968
123,132,14,401,97.41,156.054521583419,104.604859769017,53.317629967968
123,132,15,367,99.17,156.054521583419,104.604859769017,53.317629967968
123,132,16,311,99.32,156.054521583419,104.604859769017,53.317629967968
123,132,17,365,97.91,156.054521583419,104.604859769017,53.317629967968
123,132,18,273,88.27,156.054521583419,104.604859769017,53.317629967968
123,132,19,252,83.94,156.054521583419,104.604859769017,53.317629967968
123,132,20,256,78.29,156.054521583419,104.604859769017,53.317629967968
123,132,21,142,75.27,156.054521583419,104.604859769017,53.317629967968
123,132,22,84,70.57,156.054521583419,104.604859769017,53.317629967968
123,132,23,72,71.36,156.054521583419,104.604859769017,53.317629967968
124,132,0,137,28.1,56.637358804281,37.9645710697484,19.3507352971856
124,132,1,131,28.28,56.637358804281,37.9645710697484,19.3507352971856
124,132,2,397,29.38,56.637358804281,37.9645710697484,19.3507352971856
124,132,3,1009,31.62,56.637358804281,37.9645710697484,19.3507352971856
124,132,4,1747,33.11,56.637358804281,37.9645710697484,19.3507352971856
124,132,5,2329,35.36,56.637358804281,37.9645710697484,19.3507352971856
124,132,6,1811,35.3,56.637358804281,37.9645710697484,19.3507352971856
124,132,7,1464,32.07,56.637358804281,37.9645710697484,19.3507352971856
124,132,8,1373,30.94,56.637358804281,37.9645710697484,19.3507352971856
124,132,9,1250,29.46,56.637358804281,37.9645710697484,19.3507352971856
124,132,10,1376,29.45,56.637358804281,37.9645710697484,19.3507352971856
124,132,11,1645,28.41,56.637358804281,37.9645710697484,19.3507352971856
124,132,12,1328,29.08,56.637358804281,37.9645710697484,19.3507352971856
124,132,13,1489,31.5,56.637358804281,37.9645710697484,19.3507352971856
124,132,14,1644,30.69,56.637358804281,37.9645710697484,19.3507352971856
124,132,15,1610,30.88,56.637358804281,37.9645710697484,19.3507352971856
124,132,16,1530,31.88,56.637358804281,37.9645710697484,19.3507352971856
124,132,17,1477,31.27,56.637358804281,37.9645710697484,19.3507352971856
124,132,18,1355,31.29,56.637358804281,37.9645710697484,19.3507352971856
124,132,19,1101,30.93,56.637358804281,37.9645710697484,19.3507352971856
124,132,20,891,31.15,56.637358804281,37.9645710697484,19.3507352971856
124,132,21,606,30.95,56.637358804281,37.9645710697484,19.3507352971856
124,132,22,345,30.17,56.637358804281,37.9645710697484,19.3507352971856
124,132,23,251,30.99,56.637358804281,37.9645710697484,19.3507352971856
125,132,0,14,107.93,205.133436427317,137.502932524423,70.0859452613992
125,132,1,9,91.59,205.133436427317,137.502932524423,70.0859452613992
125,132,2,50,98.36,205.133436427317,137.502932524423,70.0859452613992
125,132,3,246,101.14,205.133436427317,137.502932524423,70.0859452613992
125,132,4,986,105.73,205.133436427317,137.502932524423,70.0859452613992
125,132,5,1637,109.61,205.133436427317,137.502932524423,70.0859452613992
125,132,6,1535,125.54,205.133436427317,137.502932524423,70.0859452613992
125,132,7,1233,125.97,205.133436427317,137.502932524423,70.0859452613992
125,132,8,1217,128.87,205.133436427317,137.502932524423,70.0859452613992
125,132,9,1114,126.89,205.133436427317,137.502932524423,70.0859452613992
125,132,10,999,131.96,205.133436427317,137.502932524423,70.0859452613992
125,132,11,1090,138.97,205.133436427317,137.502932524423,70.0859452613992
125,132,12,1537,144.94,205.133436427317,137.502932524423,70.0859452613992
125,132,13,1997,154.14,205.133436427317,137.502932524423,70.0859452613992
125,132,14,2230,165.58,205.133436427317,137.502932524423,70.0859452613992
125,132,15,1852,177.1,205.133436427317,137.502932524423,70.0859452613992
125,132,16,1640,199.22,205.133436427317,137.502932524423,70.0859452613992
125,132,17,1262,171.76,205.133436427317,137.502932524423,70.0859452613992
125,132,18,955,150.8,205.133436427317,137.502932524423,70.0859452613992
125,132,19,724,137.34,205.133436427317,137.502932524423,70.0859452613992
125,132,20,453,127.63,205.133436427317,137.502932524423,70.0859452613992
125,132,21,194,121.49,205.133436427317,137.502932524423,70.0859452613992
125,132,22,115,120.43,205.133436427317,137.502932524423,70.0859452613992
125,132,23,36,111.89,205.133436427317,137.502932524423,70.0859452613992
126,132,0,9,81.83,200.460440539259,134.370578045927,68.4893682249044
126,132,1,38,75.25,200.460440539259,134.370578045927,68.4893682249044
126,132,2,102,74.62,200.460440539259,134.370578045927,68.4893682249044
126,132,3,136,78.25,200.460440539259,134.370578045927,68.4893682249044
126,132,4,201,82.75,200.460440539259,134.370578045927,68.4893682249044
126,132,5,241,84.94,200.460440539259,134.370578045927,68.4893682249044
126,132,6,169,93.2,200.460440539259,134.370578045927,68.4893682249044
126,132,7,110,94.64,200.460440539259,134.370578045927,68.4893682249044
126,132,8,78,93.46,200.460440539259,134.370578045927,68.4893682249044
126,132,9,85,97.87,200.460440539259,134.370578045927,68.4893682249044
126,132,10,113,93.84,200.460440539259,134.370578045927,68.4893682249044
126,132,11,97,97.71,200.460440539259,134.370578045927,68.4893682249044
126,132,12,87,108.15,200.460440539259,134.370578045927,68.4893682249044
126,132,13,94,109.52,200.460440539259,134.370578045927,68.4893682249044
126,132,14,104,111.24,200.460440539259,134.370578045927,68.4893682249044
126,132,15,124,119.72,200.460440539259,134.370578045927,68.4893682249044
126,132,16,104,120.41,200.460440539259,134.370578045927,68.4893682249044
126,132,17,94,108.4,200.460440539259,134.370578045927,68.4893682249044
126,132,18,91,99.06,200.460440539259,134.370578045927,68.4893682249044
126,132,19,78,97.69,200.460440539259,134.370578045927,68.4893682249044
126,132,20,51,81,200.460440539259,134.370578045927,68.4893682249044
126,132,21,29,80.92,200.460440539259,134.370578045927,68.4893682249044
126,132,22,23,80.36,200.460440539259,134.370578045927,68.4893682249044
126,132,23,10,81.63,200.460440539259,134.370578045927,68.4893682249044
127,132,0,20,95.22,263.758866544708,176.800127082479,90.115925540062
127,132,1,66,87.6,263.758866544708,176.800127082479,90.115925540062
127,132,2,157,90.01,263.758866544708,176.800127082479,90.115925540062
127,132,3,313,90.62,263.758866544708,176.800127082479,90.115925540062
127,132,4,592,96.26,263.758866544708,176.800127082479,90.115925540062
127,132,5,664,99.19,263.758866544708,176.800127082479,90.115925540062
127,132,6,457,104.41,263.758866544708,176.800127082479,90.115925540062
127,132,7,286,110.96,263.758866544708,176.800127082479,90.115925540062
127,132,8,304,110.39,263.758866544708,176.800127082479,90.115925540062
127,132,9,263,107.09,263.758866544708,176.800127082479,90.115925540062
127,132,10,239,108.25,263.758866544708,176.800127082479,90.115925540062
127,132,11,203,112.95,263.758866544708,176.800127082479,90.115925540062
127,132,12,220,114.71,263.758866544708,176.800127082479,90.115925540062
127,132,13,259,121.49,263.758866544708,176.800127082479,90.115925540062
127,132,14,280,128.08,263.758866544708,176.800127082479,90.115925540062
127,132,15,299,139.09,263.758866544708,176.800127082479,90.115925540062
127,132,16,294,138.2,263.758866544708,176.800127082479,90.115925540062
127,132,17,212,132.79,263.758866544708,176.800127082479,90.115925540062
127,132,18,198,117.03,263.758866544708,176.800127082479,90.115925540062
127,132,19,167,106.61,263.758866544708,176.800127082479,90.115925540062
127,132,20,134,102.06,263.758866544708,176.800127082479,90.115925540062
127,132,21,52,91.82,263.758866544708,176.800127082479,90.115925540062
127,132,22,36,106.38,263.758866544708,176.800127082479,90.115925540062
127,132,23,21,98.88,263.758866544708,176.800127082479,90.115925540062
128,132,1,2,81.14,271.534706295924,182.012347904466,92.7726210483937
128,132,2,6,108.46,271.534706295924,182.012347904466,92.7726210483937
128,132,3,8,93.52,271.534706295924,182.012347904466,92.7726210483937
128,132,4,26,100.97,271.534706295924,182.012347904466,92.7726210483937
128,132,5,26,96.36,271.534706295924,182.012347904466,92.7726210483937
128,132,6,21,106.74,271.534706295924,182.012347904466,92.7726210483937
128,132,7,16,114.34,271.534706295924,182.012347904466,92.7726210483937
128,132,8,14,115.47,271.534706295924,182.012347904466,92.7726210483937
128,132,9,6,120.93,271.534706295924,182.012347904466,92.7726210483937
128,132,10,9,116.39,271.534706295924,182.012347904466,92.7726210483937
128,132,11,10,118.92,271.534706295924,182.012347904466,92.7726210483937
128,132,12,16,121.09,271.534706295924,182.012347904466,92.7726210483937
128,132,13,16,126.97,271.534706295924,182.012347904466,92.7726210483937
128,132,14,16,130.91,271.534706295924,182.012347904466,92.7726210483937
128,132,15,20,157.15,271.534706295924,182.012347904466,92.7726210483937
128,132,16,16,147.98,271.534706295924,182.012347904466,92.7726210483937
128,132,17,16,144.31,271.534706295924,182.012347904466,92.7726210483937
128,132,18,6,129.46,271.534706295924,182.012347904466,92.7726210483937
128,132,19,3,114.08,271.534706295924,182.012347904466,92.7726210483937
128,132,20,8,100.22,271.534706295924,182.012347904466,92.7726210483937
128,132,21,2,83.61,271.534706295924,182.012347904466,92.7726210483937
129,132,0,120,68.1,150.093606193211,100.609200353571,51.2810220067202
129,132,1,166,60.92,150.093606193211,100.609200353571,51.2810220067202
129,132,2,404,59.75,150.093606193211,100.609200353571,51.2810220067202
129,132,3,905,63.58,150.093606193211,100.609200353571,51.2810220067202
129,132,4,1970,66.23,150.093606193211,100.609200353571,51.2810220067202
129,132,5,2347,68.08,150.093606193211,100.609200353571,51.2810220067202
129,132,6,1775,86.51,150.093606193211,100.609200353571,51.2810220067202
129,132,7,1492,72.73,150.093606193211,100.609200353571,51.2810220067202
129,132,8,1117,75.36,150.093606193211,100.609200353571,51.2810220067202
129,132,9,1052,72.92,150.093606193211,100.609200353571,51.2810220067202
129,132,10,1007,76.95,150.093606193211,100.609200353571,51.2810220067202
129,132,11,941,76.02,150.093606193211,100.609200353571,51.2810220067202
129,132,12,899,80.56,150.093606193211,100.609200353571,51.2810220067202
129,132,13,1061,85.15,150.093606193211,100.609200353571,51.2810220067202
129,132,14,1314,87.33,150.093606193211,100.609200353571,51.2810220067202
129,132,15,1204,93.61,150.093606193211,100.609200353571,51.2810220067202
129,132,16,1175,93.42,150.093606193211,100.609200353571,51.2810220067202
129,132,17,1082,89.72,150.093606193211,100.609200353571,51.2810220067202
129,132,18,916,81.21,150.093606193211,100.609200353571,51.2810220067202
129,132,19,836,98.83,150.093606193211,100.609200353571,51.2810220067202
129,132,20,745,69.3,150.093606193211,100.609200353571,51.2810220067202
129,132,21,575,65.43,150.093606193211,100.609200353571,51.2810220067202
129,132,22,388,71.69,150.093606193211,100.609200353571,51.2810220067202
129,132,23,216,121.74,150.093606193211,100.609200353571,51.2810220067202
130,132,0,387,35.83,68.0339578634006,45.6038219823575,23.244500408007
130,132,1,396,33.55,68.0339578634006,45.6038219823575,23.244500408007
130,132,2,567,35.03,68.0339578634006,45.6038219823575,23.244500408007
130,132,3,1758,36.53,68.0339578634006,45.6038219823575,23.244500408007
130,132,4,2963,37.99,68.0339578634006,45.6038219823575,23.244500408007
130,132,5,4148,40.09,68.0339578634006,45.6038219823575,23.244500408007
130,132,6,3776,40.7,68.0339578634006,45.6038219823575,23.244500408007
130,132,7,3202,49.59,68.0339578634006,45.6038219823575,23.244500408007
130,132,8,3152,47.78,68.0339578634006,45.6038219823575,23.244500408007
130,132,9,2809,39.23,68.0339578634006,45.6038219823575,23.244500408007
130,132,10,2745,40.62,68.0339578634006,45.6038219823575,23.244500408007
130,132,11,3233,40.51,68.0339578634006,45.6038219823575,23.244500408007
130,132,12,2681,41.33,68.0339578634006,45.6038219823575,23.244500408007
130,132,13,3301,45.26,68.0339578634006,45.6038219823575,23.244500408007
130,132,14,3632,54.83,68.0339578634006,45.6038219823575,23.244500408007
130,132,15,3391,44.35,68.0339578634006,45.6038219823575,23.244500408007
130,132,16,3544,54.21,68.0339578634006,45.6038219823575,23.244500408007
130,132,17,2971,46.49,68.0339578634006,45.6038219823575,23.244500408007
130,132,18,2768,43.35,68.0339578634006,45.6038219823575,23.244500408007
130,132,19,2326,40.28,68.0339578634006,45.6038219823575,23.244500408007
130,132,20,1912,39.34,68.0339578634006,45.6038219823575,23.244500408007
130,132,21,1300,37.08,68.0339578634006,45.6038219823575,23.244500408007
130,132,22,1229,36.47,68.0339578634006,45.6038219823575,23.244500408007
130,132,23,708,37.22,68.0339578634006,45.6038219823575,23.244500408007
131,132,0,27,49.17,84.0981575525073,56.3718108796368,28.7329992099945
131,132,1,41,47.03,84.0981575525073,56.3718108796368,28.7329992099945
131,132,2,210,51.2,84.0981575525073,56.3718108796368,28.7329992099945
131,132,3,411,52.88,84.0981575525073,56.3718108796368,28.7329992099945
131,132,4,918,54.45,84.0981575525073,56.3718108796368,28.7329992099945
131,132,5,1175,58.58,84.0981575525073,56.3718108796368,28.7329992099945
131,132,6,828,60.32,84.0981575525073,56.3718108796368,28.7329992099945
131,132,7,652,61.99,84.0981575525073,56.3718108796368,28.7329992099945
131,132,8,612,59.17,84.0981575525073,56.3718108796368,28.7329992099945
131,132,9,548,58.41,84.0981575525073,56.3718108796368,28.7329992099945
131,132,10,457,58.83,84.0981575525073,56.3718108796368,28.7329992099945
131,132,11,354,57.39,84.0981575525073,56.3718108796368,28.7329992099945
131,132,12,396,60.61,84.0981575525073,56.3718108796368,28.7329992099945
131,132,13,495,61.67,84.0981575525073,56.3718108796368,28.7329992099945
131,132,14,542,64.08,84.0981575525073,56.3718108796368,28.7329992099945
131,132,15,595,63.56,84.0981575525073,56.3718108796368,28.7329992099945
131,132,16,487,65.56,84.0981575525073,56.3718108796368,28.7329992099945
131,132,17,536,63.17,84.0981575525073,56.3718108796368,28.7329992099945
131,132,18,482,59.42,84.0981575525073,56.3718108796368,28.7329992099945
131,132,19,382,59.11,84.0981575525073,56.3718108796368,28.7329992099945
131,132,20,314,56.36,84.0981575525073,56.3718108796368,28.7329992099945
131,132,21,192,54.38,84.0981575525073,56.3718108796368,28.7329992099945
131,132,22,116,52.38,84.0981575525073,56.3718108796368,28.7329992099945
131,132,23,75,54.4,84.0981575525073,56.3718108796368,28.7329992099945
132,1,0,401,167.77,322.659203905138,216.281594632537,110.239830701587
132,1,1,264,164.56,322.659203905138,216.281594632537,110.239830701587
132,1,2,196,157.4,322.659203905138,216.281594632537,110.239830701587
132,1,3,169,154.91,322.659203905138,216.281594632537,110.239830701587
132,1,4,199,151.96,322.659203905138,216.281594632537,110.239830701587
132,1,5,239,166.2,322.659203905138,216.281594632537,110.239830701587
132,1,6,393,173.63,322.659203905138,216.281594632537,110.239830701587
132,1,7,499,181.35,322.659203905138,216.281594632537,110.239830701587
132,1,8,468,177.93,322.659203905138,216.281594632537,110.239830701587
132,1,9,480,177.12,322.659203905138,216.281594632537,110.239830701587
132,1,10,573,212.75,322.659203905138,216.281594632537,110.239830701587
132,1,11,607,189.83,322.659203905138,216.281594632537,110.239830701587
132,1,12,701,190.2,322.659203905138,216.281594632537,110.239830701587
132,1,13,839,206.32,322.659203905138,216.281594632537,110.239830701587
132,1,14,1073,218.17,322.659203905138,216.281594632537,110.239830701587
132,1,15,1105,218.21,322.659203905138,216.281594632537,110.239830701587
132,1,16,1134,215.6,322.659203905138,216.281594632537,110.239830701587
132,1,17,969,209.04,322.659203905138,216.281594632537,110.239830701587
132,1,18,783,191.83,322.659203905138,216.281594632537,110.239830701587
132,1,19,668,179.93,322.659203905138,216.281594632537,110.239830701587
132,1,20,542,179.6,322.659203905138,216.281594632537,110.239830701587
132,1,21,454,176.24,322.659203905138,216.281594632537,110.239830701587
132,1,22,438,171.78,322.659203905138,216.281594632537,110.239830701587
132,1,23,479,175.24,322.659203905138,216.281594632537,110.239830701587
132,2,7,2,68.47,50.0704865464453,33.562732887285,17.1070959489785
132,2,8,3,141.3,50.0704865464453,33.562732887285,17.1070959489785
132,2,10,3,54.08,50.0704865464453,33.562732887285,17.1070959489785
132,2,11,4,53.41,50.0704865464453,33.562732887285,17.1070959489785
132,2,12,4,67.86,50.0704865464453,33.562732887285,17.1070959489785
132,2,13,6,48.26,50.0704865464453,33.562732887285,17.1070959489785
132,2,14,5,58.24,50.0704865464453,33.562732887285,17.1070959489785
132,2,15,6,63.41,50.0704865464453,33.562732887285,17.1070959489785
132,2,16,4,56.39,50.0704865464453,33.562732887285,17.1070959489785
132,2,17,5,55.21,50.0704865464453,33.562732887285,17.1070959489785
132,2,18,4,63.11,50.0704865464453,33.562732887285,17.1070959489785
132,2,19,2,47.51,50.0704865464453,33.562732887285,17.1070959489785
132,2,20,7,66.01,50.0704865464453,33.562732887285,17.1070959489785
132,2,22,5,58.45,50.0704865464453,33.562732887285,17.1070959489785
132,2,23,2,57.92,50.0704865464453,33.562732887285,17.1070959489785
132,3,0,218,90.58,242.926709572359,162.83613016225,82.9984051656677
132,3,1,115,85.24,242.926709572359,162.83613016225,82.9984051656677
132,3,2,50,86.35,242.926709572359,162.83613016225,82.9984051656677
132,3,3,34,79.99,242.926709572359,162.83613016225,82.9984051656677
132,3,4,22,79.84,242.926709572359,162.83613016225,82.9984051656677
132,3,5,57,81.26,242.926709572359,162.83613016225,82.9984051656677
132,3,6,115,94.31,242.926709572359,162.83613016225,82.9984051656677
132,3,7,102,100.33,242.926709572359,162.83613016225,82.9984051656677
132,3,8,103,100.42,242.926709572359,162.83613016225,82.9984051656677
132,3,9,126,94.01,242.926709572359,162.83613016225,82.9984051656677
132,3,10,168,98.42,242.926709572359,162.83613016225,82.9984051656677
132,3,11,125,106.49,242.926709572359,162.83613016225,82.9984051656677
132,3,12,95,95.6,242.926709572359,162.83613016225,82.9984051656677
132,3,13,113,187.91,242.926709572359,162.83613016225,82.9984051656677
132,3,14,137,174.58,242.926709572359,162.83613016225,82.9984051656677
132,3,15,198,109.7,242.926709572359,162.83613016225,82.9984051656677
132,3,16,195,110.92,242.926709572359,162.83613016225,82.9984051656677
132,3,17,195,108.69,242.926709572359,162.83613016225,82.9984051656677
132,3,18,250,102.32,242.926709572359,162.83613016225,82.9984051656677
132,3,19,224,93.84,242.926709572359,162.83613016225,82.9984051656677
132,3,20,204,88.86,242.926709572359,162.83613016225,82.9984051656677
132,3,21,188,87.02,242.926709572359,162.83613016225,82.9984051656677
132,3,22,198,96.94,242.926709572359,162.83613016225,82.9984051656677
132,3,23,232,95.7,242.926709572359,162.83613016225,82.9984051656677
132,4,0,951,115,182.115390227118,122.07371284852,62.2215933833812
132,4,1,443,89.17,182.115390227118,122.07371284852,62.2215933833812
132,4,2,127,82.95,182.115390227118,122.07371284852,62.2215933833812
132,4,3,75,75.9,182.115390227118,122.07371284852,62.2215933833812
132,4,4,57,80.26,182.115390227118,122.07371284852,62.2215933833812
132,4,5,243,89.61,182.115390227118,122.07371284852,62.2215933833812
132,4,6,518,108.51,182.115390227118,122.07371284852,62.2215933833812
132,4,7,613,124.02,182.115390227118,122.07371284852,62.2215933833812
132,4,8,474,117.85,182.115390227118,122.07371284852,62.2215933833812
132,4,9,339,110.94,182.115390227118,122.07371284852,62.2215933833812
132,4,10,330,112.66,182.115390227118,122.07371284852,62.2215933833812
132,4,11,321,111.66,182.115390227118,122.07371284852,62.2215933833812
132,4,12,366,111,182.115390227118,122.07371284852,62.2215933833812
132,4,13,460,114.29,182.115390227118,122.07371284852,62.2215933833812
132,4,14,669,118.68,182.115390227118,122.07371284852,62.2215933833812
132,4,15,748,124.11,182.115390227118,122.07371284852,62.2215933833812
132,4,16,793,124.27,182.115390227118,122.07371284852,62.2215933833812
132,4,17,720,117.26,182.115390227118,122.07371284852,62.2215933833812
132,4,18,717,111.33,182.115390227118,122.07371284852,62.2215933833812
132,4,19,835,128.4,182.115390227118,122.07371284852,62.2215933833812
132,4,20,971,101.81,182.115390227118,122.07371284852,62.2215933833812
132,4,21,1117,96.51,182.115390227118,122.07371284852,62.2215933833812
132,4,22,1357,100.06,182.115390227118,122.07371284852,62.2215933833812
132,4,23,1213,100.13,182.115390227118,122.07371284852,62.2215933833812
132,5,0,22,125.05,343.268799481357,230.096406489777,117.281310689303
132,5,1,10,161.21,343.268799481357,230.096406489777,117.281310689303
132,5,2,6,134.82,343.268799481357,230.096406489777,117.281310689303
132,5,3,2,153.24,343.268799481357,230.096406489777,117.281310689303
132,5,4,4,129.46,343.268799481357,230.096406489777,117.281310689303
132,5,5,6,129.18,343.268799481357,230.096406489777,117.281310689303
132,5,6,16,133.7,343.268799481357,230.096406489777,117.281310689303
132,5,7,15,143.26,343.268799481357,230.096406489777,117.281310689303
132,5,8,16,154.1,343.268799481357,230.096406489777,117.281310689303
132,5,9,15,140.06,343.268799481357,230.096406489777,117.281310689303
132,5,10,15,149.49,343.268799481357,230.096406489777,117.281310689303
132,5,11,12,152.39,343.268799481357,230.096406489777,117.281310689303
132,5,12,16,165.58,343.268799481357,230.096406489777,117.281310689303
132,5,13,18,155.29,343.268799481357,230.096406489777,117.281310689303
132,5,14,21,174.55,343.268799481357,230.096406489777,117.281310689303
132,5,15,18,200.45,343.268799481357,230.096406489777,117.281310689303
132,5,16,26,177.51,343.268799481357,230.096406489777,117.281310689303
132,5,17,17,177.02,343.268799481357,230.096406489777,117.281310689303
132,5,18,20,157.13,343.268799481357,230.096406489777,117.281310689303
132,5,19,33,153.58,343.268799481357,230.096406489777,117.281310689303
132,5,20,39,146.25,343.268799481357,230.096406489777,117.281310689303
132,5,21,23,141.05,343.268799481357,230.096406489777,117.281310689303
132,5,22,28,138.4,343.268799481357,230.096406489777,117.281310689303
132,5,23,30,136.31,343.268799481357,230.096406489777,117.281310689303
132,6,0,71,101.19,240.142096576645,160.969577056501,82.0470135379017
132,6,1,26,96.89,240.142096576645,160.969577056501,82.0470135379017
132,6,2,8,97.45,240.142096576645,160.969577056501,82.0470135379017
132,6,3,9,89.52,240.142096576645,160.969577056501,82.0470135379017
132,6,4,9,92.76,240.142096576645,160.969577056501,82.0470135379017
132,6,5,11,102.76,240.142096576645,160.969577056501,82.0470135379017
132,6,6,26,110.78,240.142096576645,160.969577056501,82.0470135379017
132,6,7,37,113.25,240.142096576645,160.969577056501,82.0470135379017
132,6,8,36,104.37,240.142096576645,160.969577056501,82.0470135379017
132,6,9,31,97.15,240.142096576645,160.969577056501,82.0470135379017
132,6,10,30,115.33,240.142096576645,160.969577056501,82.0470135379017
132,6,11,30,104.16,240.142096576645,160.969577056501,82.0470135379017
132,6,12,42,132.97,240.142096576645,160.969577056501,82.0470135379017
132,6,13,46,110.54,240.142096576645,160.969577056501,82.0470135379017
132,6,14,60,125.9,240.142096576645,160.969577056501,82.0470135379017
132,6,15,70,226.51,240.142096576645,160.969577056501,82.0470135379017
132,6,16,65,126.03,240.142096576645,160.969577056501,82.0470135379017
132,6,17,68,123.81,240.142096576645,160.969577056501,82.0470135379017
132,6,18,61,116.84,240.142096576645,160.969577056501,82.0470135379017
132,6,19,91,110.02,240.142096576645,160.969577056501,82.0470135379017
132,6,20,80,108.96,240.142096576645,160.969577056501,82.0470135379017
132,6,21,67,101.87,240.142096576645,160.969577056501,82.0470135379017
132,6,22,61,104.12,240.142096576645,160.969577056501,82.0470135379017
132,6,23,89,99.19,240.142096576645,160.969577056501,82.0470135379017
132,7,0,2380,137.69,170.74977555797,114.455231073102,58.3384144076012
132,7,1,1318,73.19,170.74977555797,114.455231073102,58.3384144076012
132,7,2,461,68.12,170.74977555797,114.455231073102,58.3384144076012
132,7,3,245,66.36,170.74977555797,114.455231073102,58.3384144076012
132,7,4,201,64.66,170.74977555797,114.455231073102,58.3384144076012
132,7,5,555,68.49,170.74977555797,114.455231073102,58.3384144076012
132,7,6,1532,87.75,170.74977555797,114.455231073102,58.3384144076012
132,7,7,1540,92.41,170.74977555797,114.455231073102,58.3384144076012
132,7,8,1244,104.15,170.74977555797,114.455231073102,58.3384144076012
132,7,9,1056,91.49,170.74977555797,114.455231073102,58.3384144076012
132,7,10,942,106.57,170.74977555797,114.455231073102,58.3384144076012
132,7,11,898,84.44,170.74977555797,114.455231073102,58.3384144076012
132,7,12,1103,85.3,170.74977555797,114.455231073102,58.3384144076012
132,7,13,1338,88.12,170.74977555797,114.455231073102,58.3384144076012
132,7,14,1729,89.54,170.74977555797,114.455231073102,58.3384144076012
132,7,15,1988,98.09,170.74977555797,114.455231073102,58.3384144076012
132,7,16,2198,92.94,170.74977555797,114.455231073102,58.3384144076012
132,7,17,1965,89.97,170.74977555797,114.455231073102,58.3384144076012
132,7,18,1919,113.81,170.74977555797,114.455231073102,58.3384144076012
132,7,19,2361,94.45,170.74977555797,114.455231073102,58.3384144076012
132,7,20,2796,78.37,170.74977555797,114.455231073102,58.3384144076012
132,7,21,2826,93.12,170.74977555797,114.455231073102,58.3384144076012
132,7,22,3088,81.12,170.74977555797,114.455231073102,58.3384144076012
132,7,23,3075,92.6,170.74977555797,114.455231073102,58.3384144076012
132,8,0,6,96.57,186.311488458197,124.886398200955,63.6552334376638
132,8,1,6,70.78,186.311488458197,124.886398200955,63.6552334376638
132,8,5,3,84.06,186.311488458197,124.886398200955,63.6552334376638
132,8,6,11,85.32,186.311488458197,124.886398200955,63.6552334376638
132,8,7,8,88.61,186.311488458197,124.886398200955,63.6552334376638
132,8,8,8,95,186.311488458197,124.886398200955,63.6552334376638
132,8,9,3,66.58,186.311488458197,124.886398200955,63.6552334376638
132,8,10,4,85.71,186.311488458197,124.886398200955,63.6552334376638
132,8,11,4,110.59,186.311488458197,124.886398200955,63.6552334376638
132,8,12,5,92.37,186.311488458197,124.886398200955,63.6552334376638
132,8,13,7,106.4,186.311488458197,124.886398200955,63.6552334376638
132,8,14,8,86.9,186.311488458197,124.886398200955,63.6552334376638
132,8,15,9,123.02,186.311488458197,124.886398200955,63.6552334376638
132,8,16,12,95.36,186.311488458197,124.886398200955,63.6552334376638
132,8,17,9,83.53,186.311488458197,124.886398200955,63.6552334376638
132,8,18,7,114.13,186.311488458197,124.886398200955,63.6552334376638
132,8,19,8,87.62,186.311488458197,124.886398200955,63.6552334376638
132,8,20,10,86.36,186.311488458197,124.886398200955,63.6552334376638
132,8,21,6,88.74,186.311488458197,124.886398200955,63.6552334376638
132,8,22,10,82.35,186.311488458197,124.886398200955,63.6552334376638
132,8,23,12,94.29,186.311488458197,124.886398200955,63.6552334376638
132,9,0,411,67.7,116.540306289212,78.1180979130087,39.817192504482
132,9,1,259,68.69,116.540306289212,78.1180979130087,39.817192504482
132,9,2,67,63.71,116.540306289212,78.1180979130087,39.817192504482
132,9,3,44,59.9,116.540306289212,78.1180979130087,39.817192504482
132,9,4,41,56.72,116.540306289212,78.1180979130087,39.817192504482
132,9,5,85,61.79,116.540306289212,78.1180979130087,39.817192504482
132,9,6,215,66.73,116.540306289212,78.1180979130087,39.817192504482
132,9,7,183,78.31,116.540306289212,78.1180979130087,39.817192504482
132,9,8,174,74.56,116.540306289212,78.1180979130087,39.817192504482
132,9,9,154,69.96,116.540306289212,78.1180979130087,39.817192504482
132,9,10,174,71.13,116.540306289212,78.1180979130087,39.817192504482
132,9,11,197,71.54,116.540306289212,78.1180979130087,39.817192504482
132,9,12,181,96.77,116.540306289212,78.1180979130087,39.817192504482
132,9,13,230,79.72,116.540306289212,78.1180979130087,39.817192504482
132,9,14,285,84.22,116.540306289212,78.1180979130087,39.817192504482
132,9,15,323,84.2,116.540306289212,78.1180979130087,39.817192504482
132,9,16,342,80.65,116.540306289212,78.1180979130087,39.817192504482
132,9,17,343,79.07,116.540306289212,78.1180979130087,39.817192504482
132,9,18,338,75.95,116.540306289212,78.1180979130087,39.817192504482
132,9,19,408,74.47,116.540306289212,78.1180979130087,39.817192504482
132,9,20,417,70.65,116.540306289212,78.1180979130087,39.817192504482
132,9,21,470,69.4,116.540306289212,78.1180979130087,39.817192504482
132,9,22,496,71.4,116.540306289212,78.1180979130087,39.817192504482
132,9,23,524,74.17,116.540306289212,78.1180979130087,39.817192504482
132,10,0,6125,43.86,41.2188380258561,27.6293870103064,14.0828393261097
132,10,1,3296,38.44,41.2188380258561,27.6293870103064,14.0828393261097
132,10,2,1391,27.31,41.2188380258561,27.6293870103064,14.0828393261097
132,10,3,984,47.64,41.2188380258561,27.6293870103064,14.0828393261097
132,10,4,797,24.4,41.2188380258561,27.6293870103064,14.0828393261097
132,10,5,1137,26.34,41.2188380258561,27.6293870103064,14.0828393261097
132,10,6,2060,44.67,41.2188380258561,27.6293870103064,14.0828393261097
132,10,7,1992,33.74,41.2188380258561,27.6293870103064,14.0828393261097
132,10,8,1779,30.13,41.2188380258561,27.6293870103064,14.0828393261097
132,10,9,1942,37.57,41.2188380258561,27.6293870103064,14.0828393261097
132,10,10,2728,49.72,41.2188380258561,27.6293870103064,14.0828393261097
132,10,11,2178,36.48,41.2188380258561,27.6293870103064,14.0828393261097
132,10,12,2559,34.06,41.2188380258561,27.6293870103064,14.0828393261097
132,10,13,2881,36.41,41.2188380258561,27.6293870103064,14.0828393261097
132,10,14,3727,40.06,41.2188380258561,27.6293870103064,14.0828393261097
132,10,15,4221,34.73,41.2188380258561,27.6293870103064,14.0828393261097
132,10,16,4385,33.82,41.2188380258561,27.6293870103064,14.0828393261097
132,10,17,4465,41.82,41.2188380258561,27.6293870103064,14.0828393261097
132,10,18,4464,41.37,41.2188380258561,27.6293870103064,14.0828393261097
132,10,19,5119,31.21,41.2188380258561,27.6293870103064,14.0828393261097
132,10,20,5860,41.39,41.2188380258561,27.6293870103064,14.0828393261097
132,10,21,6339,33.12,41.2188380258561,27.6293870103064,14.0828393261097
132,10,22,7285,28.38,41.2188380258561,27.6293870103064,14.0828393261097
132,10,23,7243,40.8,41.2188380258561,27.6293870103064,14.0828393261097
132,11,0,287,117.44,188.605785344025,126.424287661481,64.4391035309751
132,11,1,159,74.46,188.605785344025,126.424287661481,64.4391035309751
132,11,2,55,74.01,188.605785344025,126.424287661481,64.4391035309751
132,11,3,18,72.2,188.605785344025,126.424287661481,64.4391035309751
132,11,4,21,69.01,188.605785344025,126.424287661481,64.4391035309751
132,11,5,46,74.91,188.605785344025,126.424287661481,64.4391035309751
132,11,6,101,87.73,188.605785344025,126.424287661481,64.4391035309751
132,11,7,127,90.51,188.605785344025,126.424287661481,64.4391035309751
132,11,8,121,90.61,188.605785344025,126.424287661481,64.4391035309751
132,11,9,142,86.09,188.605785344025,126.424287661481,64.4391035309751
132,11,10,172,89.72,188.605785344025,126.424287661481,64.4391035309751
132,11,11,117,91.37,188.605785344025,126.424287661481,64.4391035309751
132,11,12,144,98.74,188.605785344025,126.424287661481,64.4391035309751
132,11,13,171,89.68,188.605785344025,126.424287661481,64.4391035309751
132,11,14,205,99.2,188.605785344025,126.424287661481,64.4391035309751
132,11,15,201,101.16,188.605785344025,126.424287661481,64.4391035309751
132,11,16,217,116.38,188.605785344025,126.424287661481,64.4391035309751
132,11,17,211,103.66,188.605785344025,126.424287661481,64.4391035309751
132,11,18,196,97.64,188.605785344025,126.424287661481,64.4391035309751
132,11,19,256,92.56,188.605785344025,126.424287661481,64.4391035309751
132,11,20,257,86.95,188.605785344025,126.424287661481,64.4391035309751
132,11,21,266,83.8,188.605785344025,126.424287661481,64.4391035309751
132,11,22,267,82.36,188.605785344025,126.424287661481,64.4391035309751
132,11,23,277,82.51,188.605785344025,126.424287661481,64.4391035309751
132,12,0,4,102.92,201.702578785816,135.203195363108,68.9137575135132
132,12,6,5,138,201.702578785816,135.203195363108,68.9137575135132
132,12,7,19,122.96,201.702578785816,135.203195363108,68.9137575135132
132,12,8,18,118.24,201.702578785816,135.203195363108,68.9137575135132
132,12,9,24,132.36,201.702578785816,135.203195363108,68.9137575135132
132,12,10,14,115.8,201.702578785816,135.203195363108,68.9137575135132
132,12,11,11,127,201.702578785816,135.203195363108,68.9137575135132
132,12,12,19,128.51,201.702578785816,135.203195363108,68.9137575135132
132,12,13,16,123.89,201.702578785816,135.203195363108,68.9137575135132
132,12,14,11,158.29,201.702578785816,135.203195363108,68.9137575135132
132,12,15,11,154.96,201.702578785816,135.203195363108,68.9137575135132
132,12,16,11,148.72,201.702578785816,135.203195363108,68.9137575135132
132,12,17,7,162.24,201.702578785816,135.203195363108,68.9137575135132
132,12,18,6,175.45,201.702578785816,135.203195363108,68.9137575135132
132,12,19,5,112.7,201.702578785816,135.203195363108,68.9137575135132
132,12,20,4,121.61,201.702578785816,135.203195363108,68.9137575135132
132,12,21,8,112.62,201.702578785816,135.203195363108,68.9137575135132
132,12,22,12,117.04,201.702578785816,135.203195363108,68.9137575135132
132,12,23,4,106.88,201.702578785816,135.203195363108,68.9137575135132
132,13,0,1173,109.83,205.398719334567,137.680754230776,70.1765818910983
132,13,1,477,106.74,205.398719334567,137.680754230776,70.1765818910983
132,13,2,125,99.99,205.398719334567,137.680754230776,70.1765818910983
132,13,3,55,98.25,205.398719334567,137.680754230776,70.1765818910983
132,13,4,54,100.71,205.398719334567,137.680754230776,70.1765818910983
132,13,5,294,106.43,205.398719334567,137.680754230776,70.1765818910983
132,13,6,839,150.92,205.398719334567,137.680754230776,70.1765818910983
132,13,7,922,150.49,205.398719334567,137.680754230776,70.1765818910983
132,13,8,712,155.17,205.398719334567,137.680754230776,70.1765818910983
132,13,9,712,126.86,205.398719334567,137.680754230776,70.1765818910983
132,13,10,637,127.78,205.398719334567,137.680754230776,70.1765818910983
132,13,11,774,144.29,205.398719334567,137.680754230776,70.1765818910983
132,13,12,899,143.98,205.398719334567,137.680754230776,70.1765818910983
132,13,13,1068,144.09,205.398719334567,137.680754230776,70.1765818910983
132,13,14,1318,141.63,205.398719334567,137.680754230776,70.1765818910983
132,13,15,1442,151.22,205.398719334567,137.680754230776,70.1765818910983
132,13,16,1437,148.77,205.398719334567,137.680754230776,70.1765818910983
132,13,17,1321,140.05,205.398719334567,137.680754230776,70.1765818910983
132,13,18,1232,131.54,205.398719334567,137.680754230776,70.1765818910983
132,13,19,1388,121.39,205.398719334567,137.680754230776,70.1765818910983
132,13,20,1571,117.37,205.398719334567,137.680754230776,70.1765818910983
132,13,21,1692,114.54,205.398719334567,137.680754230776,70.1765818910983
132,13,22,1763,115.2,205.398719334567,137.680754230776,70.1765818910983
132,13,23,1518,115.51,205.398719334567,137.680754230776,70.1765818910983
132,14,0,1162,91.65,203.217732683181,136.218817719667,69.431425403072
132,14,1,564,89.09,203.217732683181,136.218817719667,69.431425403072
132,14,2,218,90.44,203.217732683181,136.218817719667,69.431425403072
132,14,3,89,85.49,203.217732683181,136.218817719667,69.431425403072
132,14,4,86,84.63,203.217732683181,136.218817719667,69.431425403072
132,14,5,236,139.16,203.217732683181,136.218817719667,69.431425403072
132,14,6,588,101.46,203.217732683181,136.218817719667,69.431425403072
132,14,7,649,121.78,203.217732683181,136.218817719667,69.431425403072
132,14,8,591,100.08,203.217732683181,136.218817719667,69.431425403072
132,14,9,664,99.68,203.217732683181,136.218817719667,69.431425403072
132,14,10,790,105.83,203.217732683181,136.218817719667,69.431425403072
132,14,11,612,118.34,203.217732683181,136.218817719667,69.431425403072
132,14,12,759,107.08,203.217732683181,136.218817719667,69.431425403072
132,14,13,893,108.5,203.217732683181,136.218817719667,69.431425403072
132,14,14,1134,131.62,203.217732683181,136.218817719667,69.431425403072
132,14,15,1279,122.17,203.217732683181,136.218817719667,69.431425403072
132,14,16,1279,120.17,203.217732683181,136.218817719667,69.431425403072
132,14,17,1188,117.27,203.217732683181,136.218817719667,69.431425403072
132,14,18,1193,127.97,203.217732683181,136.218817719667,69.431425403072
132,14,19,1492,103.8,203.217732683181,136.218817719667,69.431425403072
132,14,20,1527,100.27,203.217732683181,136.218817719667,69.431425403072
132,14,21,1449,96.86,203.217732683181,136.218817719667,69.431425403072
132,14,22,1600,95.48,203.217732683181,136.218817719667,69.431425403072
132,14,23,1576,118.79,203.217732683181,136.218817719667,69.431425403072
132,15,0,312,76.34,150.626935041382,100.966695854551,51.4632392849478
132,15,1,126,144.29,150.626935041382,100.966695854551,51.4632392849478
132,15,2,63,69.48,150.626935041382,100.966695854551,51.4632392849478
132,15,3,28,63.68,150.626935041382,100.966695854551,51.4632392849478
132,15,4,35,71.28,150.626935041382,100.966695854551,51.4632392849478
132,15,5,79,69.51,150.626935041382,100.966695854551,51.4632392849478
132,15,6,205,76.78,150.626935041382,100.966695854551,51.4632392849478
132,15,7,196,84.52,150.626935041382,100.966695854551,51.4632392849478
132,15,8,145,80.79,150.626935041382,100.966695854551,51.4632392849478
132,15,9,146,74.03,150.626935041382,100.966695854551,51.4632392849478
132,15,10,127,74.81,150.626935041382,100.966695854551,51.4632392849478
132,15,11,135,72.99,150.626935041382,100.966695854551,51.4632392849478
132,15,12,141,81.39,150.626935041382,100.966695854551,51.4632392849478
132,15,13,163,80.28,150.626935041382,100.966695854551,51.4632392849478
132,15,14,241,88.93,150.626935041382,100.966695854551,51.4632392849478
132,15,15,236,91.47,150.626935041382,100.966695854551,51.4632392849478
132,15,16,272,92.1,150.626935041382,100.966695854551,51.4632392849478
132,15,17,282,92.03,150.626935041382,100.966695854551,51.4632392849478
132,15,18,277,84.27,150.626935041382,100.966695854551,51.4632392849478
132,15,19,341,87.48,150.626935041382,100.966695854551,51.4632392849478
132,15,20,356,76.18,150.626935041382,100.966695854551,51.4632392849478
132,15,21,363,75.57,150.626935041382,100.966695854551,51.4632392849478
132,15,22,381,78.55,150.626935041382,100.966695854551,51.4632392849478
132,15,23,351,74.7,150.626935041382,100.966695854551,51.4632392849478
132,16,0,577,67.65,128.726657828453,86.2867275747696,43.9807846608394
132,16,1,296,66.7,128.726657828453,86.2867275747696,43.9807846608394
132,16,2,134,62.25,128.726657828453,86.2867275747696,43.9807846608394
132,16,3,79,59.12,128.726657828453,86.2867275747696,43.9807846608394
132,16,4,43,62.26,128.726657828453,86.2867275747696,43.9807846608394
132,16,5,151,61.04,128.726657828453,86.2867275747696,43.9807846608394
132,16,6,337,71.31,128.726657828453,86.2867275747696,43.9807846608394
132,16,7,401,78.51,128.726657828453,86.2867275747696,43.9807846608394
132,16,8,314,77.81,128.726657828453,86.2867275747696,43.9807846608394
132,16,9,314,68.24,128.726657828453,86.2867275747696,43.9807846608394
132,16,10,274,68.91,128.726657828453,86.2867275747696,43.9807846608394
132,16,11,235,71.37,128.726657828453,86.2867275747696,43.9807846608394
132,16,12,351,71.25,128.726657828453,86.2867275747696,43.9807846608394
132,16,13,383,76.73,128.726657828453,86.2867275747696,43.9807846608394
132,16,14,492,84.56,128.726657828453,86.2867275747696,43.9807846608394
132,16,15,520,89.52,128.726657828453,86.2867275747696,43.9807846608394
132,16,16,534,85.63,128.726657828453,86.2867275747696,43.9807846608394
132,16,17,575,82.34,128.726657828453,86.2867275747696,43.9807846608394
132,16,18,500,83.77,128.726657828453,86.2867275747696,43.9807846608394
132,16,19,673,73.52,128.726657828453,86.2867275747696,43.9807846608394
132,16,20,703,70.92,128.726657828453,86.2867275747696,43.9807846608394
132,16,21,694,69.37,128.726657828453,86.2867275747696,43.9807846608394
132,16,22,779,106.78,128.726657828453,86.2867275747696,43.9807846608394
132,16,23,758,70.8,128.726657828453,86.2867275747696,43.9807846608394
132,17,0,2977,80.26,147.973292639176,99.1879336082328,50.5565951055129
132,17,1,1454,95.27,147.973292639176,99.1879336082328,50.5565951055129
132,17,2,457,75.58,147.973292639176,99.1879336082328,50.5565951055129
132,17,3,222,118.46,147.973292639176,99.1879336082328,50.5565951055129
132,17,4,286,64.43,147.973292639176,99.1879336082328,50.5565951055129
132,17,5,688,97.14,147.973292639176,99.1879336082328,50.5565951055129
132,17,6,1753,106.46,147.973292639176,99.1879336082328,50.5565951055129
132,17,7,1579,100.35,147.973292639176,99.1879336082328,50.5565951055129
132,17,8,1365,100.07,147.973292639176,99.1879336082328,50.5565951055129
132,17,9,1068,95.42,147.973292639176,99.1879336082328,50.5565951055129
132,17,10,1103,86.76,147.973292639176,99.1879336082328,50.5565951055129
132,17,11,921,88.01,147.973292639176,99.1879336082328,50.5565951055129
132,17,12,1152,88.84,147.973292639176,99.1879336082328,50.5565951055129
132,17,13,1413,97.84,147.973292639176,99.1879336082328,50.5565951055129
132,17,14,1857,100.08,147.973292639176,99.1879336082328,50.5565951055129
132,17,15,2214,103.71,147.973292639176,99.1879336082328,50.5565951055129
132,17,16,2329,102.02,147.973292639176,99.1879336082328,50.5565951055129
132,17,17,2019,111.46,147.973292639176,99.1879336082328,50.5565951055129
132,17,18,1972,94.61,147.973292639176,99.1879336082328,50.5565951055129
132,17,19,2293,103.35,147.973292639176,99.1879336082328,50.5565951055129
132,17,20,2677,88.15,147.973292639176,99.1879336082328,50.5565951055129
132,17,21,3063,85.04,147.973292639176,99.1879336082328,50.5565951055129
132,17,22,3724,84.89,147.973292639176,99.1879336082328,50.5565951055129
132,17,23,3601,84.25,147.973292639176,99.1879336082328,50.5565951055129
132,18,0,329,97.27,256.183645177351,171.722382709478,87.5277733629124
132,18,1,258,94.92,256.183645177351,171.722382709478,87.5277733629124
132,18,2,131,89.5,256.183645177351,171.722382709478,87.5277733629124
132,18,3,56,87.88,256.183645177351,171.722382709478,87.5277733629124
132,18,4,52,86.53,256.183645177351,171.722382709478,87.5277733629124
132,18,5,69,94.27,256.183645177351,171.722382709478,87.5277733629124
132,18,6,150,113.98,256.183645177351,171.722382709478,87.5277733629124
132,18,7,150,125.64,256.183645177351,171.722382709478,87.5277733629124
132,18,8,122,117.7,256.183645177351,171.722382709478,87.5277733629124
132,18,9,188,109.78,256.183645177351,171.722382709478,87.5277733629124
132,18,10,260,159.04,256.183645177351,171.722382709478,87.5277733629124
132,18,11,201,112.35,256.183645177351,171.722382709478,87.5277733629124
132,18,12,133,115.61,256.183645177351,171.722382709478,87.5277733629124
132,18,13,109,115.3,256.183645177351,171.722382709478,87.5277733629124
132,18,14,176,126.18,256.183645177351,171.722382709478,87.5277733629124
132,18,15,230,133.24,256.183645177351,171.722382709478,87.5277733629124
132,18,16,192,145.55,256.183645177351,171.722382709478,87.5277733629124
132,18,17,229,126.69,256.183645177351,171.722382709478,87.5277733629124
132,18,18,271,119.18,256.183645177351,171.722382709478,87.5277733629124
132,18,19,260,106.38,256.183645177351,171.722382709478,87.5277733629124
132,18,20,269,102.2,256.183645177351,171.722382709478,87.5277733629124
132,18,21,234,98.65,256.183645177351,171.722382709478,87.5277733629124
132,18,22,279,101.49,256.183645177351,171.722382709478,87.5277733629124
132,18,23,354,102.77,256.183645177351,171.722382709478,87.5277733629124
132,19,0,410,56.64,108.018012389479,72.4055216336002,36.9054632702777
132,19,1,269,52.06,108.018012389479,72.4055216336002,36.9054632702777
132,19,2,102,50.26,108.018012389479,72.4055216336002,36.9054632702777
132,19,3,50,50.85,108.018012389479,72.4055216336002,36.9054632702777
132,19,4,45,50.19,108.018012389479,72.4055216336002,36.9054632702777
132,19,5,91,54.26,108.018012389479,72.4055216336002,36.9054632702777
132,19,6,290,54.66,108.018012389479,72.4055216336002,36.9054632702777
132,19,7,325,60.83,108.018012389479,72.4055216336002,36.9054632702777
132,19,8,268,64.43,108.018012389479,72.4055216336002,36.9054632702777
132,19,9,303,55.86,108.018012389479,72.4055216336002,36.9054632702777
132,19,10,319,117.09,108.018012389479,72.4055216336002,36.9054632702777
132,19,11,216,57.41,108.018012389479,72.4055216336002,36.9054632702777
132,19,12,366,53.33,108.018012389479,72.4055216336002,36.9054632702777
132,19,13,267,85.03,108.018012389479,72.4055216336002,36.9054632702777
132,19,14,331,68.13,108.018012389479,72.4055216336002,36.9054632702777
132,19,15,393,71.47,108.018012389479,72.4055216336002,36.9054632702777
132,19,16,425,69.24,108.018012389479,72.4055216336002,36.9054632702777
132,19,17,379,77.37,108.018012389479,72.4055216336002,36.9054632702777
132,19,18,357,69.56,108.018012389479,72.4055216336002,36.9054632702777
132,19,19,429,78.67,108.018012389479,72.4055216336002,36.9054632702777
132,19,20,401,57.29,108.018012389479,72.4055216336002,36.9054632702777
132,19,21,397,71.16,108.018012389479,72.4055216336002,36.9054632702777
132,19,22,433,58.54,108.018012389479,72.4055216336002,36.9054632702777
132,19,23,495,89.16,108.018012389479,72.4055216336002,36.9054632702777
132,20,0,173,91.86,245.145251537506,164.323240364513,83.7563928123308
132,20,1,129,90.22,245.145251537506,164.323240364513,83.7563928123308
132,20,2,39,89.24,245.145251537506,164.323240364513,83.7563928123308
132,20,3,20,82.04,245.145251537506,164.323240364513,83.7563928123308
132,20,4,29,89.15,245.145251537506,164.323240364513,83.7563928123308
132,20,5,44,88.13,245.145251537506,164.323240364513,83.7563928123308
132,20,6,137,108.18,245.145251537506,164.323240364513,83.7563928123308
132,20,7,169,116.56,245.145251537506,164.323240364513,83.7563928123308
132,20,8,140,106.05,245.145251537506,164.323240364513,83.7563928123308
132,20,9,137,101.52,245.145251537506,164.323240364513,83.7563928123308
132,20,10,158,108.86,245.145251537506,164.323240364513,83.7563928123308
132,20,11,144,105.95,245.145251537506,164.323240364513,83.7563928123308
132,20,12,123,106.45,245.145251537506,164.323240364513,83.7563928123308
132,20,13,112,112.27,245.145251537506,164.323240364513,83.7563928123308
132,20,14,162,120.37,245.145251537506,164.323240364513,83.7563928123308
132,20,15,240,133.74,245.145251537506,164.323240364513,83.7563928123308
132,20,16,239,119.41,245.145251537506,164.323240364513,83.7563928123308
132,20,17,178,113.46,245.145251537506,164.323240364513,83.7563928123308
132,20,18,179,108.92,245.145251537506,164.323240364513,83.7563928123308
132,20,19,197,100.05,245.145251537506,164.323240364513,83.7563928123308
132,20,20,209,96.46,245.145251537506,164.323240364513,83.7563928123308
132,20,21,198,93.18,245.145251537506,164.323240364513,83.7563928123308
132,20,22,238,98.1,245.145251537506,164.323240364513,83.7563928123308
132,20,23,258,97.58,245.145251537506,164.323240364513,83.7563928123308
132,21,0,513,79.24,170.537857746445,114.313180508131,58.2660105109123
132,21,1,208,76.37,170.537857746445,114.313180508131,58.2660105109123
132,21,2,90,71.31,170.537857746445,114.313180508131,58.2660105109123
132,21,3,43,70.59,170.537857746445,114.313180508131,58.2660105109123
132,21,4,33,67.67,170.537857746445,114.313180508131,58.2660105109123
132,21,5,93,73.77,170.537857746445,114.313180508131,58.2660105109123
132,21,6,253,86.02,170.537857746445,114.313180508131,58.2660105109123
132,21,7,266,95.51,170.537857746445,114.313180508131,58.2660105109123
132,21,8,243,117.64,170.537857746445,114.313180508131,58.2660105109123
132,21,9,247,83.18,170.537857746445,114.313180508131,58.2660105109123
132,21,10,280,84.68,170.537857746445,114.313180508131,58.2660105109123
132,21,11,232,84.76,170.537857746445,114.313180508131,58.2660105109123
132,21,12,293,84.54,170.537857746445,114.313180508131,58.2660105109123
132,21,13,301,88.87,170.537857746445,114.313180508131,58.2660105109123
132,21,14,398,93.62,170.537857746445,114.313180508131,58.2660105109123
132,21,15,420,99.59,170.537857746445,114.313180508131,58.2660105109123
132,21,16,424,99.54,170.537857746445,114.313180508131,58.2660105109123
132,21,17,373,99.48,170.537857746445,114.313180508131,58.2660105109123
132,21,18,390,92.2,170.537857746445,114.313180508131,58.2660105109123
132,21,19,479,85.99,170.537857746445,114.313180508131,58.2660105109123
132,21,20,500,86.74,170.537857746445,114.313180508131,58.2660105109123
132,21,21,519,81.57,170.537857746445,114.313180508131,58.2660105109123
132,21,22,505,81.48,170.537857746445,114.313180508131,58.2660105109123
132,21,23,608,81.76,170.537857746445,114.313180508131,58.2660105109123
132,22,0,667,81.91,177.332501620853,118.867696214893,60.5874703711202
132,22,1,334,81.89,177.332501620853,118.867696214893,60.5874703711202
132,22,2,140,76.29,177.332501620853,118.867696214893,60.5874703711202
132,22,3,80,77.13,177.332501620853,118.867696214893,60.5874703711202
132,22,4,48,71.76,177.332501620853,118.867696214893,60.5874703711202
132,22,5,134,74.93,177.332501620853,118.867696214893,60.5874703711202
132,22,6,339,88,177.332501620853,118.867696214893,60.5874703711202
132,22,7,392,97.86,177.332501620853,118.867696214893,60.5874703711202
132,22,8,294,92.01,177.332501620853,118.867696214893,60.5874703711202
132,22,9,307,89.44,177.332501620853,118.867696214893,60.5874703711202
132,22,10,447,90.19,177.332501620853,118.867696214893,60.5874703711202
132,22,11,271,115.12,177.332501620853,118.867696214893,60.5874703711202
132,22,12,339,92.28,177.332501620853,118.867696214893,60.5874703711202
132,22,13,397,95.47,177.332501620853,118.867696214893,60.5874703711202
132,22,14,463,102.03,177.332501620853,118.867696214893,60.5874703711202
132,22,15,501,105.15,177.332501620853,118.867696214893,60.5874703711202
132,22,16,544,110.9,177.332501620853,118.867696214893,60.5874703711202
132,22,17,516,135.96,177.332501620853,118.867696214893,60.5874703711202
132,22,18,501,101.83,177.332501620853,118.867696214893,60.5874703711202
132,22,19,617,96.58,177.332501620853,118.867696214893,60.5874703711202
132,22,20,642,90.95,177.332501620853,118.867696214893,60.5874703711202
132,22,21,629,89.14,177.332501620853,118.867696214893,60.5874703711202
132,22,22,735,85.62,177.332501620853,118.867696214893,60.5874703711202
132,22,23,728,84.76,177.332501620853,118.867696214893,60.5874703711202
132,23,0,91,115.74,318.034579440335,213.18166398832,108.659780258618
132,23,1,51,120.46,318.034579440335,213.18166398832,108.659780258618
132,23,2,17,106,318.034579440335,213.18166398832,108.659780258618
132,23,3,8,119.81,318.034579440335,213.18166398832,108.659780258618
132,23,4,9,98.49,318.034579440335,213.18166398832,108.659780258618
132,23,5,29,113.43,318.034579440335,213.18166398832,108.659780258618
132,23,6,70,120.97,318.034579440335,213.18166398832,108.659780258618
132,23,7,55,148.45,318.034579440335,213.18166398832,108.659780258618
132,23,8,48,126.4,318.034579440335,213.18166398832,108.659780258618
132,23,9,60,124.18,318.034579440335,213.18166398832,108.659780258618
132,23,10,67,130.5,318.034579440335,213.18166398832,108.659780258618
132,23,11,57,136.35,318.034579440335,213.18166398832,108.659780258618
132,23,12,59,139.1,318.034579440335,213.18166398832,108.659780258618
132,23,13,95,140.58,318.034579440335,213.18166398832,108.659780258618
132,23,14,108,174.03,318.034579440335,213.18166398832,108.659780258618
132,23,15,98,158.6,318.034579440335,213.18166398832,108.659780258618
132,23,16,114,157.3,318.034579440335,213.18166398832,108.659780258618
132,23,17,113,146.62,318.034579440335,213.18166398832,108.659780258618
132,23,18,116,141,318.034579440335,213.18166398832,108.659780258618
132,23,19,130,130.26,318.034579440335,213.18166398832,108.659780258618
132,23,20,143,122.07,318.034579440335,213.18166398832,108.659780258618
132,23,21,126,119.15,318.034579440335,213.18166398832,108.659780258618
132,23,22,135,127.91,318.034579440335,213.18166398832,108.659780258618
132,23,23,103,120.43,318.034579440335,213.18166398832,108.659780258618
132,24,0,554,101.03,227.209680811552,152.300853306264,77.628520876755
132,24,1,290,99.07,227.209680811552,152.300853306264,77.628520876755
132,24,2,100,93.79,227.209680811552,152.300853306264,77.628520876755
132,24,3,60,86.56,227.209680811552,152.300853306264,77.628520876755
132,24,4,30,93.21,227.209680811552,152.300853306264,77.628520876755
132,24,5,144,93.17,227.209680811552,152.300853306264,77.628520876755
132,24,6,385,112.31,227.209680811552,152.300853306264,77.628520876755
132,24,7,365,121.9,227.209680811552,152.300853306264,77.628520876755
132,24,8,361,117.37,227.209680811552,152.300853306264,77.628520876755
132,24,9,271,108.79,227.209680811552,152.300853306264,77.628520876755
132,24,10,241,110.18,227.209680811552,152.300853306264,77.628520876755
132,24,11,217,111.89,227.209680811552,152.300853306264,77.628520876755
132,24,12,242,113.01,227.209680811552,152.300853306264,77.628520876755
132,24,13,302,116.1,227.209680811552,152.300853306264,77.628520876755
132,24,14,414,119.21,227.209680811552,152.300853306264,77.628520876755
132,24,15,515,122.9,227.209680811552,152.300853306264,77.628520876755
132,24,16,546,121.74,227.209680811552,152.300853306264,77.628520876755
132,24,17,526,117.92,227.209680811552,152.300853306264,77.628520876755
132,24,18,469,115.39,227.209680811552,152.300853306264,77.628520876755
132,24,19,533,108.25,227.209680811552,152.300853306264,77.628520876755
132,24,20,623,103.51,227.209680811552,152.300853306264,77.628520876755
132,24,21,666,100.83,227.209680811552,152.300853306264,77.628520876755
132,24,22,784,105.4,227.209680811552,152.300853306264,77.628520876755
132,24,23,798,107.18,227.209680811552,152.300853306264,77.628520876755
132,25,0,2670,97.39,173.662402066302,116.407592878272,59.3335431666427
132,25,1,1166,95.23,173.662402066302,116.407592878272,59.3335431666427
132,25,2,325,91.42,173.662402066302,116.407592878272,59.3335431666427
132,25,3,152,85.04,173.662402066302,116.407592878272,59.3335431666427
132,25,4,116,83.8,173.662402066302,116.407592878272,59.3335431666427
132,25,5,514,116.9,173.662402066302,116.407592878272,59.3335431666427
132,25,6,1289,109.09,173.662402066302,116.407592878272,59.3335431666427
132,25,7,1344,131.62,173.662402066302,116.407592878272,59.3335431666427
132,25,8,1132,133.21,173.662402066302,116.407592878272,59.3335431666427
132,25,9,960,130.55,173.662402066302,116.407592878272,59.3335431666427
132,25,10,909,133.48,173.662402066302,116.407592878272,59.3335431666427
132,25,11,979,134.46,173.662402066302,116.407592878272,59.3335431666427
132,25,12,1398,133.11,173.662402066302,116.407592878272,59.3335431666427
132,25,13,1570,126.17,173.662402066302,116.407592878272,59.3335431666427
132,25,14,2143,128.5,173.662402066302,116.407592878272,59.3335431666427
132,25,15,2782,138.04,173.662402066302,116.407592878272,59.3335431666427
132,25,16,2807,128.09,173.662402066302,116.407592878272,59.3335431666427
132,25,17,2387,134.67,173.662402066302,116.407592878272,59.3335431666427
132,25,18,2297,123.54,173.662402066302,116.407592878272,59.3335431666427
132,25,19,2560,121.41,173.662402066302,116.407592878272,59.3335431666427
132,25,20,3005,121.07,173.662402066302,116.407592878272,59.3335431666427
132,25,21,3366,102.81,173.662402066302,116.407592878272,59.3335431666427
132,25,22,3536,104.47,173.662402066302,116.407592878272,59.3335431666427
132,25,23,3424,112.46,173.662402066302,116.407592878272,59.3335431666427
132,26,0,609,124.25,169.659729795194,113.724562823313,57.9659890780552
132,26,1,306,95.51,169.659729795194,113.724562823313,57.9659890780552
132,26,2,122,95.19,169.659729795194,113.724562823313,57.9659890780552
132,26,3,72,93.22,169.659729795194,113.724562823313,57.9659890780552
132,26,4,72,88.94,169.659729795194,113.724562823313,57.9659890780552
132,26,5,465,93.84,169.659729795194,113.724562823313,57.9659890780552
132,26,6,1166,136.84,169.659729795194,113.724562823313,57.9659890780552
132,26,7,571,124.56,169.659729795194,113.724562823313,57.9659890780552
132,26,8,271,113.29,169.659729795194,113.724562823313,57.9659890780552
132,26,9,226,107.22,169.659729795194,113.724562823313,57.9659890780552
132,26,10,361,109.91,169.659729795194,113.724562823313,57.9659890780552
132,26,11,212,110.35,169.659729795194,113.724562823313,57.9659890780552
132,26,12,284,126.63,169.659729795194,113.724562823313,57.9659890780552
132,26,13,372,127.11,169.659729795194,113.724562823313,57.9659890780552
132,26,14,445,120.39,169.659729795194,113.724562823313,57.9659890780552
132,26,15,572,125.6,169.659729795194,113.724562823313,57.9659890780552
132,26,16,671,158.3,169.659729795194,113.724562823313,57.9659890780552
132,26,17,534,126.78,169.659729795194,113.724562823313,57.9659890780552
132,26,18,550,117.9,169.659729795194,113.724562823313,57.9659890780552
132,26,19,613,112.12,169.659729795194,113.724562823313,57.9659890780552
132,26,20,660,133.46,169.659729795194,113.724562823313,57.9659890780552
132,26,21,634,105.23,169.659729795194,113.724562823313,57.9659890780552
132,26,22,667,102.33,169.659729795194,113.724562823313,57.9659890780552
132,26,23,673,126.76,169.659729795194,113.724562823313,57.9659890780552
132,27,0,75,78.21,135.345658400403,90.723507871903,46.2422341829178
132,27,1,34,76.56,135.345658400403,90.723507871903,46.2422341829178
132,27,2,17,77.69,135.345658400403,90.723507871903,46.2422341829178
132,27,3,7,73.78,135.345658400403,90.723507871903,46.2422341829178
132,27,5,6,65.11,135.345658400403,90.723507871903,46.2422341829178
132,27,6,22,75.73,135.345658400403,90.723507871903,46.2422341829178
132,27,7,27,84.08,135.345658400403,90.723507871903,46.2422341829178
132,27,8,21,79.19,135.345658400403,90.723507871903,46.2422341829178
132,27,9,38,76.5,135.345658400403,90.723507871903,46.2422341829178
132,27,10,42,78.94,135.345658400403,90.723507871903,46.2422341829178
132,27,11,44,83.05,135.345658400403,90.723507871903,46.2422341829178
132,27,12,62,83.12,135.345658400403,90.723507871903,46.2422341829178
132,27,13,58,86.04,135.345658400403,90.723507871903,46.2422341829178
132,27,14,105,85.87,135.345658400403,90.723507871903,46.2422341829178
132,27,15,113,88.97,135.345658400403,90.723507871903,46.2422341829178
132,27,16,71,88.91,135.345658400403,90.723507871903,46.2422341829178
132,27,17,107,92.7,135.345658400403,90.723507871903,46.2422341829178
132,27,18,88,88.33,135.345658400403,90.723507871903,46.2422341829178
132,27,19,103,98.16,135.345658400403,90.723507871903,46.2422341829178
132,27,20,97,81.09,135.345658400403,90.723507871903,46.2422341829178
132,27,21,88,80.16,135.345658400403,90.723507871903,46.2422341829178
132,27,22,105,81.25,135.345658400403,90.723507871903,46.2422341829178
132,27,23,89,79.62,135.345658400403,90.723507871903,46.2422341829178
132,28,0,1461,44.13,78.4454976502375,52.5827781082743,26.8017099019633
132,28,1,848,63.75,78.4454976502375,52.5827781082743,26.8017099019633
132,28,2,397,77.75,78.4454976502375,52.5827781082743,26.8017099019633
132,28,3,229,36.59,78.4454976502375,52.5827781082743,26.8017099019633
132,28,4,191,35.02,78.4454976502375,52.5827781082743,26.8017099019633
132,28,5,290,37.95,78.4454976502375,52.5827781082743,26.8017099019633
132,28,6,713,66.16,78.4454976502375,52.5827781082743,26.8017099019633
132,28,7,679,50.48,78.4454976502375,52.5827781082743,26.8017099019633
132,28,8,709,74.38,78.4454976502375,52.5827781082743,26.8017099019633
132,28,9,730,61.53,78.4454976502375,52.5827781082743,26.8017099019633
132,28,10,821,68.38,78.4454976502375,52.5827781082743,26.8017099019633
132,28,11,610,50.47,78.4454976502375,52.5827781082743,26.8017099019633
132,28,12,643,63.1,78.4454976502375,52.5827781082743,26.8017099019633
132,28,13,703,57,78.4454976502375,52.5827781082743,26.8017099019633
132,28,14,892,55.1,78.4454976502375,52.5827781082743,26.8017099019633
132,28,15,1128,55.07,78.4454976502375,52.5827781082743,26.8017099019633
132,28,16,1143,54.85,78.4454976502375,52.5827781082743,26.8017099019633
132,28,17,1064,58,78.4454976502375,52.5827781082743,26.8017099019633
132,28,18,1166,51.25,78.4454976502375,52.5827781082743,26.8017099019633
132,28,19,1108,69.75,78.4454976502375,52.5827781082743,26.8017099019633
132,28,20,1234,48.96,78.4454976502375,52.5827781082743,26.8017099019633
132,28,21,1394,43.66,78.4454976502375,52.5827781082743,26.8017099019633
132,28,22,1466,64.05,78.4454976502375,52.5827781082743,26.8017099019633
132,28,23,1591,47.62,78.4454976502375,52.5827781082743,26.8017099019633
132,29,0,479,74.08,160.586759529305,107.642862833323,54.8661156079458
132,29,1,236,71.5,160.586759529305,107.642862833323,54.8661156079458
132,29,2,89,68.61,160.586759529305,107.642862833323,54.8661156079458
132,29,3,48,65.4,160.586759529305,107.642862833323,54.8661156079458
132,29,4,41,62.71,160.586759529305,107.642862833323,54.8661156079458
132,29,5,123,70.54,160.586759529305,107.642862833323,54.8661156079458
132,29,6,201,76.35,160.586759529305,107.642862833323,54.8661156079458
132,29,7,223,85.59,160.586759529305,107.642862833323,54.8661156079458
132,29,8,189,78.91,160.586759529305,107.642862833323,54.8661156079458
132,29,9,250,77.38,160.586759529305,107.642862833323,54.8661156079458
132,29,10,326,118.68,160.586759529305,107.642862833323,54.8661156079458
132,29,11,271,76.66,160.586759529305,107.642862833323,54.8661156079458
132,29,12,356,81.44,160.586759529305,107.642862833323,54.8661156079458
132,29,13,301,77.02,160.586759529305,107.642862833323,54.8661156079458
132,29,14,363,84.25,160.586759529305,107.642862833323,54.8661156079458
132,29,15,460,86.64,160.586759529305,107.642862833323,54.8661156079458
132,29,16,475,90.61,160.586759529305,107.642862833323,54.8661156079458
132,29,17,411,90.76,160.586759529305,107.642862833323,54.8661156079458
132,29,18,453,84.53,160.586759529305,107.642862833323,54.8661156079458
132,29,19,583,83.29,160.586759529305,107.642862833323,54.8661156079458
132,29,20,500,78.25,160.586759529305,107.642862833323,54.8661156079458
132,29,21,473,111.46,160.586759529305,107.642862833323,54.8661156079458
132,29,22,536,73.89,160.586759529305,107.642862833323,54.8661156079458
132,29,23,635,76.61,160.586759529305,107.642862833323,54.8661156079458
132,30,0,28,61.9,53.2043705515229,35.6634057390375,18.1778196040822
132,30,1,21,54.39,53.2043705515229,35.6634057390375,18.1778196040822
132,30,2,8,52.24,53.2043705515229,35.6634057390375,18.1778196040822
132,30,4,4,45.01,53.2043705515229,35.6634057390375,18.1778196040822
132,30,5,8,56.02,53.2043705515229,35.6634057390375,18.1778196040822
132,30,6,24,60.18,53.2043705515229,35.6634057390375,18.1778196040822
132,30,7,13,62.41,53.2043705515229,35.6634057390375,18.1778196040822
132,30,8,9,57.07,53.2043705515229,35.6634057390375,18.1778196040822
132,30,9,15,62.34,53.2043705515229,35.6634057390375,18.1778196040822
132,30,10,13,55.33,53.2043705515229,35.6634057390375,18.1778196040822
132,30,11,26,64.41,53.2043705515229,35.6634057390375,18.1778196040822
132,30,12,23,59.99,53.2043705515229,35.6634057390375,18.1778196040822
132,30,13,22,58.48,53.2043705515229,35.6634057390375,18.1778196040822
132,30,14,35,58.7,53.2043705515229,35.6634057390375,18.1778196040822
132,30,15,35,58.07,53.2043705515229,35.6634057390375,18.1778196040822
132,30,16,35,66.47,53.2043705515229,35.6634057390375,18.1778196040822
132,30,17,35,67.66,53.2043705515229,35.6634057390375,18.1778196040822
132,30,18,26,59.6,53.2043705515229,35.6634057390375,18.1778196040822
132,30,19,33,57.32,53.2043705515229,35.6634057390375,18.1778196040822
132,30,20,48,57.19,53.2043705515229,35.6634057390375,18.1778196040822
132,30,21,40,59.31,53.2043705515229,35.6634057390375,18.1778196040822
132,30,22,46,57.08,53.2043705515229,35.6634057390375,18.1778196040822
132,30,23,31,57.83,53.2043705515229,35.6634057390375,18.1778196040822
132,31,0,31,88.54,242.293731592469,162.41183888154,82.7821417381989
132,31,1,10,94.03,242.293731592469,162.41183888154,82.7821417381989
132,31,2,12,77.38,242.293731592469,162.41183888154,82.7821417381989
132,31,3,7,174.81,242.293731592469,162.41183888154,82.7821417381989
132,31,4,2,78.81,242.293731592469,162.41183888154,82.7821417381989
132,31,5,4,101.36,242.293731592469,162.41183888154,82.7821417381989
132,31,6,12,107.07,242.293731592469,162.41183888154,82.7821417381989
132,31,7,11,115.6,242.293731592469,162.41183888154,82.7821417381989
132,31,8,8,109.68,242.293731592469,162.41183888154,82.7821417381989
132,31,9,14,119.65,242.293731592469,162.41183888154,82.7821417381989
132,31,10,25,111.75,242.293731592469,162.41183888154,82.7821417381989
132,31,11,19,144.76,242.293731592469,162.41183888154,82.7821417381989
132,31,12,11,102.58,242.293731592469,162.41183888154,82.7821417381989
132,31,13,12,113.38,242.293731592469,162.41183888154,82.7821417381989
132,31,14,19,114.75,242.293731592469,162.41183888154,82.7821417381989
132,31,15,18,115.44,242.293731592469,162.41183888154,82.7821417381989
132,31,16,21,118.12,242.293731592469,162.41183888154,82.7821417381989
132,31,17,17,116.36,242.293731592469,162.41183888154,82.7821417381989
132,31,18,17,107.73,242.293731592469,162.41183888154,82.7821417381989
132,31,19,21,101.68,242.293731592469,162.41183888154,82.7821417381989
132,31,20,23,104.02,242.293731592469,162.41183888154,82.7821417381989
132,31,21,21,90.86,242.293731592469,162.41183888154,82.7821417381989
132,31,22,27,147.12,242.293731592469,162.41183888154,82.7821417381989
132,31,23,27,99.95,242.293731592469,162.41183888154,82.7821417381989
132,32,0,183,94.67,246.039454863605,164.922633529045,84.0619065620977
132,32,1,125,90.09,246.039454863605,164.922633529045,84.0619065620977
132,32,2,61,88.35,246.039454863605,164.922633529045,84.0619065620977
132,32,3,31,83.54,246.039454863605,164.922633529045,84.0619065620977
132,32,4,19,76.05,246.039454863605,164.922633529045,84.0619065620977
132,32,5,51,83.13,246.039454863605,164.922633529045,84.0619065620977
132,32,6,82,103.68,246.039454863605,164.922633529045,84.0619065620977
132,32,7,79,114.8,246.039454863605,164.922633529045,84.0619065620977
132,32,8,85,100.69,246.039454863605,164.922633529045,84.0619065620977
132,32,9,126,97.96,246.039454863605,164.922633529045,84.0619065620977
132,32,10,144,102.58,246.039454863605,164.922633529045,84.0619065620977
132,32,11,102,187.08,246.039454863605,164.922633529045,84.0619065620977
132,32,12,95,103.24,246.039454863605,164.922633529045,84.0619065620977
132,32,13,75,105.46,246.039454863605,164.922633529045,84.0619065620977
132,32,14,120,111.38,246.039454863605,164.922633529045,84.0619065620977
132,32,15,157,123.11,246.039454863605,164.922633529045,84.0619065620977
132,32,16,148,113.74,246.039454863605,164.922633529045,84.0619065620977
132,32,17,178,111.32,246.039454863605,164.922633529045,84.0619065620977
132,32,18,200,108.5,246.039454863605,164.922633529045,84.0619065620977
132,32,19,205,100.41,246.039454863605,164.922633529045,84.0619065620977
132,32,20,210,96.74,246.039454863605,164.922633529045,84.0619065620977
132,32,21,167,93.18,246.039454863605,164.922633529045,84.0619065620977
132,32,22,188,96.57,246.039454863605,164.922633529045,84.0619065620977
132,32,23,204,96.84,246.039454863605,164.922633529045,84.0619065620977
132,33,0,1873,100.5,183.823643328457,123.218771474841,62.8052355990931
132,33,1,792,96.67,183.823643328457,123.218771474841,62.8052355990931
132,33,2,218,88.86,183.823643328457,123.218771474841,62.8052355990931
132,33,3,98,86.54,183.823643328457,123.218771474841,62.8052355990931
132,33,4,87,86.52,183.823643328457,123.218771474841,62.8052355990931
132,33,5,400,98.14,183.823643328457,123.218771474841,62.8052355990931
132,33,6,1027,118.4,183.823643328457,123.218771474841,62.8052355990931
132,33,7,1012,133.77,183.823643328457,123.218771474841,62.8052355990931
132,33,8,833,145.35,183.823643328457,123.218771474841,62.8052355990931
132,33,9,695,116.41,183.823643328457,123.218771474841,62.8052355990931
132,33,10,610,118.5,183.823643328457,123.218771474841,62.8052355990931
132,33,11,725,138.11,183.823643328457,123.218771474841,62.8052355990931
132,33,12,962,131.27,183.823643328457,123.218771474841,62.8052355990931
132,33,13,1256,128.6,183.823643328457,123.218771474841,62.8052355990931
132,33,14,1587,136.79,183.823643328457,123.218771474841,62.8052355990931
132,33,15,1900,142.22,183.823643328457,123.218771474841,62.8052355990931
132,33,16,2010,150.04,183.823643328457,123.218771474841,62.8052355990931
132,33,17,1792,130.98,183.823643328457,123.218771474841,62.8052355990931
132,33,18,1762,123.98,183.823643328457,123.218771474841,62.8052355990931
132,33,19,2018,115.48,183.823643328457,123.218771474841,62.8052355990931
132,33,20,2416,107.46,183.823643328457,123.218771474841,62.8052355990931
132,33,21,2565,115.36,183.823643328457,123.218771474841,62.8052355990931
132,33,22,2696,107.01,183.823643328457,123.218771474841,62.8052355990931
132,33,23,2387,124.67,183.823643328457,123.218771474841,62.8052355990931
132,34,0,48,91.84,167.515118752511,112.287009235613,57.2332606903174
132,34,1,23,75.03,167.515118752511,112.287009235613,57.2332606903174
132,34,2,7,81.52,167.515118752511,112.287009235613,57.2332606903174
132,34,3,2,76.72,167.515118752511,112.287009235613,57.2332606903174
132,34,4,2,63.49,167.515118752511,112.287009235613,57.2332606903174
132,34,5,13,81.61,167.515118752511,112.287009235613,57.2332606903174
132,34,6,51,105.69,167.515118752511,112.287009235613,57.2332606903174
132,34,7,59,129.72,167.515118752511,112.287009235613,57.2332606903174
132,34,8,60,125.12,167.515118752511,112.287009235613,57.2332606903174
132,34,9,53,106.73,167.515118752511,112.287009235613,57.2332606903174
132,34,10,47,108.91,167.515118752511,112.287009235613,57.2332606903174
132,34,11,41,105.32,167.515118752511,112.287009235613,57.2332606903174
132,34,12,44,117.09,167.515118752511,112.287009235613,57.2332606903174
132,34,13,47,113.49,167.515118752511,112.287009235613,57.2332606903174
132,34,14,62,121.66,167.515118752511,112.287009235613,57.2332606903174
132,34,15,66,121.71,167.515118752511,112.287009235613,57.2332606903174
132,34,16,52,115.82,167.515118752511,112.287009235613,57.2332606903174
132,34,17,41,118.89,167.515118752511,112.287009235613,57.2332606903174
132,34,18,48,109.49,167.515118752511,112.287009235613,57.2332606903174
132,34,19,30,104.56,167.515118752511,112.287009235613,57.2332606903174
132,34,20,57,99.05,167.515118752511,112.287009235613,57.2332606903174
132,34,21,63,90.95,167.515118752511,112.287009235613,57.2332606903174
132,34,22,41,97.18,167.515118752511,112.287009235613,57.2332606903174
132,34,23,45,94.24,167.515118752511,112.287009235613,57.2332606903174
132,35,0,1183,54.49,108.926843659989,73.014720051184,37.2159748074809
132,35,1,938,52.29,108.926843659989,73.014720051184,37.2159748074809
132,35,2,448,50.44,108.926843659989,73.014720051184,37.2159748074809
132,35,3,155,54.35,108.926843659989,73.014720051184,37.2159748074809
132,35,4,123,51.04,108.926843659989,73.014720051184,37.2159748074809
132,35,5,235,53.61,108.926843659989,73.014720051184,37.2159748074809
132,35,6,416,62.89,108.926843659989,73.014720051184,37.2159748074809
132,35,7,485,64.92,108.926843659989,73.014720051184,37.2159748074809
132,35,8,423,61.56,108.926843659989,73.014720051184,37.2159748074809
132,35,9,439,58.62,108.926843659989,73.014720051184,37.2159748074809
132,35,10,571,61.17,108.926843659989,73.014720051184,37.2159748074809
132,35,11,516,59.12,108.926843659989,73.014720051184,37.2159748074809
132,35,12,623,58.39,108.926843659989,73.014720051184,37.2159748074809
132,35,13,590,57.96,108.926843659989,73.014720051184,37.2159748074809
132,35,14,802,62.65,108.926843659989,73.014720051184,37.2159748074809
132,35,15,978,64.29,108.926843659989,73.014720051184,37.2159748074809
132,35,16,727,72.65,108.926843659989,73.014720051184,37.2159748074809
132,35,17,790,91.61,108.926843659989,73.014720051184,37.2159748074809
132,35,18,790,64.26,108.926843659989,73.014720051184,37.2159748074809
132,35,19,778,62.55,108.926843659989,73.014720051184,37.2159748074809
132,35,20,912,58.4,108.926843659989,73.014720051184,37.2159748074809
132,35,21,1078,77.23,108.926843659989,73.014720051184,37.2159748074809
132,35,22,1217,56.7,108.926843659989,73.014720051184,37.2159748074809
132,35,23,1182,56.16,108.926843659989,73.014720051184,37.2159748074809
132,36,0,2601,66.56,128.552437109066,86.1699457363753,43.9212603628265
132,36,1,1276,65.93,128.552437109066,86.1699457363753,43.9212603628265
132,36,2,398,64.04,128.552437109066,86.1699457363753,43.9212603628265
132,36,3,209,59.21,128.552437109066,86.1699457363753,43.9212603628265
132,36,4,155,60.35,128.552437109066,86.1699457363753,43.9212603628265
132,36,5,499,63.81,128.552437109066,86.1699457363753,43.9212603628265
132,36,6,1344,74.17,128.552437109066,86.1699457363753,43.9212603628265
132,36,7,1403,81.51,128.552437109066,86.1699457363753,43.9212603628265
132,36,8,1233,75.55,128.552437109066,86.1699457363753,43.9212603628265
132,36,9,1008,72.65,128.552437109066,86.1699457363753,43.9212603628265
132,36,10,1020,72.07,128.552437109066,86.1699457363753,43.9212603628265
132,36,11,851,71.19,128.552437109066,86.1699457363753,43.9212603628265
132,36,12,1000,73.26,128.552437109066,86.1699457363753,43.9212603628265
132,36,13,1156,75.14,128.552437109066,86.1699457363753,43.9212603628265
132,36,14,1501,79.65,128.552437109066,86.1699457363753,43.9212603628265
132,36,15,1795,86.77,128.552437109066,86.1699457363753,43.9212603628265
132,36,16,1721,83.92,128.552437109066,86.1699457363753,43.9212603628265
132,36,17,1659,83.06,128.552437109066,86.1699457363753,43.9212603628265
132,36,18,1615,79.04,128.552437109066,86.1699457363753,43.9212603628265
132,36,19,1843,75.96,128.552437109066,86.1699457363753,43.9212603628265
132,36,20,2064,72.65,128.552437109066,86.1699457363753,43.9212603628265
132,36,21,2334,71.19,128.552437109066,86.1699457363753,43.9212603628265
132,36,22,2891,72.03,128.552437109066,86.1699457363753,43.9212603628265
132,36,23,2913,81.81,128.552437109066,86.1699457363753,43.9212603628265
132,37,0,3755,71.88,129.057014480941,86.5081688438636,44.0936544039016
132,37,1,1987,83.15,129.057014480941,86.5081688438636,44.0936544039016
132,37,2,628,66.35,129.057014480941,86.5081688438636,44.0936544039016
132,37,3,322,62.38,129.057014480941,86.5081688438636,44.0936544039016
132,37,4,256,60.8,129.057014480941,86.5081688438636,44.0936544039016
132,37,5,733,66.14,129.057014480941,86.5081688438636,44.0936544039016
132,37,6,1936,78.57,129.057014480941,86.5081688438636,44.0936544039016
132,37,7,2045,92.38,129.057014480941,86.5081688438636,44.0936544039016
132,37,8,1835,78.6,129.057014480941,86.5081688438636,44.0936544039016
132,37,9,1499,74.68,129.057014480941,86.5081688438636,44.0936544039016
132,37,10,1579,91.07,129.057014480941,86.5081688438636,44.0936544039016
132,37,11,1309,88.09,129.057014480941,86.5081688438636,44.0936544039016
132,37,12,1482,75.93,129.057014480941,86.5081688438636,44.0936544039016
132,37,13,1731,78.62,129.057014480941,86.5081688438636,44.0936544039016
132,37,14,2334,84.14,129.057014480941,86.5081688438636,44.0936544039016
132,37,15,2694,85.35,129.057014480941,86.5081688438636,44.0936544039016
132,37,16,2722,86.9,129.057014480941,86.5081688438636,44.0936544039016
132,37,17,2367,86.26,129.057014480941,86.5081688438636,44.0936544039016
132,37,18,2316,95.87,129.057014480941,86.5081688438636,44.0936544039016
132,37,19,2811,90.85,129.057014480941,86.5081688438636,44.0936544039016
132,37,20,3171,87.28,129.057014480941,86.5081688438636,44.0936544039016
132,37,21,3621,74.88,129.057014480941,86.5081688438636,44.0936544039016
132,37,22,4399,75.77,129.057014480941,86.5081688438636,44.0936544039016
132,37,23,4649,74.43,129.057014480941,86.5081688438636,44.0936544039016
132,38,0,820,43.45,65.7856259524035,44.0967432903868,22.4763347204038
132,38,1,441,42.34,65.7856259524035,44.0967432903868,22.4763347204038
132,38,2,222,93.54,65.7856259524035,44.0967432903868,22.4763347204038
132,38,3,118,40.04,65.7856259524035,44.0967432903868,22.4763347204038
132,38,4,115,38.74,65.7856259524035,44.0967432903868,22.4763347204038
132,38,5,305,39.8,65.7856259524035,44.0967432903868,22.4763347204038
132,38,6,845,75.15,65.7856259524035,44.0967432903868,22.4763347204038
132,38,7,938,60.33,65.7856259524035,44.0967432903868,22.4763347204038
132,38,8,625,43.44,65.7856259524035,44.0967432903868,22.4763347204038
132,38,9,744,43.05,65.7856259524035,44.0967432903868,22.4763347204038
132,38,10,941,70.26,65.7856259524035,44.0967432903868,22.4763347204038
132,38,11,656,42.25,65.7856259524035,44.0967432903868,22.4763347204038
132,38,12,725,42.23,65.7856259524035,44.0967432903868,22.4763347204038
132,38,13,665,45.9,65.7856259524035,44.0967432903868,22.4763347204038
132,38,14,934,53.09,65.7856259524035,44.0967432903868,22.4763347204038
132,38,15,945,62.08,65.7856259524035,44.0967432903868,22.4763347204038
132,38,16,772,53.67,65.7856259524035,44.0967432903868,22.4763347204038
132,38,17,816,56.61,65.7856259524035,44.0967432903868,22.4763347204038
132,38,18,736,56.96,65.7856259524035,44.0967432903868,22.4763347204038
132,38,19,695,50.75,65.7856259524035,44.0967432903868,22.4763347204038
132,38,20,637,46.53,65.7856259524035,44.0967432903868,22.4763347204038
132,38,21,635,44.02,65.7856259524035,44.0967432903868,22.4763347204038
132,38,22,898,45.62,65.7856259524035,44.0967432903868,22.4763347204038
132,38,23,915,44.24,65.7856259524035,44.0967432903868,22.4763347204038
132,39,0,2614,52.26,97.8583985258858,65.5954338980747,33.4343268552591
132,39,1,1723,50.51,97.8583985258858,65.5954338980747,33.4343268552591
132,39,2,794,44.66,97.8583985258858,65.5954338980747,33.4343268552591
132,39,3,411,43.55,97.8583985258858,65.5954338980747,33.4343268552591
132,39,4,345,42.83,97.8583985258858,65.5954338980747,33.4343268552591
132,39,5,498,48.08,97.8583985258858,65.5954338980747,33.4343268552591
132,39,6,1155,54.36,97.8583985258858,65.5954338980747,33.4343268552591
132,39,7,950,57.35,97.8583985258858,65.5954338980747,33.4343268552591
132,39,8,949,54.57,97.8583985258858,65.5954338980747,33.4343268552591
132,39,9,1239,64.28,97.8583985258858,65.5954338980747,33.4343268552591
132,39,10,1465,54.45,97.8583985258858,65.5954338980747,33.4343268552591
132,39,11,1139,56.68,97.8583985258858,65.5954338980747,33.4343268552591
132,39,12,1298,61.01,97.8583985258858,65.5954338980747,33.4343268552591
132,39,13,1353,51.56,97.8583985258858,65.5954338980747,33.4343268552591
132,39,14,1728,60.7,97.8583985258858,65.5954338980747,33.4343268552591
132,39,15,2009,63.89,97.8583985258858,65.5954338980747,33.4343268552591
132,39,16,1601,77.88,97.8583985258858,65.5954338980747,33.4343268552591
132,39,17,1880,60.97,97.8583985258858,65.5954338980747,33.4343268552591
132,39,18,1929,59.15,97.8583985258858,65.5954338980747,33.4343268552591
132,39,19,1927,57.59,97.8583985258858,65.5954338980747,33.4343268552591
132,39,20,1892,76.35,97.8583985258858,65.5954338980747,33.4343268552591
132,39,21,1975,52.35,97.8583985258858,65.5954338980747,33.4343268552591
132,39,22,2349,61.13,97.8583985258858,65.5954338980747,33.4343268552591
132,39,23,3001,60.84,97.8583985258858,65.5954338980747,33.4343268552591
132,40,0,1024,104.81,179.653228062408,120.423301663027,61.3803703935751
132,40,1,442,102.15,179.653228062408,120.423301663027,61.3803703935751
132,40,2,110,99.99,179.653228062408,120.423301663027,61.3803703935751
132,40,3,48,90.2,179.653228062408,120.423301663027,61.3803703935751
132,40,4,36,96.25,179.653228062408,120.423301663027,61.3803703935751
132,40,5,216,100.44,179.653228062408,120.423301663027,61.3803703935751
132,40,6,552,115.71,179.653228062408,120.423301663027,61.3803703935751
132,40,7,512,132.53,179.653228062408,120.423301663027,61.3803703935751
132,40,8,444,123.58,179.653228062408,120.423301663027,61.3803703935751
132,40,9,322,119.04,179.653228062408,120.423301663027,61.3803703935751
132,40,10,337,136.97,179.653228062408,120.423301663027,61.3803703935751
132,40,11,373,121.09,179.653228062408,120.423301663027,61.3803703935751
132,40,12,475,136.75,179.653228062408,120.423301663027,61.3803703935751
132,40,13,705,140.91,179.653228062408,120.423301663027,61.3803703935751
132,40,14,853,132.33,179.653228062408,120.423301663027,61.3803703935751
132,40,15,1060,136.83,179.653228062408,120.423301663027,61.3803703935751
132,40,16,1068,139.73,179.653228062408,120.423301663027,61.3803703935751
132,40,17,1049,132.01,179.653228062408,120.423301663027,61.3803703935751
132,40,18,936,146.41,179.653228062408,120.423301663027,61.3803703935751
132,40,19,1132,120.43,179.653228062408,120.423301663027,61.3803703935751
132,40,20,1397,114.49,179.653228062408,120.423301663027,61.3803703935751
132,40,21,1388,130.03,179.653228062408,120.423301663027,61.3803703935751
132,40,22,1469,111.15,179.653228062408,120.423301663027,61.3803703935751
132,40,23,1404,110.17,179.653228062408,120.423301663027,61.3803703935751
132,41,0,1633,108.97,221.773757045303,148.657100869526,75.7712816954601
132,41,1,761,90.54,221.773757045303,148.657100869526,75.7712816954601
132,41,2,286,85.51,221.773757045303,148.657100869526,75.7712816954601
132,41,3,117,83.68,221.773757045303,148.657100869526,75.7712816954601
132,41,4,101,84.83,221.773757045303,148.657100869526,75.7712816954601
132,41,5,354,86.01,221.773757045303,148.657100869526,75.7712816954601
132,41,6,990,106.26,221.773757045303,148.657100869526,75.7712816954601
132,41,7,993,116.77,221.773757045303,148.657100869526,75.7712816954601
132,41,8,880,113.77,221.773757045303,148.657100869526,75.7712816954601
132,41,9,621,129.42,221.773757045303,148.657100869526,75.7712816954601
132,41,10,651,104.37,221.773757045303,148.657100869526,75.7712816954601
132,41,11,648,105.74,221.773757045303,148.657100869526,75.7712816954601
132,41,12,682,104.97,221.773757045303,148.657100869526,75.7712816954601
132,41,13,930,118.53,221.773757045303,148.657100869526,75.7712816954601
132,41,14,1232,113.19,221.773757045303,148.657100869526,75.7712816954601
132,41,15,1498,117.97,221.773757045303,148.657100869526,75.7712816954601
132,41,16,1608,112.83,221.773757045303,148.657100869526,75.7712816954601
132,41,17,1507,112.3,221.773757045303,148.657100869526,75.7712816954601
132,41,18,1482,104.58,221.773757045303,148.657100869526,75.7712816954601
132,41,19,1619,100.49,221.773757045303,148.657100869526,75.7712816954601
132,41,20,1795,118.05,221.773757045303,148.657100869526,75.7712816954601
132,41,21,1885,94.09,221.773757045303,148.657100869526,75.7712816954601
132,41,22,2168,98.47,221.773757045303,148.657100869526,75.7712816954601
132,41,23,1985,100.1,221.773757045303,148.657100869526,75.7712816954601
132,42,0,1526,90.13,228.508746479544,153.17162962631,78.0723600035377
132,42,1,823,86.92,228.508746479544,153.17162962631,78.0723600035377
132,42,2,334,81.87,228.508746479544,153.17162962631,78.0723600035377
132,42,3,170,75.78,228.508746479544,153.17162962631,78.0723600035377
132,42,4,98,78.04,228.508746479544,153.17162962631,78.0723600035377
132,42,5,355,83.29,228.508746479544,153.17162962631,78.0723600035377
132,42,6,913,101.24,228.508746479544,153.17162962631,78.0723600035377
132,42,7,937,129.79,228.508746479544,153.17162962631,78.0723600035377
132,42,8,819,131.8,228.508746479544,153.17162962631,78.0723600035377
132,42,9,695,98,228.508746479544,153.17162962631,78.0723600035377
132,42,10,680,99.11,228.508746479544,153.17162962631,78.0723600035377
132,42,11,561,99.18,228.508746479544,153.17162962631,78.0723600035377
132,42,12,650,100.18,228.508746479544,153.17162962631,78.0723600035377
132,42,13,823,106.31,228.508746479544,153.17162962631,78.0723600035377
132,42,14,1070,115.35,228.508746479544,153.17162962631,78.0723600035377
132,42,15,1207,117.08,228.508746479544,153.17162962631,78.0723600035377
132,42,16,1365,110.51,228.508746479544,153.17162962631,78.0723600035377
132,42,17,1319,123.85,228.508746479544,153.17162962631,78.0723600035377
132,42,18,1258,118.46,228.508746479544,153.17162962631,78.0723600035377
132,42,19,1327,96.8,228.508746479544,153.17162962631,78.0723600035377
132,42,20,1537,91.19,228.508746479544,153.17162962631,78.0723600035377
132,42,21,1697,89.32,228.508746479544,153.17162962631,78.0723600035377
132,42,22,1880,93.08,228.508746479544,153.17162962631,78.0723600035377
132,42,23,1861,103.2,228.508746479544,153.17162962631,78.0723600035377
132,43,0,359,108.45,212.234006002605,142.2625131964,72.5119277791479
132,43,1,159,103.09,212.234006002605,142.2625131964,72.5119277791479
132,43,2,44,219.7,212.234006002605,142.2625131964,72.5119277791479
132,43,3,24,94.05,212.234006002605,142.2625131964,72.5119277791479
132,43,4,32,91.24,212.234006002605,142.2625131964,72.5119277791479
132,43,5,112,103.97,212.234006002605,142.2625131964,72.5119277791479
132,43,6,364,121.78,212.234006002605,142.2625131964,72.5119277791479
132,43,7,416,137.47,212.234006002605,142.2625131964,72.5119277791479
132,43,8,381,153.06,212.234006002605,142.2625131964,72.5119277791479
132,43,9,376,143.64,212.234006002605,142.2625131964,72.5119277791479
132,43,10,377,126.76,212.234006002605,142.2625131964,72.5119277791479
132,43,11,488,128.23,212.234006002605,142.2625131964,72.5119277791479
132,43,12,572,130.14,212.234006002605,142.2625131964,72.5119277791479
132,43,13,616,134.06,212.234006002605,142.2625131964,72.5119277791479
132,43,14,913,137.76,212.234006002605,142.2625131964,72.5119277791479
132,43,15,1029,157.49,212.234006002605,142.2625131964,72.5119277791479
132,43,16,1116,137.97,212.234006002605,142.2625131964,72.5119277791479
132,43,17,831,132.4,212.234006002605,142.2625131964,72.5119277791479
132,43,18,657,126.33,212.234006002605,142.2625131964,72.5119277791479
132,43,19,674,115.95,212.234006002605,142.2625131964,72.5119277791479
132,43,20,720,113.16,212.234006002605,142.2625131964,72.5119277791479
132,43,21,609,111.25,212.234006002605,142.2625131964,72.5119277791479
132,43,22,652,112.91,212.234006002605,142.2625131964,72.5119277791479
132,43,23,506,113.81,212.234006002605,142.2625131964,72.5119277791479
132,44,0,18,134.7,386.486269233544,259.065495735824,132.047003070522
132,44,1,7,154.38,386.486269233544,259.065495735824,132.047003070522
132,44,2,7,151.33,386.486269233544,259.065495735824,132.047003070522
132,44,4,3,152.06,386.486269233544,259.065495735824,132.047003070522
132,44,5,4,138.67,386.486269233544,259.065495735824,132.047003070522
132,44,6,8,156.48,386.486269233544,259.065495735824,132.047003070522
132,44,7,12,155.28,386.486269233544,259.065495735824,132.047003070522
132,44,8,8,155.56,386.486269233544,259.065495735824,132.047003070522
132,44,9,16,163.95,386.486269233544,259.065495735824,132.047003070522
132,44,10,13,183.63,386.486269233544,259.065495735824,132.047003070522
132,44,11,16,162.83,386.486269233544,259.065495735824,132.047003070522
132,44,12,19,159.67,386.486269233544,259.065495735824,132.047003070522
132,44,13,12,169.53,386.486269233544,259.065495735824,132.047003070522
132,44,14,31,200.3,386.486269233544,259.065495735824,132.047003070522
132,44,15,27,255.3,386.486269233544,259.065495735824,132.047003070522
132,44,16,27,195.39,386.486269233544,259.065495735824,132.047003070522
132,44,17,24,197.36,386.486269233544,259.065495735824,132.047003070522
132,44,18,21,173.86,386.486269233544,259.065495735824,132.047003070522
132,44,19,35,175.9,386.486269233544,259.065495735824,132.047003070522
132,44,20,34,156.6,386.486269233544,259.065495735824,132.047003070522
132,44,21,29,152.7,386.486269233544,259.065495735824,132.047003070522
132,44,22,28,162.65,386.486269233544,259.065495735824,132.047003070522
132,44,23,35,157.49,386.486269233544,259.065495735824,132.047003070522
132,45,0,452,99.37,192.231861984838,128.854882011938,65.6779898548615
132,45,1,203,92.94,192.231861984838,128.854882011938,65.6779898548615
132,45,2,76,85.97,192.231861984838,128.854882011938,65.6779898548615
132,45,3,33,77.99,192.231861984838,128.854882011938,65.6779898548615
132,45,4,25,86.37,192.231861984838,128.854882011938,65.6779898548615
132,45,5,90,93.06,192.231861984838,128.854882011938,65.6779898548615
132,45,6,276,114.96,192.231861984838,128.854882011938,65.6779898548615
132,45,7,336,133.55,192.231861984838,128.854882011938,65.6779898548615
132,45,8,332,126.5,192.231861984838,128.854882011938,65.6779898548615
132,45,9,237,118.86,192.231861984838,128.854882011938,65.6779898548615
132,45,10,253,122.07,192.231861984838,128.854882011938,65.6779898548615
132,45,11,301,120.35,192.231861984838,128.854882011938,65.6779898548615
132,45,12,362,127.69,192.231861984838,128.854882011938,65.6779898548615
132,45,13,401,135.89,192.231861984838,128.854882011938,65.6779898548615
132,45,14,572,131.18,192.231861984838,128.854882011938,65.6779898548615
132,45,15,675,134.32,192.231861984838,128.854882011938,65.6779898548615
132,45,16,649,130.68,192.231861984838,128.854882011938,65.6779898548615
132,45,17,554,127.19,192.231861984838,128.854882011938,65.6779898548615
132,45,18,458,118.43,192.231861984838,128.854882011938,65.6779898548615
132,45,19,568,112.2,192.231861984838,128.854882011938,65.6779898548615
132,45,20,659,132.09,192.231861984838,128.854882011938,65.6779898548615
132,45,21,670,102.7,192.231861984838,128.854882011938,65.6779898548615
132,45,22,722,104.82,192.231861984838,128.854882011938,65.6779898548615
132,45,23,695,105.02,192.231861984838,128.854882011938,65.6779898548615
132,46,0,37,98.4,220.185966701229,147.59278959806,75.2287968179117
132,46,1,27,95.3,220.185966701229,147.59278959806,75.2287968179117
132,46,2,9,94.69,220.185966701229,147.59278959806,75.2287968179117
132,46,3,3,86.34,220.185966701229,147.59278959806,75.2287968179117
132,46,4,7,99.45,220.185966701229,147.59278959806,75.2287968179117
132,46,5,12,86.23,220.185966701229,147.59278959806,75.2287968179117
132,46,6,35,99.52,220.185966701229,147.59278959806,75.2287968179117
132,46,7,27,113.21,220.185966701229,147.59278959806,75.2287968179117
132,46,8,31,101.97,220.185966701229,147.59278959806,75.2287968179117
132,46,9,38,103.83,220.185966701229,147.59278959806,75.2287968179117
132,46,10,29,107.85,220.185966701229,147.59278959806,75.2287968179117
132,46,11,20,111.06,220.185966701229,147.59278959806,75.2287968179117
132,46,12,28,115.4,220.185966701229,147.59278959806,75.2287968179117
132,46,13,19,111.04,220.185966701229,147.59278959806,75.2287968179117
132,46,14,45,117.16,220.185966701229,147.59278959806,75.2287968179117
132,46,15,55,124.37,220.185966701229,147.59278959806,75.2287968179117
132,46,16,61,113.75,220.185966701229,147.59278959806,75.2287968179117
132,46,17,42,120.97,220.185966701229,147.59278959806,75.2287968179117
132,46,18,48,108.93,220.185966701229,147.59278959806,75.2287968179117
132,46,19,56,101.94,220.185966701229,147.59278959806,75.2287968179117
132,46,20,65,103.41,220.185966701229,147.59278959806,75.2287968179117
132,46,21,56,105.34,220.185966701229,147.59278959806,75.2287968179117
132,46,22,50,106.48,220.185966701229,147.59278959806,75.2287968179117
132,46,23,57,104.76,220.185966701229,147.59278959806,75.2287968179117
132,47,0,115,94.07,234.918989605707,157.468477782287,80.2624854003385
132,47,1,107,90.53,234.918989605707,157.468477782287,80.2624854003385
132,47,2,61,86.33,234.918989605707,157.468477782287,80.2624854003385
132,47,3,28,78.99,234.918989605707,157.468477782287,80.2624854003385
132,47,4,16,91.77,234.918989605707,157.468477782287,80.2624854003385
132,47,5,50,86.59,234.918989605707,157.468477782287,80.2624854003385
132,47,6,82,120.21,234.918989605707,157.468477782287,80.2624854003385
132,47,7,87,119.74,234.918989605707,157.468477782287,80.2624854003385
132,47,8,64,115.71,234.918989605707,157.468477782287,80.2624854003385
132,47,9,88,104.58,234.918989605707,157.468477782287,80.2624854003385
132,47,10,127,107.99,234.918989605707,157.468477782287,80.2624854003385
132,47,11,80,110.42,234.918989605707,157.468477782287,80.2624854003385
132,47,12,72,111.39,234.918989605707,157.468477782287,80.2624854003385
132,47,13,64,127.97,234.918989605707,157.468477782287,80.2624854003385
132,47,14,96,126.62,234.918989605707,157.468477782287,80.2624854003385
132,47,15,99,133.92,234.918989605707,157.468477782287,80.2624854003385
132,47,16,100,128.2,234.918989605707,157.468477782287,80.2624854003385
132,47,17,114,120.81,234.918989605707,157.468477782287,80.2624854003385
132,47,18,121,110.5,234.918989605707,157.468477782287,80.2624854003385
132,47,19,127,101.8,234.918989605707,157.468477782287,80.2624854003385
132,47,20,96,98.77,234.918989605707,157.468477782287,80.2624854003385
132,47,21,101,95.12,234.918989605707,157.468477782287,80.2624854003385
132,47,22,139,100.28,234.918989605707,157.468477782287,80.2624854003385
132,47,23,136,100.77,234.918989605707,157.468477782287,80.2624854003385
132,48,0,4988,113.44,212.96691287294,142.753787781829,72.7623329383001
132,48,1,2162,97.56,212.96691287294,142.753787781829,72.7623329383001
132,48,2,706,91.04,212.96691287294,142.753787781829,72.7623329383001
132,48,3,330,88.74,212.96691287294,142.753787781829,72.7623329383001
132,48,4,330,85.33,212.96691287294,142.753787781829,72.7623329383001
132,48,5,886,111.97,212.96691287294,142.753787781829,72.7623329383001
132,48,6,2793,115.19,212.96691287294,142.753787781829,72.7623329383001
132,48,7,3607,142.89,212.96691287294,142.753787781829,72.7623329383001
132,48,8,3210,154.84,212.96691287294,142.753787781829,72.7623329383001
132,48,9,3018,140.81,212.96691287294,142.753787781829,72.7623329383001
132,48,10,3397,142.48,212.96691287294,142.753787781829,72.7623329383001
132,48,11,3785,142.45,212.96691287294,142.753787781829,72.7623329383001
132,48,12,4678,140.5,212.96691287294,142.753787781829,72.7623329383001
132,48,13,6002,140.7,212.96691287294,142.753787781829,72.7623329383001
132,48,14,7537,141.24,212.96691287294,142.753787781829,72.7623329383001
132,48,15,8361,141.2,212.96691287294,142.753787781829,72.7623329383001
132,48,16,8108,141.02,212.96691287294,142.753787781829,72.7623329383001
132,48,17,7752,142.62,212.96691287294,142.753787781829,72.7623329383001
132,48,18,6657,130.52,212.96691287294,142.753787781829,72.7623329383001
132,48,19,6671,119.8,212.96691287294,142.753787781829,72.7623329383001
132,48,20,6942,120.18,212.96691287294,142.753787781829,72.7623329383001
132,48,21,6993,113.2,212.96691287294,142.753787781829,72.7623329383001
132,48,22,7155,118,212.96691287294,142.753787781829,72.7623329383001
132,48,23,6941,114.97,212.96691287294,142.753787781829,72.7623329383001
132,49,0,2741,86.16,156.133637210158,104.657891741154,53.3446606343551
132,49,1,1313,84.85,156.133637210158,104.657891741154,53.3446606343551
132,49,2,319,79.58,156.133637210158,104.657891741154,53.3446606343551
132,49,3,168,132.55,156.133637210158,104.657891741154,53.3446606343551
132,49,4,124,73.89,156.133637210158,104.657891741154,53.3446606343551
132,49,5,619,82.59,156.133637210158,104.657891741154,53.3446606343551
132,49,6,1562,95.54,156.133637210158,104.657891741154,53.3446606343551
132,49,7,1465,106.81,156.133637210158,104.657891741154,53.3446606343551
132,49,8,1316,120.35,156.133637210158,104.657891741154,53.3446606343551
132,49,9,988,92.93,156.133637210158,104.657891741154,53.3446606343551
132,49,10,909,94.28,156.133637210158,104.657891741154,53.3446606343551
132,49,11,877,106.34,156.133637210158,104.657891741154,53.3446606343551
132,49,12,1143,116.8,156.133637210158,104.657891741154,53.3446606343551
132,49,13,1467,109.41,156.133637210158,104.657891741154,53.3446606343551
132,49,14,1889,111.27,156.133637210158,104.657891741154,53.3446606343551
132,49,15,2395,110.74,156.133637210158,104.657891741154,53.3446606343551
132,49,16,2405,109.28,156.133637210158,104.657891741154,53.3446606343551
132,49,17,2208,105.7,156.133637210158,104.657891741154,53.3446606343551
132,49,18,2037,103.61,156.133637210158,104.657891741154,53.3446606343551
132,49,19,2475,109.76,156.133637210158,104.657891741154,53.3446606343551
132,49,20,2890,104.18,156.133637210158,104.657891741154,53.3446606343551
132,49,21,3291,92.23,156.133637210158,104.657891741154,53.3446606343551
132,49,22,3668,92.41,156.133637210158,104.657891741154,53.3446606343551
132,49,23,3502,91.01,156.133637210158,104.657891741154,53.3446606343551
132,50,0,1686,104.78,218.89929613654,146.730321836007,74.7891926054692
132,50,1,738,98.73,218.89929613654,146.730321836007,74.7891926054692
132,50,2,220,92.62,218.89929613654,146.730321836007,74.7891926054692
132,50,3,98,91.07,218.89929613654,146.730321836007,74.7891926054692
132,50,4,102,88.97,218.89929613654,146.730321836007,74.7891926054692
132,50,5,381,99.84,218.89929613654,146.730321836007,74.7891926054692
132,50,6,994,119.21,218.89929613654,146.730321836007,74.7891926054692
132,50,7,1115,142.64,218.89929613654,146.730321836007,74.7891926054692
132,50,8,1054,133.03,218.89929613654,146.730321836007,74.7891926054692
132,50,9,944,128.51,218.89929613654,146.730321836007,74.7891926054692
132,50,10,907,148.92,218.89929613654,146.730321836007,74.7891926054692
132,50,11,926,131.35,218.89929613654,146.730321836007,74.7891926054692
132,50,12,1073,144.75,218.89929613654,146.730321836007,74.7891926054692
132,50,13,1135,143.44,218.89929613654,146.730321836007,74.7891926054692
132,50,14,1432,146.45,218.89929613654,146.730321836007,74.7891926054692
132,50,15,1693,142.11,218.89929613654,146.730321836007,74.7891926054692
132,50,16,1736,142.03,218.89929613654,146.730321836007,74.7891926054692
132,50,17,1551,147.37,218.89929613654,146.730321836007,74.7891926054692
132,50,18,1337,142.58,218.89929613654,146.730321836007,74.7891926054692
132,50,19,1616,117.59,218.89929613654,146.730321836007,74.7891926054692
132,50,20,1793,113.76,218.89929613654,146.730321836007,74.7891926054692
132,50,21,2065,109.91,218.89929613654,146.730321836007,74.7891926054692
132,50,22,2250,112.8,218.89929613654,146.730321836007,74.7891926054692
132,50,23,2213,124.93,218.89929613654,146.730321836007,74.7891926054692
132,51,0,306,90.29,249.799017937928,167.442705130894,85.3463998968895
132,51,1,179,92.15,249.799017937928,167.442705130894,85.3463998968895
132,51,2,84,89.49,249.799017937928,167.442705130894,85.3463998968895
132,51,3,50,86.14,249.799017937928,167.442705130894,85.3463998968895
132,51,4,39,78.9,249.799017937928,167.442705130894,85.3463998968895
132,51,5,138,83.1,249.799017937928,167.442705130894,85.3463998968895
132,51,6,206,95.14,249.799017937928,167.442705130894,85.3463998968895
132,51,7,180,105.93,249.799017937928,167.442705130894,85.3463998968895
132,51,8,169,104.49,249.799017937928,167.442705130894,85.3463998968895
132,51,9,177,95.79,249.799017937928,167.442705130894,85.3463998968895
132,51,10,225,101.15,249.799017937928,167.442705130894,85.3463998968895
132,51,11,153,101.86,249.799017937928,167.442705130894,85.3463998968895
132,51,12,176,99.86,249.799017937928,167.442705130894,85.3463998968895
132,51,13,186,102.26,249.799017937928,167.442705130894,85.3463998968895
132,51,14,242,108.27,249.799017937928,167.442705130894,85.3463998968895
132,51,15,288,115.99,249.799017937928,167.442705130894,85.3463998968895
132,51,16,304,115.95,249.799017937928,167.442705130894,85.3463998968895
132,51,17,365,110.18,249.799017937928,167.442705130894,85.3463998968895
132,51,18,381,105.41,249.799017937928,167.442705130894,85.3463998968895
132,51,19,347,100.1,249.799017937928,167.442705130894,85.3463998968895
132,51,20,322,92.09,249.799017937928,167.442705130894,85.3463998968895
132,51,21,365,94.79,249.799017937928,167.442705130894,85.3463998968895
132,51,22,385,128.62,249.799017937928,167.442705130894,85.3463998968895
132,51,23,351,134.78,249.799017937928,167.442705130894,85.3463998968895
132,52,0,643,103.14,182.167151601491,122.108408999921,62.2392781885214
132,52,1,241,99.1,182.167151601491,122.108408999921,62.2392781885214
132,52,2,61,91.53,182.167151601491,122.108408999921,62.2392781885214
132,52,3,35,89.06,182.167151601491,122.108408999921,62.2392781885214
132,52,4,23,86.39,182.167151601491,122.108408999921,62.2392781885214
132,52,5,124,101.7,182.167151601491,122.108408999921,62.2392781885214
132,52,6,301,118.55,182.167151601491,122.108408999921,62.2392781885214
132,52,7,295,169.01,182.167151601491,122.108408999921,62.2392781885214
132,52,8,219,123.21,182.167151601491,122.108408999921,62.2392781885214
132,52,9,200,123.44,182.167151601491,122.108408999921,62.2392781885214
132,52,10,166,116.92,182.167151601491,122.108408999921,62.2392781885214
132,52,11,209,120.71,182.167151601491,122.108408999921,62.2392781885214
132,52,12,304,140.43,182.167151601491,122.108408999921,62.2392781885214
132,52,13,398,129.26,182.167151601491,122.108408999921,62.2392781885214
132,52,14,471,135.62,182.167151601491,122.108408999921,62.2392781885214
132,52,15,583,138.85,182.167151601491,122.108408999921,62.2392781885214
132,52,16,634,145.27,182.167151601491,122.108408999921,62.2392781885214
132,52,17,603,159.72,182.167151601491,122.108408999921,62.2392781885214
132,52,18,607,128.83,182.167151601491,122.108408999921,62.2392781885214
132,52,19,683,120.2,182.167151601491,122.108408999921,62.2392781885214
132,52,20,778,112.95,182.167151601491,122.108408999921,62.2392781885214
132,52,21,878,133.27,182.167151601491,122.108408999921,62.2392781885214
132,52,22,888,113.27,182.167151601491,122.108408999921,62.2392781885214
132,52,23,812,108.93,182.167151601491,122.108408999921,62.2392781885214
132,53,0,310,74.35,156.793720267589,105.100351818298,53.5701847899332
132,53,1,179,65.45,156.793720267589,105.100351818298,53.5701847899332
132,53,2,96,61.11,156.793720267589,105.100351818298,53.5701847899332
132,53,3,59,163.44,156.793720267589,105.100351818298,53.5701847899332
132,53,4,67,57.52,156.793720267589,105.100351818298,53.5701847899332
132,53,5,94,60.16,156.793720267589,105.100351818298,53.5701847899332
132,53,6,190,71.4,156.793720267589,105.100351818298,53.5701847899332
132,53,7,224,76.76,156.793720267589,105.100351818298,53.5701847899332
132,53,8,158,72.5,156.793720267589,105.100351818298,53.5701847899332
132,53,9,133,70.08,156.793720267589,105.100351818298,53.5701847899332
132,53,10,167,76.37,156.793720267589,105.100351818298,53.5701847899332
132,53,11,127,75.27,156.793720267589,105.100351818298,53.5701847899332
132,53,12,126,77.36,156.793720267589,105.100351818298,53.5701847899332
132,53,13,157,79.25,156.793720267589,105.100351818298,53.5701847899332
132,53,14,235,81.02,156.793720267589,105.100351818298,53.5701847899332
132,53,15,259,79.81,156.793720267589,105.100351818298,53.5701847899332
132,53,16,273,92.3,156.793720267589,105.100351818298,53.5701847899332
132,53,17,279,80.32,156.793720267589,105.100351818298,53.5701847899332
132,53,18,279,75.79,156.793720267589,105.100351818298,53.5701847899332
132,53,19,327,71.5,156.793720267589,105.100351818298,53.5701847899332
132,53,20,326,68.8,156.793720267589,105.100351818298,53.5701847899332
132,53,21,337,65.8,156.793720267589,105.100351818298,53.5701847899332
132,53,22,443,75.66,156.793720267589,105.100351818298,53.5701847899332
132,53,23,400,75.64,156.793720267589,105.100351818298,53.5701847899332
132,54,0,219,103.12,187.118282636098,125.427200165458,63.9308829542632
132,54,1,120,99.15,187.118282636098,125.427200165458,63.9308829542632
132,54,2,17,106.88,187.118282636098,125.427200165458,63.9308829542632
132,54,3,10,99.6,187.118282636098,125.427200165458,63.9308829542632
132,54,4,6,79.59,187.118282636098,125.427200165458,63.9308829542632
132,54,5,59,101.37,187.118282636098,125.427200165458,63.9308829542632
132,54,6,108,116.48,187.118282636098,125.427200165458,63.9308829542632
132,54,7,128,136.62,187.118282636098,125.427200165458,63.9308829542632
132,54,8,105,136.08,187.118282636098,125.427200165458,63.9308829542632
132,54,9,68,121.25,187.118282636098,125.427200165458,63.9308829542632
132,54,10,55,121.84,187.118282636098,125.427200165458,63.9308829542632
132,54,11,80,127.33,187.118282636098,125.427200165458,63.9308829542632
132,54,12,104,159.31,187.118282636098,125.427200165458,63.9308829542632
132,54,13,134,197.77,187.118282636098,125.427200165458,63.9308829542632
132,54,14,160,161.23,187.118282636098,125.427200165458,63.9308829542632
132,54,15,212,144.33,187.118282636098,125.427200165458,63.9308829542632
132,54,16,220,141.98,187.118282636098,125.427200165458,63.9308829542632
132,54,17,220,134.97,187.118282636098,125.427200165458,63.9308829542632
132,54,18,200,127.55,187.118282636098,125.427200165458,63.9308829542632
132,54,19,276,120.13,187.118282636098,125.427200165458,63.9308829542632
132,54,20,306,114.7,187.118282636098,125.427200165458,63.9308829542632
132,54,21,296,109.64,187.118282636098,125.427200165458,63.9308829542632
132,54,22,314,109.38,187.118282636098,125.427200165458,63.9308829542632
132,54,23,279,109.09,187.118282636098,125.427200165458,63.9308829542632
132,55,0,583,74.01,182.042927261853,122.025140219909,62.1968356671088
132,55,1,300,72.31,182.042927261853,122.025140219909,62.1968356671088
132,55,2,123,68.94,182.042927261853,122.025140219909,62.1968356671088
132,55,3,56,67.63,182.042927261853,122.025140219909,62.1968356671088
132,55,4,43,68.74,182.042927261853,122.025140219909,62.1968356671088
132,55,5,127,70.62,182.042927261853,122.025140219909,62.1968356671088
132,55,6,252,81.5,182.042927261853,122.025140219909,62.1968356671088
132,55,7,257,115.97,182.042927261853,122.025140219909,62.1968356671088
132,55,8,231,83.03,182.042927261853,122.025140219909,62.1968356671088
132,55,9,287,78.56,182.042927261853,122.025140219909,62.1968356671088
132,55,10,384,82.5,182.042927261853,122.025140219909,62.1968356671088
132,55,11,276,80.63,182.042927261853,122.025140219909,62.1968356671088
132,55,12,335,81.95,182.042927261853,122.025140219909,62.1968356671088
132,55,13,297,83.73,182.042927261853,122.025140219909,62.1968356671088
132,55,14,365,87.1,182.042927261853,122.025140219909,62.1968356671088
132,55,15,478,92.69,182.042927261853,122.025140219909,62.1968356671088
132,55,16,428,95.18,182.042927261853,122.025140219909,62.1968356671088
132,55,17,472,92.39,182.042927261853,122.025140219909,62.1968356671088
132,55,18,453,90.16,182.042927261853,122.025140219909,62.1968356671088
132,55,19,547,108.38,182.042927261853,122.025140219909,62.1968356671088
132,55,20,545,80.23,182.042927261853,122.025140219909,62.1968356671088
132,55,21,529,79.81,182.042927261853,122.025140219909,62.1968356671088
132,55,22,599,75.53,182.042927261853,122.025140219909,62.1968356671088
132,55,23,716,76.61,182.042927261853,122.025140219909,62.1968356671088
132,56,0,469,58.67,124.334751512923,83.3427901637086,42.4802447635687
132,56,1,376,54.84,124.334751512923,83.3427901637086,42.4802447635687
132,56,2,185,49.47,124.334751512923,83.3427901637086,42.4802447635687
132,56,3,109,50.43,124.334751512923,83.3427901637086,42.4802447635687
132,56,4,116,47.78,124.334751512923,83.3427901637086,42.4802447635687
132,56,5,252,51.94,124.334751512923,83.3427901637086,42.4802447635687
132,56,6,423,62.77,124.334751512923,83.3427901637086,42.4802447635687
132,56,7,367,71.46,124.334751512923,83.3427901637086,42.4802447635687
132,56,8,303,105.83,124.334751512923,83.3427901637086,42.4802447635687
132,56,9,278,58.68,124.334751512923,83.3427901637086,42.4802447635687
132,56,10,361,66.45,124.334751512923,83.3427901637086,42.4802447635687
132,56,11,299,116.37,124.334751512923,83.3427901637086,42.4802447635687
132,56,12,221,66.43,124.334751512923,83.3427901637086,42.4802447635687
132,56,13,273,68.85,124.334751512923,83.3427901637086,42.4802447635687
132,56,14,364,72.03,124.334751512923,83.3427901637086,42.4802447635687
132,56,15,383,71.18,124.334751512923,83.3427901637086,42.4802447635687
132,56,16,372,76.95,124.334751512923,83.3427901637086,42.4802447635687
132,56,17,384,71.57,124.334751512923,83.3427901637086,42.4802447635687
132,56,18,350,69.44,124.334751512923,83.3427901637086,42.4802447635687
132,56,19,456,70.16,124.334751512923,83.3427901637086,42.4802447635687
132,56,20,410,59.25,124.334751512923,83.3427901637086,42.4802447635687
132,56,21,468,88.4,124.334751512923,83.3427901637086,42.4802447635687
132,56,22,528,62.66,124.334751512923,83.3427901637086,42.4802447635687
132,56,23,596,63.21,124.334751512923,83.3427901637086,42.4802447635687
132,57,0,25,61.63,131.871260683752,88.3945853758139,45.0551705212032
132,57,1,23,67.95,131.871260683752,88.3945853758139,45.0551705212032
132,57,2,14,58.66,131.871260683752,88.3945853758139,45.0551705212032
132,57,3,8,45.13,131.871260683752,88.3945853758139,45.0551705212032
132,57,4,9,43.65,131.871260683752,88.3945853758139,45.0551705212032
132,57,5,17,50.24,131.871260683752,88.3945853758139,45.0551705212032
132,57,6,16,75.82,131.871260683752,88.3945853758139,45.0551705212032
132,57,7,31,74.55,131.871260683752,88.3945853758139,45.0551705212032
132,57,8,23,60.34,131.871260683752,88.3945853758139,45.0551705212032
132,57,9,15,56.36,131.871260683752,88.3945853758139,45.0551705212032
132,57,10,26,61.97,131.871260683752,88.3945853758139,45.0551705212032
132,57,11,13,63.64,131.871260683752,88.3945853758139,45.0551705212032
132,57,12,14,66.86,131.871260683752,88.3945853758139,45.0551705212032
132,57,13,43,60,131.871260683752,88.3945853758139,45.0551705212032
132,57,14,32,70.47,131.871260683752,88.3945853758139,45.0551705212032
132,57,15,29,72.37,131.871260683752,88.3945853758139,45.0551705212032
132,57,16,26,72.38,131.871260683752,88.3945853758139,45.0551705212032
132,57,17,22,71.68,131.871260683752,88.3945853758139,45.0551705212032
132,57,18,18,76.83,131.871260683752,88.3945853758139,45.0551705212032
132,57,19,21,63.6,131.871260683752,88.3945853758139,45.0551705212032
132,57,20,20,58.87,131.871260683752,88.3945853758139,45.0551705212032
132,57,21,22,61.85,131.871260683752,88.3945853758139,45.0551705212032
132,57,22,28,64.87,131.871260683752,88.3945853758139,45.0551705212032
132,57,23,29,72.46,131.871260683752,88.3945853758139,45.0551705212032
132,58,0,79,84.58,214.776051318604,143.966470833183,73.3804436679861
132,58,1,44,75.11,214.776051318604,143.966470833183,73.3804436679861
132,58,2,20,74.21,214.776051318604,143.966470833183,73.3804436679861
132,58,3,8,67.56,214.776051318604,143.966470833183,73.3804436679861
132,58,4,4,62.65,214.776051318604,143.966470833183,73.3804436679861
132,58,5,28,68.45,214.776051318604,143.966470833183,73.3804436679861
132,58,6,37,82.27,214.776051318604,143.966470833183,73.3804436679861
132,58,7,48,100.2,214.776051318604,143.966470833183,73.3804436679861
132,58,8,34,92.67,214.776051318604,143.966470833183,73.3804436679861
132,58,9,51,79.96,214.776051318604,143.966470833183,73.3804436679861
132,58,10,58,90.19,214.776051318604,143.966470833183,73.3804436679861
132,58,11,29,97.47,214.776051318604,143.966470833183,73.3804436679861
132,58,12,32,93.49,214.776051318604,143.966470833183,73.3804436679861
132,58,13,33,93.5,214.776051318604,143.966470833183,73.3804436679861
132,58,14,61,95.37,214.776051318604,143.966470833183,73.3804436679861
132,58,15,78,103.12,214.776051318604,143.966470833183,73.3804436679861
132,58,16,78,100.48,214.776051318604,143.966470833183,73.3804436679861
132,58,17,79,97.48,214.776051318604,143.966470833183,73.3804436679861
132,58,18,78,92.31,214.776051318604,143.966470833183,73.3804436679861
132,58,19,85,90.31,214.776051318604,143.966470833183,73.3804436679861
132,58,20,73,83.86,214.776051318604,143.966470833183,73.3804436679861
132,58,21,84,80.32,214.776051318604,143.966470833183,73.3804436679861
132,58,22,77,84.2,214.776051318604,143.966470833183,73.3804436679861
132,58,23,76,87.82,214.776051318604,143.966470833183,73.3804436679861
132,59,0,9,114.87,229.100120575805,153.568033420207,78.2744090368958
132,59,1,2,103.46,229.100120575805,153.568033420207,78.2744090368958
132,59,3,2,66.88,229.100120575805,153.568033420207,78.2744090368958
132,59,6,6,105.36,229.100120575805,153.568033420207,78.2744090368958
132,59,7,6,106.07,229.100120575805,153.568033420207,78.2744090368958
132,59,8,3,108.29,229.100120575805,153.568033420207,78.2744090368958
132,59,9,5,109.17,229.100120575805,153.568033420207,78.2744090368958
132,59,10,2,112.12,229.100120575805,153.568033420207,78.2744090368958
132,59,11,3,112.01,229.100120575805,153.568033420207,78.2744090368958
132,59,12,3,130.84,229.100120575805,153.568033420207,78.2744090368958
132,59,14,3,112.58,229.100120575805,153.568033420207,78.2744090368958
132,59,16,8,120.68,229.100120575805,153.568033420207,78.2744090368958
132,59,17,2,138.54,229.100120575805,153.568033420207,78.2744090368958
132,59,19,2,82.34,229.100120575805,153.568033420207,78.2744090368958
132,59,20,2,85.89,229.100120575805,153.568033420207,78.2744090368958
132,59,22,4,87.54,229.100120575805,153.568033420207,78.2744090368958
132,59,23,9,98.33,229.100120575805,153.568033420207,78.2744090368958
132,60,0,102,89.98,221.755332177068,148.6447505016,75.7649866500054
132,60,1,79,175.5,221.755332177068,148.6447505016,75.7649866500054
132,60,2,51,87,221.755332177068,148.6447505016,75.7649866500054
132,60,3,17,79.46,221.755332177068,148.6447505016,75.7649866500054
132,60,4,15,81.95,221.755332177068,148.6447505016,75.7649866500054
132,60,5,28,91.25,221.755332177068,148.6447505016,75.7649866500054
132,60,6,52,107.65,221.755332177068,148.6447505016,75.7649866500054
132,60,7,49,112.39,221.755332177068,148.6447505016,75.7649866500054
132,60,8,51,103.34,221.755332177068,148.6447505016,75.7649866500054
132,60,9,69,98.63,221.755332177068,148.6447505016,75.7649866500054
132,60,10,115,99.26,221.755332177068,148.6447505016,75.7649866500054
132,60,11,75,101.84,221.755332177068,148.6447505016,75.7649866500054
132,60,12,65,106.05,221.755332177068,148.6447505016,75.7649866500054
132,60,13,49,106.41,221.755332177068,148.6447505016,75.7649866500054
132,60,14,58,120.37,221.755332177068,148.6447505016,75.7649866500054
132,60,15,76,122.76,221.755332177068,148.6447505016,75.7649866500054
132,60,16,81,112.05,221.755332177068,148.6447505016,75.7649866500054
132,60,17,91,105.74,221.755332177068,148.6447505016,75.7649866500054
132,60,18,109,106.17,221.755332177068,148.6447505016,75.7649866500054
132,60,19,124,96.07,221.755332177068,148.6447505016,75.7649866500054
132,60,20,93,89.95,221.755332177068,148.6447505016,75.7649866500054
132,60,21,109,88.53,221.755332177068,148.6447505016,75.7649866500054
132,60,22,104,94.9,221.755332177068,148.6447505016,75.7649866500054
132,60,23,164,94.71,221.755332177068,148.6447505016,75.7649866500054
132,61,0,4831,72.81,134.245170352482,89.9858400570763,45.8662411394105
132,61,1,2587,82.12,134.245170352482,89.9858400570763,45.8662411394105
132,61,2,987,64.03,134.245170352482,89.9858400570763,45.8662411394105
132,61,3,569,64.23,134.245170352482,89.9858400570763,45.8662411394105
132,61,4,392,92.83,134.245170352482,89.9858400570763,45.8662411394105
132,61,5,1167,67.34,134.245170352482,89.9858400570763,45.8662411394105
132,61,6,2743,97.78,134.245170352482,89.9858400570763,45.8662411394105
132,61,7,2565,100.18,134.245170352482,89.9858400570763,45.8662411394105
132,61,8,2329,101.08,134.245170352482,89.9858400570763,45.8662411394105
132,61,9,2001,89.94,134.245170352482,89.9858400570763,45.8662411394105
132,61,10,2106,77.46,134.245170352482,89.9858400570763,45.8662411394105
132,61,11,1743,79.01,134.245170352482,89.9858400570763,45.8662411394105
132,61,12,2014,80.03,134.245170352482,89.9858400570763,45.8662411394105
132,61,13,2384,91.42,134.245170352482,89.9858400570763,45.8662411394105
132,61,14,3090,155.99,134.245170352482,89.9858400570763,45.8662411394105
132,61,15,3652,97.33,134.245170352482,89.9858400570763,45.8662411394105
132,61,16,3667,93.47,134.245170352482,89.9858400570763,45.8662411394105
132,61,17,3370,100.59,134.245170352482,89.9858400570763,45.8662411394105
132,61,18,3265,88.85,134.245170352482,89.9858400570763,45.8662411394105
132,61,19,3756,101.38,134.245170352482,89.9858400570763,45.8662411394105
132,61,20,4384,80.39,134.245170352482,89.9858400570763,45.8662411394105
132,61,21,5031,78.12,134.245170352482,89.9858400570763,45.8662411394105
132,61,22,6219,86.37,134.245170352482,89.9858400570763,45.8662411394105
132,61,23,5991,86.44,134.245170352482,89.9858400570763,45.8662411394105
132,62,0,1571,76.39,139.790475752315,93.7029120639637,47.7608516791611
132,62,1,849,73.63,139.790475752315,93.7029120639637,47.7608516791611
132,62,2,331,70.17,139.790475752315,93.7029120639637,47.7608516791611
132,62,3,150,134.61,139.790475752315,93.7029120639637,47.7608516791611
132,62,4,149,67.68,139.790475752315,93.7029120639637,47.7608516791611
132,62,5,446,70.45,139.790475752315,93.7029120639637,47.7608516791611
132,62,6,1113,95.48,139.790475752315,93.7029120639637,47.7608516791611
132,62,7,1090,110.78,139.790475752315,93.7029120639637,47.7608516791611
132,62,8,879,86.81,139.790475752315,93.7029120639637,47.7608516791611
132,62,9,764,82.54,139.790475752315,93.7029120639637,47.7608516791611
132,62,10,897,82.3,139.790475752315,93.7029120639637,47.7608516791611
132,62,11,619,85.45,139.790475752315,93.7029120639637,47.7608516791611
132,62,12,707,103.16,139.790475752315,93.7029120639637,47.7608516791611
132,62,13,793,111.19,139.790475752315,93.7029120639637,47.7608516791611
132,62,14,1038,92.79,139.790475752315,93.7029120639637,47.7608516791611
132,62,15,1302,100.13,139.790475752315,93.7029120639637,47.7608516791611
132,62,16,1178,101.6,139.790475752315,93.7029120639637,47.7608516791611
132,62,17,1029,101.4,139.790475752315,93.7029120639637,47.7608516791611
132,62,18,1017,91.03,139.790475752315,93.7029120639637,47.7608516791611
132,62,19,1300,88.87,139.790475752315,93.7029120639637,47.7608516791611
132,62,20,1331,84.75,139.790475752315,93.7029120639637,47.7608516791611
132,62,21,1497,84.13,139.790475752315,93.7029120639637,47.7608516791611
132,62,22,1694,83.26,139.790475752315,93.7029120639637,47.7608516791611
132,62,23,1864,80.55,139.790475752315,93.7029120639637,47.7608516791611
132,63,0,1315,39.47,92.2020073975714,61.8039000496963,31.5017627355303
132,63,1,1008,39.57,92.2020073975714,61.8039000496963,31.5017627355303
132,63,2,495,39.09,92.2020073975714,61.8039000496963,31.5017627355303
132,63,3,226,38.54,92.2020073975714,61.8039000496963,31.5017627355303
132,63,4,234,38.41,92.2020073975714,61.8039000496963,31.5017627355303
132,63,5,247,42,92.2020073975714,61.8039000496963,31.5017627355303
132,63,6,576,45.54,92.2020073975714,61.8039000496963,31.5017627355303
132,63,7,433,50.44,92.2020073975714,61.8039000496963,31.5017627355303
132,63,8,353,95.55,92.2020073975714,61.8039000496963,31.5017627355303
132,63,9,496,47.99,92.2020073975714,61.8039000496963,31.5017627355303
132,63,10,683,61.67,92.2020073975714,61.8039000496963,31.5017627355303
132,63,11,489,50.7,92.2020073975714,61.8039000496963,31.5017627355303
132,63,12,487,44.24,92.2020073975714,61.8039000496963,31.5017627355303
132,63,13,581,45.84,92.2020073975714,61.8039000496963,31.5017627355303
132,63,14,740,48.14,92.2020073975714,61.8039000496963,31.5017627355303
132,63,15,806,50.49,92.2020073975714,61.8039000496963,31.5017627355303
132,63,16,693,56.89,92.2020073975714,61.8039000496963,31.5017627355303
132,63,17,668,51.83,92.2020073975714,61.8039000496963,31.5017627355303
132,63,18,669,55.43,92.2020073975714,61.8039000496963,31.5017627355303
132,63,19,652,51.23,92.2020073975714,61.8039000496963,31.5017627355303
132,63,20,763,45.1,92.2020073975714,61.8039000496963,31.5017627355303
132,63,21,925,56.32,92.2020073975714,61.8039000496963,31.5017627355303
132,63,22,1099,42.97,92.2020073975714,61.8039000496963,31.5017627355303
132,63,23,1212,64,92.2020073975714,61.8039000496963,31.5017627355303
132,64,0,399,66.89,130.200525536629,87.2746753981813,44.4843466998559
132,64,1,195,65.3,130.200525536629,87.2746753981813,44.4843466998559
132,64,2,72,69.11,130.200525536629,87.2746753981813,44.4843466998559
132,64,3,36,56.07,130.200525536629,87.2746753981813,44.4843466998559
132,64,4,28,58.26,130.200525536629,87.2746753981813,44.4843466998559
132,64,5,104,60.39,130.200525536629,87.2746753981813,44.4843466998559
132,64,6,270,86.09,130.200525536629,87.2746753981813,44.4843466998559
132,64,7,284,103.9,130.200525536629,87.2746753981813,44.4843466998559
132,64,8,223,70.44,130.200525536629,87.2746753981813,44.4843466998559
132,64,9,175,68.77,130.200525536629,87.2746753981813,44.4843466998559
132,64,10,210,64.03,130.200525536629,87.2746753981813,44.4843466998559
132,64,11,175,65.99,130.200525536629,87.2746753981813,44.4843466998559
132,64,12,240,66.72,130.200525536629,87.2746753981813,44.4843466998559
132,64,13,304,73.11,130.200525536629,87.2746753981813,44.4843466998559
132,64,14,400,77.98,130.200525536629,87.2746753981813,44.4843466998559
132,64,15,398,84.1,130.200525536629,87.2746753981813,44.4843466998559
132,64,16,383,81.57,130.200525536629,87.2746753981813,44.4843466998559
132,64,17,391,85.18,130.200525536629,87.2746753981813,44.4843466998559
132,64,18,354,76.2,130.200525536629,87.2746753981813,44.4843466998559
132,64,19,438,72.47,130.200525536629,87.2746753981813,44.4843466998559
132,64,20,500,99.82,130.200525536629,87.2746753981813,44.4843466998559
132,64,21,527,96.87,130.200525536629,87.2746753981813,44.4843466998559
132,64,22,502,68.1,130.200525536629,87.2746753981813,44.4843466998559
132,64,23,479,67.07,130.200525536629,87.2746753981813,44.4843466998559
132,65,0,2062,107.56,176.688354399418,118.435918083217,60.3673908575699
132,65,1,941,89.48,176.688354399418,118.435918083217,60.3673908575699
132,65,2,310,84.75,176.688354399418,118.435918083217,60.3673908575699
132,65,3,135,78.68,176.688354399418,118.435918083217,60.3673908575699
132,65,4,90,75.65,176.688354399418,118.435918083217,60.3673908575699
132,65,5,400,90.35,176.688354399418,118.435918083217,60.3673908575699
132,65,6,1075,111.03,176.688354399418,118.435918083217,60.3673908575699
132,65,7,1250,124.72,176.688354399418,118.435918083217,60.3673908575699
132,65,8,1173,119.34,176.688354399418,118.435918083217,60.3673908575699
132,65,9,949,110.88,176.688354399418,118.435918083217,60.3673908575699
132,65,10,997,112.93,176.688354399418,118.435918083217,60.3673908575699
132,65,11,1004,113.19,176.688354399418,118.435918083217,60.3673908575699
132,65,12,1282,121.89,176.688354399418,118.435918083217,60.3673908575699
132,65,13,1425,135.41,176.688354399418,118.435918083217,60.3673908575699
132,65,14,1775,129.97,176.688354399418,118.435918083217,60.3673908575699
132,65,15,2224,134.37,176.688354399418,118.435918083217,60.3673908575699
132,65,16,2291,138.67,176.688354399418,118.435918083217,60.3673908575699
132,65,17,1847,123.77,176.688354399418,118.435918083217,60.3673908575699
132,65,18,1721,115.89,176.688354399418,118.435918083217,60.3673908575699
132,65,19,1968,170.24,176.688354399418,118.435918083217,60.3673908575699
132,65,20,2360,100.66,176.688354399418,118.435918083217,60.3673908575699
132,65,21,2505,115.63,176.688354399418,118.435918083217,60.3673908575699
132,65,22,2794,101.32,176.688354399418,118.435918083217,60.3673908575699
132,65,23,2612,101.08,176.688354399418,118.435918083217,60.3673908575699
132,66,0,926,97.39,178.903083953637,119.920472789449,61.1240759548861
132,66,1,381,93.58,178.903083953637,119.920472789449,61.1240759548861
132,66,2,94,87.24,178.903083953637,119.920472789449,61.1240759548861
132,66,3,48,84.61,178.903083953637,119.920472789449,61.1240759548861
132,66,4,40,78.95,178.903083953637,119.920472789449,61.1240759548861
132,66,5,219,95.12,178.903083953637,119.920472789449,61.1240759548861
132,66,6,574,137.45,178.903083953637,119.920472789449,61.1240759548861
132,66,7,553,133.28,178.903083953637,119.920472789449,61.1240759548861
132,66,8,477,126.28,178.903083953637,119.920472789449,61.1240759548861
132,66,9,374,130.19,178.903083953637,119.920472789449,61.1240759548861
132,66,10,385,116.69,178.903083953637,119.920472789449,61.1240759548861
132,66,11,415,116.29,178.903083953637,119.920472789449,61.1240759548861
132,66,12,538,118.91,178.903083953637,119.920472789449,61.1240759548861
132,66,13,699,132.42,178.903083953637,119.920472789449,61.1240759548861
132,66,14,776,145.92,178.903083953637,119.920472789449,61.1240759548861
132,66,15,865,142.08,178.903083953637,119.920472789449,61.1240759548861
132,66,16,988,132.43,178.903083953637,119.920472789449,61.1240759548861
132,66,17,864,128.23,178.903083953637,119.920472789449,61.1240759548861
132,66,18,812,124.56,178.903083953637,119.920472789449,61.1240759548861
132,66,19,937,110.55,178.903083953637,119.920472789449,61.1240759548861
132,66,20,1127,103.86,178.903083953637,119.920472789449,61.1240759548861
132,66,21,1238,118.97,178.903083953637,119.920472789449,61.1240759548861
132,66,22,1224,107.56,178.903083953637,119.920472789449,61.1240759548861
132,66,23,1139,106.57,178.903083953637,119.920472789449,61.1240759548861
132,67,0,278,91.6,190.923679281619,127.977994454731,65.2310357993621
132,67,1,146,90.63,190.923679281619,127.977994454731,65.2310357993621
132,67,2,59,87.1,190.923679281619,127.977994454731,65.2310357993621
132,67,3,29,82.62,190.923679281619,127.977994454731,65.2310357993621
132,67,4,16,85.5,190.923679281619,127.977994454731,65.2310357993621
132,67,5,49,83.56,190.923679281619,127.977994454731,65.2310357993621
132,67,6,148,94.78,190.923679281619,127.977994454731,65.2310357993621
132,67,7,168,107.69,190.923679281619,127.977994454731,65.2310357993621
132,67,8,146,97.74,190.923679281619,127.977994454731,65.2310357993621
132,67,9,172,101.49,190.923679281619,127.977994454731,65.2310357993621
132,67,10,189,103.92,190.923679281619,127.977994454731,65.2310357993621
132,67,11,152,102.12,190.923679281619,127.977994454731,65.2310357993621
132,67,12,154,104.6,190.923679281619,127.977994454731,65.2310357993621
132,67,13,217,104.76,190.923679281619,127.977994454731,65.2310357993621
132,67,14,280,108.81,190.923679281619,127.977994454731,65.2310357993621
132,67,15,309,119.44,190.923679281619,127.977994454731,65.2310357993621
132,67,16,279,117.17,190.923679281619,127.977994454731,65.2310357993621
132,67,17,261,114.49,190.923679281619,127.977994454731,65.2310357993621
132,67,18,306,106.59,190.923679281619,127.977994454731,65.2310357993621
132,67,19,306,138.49,190.923679281619,127.977994454731,65.2310357993621
132,67,20,324,96.87,190.923679281619,127.977994454731,65.2310357993621
132,67,21,292,97.02,190.923679281619,127.977994454731,65.2310357993621
132,67,22,326,94.78,190.923679281619,127.977994454731,65.2310357993621
132,67,23,355,93.01,190.923679281619,127.977994454731,65.2310357993621
132,68,0,3792,119.69,211.280186991435,141.623159059807,72.1860457183276
132,68,1,1630,111.01,211.280186991435,141.623159059807,72.1860457183276
132,68,2,502,92.93,211.280186991435,141.623159059807,72.1860457183276
132,68,3,258,85.93,211.280186991435,141.623159059807,72.1860457183276
132,68,4,214,125.61,211.280186991435,141.623159059807,72.1860457183276
132,68,5,873,111.7,211.280186991435,141.623159059807,72.1860457183276
132,68,6,2419,113.78,211.280186991435,141.623159059807,72.1860457183276
132,68,7,2970,138.28,211.280186991435,141.623159059807,72.1860457183276
132,68,8,2674,127.52,211.280186991435,141.623159059807,72.1860457183276
132,68,9,2411,129.56,211.280186991435,141.623159059807,72.1860457183276
132,68,10,2563,131.72,211.280186991435,141.623159059807,72.1860457183276
132,68,11,2820,139.75,211.280186991435,141.623159059807,72.1860457183276
132,68,12,3497,132.25,211.280186991435,141.623159059807,72.1860457183276
132,68,13,4164,129.73,211.280186991435,141.623159059807,72.1860457183276
132,68,14,5161,140.7,211.280186991435,141.623159059807,72.1860457183276
132,68,15,6402,144.8,211.280186991435,141.623159059807,72.1860457183276
132,68,16,6524,136.26,211.280186991435,141.623159059807,72.1860457183276
132,68,17,5668,131.96,211.280186991435,141.623159059807,72.1860457183276
132,68,18,4829,121.52,211.280186991435,141.623159059807,72.1860457183276
132,68,19,4953,118,211.280186991435,141.623159059807,72.1860457183276
132,68,20,5740,117.28,211.280186991435,141.623159059807,72.1860457183276
132,68,21,5738,117.87,211.280186991435,141.623159059807,72.1860457183276
132,68,22,5811,114.86,211.280186991435,141.623159059807,72.1860457183276
132,68,23,5353,109.68,211.280186991435,141.623159059807,72.1860457183276
132,69,0,396,96.86,229.487671188557,153.827812355729,78.4068196838601
132,69,1,304,90.09,229.487671188557,153.827812355729,78.4068196838601
132,69,2,160,83.67,229.487671188557,153.827812355729,78.4068196838601
132,69,3,68,80.48,229.487671188557,153.827812355729,78.4068196838601
132,69,4,54,84.37,229.487671188557,153.827812355729,78.4068196838601
132,69,5,119,90.74,229.487671188557,153.827812355729,78.4068196838601
132,69,6,197,102.71,229.487671188557,153.827812355729,78.4068196838601
132,69,7,209,118.3,229.487671188557,153.827812355729,78.4068196838601
132,69,8,193,114.84,229.487671188557,153.827812355729,78.4068196838601
132,69,9,230,102.52,229.487671188557,153.827812355729,78.4068196838601
132,69,10,293,110.21,229.487671188557,153.827812355729,78.4068196838601
132,69,11,228,109.68,229.487671188557,153.827812355729,78.4068196838601
132,69,12,160,109.52,229.487671188557,153.827812355729,78.4068196838601
132,69,13,192,114.21,229.487671188557,153.827812355729,78.4068196838601
132,69,14,265,118.03,229.487671188557,153.827812355729,78.4068196838601
132,69,15,303,125.49,229.487671188557,153.827812355729,78.4068196838601
132,69,16,291,122.17,229.487671188557,153.827812355729,78.4068196838601
132,69,17,291,114.99,229.487671188557,153.827812355729,78.4068196838601
132,69,18,351,113.91,229.487671188557,153.827812355729,78.4068196838601
132,69,19,394,100.41,229.487671188557,153.827812355729,78.4068196838601
132,69,20,337,98.12,229.487671188557,153.827812355729,78.4068196838601
132,69,21,357,93.72,229.487671188557,153.827812355729,78.4068196838601
132,69,22,397,97.34,229.487671188557,153.827812355729,78.4068196838601
132,69,23,449,101.37,229.487671188557,153.827812355729,78.4068196838601
132,70,0,825,69.11,148.274208279911,99.3896402815288,50.6594060245525
132,70,1,426,68.09,148.274208279911,99.3896402815288,50.6594060245525
132,70,2,223,61.72,148.274208279911,99.3896402815288,50.6594060245525
132,70,3,118,53.07,148.274208279911,99.3896402815288,50.6594060245525
132,70,4,96,54.58,148.274208279911,99.3896402815288,50.6594060245525
132,70,5,179,54.8,148.274208279911,99.3896402815288,50.6594060245525
132,70,6,315,67.08,148.274208279911,99.3896402815288,50.6594060245525
132,70,7,314,74.52,148.274208279911,99.3896402815288,50.6594060245525
132,70,8,277,95.69,148.274208279911,99.3896402815288,50.6594060245525
132,70,9,325,66.57,148.274208279911,99.3896402815288,50.6594060245525
132,70,10,350,69.86,148.274208279911,99.3896402815288,50.6594060245525
132,70,11,325,119.2,148.274208279911,99.3896402815288,50.6594060245525
132,70,12,307,92.19,148.274208279911,99.3896402815288,50.6594060245525
132,70,13,429,85.36,148.274208279911,99.3896402815288,50.6594060245525
132,70,14,594,84.28,148.274208279911,99.3896402815288,50.6594060245525
132,70,15,745,76.45,148.274208279911,99.3896402815288,50.6594060245525
132,70,16,768,75.75,148.274208279911,99.3896402815288,50.6594060245525
132,70,17,770,76.33,148.274208279911,99.3896402815288,50.6594060245525
132,70,18,796,74.37,148.274208279911,99.3896402815288,50.6594060245525
132,70,19,1046,70.5,148.274208279911,99.3896402815288,50.6594060245525
132,70,20,1195,68.97,148.274208279911,99.3896402815288,50.6594060245525
132,70,21,1257,65.07,148.274208279911,99.3896402815288,50.6594060245525
132,70,22,1329,72.9,148.274208279911,99.3896402815288,50.6594060245525
132,70,23,1199,74.6,148.274208279911,99.3896402815288,50.6594060245525
132,71,0,1140,70.49,128.569338041239,86.1812745951739,43.9270347398747
132,71,1,685,67.33,128.569338041239,86.1812745951739,43.9270347398747
132,71,2,280,65.34,128.569338041239,86.1812745951739,43.9270347398747
132,71,3,139,62.66,128.569338041239,86.1812745951739,43.9270347398747
132,71,4,124,65.77,128.569338041239,86.1812745951739,43.9270347398747
132,71,5,258,64.47,128.569338041239,86.1812745951739,43.9270347398747
132,71,6,694,74.73,128.569338041239,86.1812745951739,43.9270347398747
132,71,7,504,81.1,128.569338041239,86.1812745951739,43.9270347398747
132,71,8,457,77.06,128.569338041239,86.1812745951739,43.9270347398747
132,71,9,564,73.81,128.569338041239,86.1812745951739,43.9270347398747
132,71,10,659,74.61,128.569338041239,86.1812745951739,43.9270347398747
132,71,11,497,79.86,128.569338041239,86.1812745951739,43.9270347398747
132,71,12,622,75.37,128.569338041239,86.1812745951739,43.9270347398747
132,71,13,634,75.56,128.569338041239,86.1812745951739,43.9270347398747
132,71,14,791,80.35,128.569338041239,86.1812745951739,43.9270347398747
132,71,15,968,82.93,128.569338041239,86.1812745951739,43.9270347398747
132,71,16,739,87.67,128.569338041239,86.1812745951739,43.9270347398747
132,71,17,768,83.59,128.569338041239,86.1812745951739,43.9270347398747
132,71,18,749,84.11,128.569338041239,86.1812745951739,43.9270347398747
132,71,19,819,80.24,128.569338041239,86.1812745951739,43.9270347398747
132,71,20,820,75.99,128.569338041239,86.1812745951739,43.9270347398747
132,71,21,840,74.75,128.569338041239,86.1812745951739,43.9270347398747
132,71,22,1102,72.21,128.569338041239,86.1812745951739,43.9270347398747
132,71,23,1150,72.96,128.569338041239,86.1812745951739,43.9270347398747
132,72,0,1324,60.79,116.480027637338,78.077692547869,39.796597684012
132,72,1,910,58.59,116.480027637338,78.077692547869,39.796597684012
132,72,2,474,53.49,116.480027637338,78.077692547869,39.796597684012
132,72,3,184,53.84,116.480027637338,78.077692547869,39.796597684012
132,72,4,216,52.94,116.480027637338,78.077692547869,39.796597684012
132,72,5,305,58.85,116.480027637338,78.077692547869,39.796597684012
132,72,6,672,65.93,116.480027637338,78.077692547869,39.796597684012
132,72,7,527,73.1,116.480027637338,78.077692547869,39.796597684012
132,72,8,529,66.15,116.480027637338,78.077692547869,39.796597684012
132,72,9,627,63.27,116.480027637338,78.077692547869,39.796597684012
132,72,10,732,66.43,116.480027637338,78.077692547869,39.796597684012
132,72,11,569,67.94,116.480027637338,78.077692547869,39.796597684012
132,72,12,658,67.47,116.480027637338,78.077692547869,39.796597684012
132,72,13,662,91.94,116.480027637338,78.077692547869,39.796597684012
132,72,14,801,71.61,116.480027637338,78.077692547869,39.796597684012
132,72,15,1083,77.93,116.480027637338,78.077692547869,39.796597684012
132,72,16,775,83.97,116.480027637338,78.077692547869,39.796597684012
132,72,17,921,98.16,116.480027637338,78.077692547869,39.796597684012
132,72,18,921,73.38,116.480027637338,78.077692547869,39.796597684012
132,72,19,966,91.26,116.480027637338,78.077692547869,39.796597684012
132,72,20,1010,66.18,116.480027637338,78.077692547869,39.796597684012
132,72,21,1014,64.54,116.480027637338,78.077692547869,39.796597684012
132,72,22,1169,64.62,116.480027637338,78.077692547869,39.796597684012
132,72,23,1353,63.61,116.480027637338,78.077692547869,39.796597684012
132,73,0,207,68.51,121.808152943389,81.6491866309372,41.6170064142976
132,73,1,136,62.89,121.808152943389,81.6491866309372,41.6170064142976
132,73,2,66,57.3,121.808152943389,81.6491866309372,41.6170064142976
132,73,3,45,57.05,121.808152943389,81.6491866309372,41.6170064142976
132,73,4,26,56.34,121.808152943389,81.6491866309372,41.6170064142976
132,73,5,77,55.46,121.808152943389,81.6491866309372,41.6170064142976
132,73,6,152,67.13,121.808152943389,81.6491866309372,41.6170064142976
132,73,7,200,74.06,121.808152943389,81.6491866309372,41.6170064142976
132,73,8,181,71.47,121.808152943389,81.6491866309372,41.6170064142976
132,73,9,147,68.4,121.808152943389,81.6491866309372,41.6170064142976
132,73,10,148,71.68,121.808152943389,81.6491866309372,41.6170064142976
132,73,11,119,72.14,121.808152943389,81.6491866309372,41.6170064142976
132,73,12,118,72.18,121.808152943389,81.6491866309372,41.6170064142976
132,73,13,114,74.62,121.808152943389,81.6491866309372,41.6170064142976
132,73,14,143,76.62,121.808152943389,81.6491866309372,41.6170064142976
132,73,15,216,78.25,121.808152943389,81.6491866309372,41.6170064142976
132,73,16,212,78.08,121.808152943389,81.6491866309372,41.6170064142976
132,73,17,184,75.47,121.808152943389,81.6491866309372,41.6170064142976
132,73,18,141,74.08,121.808152943389,81.6491866309372,41.6170064142976
132,73,19,201,70.28,121.808152943389,81.6491866309372,41.6170064142976
132,73,20,151,65.28,121.808152943389,81.6491866309372,41.6170064142976
132,73,21,217,65.77,121.808152943389,81.6491866309372,41.6170064142976
132,73,22,280,69.9,121.808152943389,81.6491866309372,41.6170064142976
132,73,23,252,73.11,121.808152943389,81.6491866309372,41.6170064142976
132,74,0,1034,107.04,212.24374801832,142.269043364046,72.5152562388668
132,74,1,556,82.61,212.24374801832,142.269043364046,72.5152562388668
132,74,2,203,85.18,212.24374801832,142.269043364046,72.5152562388668
132,74,3,109,79.6,212.24374801832,142.269043364046,72.5152562388668
132,74,4,162,70.78,212.24374801832,142.269043364046,72.5152562388668
132,74,5,275,80.91,212.24374801832,142.269043364046,72.5152562388668
132,74,6,683,98.8,212.24374801832,142.269043364046,72.5152562388668
132,74,7,669,109.75,212.24374801832,142.269043364046,72.5152562388668
132,74,8,575,105.71,212.24374801832,142.269043364046,72.5152562388668
132,74,9,514,126.14,212.24374801832,142.269043364046,72.5152562388668
132,74,10,529,101.39,212.24374801832,142.269043364046,72.5152562388668
132,74,11,480,129.26,212.24374801832,142.269043364046,72.5152562388668
132,74,12,447,132.18,212.24374801832,142.269043364046,72.5152562388668
132,74,13,566,102.34,212.24374801832,142.269043364046,72.5152562388668
132,74,14,779,105.44,212.24374801832,142.269043364046,72.5152562388668
132,74,15,884,111.99,212.24374801832,142.269043364046,72.5152562388668
132,74,16,955,123.45,212.24374801832,142.269043364046,72.5152562388668
132,74,17,982,102.66,212.24374801832,142.269043364046,72.5152562388668
132,74,18,877,98.46,212.24374801832,142.269043364046,72.5152562388668
132,74,19,911,90.53,212.24374801832,142.269043364046,72.5152562388668
132,74,20,996,107.09,212.24374801832,142.269043364046,72.5152562388668
132,74,21,1087,86.28,212.24374801832,142.269043364046,72.5152562388668
132,74,22,1178,93.13,212.24374801832,142.269043364046,72.5152562388668
132,74,23,1176,112.81,212.24374801832,142.269043364046,72.5152562388668
132,75,0,1304,96.36,207.259390734091,138.927980321046,70.8122993837103
132,75,1,702,91.07,207.259390734091,138.927980321046,70.8122993837103
132,75,2,224,130.39,207.259390734091,138.927980321046,70.8122993837103
132,75,3,142,78.61,207.259390734091,138.927980321046,70.8122993837103
132,75,4,109,78.8,207.259390734091,138.927980321046,70.8122993837103
132,75,5,350,85.33,207.259390734091,138.927980321046,70.8122993837103
132,75,6,864,101.58,207.259390734091,138.927980321046,70.8122993837103
132,75,7,888,114.63,207.259390734091,138.927980321046,70.8122993837103
132,75,8,741,110.32,207.259390734091,138.927980321046,70.8122993837103
132,75,9,617,98.84,207.259390734091,138.927980321046,70.8122993837103
132,75,10,673,101.76,207.259390734091,138.927980321046,70.8122993837103
132,75,11,610,104.8,207.259390734091,138.927980321046,70.8122993837103
132,75,12,656,103.37,207.259390734091,138.927980321046,70.8122993837103
132,75,13,833,105.83,207.259390734091,138.927980321046,70.8122993837103
132,75,14,1025,119.68,207.259390734091,138.927980321046,70.8122993837103
132,75,15,1244,119.38,207.259390734091,138.927980321046,70.8122993837103
132,75,16,1231,127.74,207.259390734091,138.927980321046,70.8122993837103
132,75,17,1196,107.75,207.259390734091,138.927980321046,70.8122993837103
132,75,18,1113,102.92,207.259390734091,138.927980321046,70.8122993837103
132,75,19,1410,114.37,207.259390734091,138.927980321046,70.8122993837103
132,75,20,1482,93.67,207.259390734091,138.927980321046,70.8122993837103
132,75,21,1597,108.14,207.259390734091,138.927980321046,70.8122993837103
132,75,22,1888,102.32,207.259390734091,138.927980321046,70.8122993837103
132,75,23,1754,97.13,207.259390734091,138.927980321046,70.8122993837103
132,76,0,2840,40.5,82.0413885623822,54.9931386719604,28.030282961645
132,76,1,2747,36.9,82.0413885623822,54.9931386719604,28.030282961645
132,76,2,1136,54.79,82.0413885623822,54.9931386719604,28.030282961645
132,76,3,438,37.69,82.0413885623822,54.9931386719604,28.030282961645
132,76,4,539,34.93,82.0413885623822,54.9931386719604,28.030282961645
132,76,5,710,39.75,82.0413885623822,54.9931386719604,28.030282961645
132,76,6,1382,45.14,82.0413885623822,54.9931386719604,28.030282961645
132,76,7,1505,64.22,82.0413885623822,54.9931386719604,28.030282961645
132,76,8,1216,44.82,82.0413885623822,54.9931386719604,28.030282961645
132,76,9,1486,44.28,82.0413885623822,54.9931386719604,28.030282961645
132,76,10,1861,52.12,82.0413885623822,54.9931386719604,28.030282961645
132,76,11,1489,43.87,82.0413885623822,54.9931386719604,28.030282961645
132,76,12,1859,42.62,82.0413885623822,54.9931386719604,28.030282961645
132,76,13,1669,45.6,82.0413885623822,54.9931386719604,28.030282961645
132,76,14,2539,44.61,82.0413885623822,54.9931386719604,28.030282961645
132,76,15,2655,60.99,82.0413885623822,54.9931386719604,28.030282961645
132,76,16,2195,49.65,82.0413885623822,54.9931386719604,28.030282961645
132,76,17,2299,48.38,82.0413885623822,54.9931386719604,28.030282961645
132,76,18,2186,59.96,82.0413885623822,54.9931386719604,28.030282961645
132,76,19,2039,67.32,82.0413885623822,54.9931386719604,28.030282961645
132,76,20,2343,42.6,82.0413885623822,54.9931386719604,28.030282961645
132,76,21,2546,41.36,82.0413885623822,54.9931386719604,28.030282961645
132,76,22,2817,42.48,82.0413885623822,54.9931386719604,28.030282961645
132,76,23,3270,41,82.0413885623822,54.9931386719604,28.030282961645
132,77,0,888,45.22,97.9886871254023,65.6827676103161,33.4788412933387
132,77,1,846,41.62,97.9886871254023,65.6827676103161,33.4788412933387
132,77,2,320,41.58,97.9886871254023,65.6827676103161,33.4788412933387
132,77,3,157,39.64,97.9886871254023,65.6827676103161,33.4788412933387
132,77,4,88,45.19,97.9886871254023,65.6827676103161,33.4788412933387
132,77,5,155,44.84,97.9886871254023,65.6827676103161,33.4788412933387
132,77,6,474,73.02,97.9886871254023,65.6827676103161,33.4788412933387
132,77,7,346,54.73,97.9886871254023,65.6827676103161,33.4788412933387
132,77,8,291,51.76,97.9886871254023,65.6827676103161,33.4788412933387
132,77,9,333,93.94,97.9886871254023,65.6827676103161,33.4788412933387
132,77,10,393,52.09,97.9886871254023,65.6827676103161,33.4788412933387
132,77,11,381,49.19,97.9886871254023,65.6827676103161,33.4788412933387
132,77,12,346,49.23,97.9886871254023,65.6827676103161,33.4788412933387
132,77,13,365,50.22,97.9886871254023,65.6827676103161,33.4788412933387
132,77,14,557,51.64,97.9886871254023,65.6827676103161,33.4788412933387
132,77,15,542,56.35,97.9886871254023,65.6827676103161,33.4788412933387
132,77,16,504,57.98,97.9886871254023,65.6827676103161,33.4788412933387
132,77,17,511,55.91,97.9886871254023,65.6827676103161,33.4788412933387
132,77,18,472,57.23,97.9886871254023,65.6827676103161,33.4788412933387
132,77,19,495,53.71,97.9886871254023,65.6827676103161,33.4788412933387
132,77,20,569,50.42,97.9886871254023,65.6827676103161,33.4788412933387
132,77,21,549,50.55,97.9886871254023,65.6827676103161,33.4788412933387
132,77,22,839,48.19,97.9886871254023,65.6827676103161,33.4788412933387
132,77,23,873,49.16,97.9886871254023,65.6827676103161,33.4788412933387
132,78,0,207,88.54,232.385647678454,155.770354111416,79.3969431136487
132,78,1,164,85.01,232.385647678454,155.770354111416,79.3969431136487
132,78,2,78,82.45,232.385647678454,155.770354111416,79.3969431136487
132,78,3,57,77.9,232.385647678454,155.770354111416,79.3969431136487
132,78,4,30,88.98,232.385647678454,155.770354111416,79.3969431136487
132,78,5,70,91.7,232.385647678454,155.770354111416,79.3969431136487
132,78,6,96,105.38,232.385647678454,155.770354111416,79.3969431136487
132,78,7,95,112.71,232.385647678454,155.770354111416,79.3969431136487
132,78,8,85,110.32,232.385647678454,155.770354111416,79.3969431136487
132,78,9,119,100.42,232.385647678454,155.770354111416,79.3969431136487
132,78,10,182,111.6,232.385647678454,155.770354111416,79.3969431136487
132,78,11,121,102.76,232.385647678454,155.770354111416,79.3969431136487
132,78,12,86,104.26,232.385647678454,155.770354111416,79.3969431136487
132,78,13,97,114.79,232.385647678454,155.770354111416,79.3969431136487
132,78,14,120,114.71,232.385647678454,155.770354111416,79.3969431136487
132,78,15,130,123.57,232.385647678454,155.770354111416,79.3969431136487
132,78,16,166,124.44,232.385647678454,155.770354111416,79.3969431136487
132,78,17,144,117.66,232.385647678454,155.770354111416,79.3969431136487
132,78,18,172,105.41,232.385647678454,155.770354111416,79.3969431136487
132,78,19,191,98.68,232.385647678454,155.770354111416,79.3969431136487
132,78,20,166,93.16,232.385647678454,155.770354111416,79.3969431136487
132,78,21,166,90.81,232.385647678454,155.770354111416,79.3969431136487
132,78,22,201,98.02,232.385647678454,155.770354111416,79.3969431136487
132,78,23,228,95.49,232.385647678454,155.770354111416,79.3969431136487
132,79,0,3746,100.68,190.400709929215,127.627443024265,65.0523579492549
132,79,1,1728,91.99,190.400709929215,127.627443024265,65.0523579492549
132,79,2,457,87.59,190.400709929215,127.627443024265,65.0523579492549
132,79,3,195,80.71,190.400709929215,127.627443024265,65.0523579492549
132,79,4,175,139.83,190.400709929215,127.627443024265,65.0523579492549
132,79,5,934,115.39,190.400709929215,127.627443024265,65.0523579492549
132,79,6,2425,114.97,190.400709929215,127.627443024265,65.0523579492549
132,79,7,2531,132.23,190.400709929215,127.627443024265,65.0523579492549
132,79,8,2105,136.32,190.400709929215,127.627443024265,65.0523579492549
132,79,9,1523,124.09,190.400709929215,127.627443024265,65.0523579492549
132,79,10,1349,110.31,190.400709929215,127.627443024265,65.0523579492549
132,79,11,1519,111.61,190.400709929215,127.627443024265,65.0523579492549
132,79,12,2040,111.84,190.400709929215,127.627443024265,65.0523579492549
132,79,13,2377,120.65,190.400709929215,127.627443024265,65.0523579492549
132,79,14,3282,130.55,190.400709929215,127.627443024265,65.0523579492549
132,79,15,4019,131.28,190.400709929215,127.627443024265,65.0523579492549
132,79,16,4189,122.5,190.400709929215,127.627443024265,65.0523579492549
132,79,17,3729,127.72,190.400709929215,127.627443024265,65.0523579492549
132,79,18,3385,118.55,190.400709929215,127.627443024265,65.0523579492549
132,79,19,4075,113.12,190.400709929215,127.627443024265,65.0523579492549
132,79,20,4697,108.79,190.400709929215,127.627443024265,65.0523579492549
132,79,21,4963,106,190.400709929215,127.627443024265,65.0523579492549
132,79,22,5423,111.39,190.400709929215,127.627443024265,65.0523579492549
132,79,23,4930,108.4,190.400709929215,127.627443024265,65.0523579492549
132,80,0,2615,82.02,149.735403519258,100.369093626143,51.1586383844479
132,80,1,1216,78.34,149.735403519258,100.369093626143,51.1586383844479
132,80,2,360,75.57,149.735403519258,100.369093626143,51.1586383844479
132,80,3,184,69.27,149.735403519258,100.369093626143,51.1586383844479
132,80,4,129,66.95,149.735403519258,100.369093626143,51.1586383844479
132,80,5,581,101.55,149.735403519258,100.369093626143,51.1586383844479
132,80,6,1547,104.12,149.735403519258,100.369093626143,51.1586383844479
132,80,7,1518,116.69,149.735403519258,100.369093626143,51.1586383844479
132,80,8,1298,96.77,149.735403519258,100.369093626143,51.1586383844479
132,80,9,859,89.45,149.735403519258,100.369093626143,51.1586383844479
132,80,10,823,113.81,149.735403519258,100.369093626143,51.1586383844479
132,80,11,791,92.73,149.735403519258,100.369093626143,51.1586383844479
132,80,12,1011,92.02,149.735403519258,100.369093626143,51.1586383844479
132,80,13,1335,94.98,149.735403519258,100.369093626143,51.1586383844479
132,80,14,1673,111.74,149.735403519258,100.369093626143,51.1586383844479
132,80,15,2072,114.13,149.735403519258,100.369093626143,51.1586383844479
132,80,16,2234,125.7,149.735403519258,100.369093626143,51.1586383844479
132,80,17,1995,99.2,149.735403519258,100.369093626143,51.1586383844479
132,80,18,1917,94.39,149.735403519258,100.369093626143,51.1586383844479
132,80,19,2138,88.5,149.735403519258,100.369093626143,51.1586383844479
132,80,20,2709,85.43,149.735403519258,100.369093626143,51.1586383844479
132,80,21,3140,83.09,149.735403519258,100.369093626143,51.1586383844479
132,80,22,3392,85.65,149.735403519258,100.369093626143,51.1586383844479
132,80,23,3226,86.66,149.735403519258,100.369093626143,51.1586383844479
132,81,0,261,94.09,258.22124228286,173.088203816901,88.2239393399888
132,81,1,149,86.78,258.22124228286,173.088203816901,88.2239393399888
132,81,2,76,80.89,258.22124228286,173.088203816901,88.2239393399888
132,81,3,27,76.8,258.22124228286,173.088203816901,88.2239393399888
132,81,4,27,82.09,258.22124228286,173.088203816901,88.2239393399888
132,81,5,63,84.17,258.22124228286,173.088203816901,88.2239393399888
132,81,6,101,101.89,258.22124228286,173.088203816901,88.2239393399888
132,81,7,102,110.77,258.22124228286,173.088203816901,88.2239393399888
132,81,8,107,106.83,258.22124228286,173.088203816901,88.2239393399888
132,81,9,130,98.32,258.22124228286,173.088203816901,88.2239393399888
132,81,10,162,103.11,258.22124228286,173.088203816901,88.2239393399888
132,81,11,119,105.28,258.22124228286,173.088203816901,88.2239393399888
132,81,12,103,98.31,258.22124228286,173.088203816901,88.2239393399888
132,81,13,95,110.36,258.22124228286,173.088203816901,88.2239393399888
132,81,14,165,113.62,258.22124228286,173.088203816901,88.2239393399888
132,81,15,213,131.81,258.22124228286,173.088203816901,88.2239393399888
132,81,16,207,114.79,258.22124228286,173.088203816901,88.2239393399888
132,81,17,232,113.14,258.22124228286,173.088203816901,88.2239393399888
132,81,18,250,107.72,258.22124228286,173.088203816901,88.2239393399888
132,81,19,252,98.69,258.22124228286,173.088203816901,88.2239393399888
132,81,20,205,97,258.22124228286,173.088203816901,88.2239393399888
132,81,21,210,91.53,258.22124228286,173.088203816901,88.2239393399888
132,81,22,273,96.47,258.22124228286,173.088203816901,88.2239393399888
132,81,23,264,99.25,258.22124228286,173.088203816901,88.2239393399888
132,82,0,1149,98.18,130.973224733775,87.7926231663136,44.7483473161274
132,82,1,706,88.18,130.973224733775,87.7926231663136,44.7483473161274
132,82,2,271,59,130.973224733775,87.7926231663136,44.7483473161274
132,82,3,160,56.07,130.973224733775,87.7926231663136,44.7483473161274
132,82,4,203,58.96,130.973224733775,87.7926231663136,44.7483473161274
132,82,5,353,58.9,130.973224733775,87.7926231663136,44.7483473161274
132,82,6,749,70.34,130.973224733775,87.7926231663136,44.7483473161274
132,82,7,716,80.54,130.973224733775,87.7926231663136,44.7483473161274
132,82,8,685,106.03,130.973224733775,87.7926231663136,44.7483473161274
132,82,9,607,96.31,130.973224733775,87.7926231663136,44.7483473161274
132,82,10,740,73.02,130.973224733775,87.7926231663136,44.7483473161274
132,82,11,639,86.32,130.973224733775,87.7926231663136,44.7483473161274
132,82,12,590,75.47,130.973224733775,87.7926231663136,44.7483473161274
132,82,13,522,105.31,130.973224733775,87.7926231663136,44.7483473161274
132,82,14,645,80.82,130.973224733775,87.7926231663136,44.7483473161274
132,82,15,745,107.98,130.973224733775,87.7926231663136,44.7483473161274
132,82,16,785,82.36,130.973224733775,87.7926231663136,44.7483473161274
132,82,17,662,82.01,130.973224733775,87.7926231663136,44.7483473161274
132,82,18,546,82.06,130.973224733775,87.7926231663136,44.7483473161274
132,82,19,692,71.85,130.973224733775,87.7926231663136,44.7483473161274
132,82,20,816,89.89,130.973224733775,87.7926231663136,44.7483473161274
132,82,21,926,66.05,130.973224733775,87.7926231663136,44.7483473161274
132,82,22,1165,71.16,130.973224733775,87.7926231663136,44.7483473161274
132,82,23,1352,74.94,130.973224733775,87.7926231663136,44.7483473161274
132,83,0,446,72.21,137.724886696802,92.3183276808908,47.0551219648905
132,83,1,241,139.32,137.724886696802,92.3183276808908,47.0551219648905
132,83,2,99,63.93,137.724886696802,92.3183276808908,47.0551219648905
132,83,3,55,61.48,137.724886696802,92.3183276808908,47.0551219648905
132,83,4,54,57.04,137.724886696802,92.3183276808908,47.0551219648905
132,83,5,117,137.79,137.724886696802,92.3183276808908,47.0551219648905
132,83,6,225,88.47,137.724886696802,92.3183276808908,47.0551219648905
132,83,7,245,84.56,137.724886696802,92.3183276808908,47.0551219648905
132,83,8,248,107.23,137.724886696802,92.3183276808908,47.0551219648905
132,83,9,240,122.91,137.724886696802,92.3183276808908,47.0551219648905
132,83,10,236,76.81,137.724886696802,92.3183276808908,47.0551219648905
132,83,11,173,76.94,137.724886696802,92.3183276808908,47.0551219648905
132,83,12,233,79.8,137.724886696802,92.3183276808908,47.0551219648905
132,83,13,212,84.91,137.724886696802,92.3183276808908,47.0551219648905
132,83,14,198,83.89,137.724886696802,92.3183276808908,47.0551219648905
132,83,15,277,125.33,137.724886696802,92.3183276808908,47.0551219648905
132,83,16,295,87.85,137.724886696802,92.3183276808908,47.0551219648905
132,83,17,231,84.3,137.724886696802,92.3183276808908,47.0551219648905
132,83,18,213,81.29,137.724886696802,92.3183276808908,47.0551219648905
132,83,19,249,74.69,137.724886696802,92.3183276808908,47.0551219648905
132,83,20,303,69.35,137.724886696802,92.3183276808908,47.0551219648905
132,83,21,333,70.29,137.724886696802,92.3183276808908,47.0551219648905
132,83,22,376,73.52,137.724886696802,92.3183276808908,47.0551219648905
132,83,23,499,76.29,137.724886696802,92.3183276808908,47.0551219648905
132,84,0,23,144.58,350.516249136931,234.954442304517,119.75747629493
132,84,1,16,149.37,350.516249136931,234.954442304517,119.75747629493
132,84,2,13,129.04,350.516249136931,234.954442304517,119.75747629493
132,84,3,4,135.84,350.516249136931,234.954442304517,119.75747629493
132,84,4,3,134.3,350.516249136931,234.954442304517,119.75747629493
132,84,5,5,145.32,350.516249136931,234.954442304517,119.75747629493
132,84,6,15,158.42,350.516249136931,234.954442304517,119.75747629493
132,84,7,13,170.73,350.516249136931,234.954442304517,119.75747629493
132,84,8,18,158.63,350.516249136931,234.954442304517,119.75747629493
132,84,9,8,160.19,350.516249136931,234.954442304517,119.75747629493
132,84,10,8,145.28,350.516249136931,234.954442304517,119.75747629493
132,84,11,23,162.32,350.516249136931,234.954442304517,119.75747629493
132,84,12,26,151.74,350.516249136931,234.954442304517,119.75747629493
132,84,13,32,163.93,350.516249136931,234.954442304517,119.75747629493
132,84,14,30,183.97,350.516249136931,234.954442304517,119.75747629493
132,84,15,44,183.67,350.516249136931,234.954442304517,119.75747629493
132,84,16,33,176.97,350.516249136931,234.954442304517,119.75747629493
132,84,17,39,185.11,350.516249136931,234.954442304517,119.75747629493
132,84,18,32,163.52,350.516249136931,234.954442304517,119.75747629493
132,84,19,43,158.54,350.516249136931,234.954442304517,119.75747629493
132,84,20,44,155.74,350.516249136931,234.954442304517,119.75747629493
132,84,21,40,155.06,350.516249136931,234.954442304517,119.75747629493
132,84,22,40,156.5,350.516249136931,234.954442304517,119.75747629493
132,84,23,44,162.81,350.516249136931,234.954442304517,119.75747629493
132,85,0,888,75,139.601852719996,93.5764762154875,47.696406683024
132,85,1,639,70.84,139.601852719996,93.5764762154875,47.696406683024
132,85,2,208,68.71,139.601852719996,93.5764762154875,47.696406683024
132,85,3,96,68.33,139.601852719996,93.5764762154875,47.696406683024
132,85,4,72,66.5,139.601852719996,93.5764762154875,47.696406683024
132,85,5,172,71.85,139.601852719996,93.5764762154875,47.696406683024
132,85,6,453,80.42,139.601852719996,93.5764762154875,47.696406683024
132,85,7,465,87.81,139.601852719996,93.5764762154875,47.696406683024
132,85,8,460,82.47,139.601852719996,93.5764762154875,47.696406683024
132,85,9,434,81.08,139.601852719996,93.5764762154875,47.696406683024
132,85,10,487,99.88,139.601852719996,93.5764762154875,47.696406683024
132,85,11,339,82,139.601852719996,93.5764762154875,47.696406683024
132,85,12,500,84.43,139.601852719996,93.5764762154875,47.696406683024
132,85,13,407,85.63,139.601852719996,93.5764762154875,47.696406683024
132,85,14,490,89.51,139.601852719996,93.5764762154875,47.696406683024
132,85,15,684,100.11,139.601852719996,93.5764762154875,47.696406683024
132,85,16,619,96.07,139.601852719996,93.5764762154875,47.696406683024
132,85,17,558,93.58,139.601852719996,93.5764762154875,47.696406683024
132,85,18,586,90.59,139.601852719996,93.5764762154875,47.696406683024
132,85,19,596,86.65,139.601852719996,93.5764762154875,47.696406683024
132,85,20,658,82,139.601852719996,93.5764762154875,47.696406683024
132,85,21,740,81.51,139.601852719996,93.5764762154875,47.696406683024
132,85,22,838,80.64,139.601852719996,93.5764762154875,47.696406683024
132,85,23,973,79.09,139.601852719996,93.5764762154875,47.696406683024
132,86,0,1156,51.72,45.0990481588763,30.2303295060477,15.408552967542
132,86,1,814,49.65,45.0990481588763,30.2303295060477,15.408552967542
132,86,2,380,52.26,45.0990481588763,30.2303295060477,15.408552967542
132,86,3,224,45.67,45.0990481588763,30.2303295060477,15.408552967542
132,86,4,210,45.15,45.0990481588763,30.2303295060477,15.408552967542
132,86,5,437,77.5,45.0990481588763,30.2303295060477,15.408552967542
132,86,6,833,51.71,45.0990481588763,30.2303295060477,15.408552967542
132,86,7,692,72.92,45.0990481588763,30.2303295060477,15.408552967542
132,86,8,433,54.3,45.0990481588763,30.2303295060477,15.408552967542
132,86,9,502,53.86,45.0990481588763,30.2303295060477,15.408552967542
132,86,10,632,53.4,45.0990481588763,30.2303295060477,15.408552967542
132,86,11,534,53.87,45.0990481588763,30.2303295060477,15.408552967542
132,86,12,604,56,45.0990481588763,30.2303295060477,15.408552967542
132,86,13,603,55.78,45.0990481588763,30.2303295060477,15.408552967542
132,86,14,710,60,45.0990481588763,30.2303295060477,15.408552967542
132,86,15,794,64.92,45.0990481588763,30.2303295060477,15.408552967542
132,86,16,702,70.35,45.0990481588763,30.2303295060477,15.408552967542
132,86,17,707,62.95,45.0990481588763,30.2303295060477,15.408552967542
132,86,18,813,61.49,45.0990481588763,30.2303295060477,15.408552967542
132,86,19,911,56.67,45.0990481588763,30.2303295060477,15.408552967542
132,86,20,824,54.71,45.0990481588763,30.2303295060477,15.408552967542
132,86,21,941,53,45.0990481588763,30.2303295060477,15.408552967542
132,86,22,1179,71.02,45.0990481588763,30.2303295060477,15.408552967542
132,86,23,1363,69.71,45.0990481588763,30.2303295060477,15.408552967542
132,87,0,2981,105.55,196.979490792459,132.037263660464,67.3000659948003
132,87,1,1236,130.22,196.979490792459,132.037263660464,67.3000659948003
132,87,2,366,96.23,196.979490792459,132.037263660464,67.3000659948003
132,87,3,173,89.12,196.979490792459,132.037263660464,67.3000659948003
132,87,4,125,156.14,196.979490792459,132.037263660464,67.3000659948003
132,87,5,550,100.73,196.979490792459,132.037263660464,67.3000659948003
132,87,6,1616,119.31,196.979490792459,132.037263660464,67.3000659948003
132,87,7,1831,135.93,196.979490792459,132.037263660464,67.3000659948003
132,87,8,1601,148.82,196.979490792459,132.037263660464,67.3000659948003
132,87,9,1409,135.33,196.979490792459,132.037263660464,67.3000659948003
132,87,10,1596,129.84,196.979490792459,132.037263660464,67.3000659948003
132,87,11,1735,128.64,196.979490792459,132.037263660464,67.3000659948003
132,87,12,2036,123.89,196.979490792459,132.037263660464,67.3000659948003
132,87,13,2259,130.81,196.979490792459,132.037263660464,67.3000659948003
132,87,14,3056,137.77,196.979490792459,132.037263660464,67.3000659948003
132,87,15,3741,143.12,196.979490792459,132.037263660464,67.3000659948003
132,87,16,3727,140.25,196.979490792459,132.037263660464,67.3000659948003
132,87,17,3308,133.98,196.979490792459,132.037263660464,67.3000659948003
132,87,18,2852,133.67,196.979490792459,132.037263660464,67.3000659948003
132,87,19,3302,116.1,196.979490792459,132.037263660464,67.3000659948003
132,87,20,3721,111.71,196.979490792459,132.037263660464,67.3000659948003
132,87,21,3909,108.84,196.979490792459,132.037263660464,67.3000659948003
132,87,22,4220,111.24,196.979490792459,132.037263660464,67.3000659948003
132,87,23,3866,111.13,196.979490792459,132.037263660464,67.3000659948003
132,88,0,541,155.09,198.770662816953,133.237903645408,67.9120383121798
132,88,1,276,102.36,198.770662816953,133.237903645408,67.9120383121798
132,88,2,58,102.19,198.770662816953,133.237903645408,67.9120383121798
132,88,3,36,93.65,198.770662816953,133.237903645408,67.9120383121798
132,88,4,24,88.28,198.770662816953,133.237903645408,67.9120383121798
132,88,5,107,103.9,198.770662816953,133.237903645408,67.9120383121798
132,88,6,336,121.79,198.770662816953,133.237903645408,67.9120383121798
132,88,7,449,135.9,198.770662816953,133.237903645408,67.9120383121798
132,88,8,408,134.19,198.770662816953,133.237903645408,67.9120383121798
132,88,9,432,125.54,198.770662816953,133.237903645408,67.9120383121798
132,88,10,454,126.35,198.770662816953,133.237903645408,67.9120383121798
132,88,11,527,123.64,198.770662816953,133.237903645408,67.9120383121798
132,88,12,584,122.87,198.770662816953,133.237903645408,67.9120383121798
132,88,13,682,127.69,198.770662816953,133.237903645408,67.9120383121798
132,88,14,880,134.08,198.770662816953,133.237903645408,67.9120383121798
132,88,15,984,144.21,198.770662816953,133.237903645408,67.9120383121798
132,88,16,1054,140.62,198.770662816953,133.237903645408,67.9120383121798
132,88,17,866,132.55,198.770662816953,133.237903645408,67.9120383121798
132,88,18,760,124.65,198.770662816953,133.237903645408,67.9120383121798
132,88,19,768,120.19,198.770662816953,133.237903645408,67.9120383121798
132,88,20,871,113.02,198.770662816953,133.237903645408,67.9120383121798
132,88,21,888,110.71,198.770662816953,133.237903645408,67.9120383121798
132,88,22,862,135.75,198.770662816953,133.237903645408,67.9120383121798
132,88,23,813,135.6,198.770662816953,133.237903645408,67.9120383121798
132,89,0,2489,106.27,147.074722900382,98.5856135949101,50.2495895260058
132,89,1,1272,79.73,147.074722900382,98.5856135949101,50.2495895260058
132,89,2,483,76.21,147.074722900382,98.5856135949101,50.2495895260058
132,89,3,267,74.05,147.074722900382,98.5856135949101,50.2495895260058
132,89,4,246,71.33,147.074722900382,98.5856135949101,50.2495895260058
132,89,5,642,106.09,147.074722900382,98.5856135949101,50.2495895260058
132,89,6,1400,100.62,147.074722900382,98.5856135949101,50.2495895260058
132,89,7,1235,123.1,147.074722900382,98.5856135949101,50.2495895260058
132,89,8,1130,115.95,147.074722900382,98.5856135949101,50.2495895260058
132,89,9,1053,106.47,147.074722900382,98.5856135949101,50.2495895260058
132,89,10,1244,118.5,147.074722900382,98.5856135949101,50.2495895260058
132,89,11,967,91.87,147.074722900382,98.5856135949101,50.2495895260058
132,89,12,1143,99.8,147.074722900382,98.5856135949101,50.2495895260058
132,89,13,1424,113.99,147.074722900382,98.5856135949101,50.2495895260058
132,89,14,1680,101.13,147.074722900382,98.5856135949101,50.2495895260058
132,89,15,2037,104.45,147.074722900382,98.5856135949101,50.2495895260058
132,89,16,2017,105.24,147.074722900382,98.5856135949101,50.2495895260058
132,89,17,1868,106.91,147.074722900382,98.5856135949101,50.2495895260058
132,89,18,1823,114.45,147.074722900382,98.5856135949101,50.2495895260058
132,89,19,2183,110.1,147.074722900382,98.5856135949101,50.2495895260058
132,89,20,2241,105.52,147.074722900382,98.5856135949101,50.2495895260058
132,89,21,2571,89.5,147.074722900382,98.5856135949101,50.2495895260058
132,89,22,2836,87.57,147.074722900382,98.5856135949101,50.2495895260058
132,89,23,3002,86.01,147.074722900382,98.5856135949101,50.2495895260058
132,90,0,2954,110.61,205.833946577427,137.97249127399,70.3252817483745
132,90,1,1261,95.98,205.833946577427,137.97249127399,70.3252817483745
132,90,2,322,92.01,205.833946577427,137.97249127399,70.3252817483745
132,90,3,173,85.78,205.833946577427,137.97249127399,70.3252817483745
132,90,4,160,84.65,205.833946577427,137.97249127399,70.3252817483745
132,90,5,632,94.16,205.833946577427,137.97249127399,70.3252817483745
132,90,6,1678,111.32,205.833946577427,137.97249127399,70.3252817483745
132,90,7,1884,144.16,205.833946577427,137.97249127399,70.3252817483745
132,90,8,1573,123.9,205.833946577427,137.97249127399,70.3252817483745
132,90,9,1295,114.8,205.833946577427,137.97249127399,70.3252817483745
132,90,10,1334,118.33,205.833946577427,137.97249127399,70.3252817483745
132,90,11,1561,122.77,205.833946577427,137.97249127399,70.3252817483745
132,90,12,1947,139.02,205.833946577427,137.97249127399,70.3252817483745
132,90,13,2287,123.95,205.833946577427,137.97249127399,70.3252817483745
132,90,14,3193,125.1,205.833946577427,137.97249127399,70.3252817483745
132,90,15,3934,133.97,205.833946577427,137.97249127399,70.3252817483745
132,90,16,3965,128.97,205.833946577427,137.97249127399,70.3252817483745
132,90,17,3419,122.02,205.833946577427,137.97249127399,70.3252817483745
132,90,18,3079,124.32,205.833946577427,137.97249127399,70.3252817483745
132,90,19,3472,126.77,205.833946577427,137.97249127399,70.3252817483745
132,90,20,3987,103.68,205.833946577427,137.97249127399,70.3252817483745
132,90,21,4194,117.75,205.833946577427,137.97249127399,70.3252817483745
132,90,22,4342,113.47,205.833946577427,137.97249127399,70.3252817483745
132,90,23,3867,107.1,205.833946577427,137.97249127399,70.3252817483745
132,91,0,1404,91.32,123.253100309861,82.6177488687354,42.1106875215607
132,91,1,862,62.05,123.253100309861,82.6177488687354,42.1106875215607
132,91,2,418,58.5,123.253100309861,82.6177488687354,42.1106875215607
132,91,3,163,58.65,123.253100309861,82.6177488687354,42.1106875215607
132,91,4,153,58.99,123.253100309861,82.6177488687354,42.1106875215607
132,91,5,336,63.12,123.253100309861,82.6177488687354,42.1106875215607
132,91,6,796,70.82,123.253100309861,82.6177488687354,42.1106875215607
132,91,7,688,101.14,123.253100309861,82.6177488687354,42.1106875215607
132,91,8,545,101.07,123.253100309861,82.6177488687354,42.1106875215607
132,91,9,684,96.32,123.253100309861,82.6177488687354,42.1106875215607
132,91,10,884,69.64,123.253100309861,82.6177488687354,42.1106875215607
132,91,11,622,71.56,123.253100309861,82.6177488687354,42.1106875215607
132,91,12,685,69.33,123.253100309861,82.6177488687354,42.1106875215607
132,91,13,683,71.82,123.253100309861,82.6177488687354,42.1106875215607
132,91,14,907,76.23,123.253100309861,82.6177488687354,42.1106875215607
132,91,15,1108,82.37,123.253100309861,82.6177488687354,42.1106875215607
132,91,16,952,80.27,123.253100309861,82.6177488687354,42.1106875215607
132,91,17,1062,84.85,123.253100309861,82.6177488687354,42.1106875215607
132,91,18,1034,78.27,123.253100309861,82.6177488687354,42.1106875215607
132,91,19,1058,82.89,123.253100309861,82.6177488687354,42.1106875215607
132,91,20,979,70.8,123.253100309861,82.6177488687354,42.1106875215607
132,91,21,1088,69.59,123.253100309861,82.6177488687354,42.1106875215607
132,91,22,1316,68.21,123.253100309861,82.6177488687354,42.1106875215607
132,91,23,1448,84.77,123.253100309861,82.6177488687354,42.1106875215607
132,92,0,1736,81.39,133.325870922181,89.3696247304287,45.5521530479076
132,92,1,793,60.82,133.325870922181,89.3696247304287,45.5521530479076
132,92,2,329,56.96,133.325870922181,89.3696247304287,45.5521530479076
132,92,3,184,50.73,133.325870922181,89.3696247304287,45.5521530479076
132,92,4,126,54.38,133.325870922181,89.3696247304287,45.5521530479076
132,92,5,314,54.33,133.325870922181,89.3696247304287,45.5521530479076
132,92,6,904,62.98,133.325870922181,89.3696247304287,45.5521530479076
132,92,7,1218,69.7,133.325870922181,89.3696247304287,45.5521530479076
132,92,8,1202,67.32,133.325870922181,89.3696247304287,45.5521530479076
132,92,9,1035,63.54,133.325870922181,89.3696247304287,45.5521530479076
132,92,10,1100,73.8,133.325870922181,89.3696247304287,45.5521530479076
132,92,11,1021,68.03,133.325870922181,89.3696247304287,45.5521530479076
132,92,12,1037,77.74,133.325870922181,89.3696247304287,45.5521530479076
132,92,13,1182,72.22,133.325870922181,89.3696247304287,45.5521530479076
132,92,14,1447,72.83,133.325870922181,89.3696247304287,45.5521530479076
132,92,15,1753,74.45,133.325870922181,89.3696247304287,45.5521530479076
132,92,16,1857,76.97,133.325870922181,89.3696247304287,45.5521530479076
132,92,17,1536,90.28,133.325870922181,89.3696247304287,45.5521530479076
132,92,18,1528,70.78,133.325870922181,89.3696247304287,45.5521530479076
132,92,19,1837,66.64,133.325870922181,89.3696247304287,45.5521530479076
132,92,20,1973,63.43,133.325870922181,89.3696247304287,45.5521530479076
132,92,21,2202,62.25,133.325870922181,89.3696247304287,45.5521530479076
132,92,22,2441,66.87,133.325870922181,89.3696247304287,45.5521530479076
132,92,23,2489,70.77,133.325870922181,89.3696247304287,45.5521530479076
132,93,0,201,59.08,116.745624218484,78.255724512877,39.8873414836187
132,93,1,93,64.03,116.745624218484,78.255724512877,39.8873414836187
132,93,2,42,47.89,116.745624218484,78.255724512877,39.8873414836187
132,93,3,44,45.65,116.745624218484,78.255724512877,39.8873414836187
132,93,4,49,61.44,116.745624218484,78.255724512877,39.8873414836187
132,93,5,196,106.46,116.745624218484,78.255724512877,39.8873414836187
132,93,6,433,53.96,116.745624218484,78.255724512877,39.8873414836187
132,93,7,491,57.67,116.745624218484,78.255724512877,39.8873414836187
132,93,8,449,87.24,116.745624218484,78.255724512877,39.8873414836187
132,93,9,428,74.02,116.745624218484,78.255724512877,39.8873414836187
132,93,10,489,97.57,116.745624218484,78.255724512877,39.8873414836187
132,93,11,398,65.64,116.745624218484,78.255724512877,39.8873414836187
132,93,12,355,78.64,116.745624218484,78.255724512877,39.8873414836187
132,93,13,383,80.54,116.745624218484,78.255724512877,39.8873414836187
132,93,14,345,74.47,116.745624218484,78.255724512877,39.8873414836187
132,93,15,395,86.03,116.745624218484,78.255724512877,39.8873414836187
132,93,16,374,73.55,116.745624218484,78.255724512877,39.8873414836187
132,93,17,397,74.51,116.745624218484,78.255724512877,39.8873414836187
132,93,18,356,67.15,116.745624218484,78.255724512877,39.8873414836187
132,93,19,410,114.6,116.745624218484,78.255724512877,39.8873414836187
132,93,20,501,76.57,116.745624218484,78.255724512877,39.8873414836187
132,93,21,566,52.62,116.745624218484,78.255724512877,39.8873414836187
132,93,22,547,58.58,116.745624218484,78.255724512877,39.8873414836187
132,93,23,388,97.94,116.745624218484,78.255724512877,39.8873414836187
132,94,0,126,99.26,249.594722268781,167.305763761904,85.276600183423
132,94,1,97,93.77,249.594722268781,167.305763761904,85.276600183423
132,94,2,55,91.31,249.594722268781,167.305763761904,85.276600183423
132,94,3,23,83.79,249.594722268781,167.305763761904,85.276600183423
132,94,4,29,85.15,249.594722268781,167.305763761904,85.276600183423
132,94,5,29,91.37,249.594722268781,167.305763761904,85.276600183423
132,94,6,57,114.23,249.594722268781,167.305763761904,85.276600183423
132,94,7,58,130.25,249.594722268781,167.305763761904,85.276600183423
132,94,8,63,121.23,249.594722268781,167.305763761904,85.276600183423
132,94,9,68,111.5,249.594722268781,167.305763761904,85.276600183423
132,94,10,108,114.96,249.594722268781,167.305763761904,85.276600183423
132,94,11,68,120.71,249.594722268781,167.305763761904,85.276600183423
132,94,12,43,120.28,249.594722268781,167.305763761904,85.276600183423
132,94,13,48,127.11,249.594722268781,167.305763761904,85.276600183423
132,94,14,48,176.15,249.594722268781,167.305763761904,85.276600183423
132,94,15,92,139.21,249.594722268781,167.305763761904,85.276600183423
132,94,16,77,139.19,249.594722268781,167.305763761904,85.276600183423
132,94,17,71,127.57,249.594722268781,167.305763761904,85.276600183423
132,94,18,112,116.51,249.594722268781,167.305763761904,85.276600183423
132,94,19,94,105.69,249.594722268781,167.305763761904,85.276600183423
132,94,20,75,102.97,249.594722268781,167.305763761904,85.276600183423
132,94,21,94,98.84,249.594722268781,167.305763761904,85.276600183423
132,94,22,93,101.55,249.594722268781,167.305763761904,85.276600183423
132,94,23,120,103.44,249.594722268781,167.305763761904,85.276600183423
132,95,0,2497,68.22,101.654944222702,68.1402953105641,34.7314556828345
132,95,1,1314,52.07,101.654944222702,68.1402953105641,34.7314556828345
132,95,2,536,46.94,101.654944222702,68.1402953105641,34.7314556828345
132,95,3,348,43.88,101.654944222702,68.1402953105641,34.7314556828345
132,95,4,316,45.15,101.654944222702,68.1402953105641,34.7314556828345
132,95,5,762,47,101.654944222702,68.1402953105641,34.7314556828345
132,95,6,1756,66.46,101.654944222702,68.1402953105641,34.7314556828345
132,95,7,1626,90.87,101.654944222702,68.1402953105641,34.7314556828345
132,95,8,1371,87.9,101.654944222702,68.1402953105641,34.7314556828345
132,95,9,1164,57.42,101.654944222702,68.1402953105641,34.7314556828345
132,95,10,1357,59.29,101.654944222702,68.1402953105641,34.7314556828345
132,95,11,1126,59.34,101.654944222702,68.1402953105641,34.7314556828345
132,95,12,1354,61.34,101.654944222702,68.1402953105641,34.7314556828345
132,95,13,1488,79.71,101.654944222702,68.1402953105641,34.7314556828345
132,95,14,1815,67.43,101.654944222702,68.1402953105641,34.7314556828345
132,95,15,2176,67.67,101.654944222702,68.1402953105641,34.7314556828345
132,95,16,2265,67.72,101.654944222702,68.1402953105641,34.7314556828345
132,95,17,2152,65.03,101.654944222702,68.1402953105641,34.7314556828345
132,95,18,2072,64.37,101.654944222702,68.1402953105641,34.7314556828345
132,95,19,2586,59.57,101.654944222702,68.1402953105641,34.7314556828345
132,95,20,2747,73.48,101.654944222702,68.1402953105641,34.7314556828345
132,95,21,2805,53.86,101.654944222702,68.1402953105641,34.7314556828345
132,95,22,3160,57.37,101.654944222702,68.1402953105641,34.7314556828345
132,95,23,3149,59.9,101.654944222702,68.1402953105641,34.7314556828345
132,96,0,48,54.29,95.5256034332212,64.0317387160188,32.6373034542083
132,96,1,32,60.53,95.5256034332212,64.0317387160188,32.6373034542083
132,96,2,24,40.71,95.5256034332212,64.0317387160188,32.6373034542083
132,96,3,8,47.46,95.5256034332212,64.0317387160188,32.6373034542083
132,96,4,8,55.63,95.5256034332212,64.0317387160188,32.6373034542083
132,96,5,8,91.71,95.5256034332212,64.0317387160188,32.6373034542083
132,96,6,31,61.97,95.5256034332212,64.0317387160188,32.6373034542083
132,96,7,35,62.39,95.5256034332212,64.0317387160188,32.6373034542083
132,96,8,24,58.17,95.5256034332212,64.0317387160188,32.6373034542083
132,96,9,33,62.05,95.5256034332212,64.0317387160188,32.6373034542083
132,96,10,45,58.28,95.5256034332212,64.0317387160188,32.6373034542083
132,96,11,23,58.27,95.5256034332212,64.0317387160188,32.6373034542083
132,96,12,28,61.36,95.5256034332212,64.0317387160188,32.6373034542083
132,96,13,22,56.89,95.5256034332212,64.0317387160188,32.6373034542083
132,96,14,42,61.46,95.5256034332212,64.0317387160188,32.6373034542083
132,96,15,49,68.26,95.5256034332212,64.0317387160188,32.6373034542083
132,96,16,49,191.86,95.5256034332212,64.0317387160188,32.6373034542083
132,96,17,49,62.47,95.5256034332212,64.0317387160188,32.6373034542083
132,96,18,46,71.76,95.5256034332212,64.0317387160188,32.6373034542083
132,96,19,51,70.06,95.5256034332212,64.0317387160188,32.6373034542083
132,96,20,56,57.24,95.5256034332212,64.0317387160188,32.6373034542083
132,96,21,44,64.92,95.5256034332212,64.0317387160188,32.6373034542083
132,96,22,106,50.38,95.5256034332212,64.0317387160188,32.6373034542083
132,96,23,69,53.85,95.5256034332212,64.0317387160188,32.6373034542083
132,97,0,1982,92.15,166.620543983234,111.687367089115,56.927620033174
132,97,1,951,90.54,166.620543983234,111.687367089115,56.927620033174
132,97,2,270,86.93,166.620543983234,111.687367089115,56.927620033174
132,97,3,123,77.67,166.620543983234,111.687367089115,56.927620033174
132,97,4,111,82.68,166.620543983234,111.687367089115,56.927620033174
132,97,5,446,87.6,166.620543983234,111.687367089115,56.927620033174
132,97,6,1078,105.27,166.620543983234,111.687367089115,56.927620033174
132,97,7,1017,115.78,166.620543983234,111.687367089115,56.927620033174
132,97,8,867,129.76,166.620543983234,111.687367089115,56.927620033174
132,97,9,689,102.67,166.620543983234,111.687367089115,56.927620033174
132,97,10,622,102.48,166.620543983234,111.687367089115,56.927620033174
132,97,11,630,104.57,166.620543983234,111.687367089115,56.927620033174
132,97,12,827,115.05,166.620543983234,111.687367089115,56.927620033174
132,97,13,1030,109.72,166.620543983234,111.687367089115,56.927620033174
132,97,14,1291,116.63,166.620543983234,111.687367089115,56.927620033174
132,97,15,1629,117.37,166.620543983234,111.687367089115,56.927620033174
132,97,16,1699,118.3,166.620543983234,111.687367089115,56.927620033174
132,97,17,1547,115.24,166.620543983234,111.687367089115,56.927620033174
132,97,18,1527,123.56,166.620543983234,111.687367089115,56.927620033174
132,97,19,1759,133.62,166.620543983234,111.687367089115,56.927620033174
132,97,20,2124,118.72,166.620543983234,111.687367089115,56.927620033174
132,97,21,2417,107.04,166.620543983234,111.687367089115,56.927620033174
132,97,22,2613,99.85,166.620543983234,111.687367089115,56.927620033174
132,97,23,2548,108.52,166.620543983234,111.687367089115,56.927620033174
132,98,0,245,64.91,98.7148423484059,66.1695165010377,33.7269396828411
132,98,1,213,112.53,98.7148423484059,66.1695165010377,33.7269396828411
132,98,2,84,54.21,98.7148423484059,66.1695165010377,33.7269396828411
132,98,3,36,52.47,98.7148423484059,66.1695165010377,33.7269396828411
132,98,4,44,51.81,98.7148423484059,66.1695165010377,33.7269396828411
132,98,5,124,117.02,98.7148423484059,66.1695165010377,33.7269396828411
132,98,6,250,66.38,98.7148423484059,66.1695165010377,33.7269396828411
132,98,7,302,75.03,98.7148423484059,66.1695165010377,33.7269396828411
132,98,8,349,71.07,98.7148423484059,66.1695165010377,33.7269396828411
132,98,9,221,64.56,98.7148423484059,66.1695165010377,33.7269396828411
132,98,10,324,67.15,98.7148423484059,66.1695165010377,33.7269396828411
132,98,11,297,69.15,98.7148423484059,66.1695165010377,33.7269396828411
132,98,12,253,71.49,98.7148423484059,66.1695165010377,33.7269396828411
132,98,13,468,112.59,98.7148423484059,66.1695165010377,33.7269396828411
132,98,14,393,76.89,98.7148423484059,66.1695165010377,33.7269396828411
132,98,15,551,84.43,98.7148423484059,66.1695165010377,33.7269396828411
132,98,16,353,115.12,98.7148423484059,66.1695165010377,33.7269396828411
132,98,17,396,73.83,98.7148423484059,66.1695165010377,33.7269396828411
132,98,18,454,71.8,98.7148423484059,66.1695165010377,33.7269396828411
132,98,19,394,75.74,98.7148423484059,66.1695165010377,33.7269396828411
132,98,20,328,69.82,98.7148423484059,66.1695165010377,33.7269396828411
132,98,21,437,63.28,98.7148423484059,66.1695165010377,33.7269396828411
132,98,22,310,67.43,98.7148423484059,66.1695165010377,33.7269396828411
132,98,23,290,68.16,98.7148423484059,66.1695165010377,33.7269396828411
132,100,0,1686,119.18,206.838942518497,138.646149803185,70.6686489328791
132,100,1,722,96.27,206.838942518497,138.646149803185,70.6686489328791
132,100,2,231,87.35,206.838942518497,138.646149803185,70.6686489328791
132,100,3,151,86.74,206.838942518497,138.646149803185,70.6686489328791
132,100,4,112,83.3,206.838942518497,138.646149803185,70.6686489328791
132,100,5,381,94.75,206.838942518497,138.646149803185,70.6686489328791
132,100,6,1241,110.46,206.838942518497,138.646149803185,70.6686489328791
132,100,7,1830,127.7,206.838942518497,138.646149803185,70.6686489328791
132,100,8,1776,131.81,206.838942518497,138.646149803185,70.6686489328791
132,100,9,1913,133.2,206.838942518497,138.646149803185,70.6686489328791
132,100,10,2161,136.5,206.838942518497,138.646149803185,70.6686489328791
132,100,11,2305,121.44,206.838942518497,138.646149803185,70.6686489328791
132,100,12,2694,133.29,206.838942518497,138.646149803185,70.6686489328791
132,100,13,2994,134.46,206.838942518497,138.646149803185,70.6686489328791
132,100,14,3862,139.52,206.838942518497,138.646149803185,70.6686489328791
132,100,15,4572,142.09,206.838942518497,138.646149803185,70.6686489328791
132,100,16,4707,134.04,206.838942518497,138.646149803185,70.6686489328791
132,100,17,3864,139.69,206.838942518497,138.646149803185,70.6686489328791
132,100,18,2949,139.68,206.838942518497,138.646149803185,70.6686489328791
132,100,19,2749,119.89,206.838942518497,138.646149803185,70.6686489328791
132,100,20,2972,113.7,206.838942518497,138.646149803185,70.6686489328791
132,100,21,2980,112.05,206.838942518497,138.646149803185,70.6686489328791
132,100,22,2822,115.26,206.838942518497,138.646149803185,70.6686489328791
132,100,23,2496,107.59,206.838942518497,138.646149803185,70.6686489328791
132,101,0,410,59.09,123.325321032821,82.6661591199796,42.1353624732617
132,101,1,225,55.66,123.325321032821,82.6661591199796,42.1353624732617
132,101,2,83,61.16,123.325321032821,82.6661591199796,42.1353624732617
132,101,3,42,56.83,123.325321032821,82.6661591199796,42.1353624732617
132,101,4,33,51.44,123.325321032821,82.6661591199796,42.1353624732617
132,101,5,92,55.03,123.325321032821,82.6661591199796,42.1353624732617
132,101,6,259,60.34,123.325321032821,82.6661591199796,42.1353624732617
132,101,7,292,68.75,123.325321032821,82.6661591199796,42.1353624732617
132,101,8,227,70.33,123.325321032821,82.6661591199796,42.1353624732617
132,101,9,260,63.79,123.325321032821,82.6661591199796,42.1353624732617
132,101,10,286,59.86,123.325321032821,82.6661591199796,42.1353624732617
132,101,11,199,59.47,123.325321032821,82.6661591199796,42.1353624732617
132,101,12,221,61.21,123.325321032821,82.6661591199796,42.1353624732617
132,101,13,266,64.37,123.325321032821,82.6661591199796,42.1353624732617
132,101,14,331,90.03,123.325321032821,82.6661591199796,42.1353624732617
132,101,15,369,80.24,123.325321032821,82.6661591199796,42.1353624732617
132,101,16,372,77.53,123.325321032821,82.6661591199796,42.1353624732617
132,101,17,336,73.47,123.325321032821,82.6661591199796,42.1353624732617
132,101,18,347,69.62,123.325321032821,82.6661591199796,42.1353624732617
132,101,19,415,66.46,123.325321032821,82.6661591199796,42.1353624732617
132,101,20,406,61.8,123.325321032821,82.6661591199796,42.1353624732617
132,101,21,399,90.36,123.325321032821,82.6661591199796,42.1353624732617
132,101,22,427,89.16,123.325321032821,82.6661591199796,42.1353624732617
132,101,23,436,61.33,123.325321032821,82.6661591199796,42.1353624732617
132,102,0,513,55.85,102.501524810489,68.7077664915982,35.0206986349753
132,102,1,386,55.64,102.501524810489,68.7077664915982,35.0206986349753
132,102,2,132,52.44,102.501524810489,68.7077664915982,35.0206986349753
132,102,3,88,49.97,102.501524810489,68.7077664915982,35.0206986349753
132,102,4,78,50.45,102.501524810489,68.7077664915982,35.0206986349753
132,102,5,166,52.71,102.501524810489,68.7077664915982,35.0206986349753
132,102,6,267,61.78,102.501524810489,68.7077664915982,35.0206986349753
132,102,7,299,67.64,102.501524810489,68.7077664915982,35.0206986349753
132,102,8,235,62.1,102.501524810489,68.7077664915982,35.0206986349753
132,102,9,278,59.24,102.501524810489,68.7077664915982,35.0206986349753
132,102,10,391,80.83,102.501524810489,68.7077664915982,35.0206986349753
132,102,11,275,57.91,102.501524810489,68.7077664915982,35.0206986349753
132,102,12,283,62.53,102.501524810489,68.7077664915982,35.0206986349753
132,102,13,344,61.04,102.501524810489,68.7077664915982,35.0206986349753
132,102,14,430,64.02,102.501524810489,68.7077664915982,35.0206986349753
132,102,15,486,66.41,102.501524810489,68.7077664915982,35.0206986349753
132,102,16,533,65.64,102.501524810489,68.7077664915982,35.0206986349753
132,102,17,518,66.53,102.501524810489,68.7077664915982,35.0206986349753
132,102,18,527,63.88,102.501524810489,68.7077664915982,35.0206986349753
132,102,19,511,110.12,102.501524810489,68.7077664915982,35.0206986349753
132,102,20,557,61.88,102.501524810489,68.7077664915982,35.0206986349753
132,102,21,547,59.51,102.501524810489,68.7077664915982,35.0206986349753
132,102,22,560,59.09,102.501524810489,68.7077664915982,35.0206986349753
132,102,23,601,86.26,102.501524810489,68.7077664915982,35.0206986349753
132,105,9,2,100.18,200.102925230659,134.130932066163,68.367219448064
132,106,0,448,104.23,174.224059850313,116.784077539777,59.525439316736
132,106,1,210,101.72,174.224059850313,116.784077539777,59.525439316736
132,106,2,56,93.22,174.224059850313,116.784077539777,59.525439316736
132,106,3,23,91.23,174.224059850313,116.784077539777,59.525439316736
132,106,4,22,102.14,174.224059850313,116.784077539777,59.525439316736
132,106,5,79,93.74,174.224059850313,116.784077539777,59.525439316736
132,106,6,198,114.3,174.224059850313,116.784077539777,59.525439316736
132,106,7,256,156.71,174.224059850313,116.784077539777,59.525439316736
132,106,8,240,118.34,174.224059850313,116.784077539777,59.525439316736
132,106,9,169,113.33,174.224059850313,116.784077539777,59.525439316736
132,106,10,186,172.94,174.224059850313,116.784077539777,59.525439316736
132,106,11,186,115.98,174.224059850313,116.784077539777,59.525439316736
132,106,12,222,117.69,174.224059850313,116.784077539777,59.525439316736
132,106,13,314,123.42,174.224059850313,116.784077539777,59.525439316736
132,106,14,375,129.55,174.224059850313,116.784077539777,59.525439316736
132,106,15,479,132.89,174.224059850313,116.784077539777,59.525439316736
132,106,16,444,128.67,174.224059850313,116.784077539777,59.525439316736
132,106,17,370,128.46,174.224059850313,116.784077539777,59.525439316736
132,106,18,398,127.55,174.224059850313,116.784077539777,59.525439316736
132,106,19,453,148.04,174.224059850313,116.784077539777,59.525439316736
132,106,20,511,112.02,174.224059850313,116.784077539777,59.525439316736
132,106,21,527,108.51,174.224059850313,116.784077539777,59.525439316736
132,106,22,589,109.6,174.224059850313,116.784077539777,59.525439316736
132,106,23,574,108.82,174.224059850313,116.784077539777,59.525439316736
132,107,0,2880,110.28,193.969128778589,130.019388797758,66.2715448965549
132,107,1,1217,109.74,193.969128778589,130.019388797758,66.2715448965549
132,107,2,336,127.65,193.969128778589,130.019388797758,66.2715448965549
132,107,3,172,81.62,193.969128778589,130.019388797758,66.2715448965549
132,107,4,151,79.69,193.969128778589,130.019388797758,66.2715448965549
132,107,5,653,88.25,193.969128778589,130.019388797758,66.2715448965549
132,107,6,1747,111.7,193.969128778589,130.019388797758,66.2715448965549
132,107,7,1887,133.47,193.969128778589,130.019388797758,66.2715448965549
132,107,8,1579,134.42,193.969128778589,130.019388797758,66.2715448965549
132,107,9,1224,122.44,193.969128778589,130.019388797758,66.2715448965549
132,107,10,1210,124.39,193.969128778589,130.019388797758,66.2715448965549
132,107,11,1360,113.82,193.969128778589,130.019388797758,66.2715448965549
132,107,12,1671,106.78,193.969128778589,130.019388797758,66.2715448965549
132,107,13,1928,116.32,193.969128778589,130.019388797758,66.2715448965549
132,107,14,2786,121.1,193.969128778589,130.019388797758,66.2715448965549
132,107,15,3294,126.46,193.969128778589,130.019388797758,66.2715448965549
132,107,16,3553,123.69,193.969128778589,130.019388797758,66.2715448965549
132,107,17,3147,122.94,193.969128778589,130.019388797758,66.2715448965549
132,107,18,2940,122.07,193.969128778589,130.019388797758,66.2715448965549
132,107,19,3208,101.48,193.969128778589,130.019388797758,66.2715448965549
132,107,20,3780,96.35,193.969128778589,130.019388797758,66.2715448965549
132,107,21,3949,95.17,193.969128778589,130.019388797758,66.2715448965549
132,107,22,4113,108.24,193.969128778589,130.019388797758,66.2715448965549
132,107,23,3719,108.08,193.969128778589,130.019388797758,66.2715448965549
132,108,0,293,72.84,172.881573065704,115.884195624015,59.0667649195294
132,108,1,137,68.42,172.881573065704,115.884195624015,59.0667649195294
132,108,2,59,68.99,172.881573065704,115.884195624015,59.0667649195294
132,108,3,37,64.06,172.881573065704,115.884195624015,59.0667649195294
132,108,4,26,65.91,172.881573065704,115.884195624015,59.0667649195294
132,108,5,68,70.41,172.881573065704,115.884195624015,59.0667649195294
132,108,6,173,74.14,172.881573065704,115.884195624015,59.0667649195294
132,108,7,138,84.44,172.881573065704,115.884195624015,59.0667649195294
132,108,8,123,76.65,172.881573065704,115.884195624015,59.0667649195294
132,108,9,131,76.12,172.881573065704,115.884195624015,59.0667649195294
132,108,10,190,76.25,172.881573065704,115.884195624015,59.0667649195294
132,108,11,122,75.11,172.881573065704,115.884195624015,59.0667649195294
132,108,12,177,101.32,172.881573065704,115.884195624015,59.0667649195294
132,108,13,162,77.77,172.881573065704,115.884195624015,59.0667649195294
132,108,14,242,83.28,172.881573065704,115.884195624015,59.0667649195294
132,108,15,262,90.45,172.881573065704,115.884195624015,59.0667649195294
132,108,16,228,89.66,172.881573065704,115.884195624015,59.0667649195294
132,108,17,281,91.4,172.881573065704,115.884195624015,59.0667649195294
132,108,18,247,83.92,172.881573065704,115.884195624015,59.0667649195294
132,108,19,243,79.93,172.881573065704,115.884195624015,59.0667649195294
132,108,20,289,77.36,172.881573065704,115.884195624015,59.0667649195294
132,108,21,318,75.92,172.881573065704,115.884195624015,59.0667649195294
132,108,22,338,111.57,172.881573065704,115.884195624015,59.0667649195294
132,108,23,313,75.63,172.881573065704,115.884195624015,59.0667649195294
132,109,0,32,135.53,314.540964363361,210.83985990917,107.466150788388
132,109,1,24,133.28,314.540964363361,210.83985990917,107.466150788388
132,109,2,8,128.23,314.540964363361,210.83985990917,107.466150788388
132,109,3,4,125.08,314.540964363361,210.83985990917,107.466150788388
132,109,4,7,117.38,314.540964363361,210.83985990917,107.466150788388
132,109,5,15,126.82,314.540964363361,210.83985990917,107.466150788388
132,109,6,20,134.38,314.540964363361,210.83985990917,107.466150788388
132,109,7,25,142.05,314.540964363361,210.83985990917,107.466150788388
132,109,8,20,143.27,314.540964363361,210.83985990917,107.466150788388
132,109,9,37,139.48,314.540964363361,210.83985990917,107.466150788388
132,109,10,29,147.82,314.540964363361,210.83985990917,107.466150788388
132,109,11,20,142.11,314.540964363361,210.83985990917,107.466150788388
132,109,12,35,150.26,314.540964363361,210.83985990917,107.466150788388
132,109,13,44,149.65,314.540964363361,210.83985990917,107.466150788388
132,109,14,61,173.9,314.540964363361,210.83985990917,107.466150788388
132,109,15,42,176.04,314.540964363361,210.83985990917,107.466150788388
132,109,16,59,177.58,314.540964363361,210.83985990917,107.466150788388
132,109,17,59,163.29,314.540964363361,210.83985990917,107.466150788388
132,109,18,69,147.91,314.540964363361,210.83985990917,107.466150788388
132,109,19,69,143.94,314.540964363361,210.83985990917,107.466150788388
132,109,20,62,137.28,314.540964363361,210.83985990917,107.466150788388
132,109,21,74,140.8,314.540964363361,210.83985990917,107.466150788388
132,109,22,78,146.44,314.540964363361,210.83985990917,107.466150788388
132,109,23,69,134.59,314.540964363361,210.83985990917,107.466150788388
132,111,0,4,100.81,170.929383195498,114.575623814987,58.3997792015203
132,111,1,3,111.3,170.929383195498,114.575623814987,58.3997792015203
132,111,2,2,99.67,170.929383195498,114.575623814987,58.3997792015203
132,111,5,2,91.81,170.929383195498,114.575623814987,58.3997792015203
132,111,6,5,109.49,170.929383195498,114.575623814987,58.3997792015203
132,111,7,3,155.53,170.929383195498,114.575623814987,58.3997792015203
132,111,8,4,124.48,170.929383195498,114.575623814987,58.3997792015203
132,111,9,8,116.76,170.929383195498,114.575623814987,58.3997792015203
132,111,10,5,108.85,170.929383195498,114.575623814987,58.3997792015203
132,111,11,2,137.81,170.929383195498,114.575623814987,58.3997792015203
132,111,12,2,107.16,170.929383195498,114.575623814987,58.3997792015203
132,111,13,2,123.87,170.929383195498,114.575623814987,58.3997792015203
132,111,14,6,137.72,170.929383195498,114.575623814987,58.3997792015203
132,111,15,7,127.03,170.929383195498,114.575623814987,58.3997792015203
132,111,16,9,138.19,170.929383195498,114.575623814987,58.3997792015203
132,111,17,6,132.78,170.929383195498,114.575623814987,58.3997792015203
132,111,18,3,108.21,170.929383195498,114.575623814987,58.3997792015203
132,111,19,16,125.75,170.929383195498,114.575623814987,58.3997792015203
132,111,20,11,108.03,170.929383195498,114.575623814987,58.3997792015203
132,111,21,7,103.66,170.929383195498,114.575623814987,58.3997792015203
132,111,22,20,102.52,170.929383195498,114.575623814987,58.3997792015203
132,111,23,11,112.94,170.929383195498,114.575623814987,58.3997792015203
132,112,0,3239,84.25,166.461056091756,111.580460808197,56.8731293571209
132,112,1,1498,96.3,166.461056091756,111.580460808197,56.8731293571209
132,112,2,420,110.17,166.461056091756,111.580460808197,56.8731293571209
132,112,3,174,72.05,166.461056091756,111.580460808197,56.8731293571209
132,112,4,143,69.21,166.461056091756,111.580460808197,56.8731293571209
132,112,5,723,81.96,166.461056091756,111.580460808197,56.8731293571209
132,112,6,1969,98.42,166.461056091756,111.580460808197,56.8731293571209
132,112,7,1877,125.87,166.461056091756,111.580460808197,56.8731293571209
132,112,8,1566,108.48,166.461056091756,111.580460808197,56.8731293571209
132,112,9,1030,103.08,166.461056091756,111.580460808197,56.8731293571209
132,112,10,931,103.33,166.461056091756,111.580460808197,56.8731293571209
132,112,11,1009,102.39,166.461056091756,111.580460808197,56.8731293571209
132,112,12,1400,115.81,166.461056091756,111.580460808197,56.8731293571209
132,112,13,1801,103.44,166.461056091756,111.580460808197,56.8731293571209
132,112,14,2303,99.27,166.461056091756,111.580460808197,56.8731293571209
132,112,15,2809,102.08,166.461056091756,111.580460808197,56.8731293571209
132,112,16,3257,111.08,166.461056091756,111.580460808197,56.8731293571209
132,112,17,2888,109.77,166.461056091756,111.580460808197,56.8731293571209
132,112,18,2677,96.55,166.461056091756,111.580460808197,56.8731293571209
132,112,19,3081,91.5,166.461056091756,111.580460808197,56.8731293571209
132,112,20,3897,95.16,166.461056091756,111.580460808197,56.8731293571209
132,112,21,4281,84.38,166.461056091756,111.580460808197,56.8731293571209
132,112,22,4628,89.04,166.461056091756,111.580460808197,56.8731293571209
132,112,23,4232,91.27,166.461056091756,111.580460808197,56.8731293571209
132,113,0,1823,103.01,198.820331162978,133.271196819602,67.9290080126894
132,113,1,745,122.99,198.820331162978,133.271196819602,67.9290080126894
132,113,2,182,93.17,198.820331162978,133.271196819602,67.9290080126894
132,113,3,88,87.74,198.820331162978,133.271196819602,67.9290080126894
132,113,4,85,88.99,198.820331162978,133.271196819602,67.9290080126894
132,113,5,407,95.82,198.820331162978,133.271196819602,67.9290080126894
132,113,6,1074,111.94,198.820331162978,133.271196819602,67.9290080126894
132,113,7,1129,129.59,198.820331162978,133.271196819602,67.9290080126894
132,113,8,909,124.25,198.820331162978,133.271196819602,67.9290080126894
132,113,9,707,140.01,198.820331162978,133.271196819602,67.9290080126894
132,113,10,735,116.43,198.820331162978,133.271196819602,67.9290080126894
132,113,11,847,140.1,198.820331162978,133.271196819602,67.9290080126894
132,113,12,1145,127.15,198.820331162978,133.271196819602,67.9290080126894
132,113,13,1363,136.11,198.820331162978,133.271196819602,67.9290080126894
132,113,14,1738,128.23,198.820331162978,133.271196819602,67.9290080126894
132,113,15,2133,128.72,198.820331162978,133.271196819602,67.9290080126894
132,113,16,2377,127.39,198.820331162978,133.271196819602,67.9290080126894
132,113,17,2052,136.38,198.820331162978,133.271196819602,67.9290080126894
132,113,18,1922,130.71,198.820331162978,133.271196819602,67.9290080126894
132,113,19,2329,110.88,198.820331162978,133.271196819602,67.9290080126894
132,113,20,2571,118.07,198.820331162978,133.271196819602,67.9290080126894
132,113,21,2652,116.06,198.820331162978,133.271196819602,67.9290080126894
132,113,22,2522,124.6,198.820331162978,133.271196819602,67.9290080126894
132,113,23,2188,120.6,198.820331162978,133.271196819602,67.9290080126894
132,114,0,1045,100.64,198.865551575369,133.301508500731,67.9444580309933
132,114,1,452,97.78,198.865551575369,133.301508500731,67.9444580309933
132,114,2,120,91.46,198.865551575369,133.301508500731,67.9444580309933
132,114,3,64,84.69,198.865551575369,133.301508500731,67.9444580309933
132,114,4,51,89.08,198.865551575369,133.301508500731,67.9444580309933
132,114,5,287,97.47,198.865551575369,133.301508500731,67.9444580309933
132,114,6,688,117.03,198.865551575369,133.301508500731,67.9444580309933
132,114,7,702,129.66,198.865551575369,133.301508500731,67.9444580309933
132,114,8,596,126.07,198.865551575369,133.301508500731,67.9444580309933
132,114,9,447,114.99,198.865551575369,133.301508500731,67.9444580309933
132,114,10,426,136.69,198.865551575369,133.301508500731,67.9444580309933
132,114,11,434,118.94,198.865551575369,133.301508500731,67.9444580309933
132,114,12,588,129.96,198.865551575369,133.301508500731,67.9444580309933
132,114,13,726,124.12,198.865551575369,133.301508500731,67.9444580309933
132,114,14,978,127.11,198.865551575369,133.301508500731,67.9444580309933
132,114,15,1142,138.83,198.865551575369,133.301508500731,67.9444580309933
132,114,16,1251,133.89,198.865551575369,133.301508500731,67.9444580309933
132,114,17,1041,128.96,198.865551575369,133.301508500731,67.9444580309933
132,114,18,1042,122.17,198.865551575369,133.301508500731,67.9444580309933
132,114,19,1152,113.6,198.865551575369,133.301508500731,67.9444580309933
132,114,20,1441,131.89,198.865551575369,133.301508500731,67.9444580309933
132,114,21,1507,106.19,198.865551575369,133.301508500731,67.9444580309933
132,114,22,1603,108.83,198.865551575369,133.301508500731,67.9444580309933
132,114,23,1388,106.48,198.865551575369,133.301508500731,67.9444580309933
132,115,0,53,101.19,250.298582429864,167.777568056327,85.5170812360517
132,115,1,32,104.19,250.298582429864,167.777568056327,85.5170812360517
132,115,2,11,89.46,250.298582429864,167.777568056327,85.5170812360517
132,115,3,7,87.44,250.298582429864,167.777568056327,85.5170812360517
132,115,4,10,92.4,250.298582429864,167.777568056327,85.5170812360517
132,115,5,12,98.45,250.298582429864,167.777568056327,85.5170812360517
132,115,6,41,108.3,250.298582429864,167.777568056327,85.5170812360517
132,115,7,50,117.04,250.298582429864,167.777568056327,85.5170812360517
132,115,8,43,112.89,250.298582429864,167.777568056327,85.5170812360517
132,115,9,44,110.77,250.298582429864,167.777568056327,85.5170812360517
132,115,10,39,116.73,250.298582429864,167.777568056327,85.5170812360517
132,115,11,42,109.32,250.298582429864,167.777568056327,85.5170812360517
132,115,12,47,113.22,250.298582429864,167.777568056327,85.5170812360517
132,115,13,43,119.73,250.298582429864,167.777568056327,85.5170812360517
132,115,14,61,127.43,250.298582429864,167.777568056327,85.5170812360517
132,115,15,60,137.04,250.298582429864,167.777568056327,85.5170812360517
132,115,16,68,128.27,250.298582429864,167.777568056327,85.5170812360517
132,115,17,72,125,250.298582429864,167.777568056327,85.5170812360517
132,115,18,61,119.08,250.298582429864,167.777568056327,85.5170812360517
132,115,19,82,114.94,250.298582429864,167.777568056327,85.5170812360517
132,115,20,94,110.86,250.298582429864,167.777568056327,85.5170812360517
132,115,21,86,108.05,250.298582429864,167.777568056327,85.5170812360517
132,115,22,104,110.95,250.298582429864,167.777568056327,85.5170812360517
132,115,23,74,102.14,250.298582429864,167.777568056327,85.5170812360517
132,116,0,1024,115.51,239.672511966405,160.654809936616,81.8865751332124
132,116,1,565,120.76,239.672511966405,160.654809936616,81.8865751332124
132,116,2,202,88.89,239.672511966405,160.654809936616,81.8865751332124
132,116,3,94,84.55,239.672511966405,160.654809936616,81.8865751332124
132,116,4,83,83.65,239.672511966405,160.654809936616,81.8865751332124
132,116,5,237,85.29,239.672511966405,160.654809936616,81.8865751332124
132,116,6,536,106.51,239.672511966405,160.654809936616,81.8865751332124
132,116,7,570,115.51,239.672511966405,160.654809936616,81.8865751332124
132,116,8,486,107.9,239.672511966405,160.654809936616,81.8865751332124
132,116,9,458,102.16,239.672511966405,160.654809936616,81.8865751332124
132,116,10,458,106.24,239.672511966405,160.654809936616,81.8865751332124
132,116,11,365,105.93,239.672511966405,160.654809936616,81.8865751332124
132,116,12,407,108.09,239.672511966405,160.654809936616,81.8865751332124
132,116,13,467,112.63,239.672511966405,160.654809936616,81.8865751332124
132,116,14,648,127.79,239.672511966405,160.654809936616,81.8865751332124
132,116,15,691,122.22,239.672511966405,160.654809936616,81.8865751332124
132,116,16,824,119.47,239.672511966405,160.654809936616,81.8865751332124
132,116,17,745,114.56,239.672511966405,160.654809936616,81.8865751332124
132,116,18,763,110.75,239.672511966405,160.654809936616,81.8865751332124
132,116,19,891,120.38,239.672511966405,160.654809936616,81.8865751332124
132,116,20,956,96.89,239.672511966405,160.654809936616,81.8865751332124
132,116,21,1061,96.45,239.672511966405,160.654809936616,81.8865751332124
132,116,22,1227,99.12,239.672511966405,160.654809936616,81.8865751332124
132,116,23,1276,101.29,239.672511966405,160.654809936616,81.8865751332124
132,117,0,655,89.47,50.9058688314518,34.1226977373257,17.3925128859685
132,117,1,347,60.95,50.9058688314518,34.1226977373257,17.3925128859685
132,117,2,149,61.38,50.9058688314518,34.1226977373257,17.3925128859685
132,117,3,89,60.13,50.9058688314518,34.1226977373257,17.3925128859685
132,117,4,117,54.4,50.9058688314518,34.1226977373257,17.3925128859685
132,117,5,120,62.57,50.9058688314518,34.1226977373257,17.3925128859685
132,117,6,278,65.57,50.9058688314518,34.1226977373257,17.3925128859685
132,117,7,286,67.56,50.9058688314518,34.1226977373257,17.3925128859685
132,117,8,255,65.28,50.9058688314518,34.1226977373257,17.3925128859685
132,117,9,284,67.01,50.9058688314518,34.1226977373257,17.3925128859685
132,117,10,304,66.31,50.9058688314518,34.1226977373257,17.3925128859685
132,117,11,242,67.04,50.9058688314518,34.1226977373257,17.3925128859685
132,117,12,296,70.2,50.9058688314518,34.1226977373257,17.3925128859685
132,117,13,324,67.44,50.9058688314518,34.1226977373257,17.3925128859685
132,117,14,434,71.74,50.9058688314518,34.1226977373257,17.3925128859685
132,117,15,477,73.39,50.9058688314518,34.1226977373257,17.3925128859685
132,117,16,401,74.3,50.9058688314518,34.1226977373257,17.3925128859685
132,117,17,439,73.09,50.9058688314518,34.1226977373257,17.3925128859685
132,117,18,475,71.17,50.9058688314518,34.1226977373257,17.3925128859685
132,117,19,608,67.31,50.9058688314518,34.1226977373257,17.3925128859685
132,117,20,496,68.63,50.9058688314518,34.1226977373257,17.3925128859685
132,117,21,513,69.97,50.9058688314518,34.1226977373257,17.3925128859685
132,117,22,574,65.6,50.9058688314518,34.1226977373257,17.3925128859685
132,117,23,692,65.45,50.9058688314518,34.1226977373257,17.3925128859685
132,118,0,64,120.79,291.279959670591,195.247782798652,99.5187896462163
132,118,1,37,117.18,291.279959670591,195.247782798652,99.5187896462163
132,118,2,14,120.94,291.279959670591,195.247782798652,99.5187896462163
132,118,3,14,103.71,291.279959670591,195.247782798652,99.5187896462163
132,118,4,6,112,291.279959670591,195.247782798652,99.5187896462163
132,118,5,30,111.67,291.279959670591,195.247782798652,99.5187896462163
132,118,6,40,120.68,291.279959670591,195.247782798652,99.5187896462163
132,118,7,37,129.98,291.279959670591,195.247782798652,99.5187896462163
132,118,8,48,123.15,291.279959670591,195.247782798652,99.5187896462163
132,118,9,50,123.16,291.279959670591,195.247782798652,99.5187896462163
132,118,10,62,133.13,291.279959670591,195.247782798652,99.5187896462163
132,118,11,45,136.15,291.279959670591,195.247782798652,99.5187896462163
132,118,12,59,142.31,291.279959670591,195.247782798652,99.5187896462163
132,118,13,63,129.71,291.279959670591,195.247782798652,99.5187896462163
132,118,14,79,142.91,291.279959670591,195.247782798652,99.5187896462163
132,118,15,97,151.98,291.279959670591,195.247782798652,99.5187896462163
132,118,16,77,156.45,291.279959670591,195.247782798652,99.5187896462163
132,118,17,96,145.41,291.279959670591,195.247782798652,99.5187896462163
132,118,18,114,150.78,291.279959670591,195.247782798652,99.5187896462163
132,118,19,123,127.11,291.279959670591,195.247782798652,99.5187896462163
132,118,20,107,124.08,291.279959670591,195.247782798652,99.5187896462163
132,118,21,116,124.25,291.279959670591,195.247782798652,99.5187896462163
132,118,22,116,122.46,291.279959670591,195.247782798652,99.5187896462163
132,118,23,103,117.49,291.279959670591,195.247782798652,99.5187896462163
132,119,0,204,91.71,239.770751839957,160.720661076926,81.9201397949282
132,119,1,175,86.56,239.770751839957,160.720661076926,81.9201397949282
132,119,2,102,79.81,239.770751839957,160.720661076926,81.9201397949282
132,119,3,52,81.21,239.770751839957,160.720661076926,81.9201397949282
132,119,4,30,77.88,239.770751839957,160.720661076926,81.9201397949282
132,119,5,68,249.45,239.770751839957,160.720661076926,81.9201397949282
132,119,6,123,101.64,239.770751839957,160.720661076926,81.9201397949282
132,119,7,105,273.76,239.770751839957,160.720661076926,81.9201397949282
132,119,8,93,111.99,239.770751839957,160.720661076926,81.9201397949282
132,119,9,134,100.02,239.770751839957,160.720661076926,81.9201397949282
132,119,10,237,104.03,239.770751839957,160.720661076926,81.9201397949282
132,119,11,155,106.38,239.770751839957,160.720661076926,81.9201397949282
132,119,12,98,106.3,239.770751839957,160.720661076926,81.9201397949282
132,119,13,110,112.5,239.770751839957,160.720661076926,81.9201397949282
132,119,14,154,128.16,239.770751839957,160.720661076926,81.9201397949282
132,119,15,205,130.82,239.770751839957,160.720661076926,81.9201397949282
132,119,16,168,124.4,239.770751839957,160.720661076926,81.9201397949282
132,119,17,197,121.58,239.770751839957,160.720661076926,81.9201397949282
132,119,18,230,113.63,239.770751839957,160.720661076926,81.9201397949282
132,119,19,200,99.68,239.770751839957,160.720661076926,81.9201397949282
132,119,20,199,95.97,239.770751839957,160.720661076926,81.9201397949282
132,119,21,199,95.99,239.770751839957,160.720661076926,81.9201397949282
132,119,22,227,101.07,239.770751839957,160.720661076926,81.9201397949282
132,119,23,250,98.09,239.770751839957,160.720661076926,81.9201397949282
132,120,0,33,93.74,249.510485866718,167.249299284388,85.2478199515564
132,120,1,20,95.45,249.510485866718,167.249299284388,85.2478199515564
132,120,2,7,85.34,249.510485866718,167.249299284388,85.2478199515564
132,120,3,3,87.51,249.510485866718,167.249299284388,85.2478199515564
132,120,5,8,87.66,249.510485866718,167.249299284388,85.2478199515564
132,120,6,23,112.23,249.510485866718,167.249299284388,85.2478199515564
132,120,7,25,119.08,249.510485866718,167.249299284388,85.2478199515564
132,120,8,20,114.37,249.510485866718,167.249299284388,85.2478199515564
132,120,9,18,104.49,249.510485866718,167.249299284388,85.2478199515564
132,120,10,26,107.81,249.510485866718,167.249299284388,85.2478199515564
132,120,11,19,113.68,249.510485866718,167.249299284388,85.2478199515564
132,120,12,25,115.94,249.510485866718,167.249299284388,85.2478199515564
132,120,13,29,126.05,249.510485866718,167.249299284388,85.2478199515564
132,120,14,38,118.98,249.510485866718,167.249299284388,85.2478199515564
132,120,15,60,134.39,249.510485866718,167.249299284388,85.2478199515564
132,120,16,53,133.08,249.510485866718,167.249299284388,85.2478199515564
132,120,17,27,125.14,249.510485866718,167.249299284388,85.2478199515564
132,120,18,36,115.44,249.510485866718,167.249299284388,85.2478199515564
132,120,19,44,105.34,249.510485866718,167.249299284388,85.2478199515564
132,120,20,32,97.8,249.510485866718,167.249299284388,85.2478199515564
132,120,21,33,97.19,249.510485866718,167.249299284388,85.2478199515564
132,120,22,36,96.13,249.510485866718,167.249299284388,85.2478199515564
132,120,23,38,110.4,249.510485866718,167.249299284388,85.2478199515564
132,121,0,532,88.69,94.2691749207008,63.1895424949261,32.208031749473
132,121,1,314,52.87,94.2691749207008,63.1895424949261,32.208031749473
132,121,2,150,48.87,94.2691749207008,63.1895424949261,32.208031749473
132,121,3,88,43.36,94.2691749207008,63.1895424949261,32.208031749473
132,121,4,89,43.98,94.2691749207008,63.1895424949261,32.208031749473
132,121,5,189,49.94,94.2691749207008,63.1895424949261,32.208031749473
132,121,6,437,96.7,94.2691749207008,63.1895424949261,32.208031749473
132,121,7,414,110.1,94.2691749207008,63.1895424949261,32.208031749473
132,121,8,336,61.45,94.2691749207008,63.1895424949261,32.208031749473
132,121,9,350,54.69,94.2691749207008,63.1895424949261,32.208031749473
132,121,10,387,80.72,94.2691749207008,63.1895424949261,32.208031749473
132,121,11,281,60.96,94.2691749207008,63.1895424949261,32.208031749473
132,121,12,323,62.76,94.2691749207008,63.1895424949261,32.208031749473
132,121,13,303,61.55,94.2691749207008,63.1895424949261,32.208031749473
132,121,14,454,75.42,94.2691749207008,63.1895424949261,32.208031749473
132,121,15,510,73.09,94.2691749207008,63.1895424949261,32.208031749473
132,121,16,481,63.03,94.2691749207008,63.1895424949261,32.208031749473
132,121,17,501,63.29,94.2691749207008,63.1895424949261,32.208031749473
132,121,18,500,65.52,94.2691749207008,63.1895424949261,32.208031749473
132,121,19,576,56.81,94.2691749207008,63.1895424949261,32.208031749473
132,121,20,529,87.93,94.2691749207008,63.1895424949261,32.208031749473
132,121,21,510,59.87,94.2691749207008,63.1895424949261,32.208031749473
132,121,22,642,85.84,94.2691749207008,63.1895424949261,32.208031749473
132,121,23,708,61.05,94.2691749207008,63.1895424949261,32.208031749473
132,122,0,423,52.3,74.7236543130852,50.0879904121873,25.5301039027551
132,122,1,263,51.96,74.7236543130852,50.0879904121873,25.5301039027551
132,122,2,164,46.32,74.7236543130852,50.0879904121873,25.5301039027551
132,122,3,99,43.87,74.7236543130852,50.0879904121873,25.5301039027551
132,122,4,65,48.98,74.7236543130852,50.0879904121873,25.5301039027551
132,122,5,113,48.34,74.7236543130852,50.0879904121873,25.5301039027551
132,122,6,272,51.48,74.7236543130852,50.0879904121873,25.5301039027551
132,122,7,315,52.05,74.7236543130852,50.0879904121873,25.5301039027551
132,122,8,176,53.54,74.7236543130852,50.0879904121873,25.5301039027551
132,122,9,229,51.4,74.7236543130852,50.0879904121873,25.5301039027551
132,122,10,276,53.38,74.7236543130852,50.0879904121873,25.5301039027551
132,122,11,190,53.79,74.7236543130852,50.0879904121873,25.5301039027551
132,122,12,172,80.33,74.7236543130852,50.0879904121873,25.5301039027551
132,122,13,226,53.33,74.7236543130852,50.0879904121873,25.5301039027551
132,122,14,344,56.58,74.7236543130852,50.0879904121873,25.5301039027551
132,122,15,361,59.77,74.7236543130852,50.0879904121873,25.5301039027551
132,122,16,286,60.82,74.7236543130852,50.0879904121873,25.5301039027551
132,122,17,300,61.75,74.7236543130852,50.0879904121873,25.5301039027551
132,122,18,319,56.12,74.7236543130852,50.0879904121873,25.5301039027551
132,122,19,279,55.41,74.7236543130852,50.0879904121873,25.5301039027551
132,122,20,233,53.55,74.7236543130852,50.0879904121873,25.5301039027551
132,122,21,301,53.75,74.7236543130852,50.0879904121873,25.5301039027551
132,122,22,360,55.32,74.7236543130852,50.0879904121873,25.5301039027551
132,122,23,452,54.04,74.7236543130852,50.0879904121873,25.5301039027551
132,123,0,617,75.64,156.054521583419,104.604859769017,53.317629967968
132,123,1,326,73.85,156.054521583419,104.604859769017,53.317629967968
132,123,2,125,72.08,156.054521583419,104.604859769017,53.317629967968
132,123,3,69,69.49,156.054521583419,104.604859769017,53.317629967968
132,123,4,82,70.77,156.054521583419,104.604859769017,53.317629967968
132,123,5,273,72.78,156.054521583419,104.604859769017,53.317629967968
132,123,6,624,113.96,156.054521583419,104.604859769017,53.317629967968
132,123,7,408,106.65,156.054521583419,104.604859769017,53.317629967968
132,123,8,225,89.33,156.054521583419,104.604859769017,53.317629967968
132,123,9,264,79.38,156.054521583419,104.604859769017,53.317629967968
132,123,10,413,81.21,156.054521583419,104.604859769017,53.317629967968
132,123,11,278,81.89,156.054521583419,104.604859769017,53.317629967968
132,123,12,374,83.29,156.054521583419,104.604859769017,53.317629967968
132,123,13,341,83.76,156.054521583419,104.604859769017,53.317629967968
132,123,14,399,126.01,156.054521583419,104.604859769017,53.317629967968
132,123,15,527,100.82,156.054521583419,104.604859769017,53.317629967968
132,123,16,521,105.98,156.054521583419,104.604859769017,53.317629967968
132,123,17,528,94.36,156.054521583419,104.604859769017,53.317629967968
132,123,18,579,94.37,156.054521583419,104.604859769017,53.317629967968
132,123,19,645,113.5,156.054521583419,104.604859769017,53.317629967968
132,123,20,590,81.07,156.054521583419,104.604859769017,53.317629967968
132,123,21,629,78.4,156.054521583419,104.604859769017,53.317629967968
132,123,22,677,80.22,156.054521583419,104.604859769017,53.317629967968
132,123,23,767,78.56,156.054521583419,104.604859769017,53.317629967968
132,124,0,1070,58.5,56.637358804281,37.9645710697484,19.3507352971856
132,124,1,754,35.02,56.637358804281,37.9645710697484,19.3507352971856
132,124,2,291,33.47,56.637358804281,37.9645710697484,19.3507352971856
132,124,3,123,32.66,56.637358804281,37.9645710697484,19.3507352971856
132,124,4,120,34.54,56.637358804281,37.9645710697484,19.3507352971856
132,124,5,317,31.91,56.637358804281,37.9645710697484,19.3507352971856
132,124,6,549,37.59,56.637358804281,37.9645710697484,19.3507352971856
132,124,7,548,43.34,56.637358804281,37.9645710697484,19.3507352971856
132,124,8,584,41.05,56.637358804281,37.9645710697484,19.3507352971856
132,124,9,651,39.93,56.637358804281,37.9645710697484,19.3507352971856
132,124,10,817,40,56.637358804281,37.9645710697484,19.3507352971856
132,124,11,667,36.26,56.637358804281,37.9645710697484,19.3507352971856
132,124,12,722,37.5,56.637358804281,37.9645710697484,19.3507352971856
132,124,13,881,39.5,56.637358804281,37.9645710697484,19.3507352971856
132,124,14,1184,44.65,56.637358804281,37.9645710697484,19.3507352971856
132,124,15,1146,41.6,56.637358804281,37.9645710697484,19.3507352971856
132,124,16,1283,40.03,56.637358804281,37.9645710697484,19.3507352971856
132,124,17,1238,41.93,56.637358804281,37.9645710697484,19.3507352971856
132,124,18,1186,40.99,56.637358804281,37.9645710697484,19.3507352971856
132,124,19,1504,40.97,56.637358804281,37.9645710697484,19.3507352971856
132,124,20,1150,37.62,56.637358804281,37.9645710697484,19.3507352971856
132,124,21,1204,36.92,56.637358804281,37.9645710697484,19.3507352971856
132,124,22,1323,37.58,56.637358804281,37.9645710697484,19.3507352971856
132,124,23,1270,37.61,56.637358804281,37.9645710697484,19.3507352971856
132,125,0,936,132.01,205.133436427317,137.502932524423,70.0859452613992
132,125,1,406,105.3,205.133436427317,137.502932524423,70.0859452613992
132,125,2,128,100.07,205.133436427317,137.502932524423,70.0859452613992
132,125,3,47,89.11,205.133436427317,137.502932524423,70.0859452613992
132,125,4,42,85.88,205.133436427317,137.502932524423,70.0859452613992
132,125,5,231,105.13,205.133436427317,137.502932524423,70.0859452613992
132,125,6,651,124.96,205.133436427317,137.502932524423,70.0859452613992
132,125,7,883,169.98,205.133436427317,137.502932524423,70.0859452613992
132,125,8,747,162.22,205.133436427317,137.502932524423,70.0859452613992
132,125,9,629,155.98,205.133436427317,137.502932524423,70.0859452613992
132,125,10,623,131.81,205.133436427317,137.502932524423,70.0859452613992
132,125,11,697,130.21,205.133436427317,137.502932524423,70.0859452613992
132,125,12,944,138.06,205.133436427317,137.502932524423,70.0859452613992
132,125,13,1127,151.92,205.133436427317,137.502932524423,70.0859452613992
132,125,14,1481,147.52,205.133436427317,137.502932524423,70.0859452613992
132,125,15,1731,156.36,205.133436427317,137.502932524423,70.0859452613992
132,125,16,1871,148.38,205.133436427317,137.502932524423,70.0859452613992
132,125,17,1406,142.07,205.133436427317,137.502932524423,70.0859452613992
132,125,18,1324,192.62,205.133436427317,137.502932524423,70.0859452613992
132,125,19,1460,122.9,205.133436427317,137.502932524423,70.0859452613992
132,125,20,1573,130.31,205.133436427317,137.502932524423,70.0859452613992
132,125,21,1459,129.31,205.133436427317,137.502932524423,70.0859452613992
132,125,22,1471,115.26,205.133436427317,137.502932524423,70.0859452613992
132,125,23,1299,133.67,205.133436427317,137.502932524423,70.0859452613992
132,126,0,155,87.21,200.460440539259,134.370578045927,68.4893682249044
132,126,1,124,82.51,200.460440539259,134.370578045927,68.4893682249044
132,126,2,50,80.65,200.460440539259,134.370578045927,68.4893682249044
132,126,3,30,75.94,200.460440539259,134.370578045927,68.4893682249044
132,126,4,28,89.55,200.460440539259,134.370578045927,68.4893682249044
132,126,5,32,85.64,200.460440539259,134.370578045927,68.4893682249044
132,126,6,79,105.09,200.460440539259,134.370578045927,68.4893682249044
132,126,7,95,112.51,200.460440539259,134.370578045927,68.4893682249044
132,126,8,83,105.54,200.460440539259,134.370578045927,68.4893682249044
132,126,9,95,98.28,200.460440539259,134.370578045927,68.4893682249044
132,126,10,146,98.91,200.460440539259,134.370578045927,68.4893682249044
132,126,11,103,101.96,200.460440539259,134.370578045927,68.4893682249044
132,126,12,62,100.67,200.460440539259,134.370578045927,68.4893682249044
132,126,13,59,107.75,200.460440539259,134.370578045927,68.4893682249044
132,126,14,81,107.54,200.460440539259,134.370578045927,68.4893682249044
132,126,15,100,114.54,200.460440539259,134.370578045927,68.4893682249044
132,126,16,108,115.12,200.460440539259,134.370578045927,68.4893682249044
132,126,17,121,106.02,200.460440539259,134.370578045927,68.4893682249044
132,126,18,136,104.13,200.460440539259,134.370578045927,68.4893682249044
132,126,19,126,95.47,200.460440539259,134.370578045927,68.4893682249044
132,126,20,101,87.24,200.460440539259,134.370578045927,68.4893682249044
132,126,21,113,85.89,200.460440539259,134.370578045927,68.4893682249044
132,126,22,130,96.59,200.460440539259,134.370578045927,68.4893682249044
132,126,23,138,94.45,200.460440539259,134.370578045927,68.4893682249044
132,127,0,436,100.04,263.758866544708,176.800127082479,90.115925540062
132,127,1,291,94.49,263.758866544708,176.800127082479,90.115925540062
132,127,2,124,93.96,263.758866544708,176.800127082479,90.115925540062
132,127,3,73,92.75,263.758866544708,176.800127082479,90.115925540062
132,127,4,44,86.48,263.758866544708,176.800127082479,90.115925540062
132,127,5,92,91.63,263.758866544708,176.800127082479,90.115925540062
132,127,6,231,106.62,263.758866544708,176.800127082479,90.115925540062
132,127,7,216,120.96,263.758866544708,176.800127082479,90.115925540062
132,127,8,200,113.55,263.758866544708,176.800127082479,90.115925540062
132,127,9,198,104.27,263.758866544708,176.800127082479,90.115925540062
132,127,10,253,107.49,263.758866544708,176.800127082479,90.115925540062
132,127,11,218,110.53,263.758866544708,176.800127082479,90.115925540062
132,127,12,145,110.66,263.758866544708,176.800127082479,90.115925540062
132,127,13,165,117.76,263.758866544708,176.800127082479,90.115925540062
132,127,14,245,126.9,263.758866544708,176.800127082479,90.115925540062
132,127,15,315,139.07,263.758866544708,176.800127082479,90.115925540062
132,127,16,328,128,263.758866544708,176.800127082479,90.115925540062
132,127,17,329,121.73,263.758866544708,176.800127082479,90.115925540062
132,127,18,403,114.73,263.758866544708,176.800127082479,90.115925540062
132,127,19,468,109.41,263.758866544708,176.800127082479,90.115925540062
132,127,20,429,101.32,263.758866544708,176.800127082479,90.115925540062
132,127,21,454,99.9,263.758866544708,176.800127082479,90.115925540062
132,127,22,515,103.89,263.758866544708,176.800127082479,90.115925540062
132,127,23,543,103.84,263.758866544708,176.800127082479,90.115925540062
132,128,0,13,99.57,271.534706295924,182.012347904466,92.7726210483937
132,128,1,5,110.45,271.534706295924,182.012347904466,92.7726210483937
132,128,2,4,86.71,271.534706295924,182.012347904466,92.7726210483937
132,128,5,5,101.66,271.534706295924,182.012347904466,92.7726210483937
132,128,6,13,118.13,271.534706295924,182.012347904466,92.7726210483937
132,128,7,18,119.23,271.534706295924,182.012347904466,92.7726210483937
132,128,8,10,119,271.534706295924,182.012347904466,92.7726210483937
132,128,9,7,107.94,271.534706295924,182.012347904466,92.7726210483937
132,128,10,18,111.95,271.534706295924,182.012347904466,92.7726210483937
132,128,11,9,142.25,271.534706295924,182.012347904466,92.7726210483937
132,128,12,9,121.35,271.534706295924,182.012347904466,92.7726210483937
132,128,13,3,115.96,271.534706295924,182.012347904466,92.7726210483937
132,128,14,7,139.94,271.534706295924,182.012347904466,92.7726210483937
132,128,15,21,138.8,271.534706295924,182.012347904466,92.7726210483937
132,128,16,10,137.17,271.534706295924,182.012347904466,92.7726210483937
132,128,17,11,128.6,271.534706295924,182.012347904466,92.7726210483937
132,128,18,17,119.84,271.534706295924,182.012347904466,92.7726210483937
132,128,19,16,106.17,271.534706295924,182.012347904466,92.7726210483937
132,128,20,19,110.14,271.534706295924,182.012347904466,92.7726210483937
132,128,21,15,97.76,271.534706295924,182.012347904466,92.7726210483937
132,128,22,23,103.38,271.534706295924,182.012347904466,92.7726210483937
132,128,23,25,107.92,271.534706295924,182.012347904466,92.7726210483937
132,129,0,1525,89.17,150.093606193211,100.609200353571,51.2810220067202
132,129,1,1043,68.35,150.093606193211,100.609200353571,51.2810220067202
132,129,2,439,63.75,150.093606193211,100.609200353571,51.2810220067202
132,129,3,283,64.25,150.093606193211,100.609200353571,51.2810220067202
132,129,4,298,61.25,150.093606193211,100.609200353571,51.2810220067202
132,129,5,684,83.31,150.093606193211,100.609200353571,51.2810220067202
132,129,6,1182,75.76,150.093606193211,100.609200353571,51.2810220067202
132,129,7,1041,83.75,150.093606193211,100.609200353571,51.2810220067202
132,129,8,784,84.13,150.093606193211,100.609200353571,51.2810220067202
132,129,9,742,87.19,150.093606193211,100.609200353571,51.2810220067202
132,129,10,893,80.45,150.093606193211,100.609200353571,51.2810220067202
132,129,11,585,107.9,150.093606193211,100.609200353571,51.2810220067202
132,129,12,629,78.73,150.093606193211,100.609200353571,51.2810220067202
132,129,13,758,81.12,150.093606193211,100.609200353571,51.2810220067202
132,129,14,1042,83.14,150.093606193211,100.609200353571,51.2810220067202
132,129,15,1333,89.33,150.093606193211,100.609200353571,51.2810220067202
132,129,16,1364,84.8,150.093606193211,100.609200353571,51.2810220067202
132,129,17,1201,103.89,150.093606193211,100.609200353571,51.2810220067202
132,129,18,1081,84.17,150.093606193211,100.609200353571,51.2810220067202
132,129,19,1312,79.07,150.093606193211,100.609200353571,51.2810220067202
132,129,20,1420,74.06,150.093606193211,100.609200353571,51.2810220067202
132,129,21,1632,85.98,150.093606193211,100.609200353571,51.2810220067202
132,129,22,1795,90.87,150.093606193211,100.609200353571,51.2810220067202
132,129,23,1911,79.36,150.093606193211,100.609200353571,51.2810220067202
132,130,0,1936,54.46,68.0339578634006,45.6038219823575,23.244500408007
132,130,1,1300,40.94,68.0339578634006,45.6038219823575,23.244500408007
132,130,2,639,37.94,68.0339578634006,45.6038219823575,23.244500408007
132,130,3,309,37.18,68.0339578634006,45.6038219823575,23.244500408007
132,130,4,325,35.06,68.0339578634006,45.6038219823575,23.244500408007
132,130,5,536,62.56,68.0339578634006,45.6038219823575,23.244500408007
132,130,6,1115,63.94,68.0339578634006,45.6038219823575,23.244500408007
132,130,7,1073,70.94,68.0339578634006,45.6038219823575,23.244500408007
132,130,8,996,59.59,68.0339578634006,45.6038219823575,23.244500408007
132,130,9,1233,44.81,68.0339578634006,45.6038219823575,23.244500408007
132,130,10,1539,66.87,68.0339578634006,45.6038219823575,23.244500408007
132,130,11,1212,49.56,68.0339578634006,45.6038219823575,23.244500408007
132,130,12,1339,47.29,68.0339578634006,45.6038219823575,23.244500408007
132,130,13,1411,48.33,68.0339578634006,45.6038219823575,23.244500408007
132,130,14,1567,56.29,68.0339578634006,45.6038219823575,23.244500408007
132,130,15,2089,66.6,68.0339578634006,45.6038219823575,23.244500408007
132,130,16,1898,74.4,68.0339578634006,45.6038219823575,23.244500408007
132,130,17,1714,54.07,68.0339578634006,45.6038219823575,23.244500408007
132,130,18,1447,75.66,68.0339578634006,45.6038219823575,23.244500408007
132,130,19,1673,63.26,68.0339578634006,45.6038219823575,23.244500408007
132,130,20,1915,58.63,68.0339578634006,45.6038219823575,23.244500408007
132,130,21,1900,57.56,68.0339578634006,45.6038219823575,23.244500408007
132,130,22,2240,56.64,68.0339578634006,45.6038219823575,23.244500408007
132,130,23,2415,45.27,68.0339578634006,45.6038219823575,23.244500408007
132,131,0,596,89.05,84.0981575525073,56.3718108796368,28.7329992099945
132,131,1,317,55.51,84.0981575525073,56.3718108796368,28.7329992099945
132,131,2,123,53.81,84.0981575525073,56.3718108796368,28.7329992099945
132,131,3,100,50.28,84.0981575525073,56.3718108796368,28.7329992099945
132,131,4,70,49.15,84.0981575525073,56.3718108796368,28.7329992099945
132,131,5,246,57.08,84.0981575525073,56.3718108796368,28.7329992099945
132,131,6,448,59.57,84.0981575525073,56.3718108796368,28.7329992099945
132,131,7,368,91.11,84.0981575525073,56.3718108796368,28.7329992099945
132,131,8,278,59.94,84.0981575525073,56.3718108796368,28.7329992099945
132,131,9,288,57.47,84.0981575525073,56.3718108796368,28.7329992099945
132,131,10,435,111.56,84.0981575525073,56.3718108796368,28.7329992099945
132,131,11,266,110.1,84.0981575525073,56.3718108796368,28.7329992099945
132,131,12,256,64.22,84.0981575525073,56.3718108796368,28.7329992099945
132,131,13,331,92.98,84.0981575525073,56.3718108796368,28.7329992099945
132,131,14,431,65.91,84.0981575525073,56.3718108796368,28.7329992099945
132,131,15,494,67.99,84.0981575525073,56.3718108796368,28.7329992099945
132,131,16,469,101.25,84.0981575525073,56.3718108796368,28.7329992099945
132,131,17,502,67.45,84.0981575525073,56.3718108796368,28.7329992099945
132,131,18,493,70.03,84.0981575525073,56.3718108796368,28.7329992099945
132,131,19,569,62.19,84.0981575525073,56.3718108796368,28.7329992099945
132,131,20,517,59.83,84.0981575525073,56.3718108796368,28.7329992099945
132,131,21,545,58.01,84.0981575525073,56.3718108796368,28.7329992099945
132,131,22,634,60.56,84.0981575525073,56.3718108796368,28.7329992099945
132,131,23,631,61.36,84.0981575525073,56.3718108796368,28.7329992099945
132,133,0,517,96.16,159.275020021622,106.763591115577,54.4179463336731
132,133,1,260,91.94,159.275020021622,106.763591115577,54.4179463336731
132,133,2,83,85.29,159.275020021622,106.763591115577,54.4179463336731
132,133,3,54,86.18,159.275020021622,106.763591115577,54.4179463336731
132,133,4,33,82.63,159.275020021622,106.763591115577,54.4179463336731
132,133,5,139,89.31,159.275020021622,106.763591115577,54.4179463336731
132,133,6,282,100.87,159.275020021622,106.763591115577,54.4179463336731
132,133,7,321,110.24,159.275020021622,106.763591115577,54.4179463336731
132,133,8,233,110.57,159.275020021622,106.763591115577,54.4179463336731
132,133,9,243,130.71,159.275020021622,106.763591115577,54.4179463336731
132,133,10,283,127.36,159.275020021622,106.763591115577,54.4179463336731
132,133,11,223,109.54,159.275020021622,106.763591115577,54.4179463336731
132,133,12,269,106.62,159.275020021622,106.763591115577,54.4179463336731
132,133,13,307,142.1,159.275020021622,106.763591115577,54.4179463336731
132,133,14,353,127.5,159.275020021622,106.763591115577,54.4179463336731
132,133,15,468,120.73,159.275020021622,106.763591115577,54.4179463336731
132,133,16,433,130.89,159.275020021622,106.763591115577,54.4179463336731
132,133,17,381,120.62,159.275020021622,106.763591115577,54.4179463336731
132,133,18,413,146.41,159.275020021622,106.763591115577,54.4179463336731
132,133,19,526,115.35,159.275020021622,106.763591115577,54.4179463336731
132,133,20,512,108.73,159.275020021622,106.763591115577,54.4179463336731
132,133,21,576,103.98,159.275020021622,106.763591115577,54.4179463336731
132,133,22,668,103.35,159.275020021622,106.763591115577,54.4179463336731
132,133,23,635,99.76,159.275020021622,106.763591115577,54.4179463336731
132,134,0,2676,43.78,81.5880201112301,54.6892414008319,27.8753849742467
132,134,1,1494,39.99,81.5880201112301,54.6892414008319,27.8753849742467
132,134,2,604,37.77,81.5880201112301,54.6892414008319,27.8753849742467
132,134,3,312,36.3,81.5880201112301,54.6892414008319,27.8753849742467
132,134,4,216,35.52,81.5880201112301,54.6892414008319,27.8753849742467
132,134,5,618,38.07,81.5880201112301,54.6892414008319,27.8753849742467
132,134,6,1156,47.84,81.5880201112301,54.6892414008319,27.8753849742467
132,134,7,952,52.42,81.5880201112301,54.6892414008319,27.8753849742467
132,134,8,799,50.63,81.5880201112301,54.6892414008319,27.8753849742467
132,134,9,752,49.45,81.5880201112301,54.6892414008319,27.8753849742467
132,134,10,756,49.68,81.5880201112301,54.6892414008319,27.8753849742467
132,134,11,581,51.65,81.5880201112301,54.6892414008319,27.8753849742467
132,134,12,781,61.35,81.5880201112301,54.6892414008319,27.8753849742467
132,134,13,1192,52.7,81.5880201112301,54.6892414008319,27.8753849742467
132,134,14,1408,53.93,81.5880201112301,54.6892414008319,27.8753849742467
132,134,15,1585,57.12,81.5880201112301,54.6892414008319,27.8753849742467
132,134,16,1630,52.82,81.5880201112301,54.6892414008319,27.8753849742467
132,134,17,1591,53.65,81.5880201112301,54.6892414008319,27.8753849742467
132,134,18,1492,52.85,81.5880201112301,54.6892414008319,27.8753849742467
132,134,19,1590,65.31,81.5880201112301,54.6892414008319,27.8753849742467
132,134,20,1832,46.43,81.5880201112301,54.6892414008319,27.8753849742467
132,134,21,1982,44.07,81.5880201112301,54.6892414008319,27.8753849742467
132,134,22,2254,46.42,81.5880201112301,54.6892414008319,27.8753849742467
132,134,23,2353,60.38,81.5880201112301,54.6892414008319,27.8753849742467
132,135,0,746,50.17,98.5480259074959,66.0576978223381,33.6699451326111
132,135,1,407,46.13,98.5480259074959,66.0576978223381,33.6699451326111
132,135,2,155,43.13,98.5480259074959,66.0576978223381,33.6699451326111
132,135,3,97,43.85,98.5480259074959,66.0576978223381,33.6699451326111
132,135,4,127,41.2,98.5480259074959,66.0576978223381,33.6699451326111
132,135,5,451,70.69,98.5480259074959,66.0576978223381,33.6699451326111
132,135,6,998,66.74,98.5480259074959,66.0576978223381,33.6699451326111
132,135,7,561,89.6,98.5480259074959,66.0576978223381,33.6699451326111
132,135,8,403,56.08,98.5480259074959,66.0576978223381,33.6699451326111
132,135,9,390,54.83,98.5480259074959,66.0576978223381,33.6699451326111
132,135,10,455,55.96,98.5480259074959,66.0576978223381,33.6699451326111
132,135,11,297,55.09,98.5480259074959,66.0576978223381,33.6699451326111
132,135,12,326,57.56,98.5480259074959,66.0576978223381,33.6699451326111
132,135,13,359,72.31,98.5480259074959,66.0576978223381,33.6699451326111
132,135,14,454,57.67,98.5480259074959,66.0576978223381,33.6699451326111
132,135,15,555,58.51,98.5480259074959,66.0576978223381,33.6699451326111
132,135,16,556,57.97,98.5480259074959,66.0576978223381,33.6699451326111
132,135,17,528,57.73,98.5480259074959,66.0576978223381,33.6699451326111
132,135,18,552,56.3,98.5480259074959,66.0576978223381,33.6699451326111
132,135,19,653,52.02,98.5480259074959,66.0576978223381,33.6699451326111
132,135,20,649,49.57,98.5480259074959,66.0576978223381,33.6699451326111
132,135,21,654,48.02,98.5480259074959,66.0576978223381,33.6699451326111
132,135,22,712,55.16,98.5480259074959,66.0576978223381,33.6699451326111
132,135,23,888,54.48,98.5480259074959,66.0576978223381,33.6699451326111
132,136,0,188,104.92,258.531351027285,173.296072716787,88.3298911773167
132,136,1,167,94.05,258.531351027285,173.296072716787,88.3298911773167
132,136,2,133,86.44,258.531351027285,173.296072716787,88.3298911773167
132,136,3,70,83.99,258.531351027285,173.296072716787,88.3298911773167
132,136,4,39,87.53,258.531351027285,173.296072716787,88.3298911773167
132,136,5,41,99.61,258.531351027285,173.296072716787,88.3298911773167
132,136,6,67,117.4,258.531351027285,173.296072716787,88.3298911773167
132,136,7,84,124.79,258.531351027285,173.296072716787,88.3298911773167
132,136,8,68,122.54,258.531351027285,173.296072716787,88.3298911773167
132,136,9,82,113.88,258.531351027285,173.296072716787,88.3298911773167
132,136,10,157,113.3,258.531351027285,173.296072716787,88.3298911773167
132,136,11,116,113.63,258.531351027285,173.296072716787,88.3298911773167
132,136,12,73,118,258.531351027285,173.296072716787,88.3298911773167
132,136,13,80,128.82,258.531351027285,173.296072716787,88.3298911773167
132,136,14,113,131.76,258.531351027285,173.296072716787,88.3298911773167
132,136,15,118,136.96,258.531351027285,173.296072716787,88.3298911773167
132,136,16,129,141.85,258.531351027285,173.296072716787,88.3298911773167
132,136,17,117,127.42,258.531351027285,173.296072716787,88.3298911773167
132,136,18,155,121.17,258.531351027285,173.296072716787,88.3298911773167
132,136,19,158,109.9,258.531351027285,173.296072716787,88.3298911773167
132,136,20,139,169.41,258.531351027285,173.296072716787,88.3298911773167
132,136,21,144,102.32,258.531351027285,173.296072716787,88.3298911773167
132,136,22,170,108.41,258.531351027285,173.296072716787,88.3298911773167
132,136,23,189,105.65,258.531351027285,173.296072716787,88.3298911773167
132,137,0,1545,88.9,190.893012665686,127.957438324561,65.2205582350847
132,137,1,743,86.39,190.893012665686,127.957438324561,65.2205582350847
132,137,2,209,80.63,190.893012665686,127.957438324561,65.2205582350847
132,137,3,111,76.37,190.893012665686,127.957438324561,65.2205582350847
132,137,4,91,75.04,190.893012665686,127.957438324561,65.2205582350847
132,137,5,392,83.59,190.893012665686,127.957438324561,65.2205582350847
132,137,6,1033,111.33,190.893012665686,127.957438324561,65.2205582350847
132,137,7,1128,114.64,190.893012665686,127.957438324561,65.2205582350847
132,137,8,878,108.79,190.893012665686,127.957438324561,65.2205582350847
132,137,9,750,113.13,190.893012665686,127.957438324561,65.2205582350847
132,137,10,701,99.77,190.893012665686,127.957438324561,65.2205582350847
132,137,11,628,111.2,190.893012665686,127.957438324561,65.2205582350847
132,137,12,831,124.35,190.893012665686,127.957438324561,65.2205582350847
132,137,13,938,105.04,190.893012665686,127.957438324561,65.2205582350847
132,137,14,1145,109.66,190.893012665686,127.957438324561,65.2205582350847
132,137,15,1410,132.76,190.893012665686,127.957438324561,65.2205582350847
132,137,16,1438,110.05,190.893012665686,127.957438324561,65.2205582350847
132,137,17,1307,107.9,190.893012665686,127.957438324561,65.2205582350847
132,137,18,1308,104.18,190.893012665686,127.957438324561,65.2205582350847
132,137,19,1703,93.65,190.893012665686,127.957438324561,65.2205582350847
132,137,20,1853,104.99,190.893012665686,127.957438324561,65.2205582350847
132,137,21,2100,102.38,190.893012665686,127.957438324561,65.2205582350847
132,137,22,2151,105.23,190.893012665686,127.957438324561,65.2205582350847
132,137,23,2051,108.25,190.893012665686,127.957438324561,65.2205582350847
132,138,0,1104,67.05,160.528016236371,107.603486634175,54.8460453586254
132,138,1,683,62.62,160.528016236371,107.603486634175,54.8460453586254
132,138,2,598,56.26,160.528016236371,107.603486634175,54.8460453586254
132,138,3,933,77.84,160.528016236371,107.603486634175,54.8460453586254
132,138,4,1447,53.85,160.528016236371,107.603486634175,54.8460453586254
132,138,5,2177,59.92,160.528016236371,107.603486634175,54.8460453586254
132,138,6,3421,69.6,160.528016236371,107.603486634175,54.8460453586254
132,138,7,4254,92.71,160.528016236371,107.603486634175,54.8460453586254
132,138,8,4357,86.08,160.528016236371,107.603486634175,54.8460453586254
132,138,9,4371,80.85,160.528016236371,107.603486634175,54.8460453586254
132,138,10,4131,72.16,160.528016236371,107.603486634175,54.8460453586254
132,138,11,4035,77.26,160.528016236371,107.603486634175,54.8460453586254
132,138,12,4947,78.75,160.528016236371,107.603486634175,54.8460453586254
132,138,13,6560,76.99,160.528016236371,107.603486634175,54.8460453586254
132,138,14,6716,81.03,160.528016236371,107.603486634175,54.8460453586254
132,138,15,7079,87.8,160.528016236371,107.603486634175,54.8460453586254
132,138,16,7386,86.41,160.528016236371,107.603486634175,54.8460453586254
132,138,17,6098,83.18,160.528016236371,107.603486634175,54.8460453586254
132,138,18,3720,80.49,160.528016236371,107.603486634175,54.8460453586254
132,138,19,2600,82.59,160.528016236371,107.603486634175,54.8460453586254
132,138,20,1776,83.27,160.528016236371,107.603486634175,54.8460453586254
132,138,21,1324,93.83,160.528016236371,107.603486634175,54.8460453586254
132,138,22,1275,73.66,160.528016236371,107.603486634175,54.8460453586254
132,138,23,1448,105.94,160.528016236371,107.603486634175,54.8460453586254
132,139,0,1386,51.35,46.6866610139025,31.294521804883,15.9509772041344
132,139,1,889,33.1,46.6866610139025,31.294521804883,15.9509772041344
132,139,2,402,31.78,46.6866610139025,31.294521804883,15.9509772041344
132,139,3,186,31.15,46.6866610139025,31.294521804883,15.9509772041344
132,139,4,351,28.4,46.6866610139025,31.294521804883,15.9509772041344
132,139,5,328,32.13,46.6866610139025,31.294521804883,15.9509772041344
132,139,6,776,33.4,46.6866610139025,31.294521804883,15.9509772041344
132,139,7,694,35.59,46.6866610139025,31.294521804883,15.9509772041344
132,139,8,648,37.16,46.6866610139025,31.294521804883,15.9509772041344
132,139,9,745,59.02,46.6866610139025,31.294521804883,15.9509772041344
132,139,10,846,34.22,46.6866610139025,31.294521804883,15.9509772041344
132,139,11,788,32.95,46.6866610139025,31.294521804883,15.9509772041344
132,139,12,812,33.6,46.6866610139025,31.294521804883,15.9509772041344
132,139,13,748,39.22,46.6866610139025,31.294521804883,15.9509772041344
132,139,14,885,44.94,46.6866610139025,31.294521804883,15.9509772041344
132,139,15,1079,51.26,46.6866610139025,31.294521804883,15.9509772041344
132,139,16,1088,44.97,46.6866610139025,31.294521804883,15.9509772041344
132,139,17,1134,44.14,46.6866610139025,31.294521804883,15.9509772041344
132,139,18,1033,40.42,46.6866610139025,31.294521804883,15.9509772041344
132,139,19,1102,38.69,46.6866610139025,31.294521804883,15.9509772041344
132,139,20,1360,36.05,46.6866610139025,31.294521804883,15.9509772041344
132,139,21,1143,33.96,46.6866610139025,31.294521804883,15.9509772041344
132,139,22,1693,34.55,46.6866610139025,31.294521804883,15.9509772041344
132,139,23,1416,33.97,46.6866610139025,31.294521804883,15.9509772041344
132,140,0,1690,96.06,193.508468864211,129.710603988091,66.1141557058625
132,140,1,767,89.98,193.508468864211,129.710603988091,66.1141557058625
132,140,2,203,90.4,193.508468864211,129.710603988091,66.1141557058625
132,140,3,119,79.79,193.508468864211,129.710603988091,66.1141557058625
132,140,4,112,82.01,193.508468864211,129.710603988091,66.1141557058625
132,140,5,470,115.87,193.508468864211,129.710603988091,66.1141557058625
132,140,6,1145,109.42,193.508468864211,129.710603988091,66.1141557058625
132,140,7,1141,130.1,193.508468864211,129.710603988091,66.1141557058625
132,140,8,954,133.15,193.508468864211,129.710603988091,66.1141557058625
132,140,9,788,108.04,193.508468864211,129.710603988091,66.1141557058625
132,140,10,760,131.16,193.508468864211,129.710603988091,66.1141557058625
132,140,11,675,109.64,193.508468864211,129.710603988091,66.1141557058625
132,140,12,877,110.35,193.508468864211,129.710603988091,66.1141557058625
132,140,13,1180,131.77,193.508468864211,129.710603988091,66.1141557058625
132,140,14,1395,117.65,193.508468864211,129.710603988091,66.1141557058625
132,140,15,1620,126.56,193.508468864211,129.710603988091,66.1141557058625
132,140,16,1781,119.35,193.508468864211,129.710603988091,66.1141557058625
132,140,17,1685,128.57,193.508468864211,129.710603988091,66.1141557058625
132,140,18,1589,111.12,193.508468864211,129.710603988091,66.1141557058625
132,140,19,1977,109.65,193.508468864211,129.710603988091,66.1141557058625
132,140,20,2287,98.26,193.508468864211,129.710603988091,66.1141557058625
132,140,21,2302,116.25,193.508468864211,129.710603988091,66.1141557058625
132,140,22,2434,100.51,193.508468864211,129.710603988091,66.1141557058625
132,140,23,2404,101.45,193.508468864211,129.710603988091,66.1141557058625
132,141,0,2631,96.48,197.451709887972,132.353796701386,67.4614044984394
132,141,1,1204,102.14,197.451709887972,132.353796701386,67.4614044984394
132,141,2,331,87.99,197.451709887972,132.353796701386,67.4614044984394
132,141,3,172,82.32,197.451709887972,132.353796701386,67.4614044984394
132,141,4,142,84.08,197.451709887972,132.353796701386,67.4614044984394
132,141,5,759,115,197.451709887972,132.353796701386,67.4614044984394
132,141,6,1636,118.16,197.451709887972,132.353796701386,67.4614044984394
132,141,7,1593,146.57,197.451709887972,132.353796701386,67.4614044984394
132,141,8,1143,140.34,197.451709887972,132.353796701386,67.4614044984394
132,141,9,960,111.58,197.451709887972,132.353796701386,67.4614044984394
132,141,10,917,112.58,197.451709887972,132.353796701386,67.4614044984394
132,141,11,997,111.71,197.451709887972,132.353796701386,67.4614044984394
132,141,12,1303,112.76,197.451709887972,132.353796701386,67.4614044984394
132,141,13,1719,119.09,197.451709887972,132.353796701386,67.4614044984394
132,141,14,2275,123.04,197.451709887972,132.353796701386,67.4614044984394
132,141,15,2557,123.01,197.451709887972,132.353796701386,67.4614044984394
132,141,16,2740,124.18,197.451709887972,132.353796701386,67.4614044984394
132,141,17,2600,118.87,197.451709887972,132.353796701386,67.4614044984394
132,141,18,2407,130.26,197.451709887972,132.353796701386,67.4614044984394
132,141,19,3171,105.84,197.451709887972,132.353796701386,67.4614044984394
132,141,20,3539,101.38,197.451709887972,132.353796701386,67.4614044984394
132,141,21,3575,107.08,197.451709887972,132.353796701386,67.4614044984394
132,141,22,3732,109.71,197.451709887972,132.353796701386,67.4614044984394
132,141,23,3394,111.34,197.451709887972,132.353796701386,67.4614044984394
132,142,0,2531,117.71,215.312954041484,144.326361937053,73.5638819972117
132,142,1,1080,104.33,215.312954041484,144.326361937053,73.5638819972117
132,142,2,323,97.83,215.312954041484,144.326361937053,73.5638819972117
132,142,3,158,88.94,215.312954041484,144.326361937053,73.5638819972117
132,142,4,133,162.94,215.312954041484,144.326361937053,73.5638819972117
132,142,5,593,133.6,215.312954041484,144.326361937053,73.5638819972117
132,142,6,1674,132.86,215.312954041484,144.326361937053,73.5638819972117
132,142,7,1747,154.08,215.312954041484,144.326361937053,73.5638819972117
132,142,8,1349,145.99,215.312954041484,144.326361937053,73.5638819972117
132,142,9,1161,152.52,215.312954041484,144.326361937053,73.5638819972117
132,142,10,1174,128.66,215.312954041484,144.326361937053,73.5638819972117
132,142,11,1294,130.51,215.312954041484,144.326361937053,73.5638819972117
132,142,12,1596,136.62,215.312954041484,144.326361937053,73.5638819972117
132,142,13,1933,136.17,215.312954041484,144.326361937053,73.5638819972117
132,142,14,2654,139.41,215.312954041484,144.326361937053,73.5638819972117
132,142,15,3136,143.9,215.312954041484,144.326361937053,73.5638819972117
132,142,16,3168,144.23,215.312954041484,144.326361937053,73.5638819972117
132,142,17,2811,146.06,215.312954041484,144.326361937053,73.5638819972117
132,142,18,2509,126.14,215.312954041484,144.326361937053,73.5638819972117
132,142,19,3012,117.04,215.312954041484,144.326361937053,73.5638819972117
132,142,20,3447,112.57,215.312954041484,144.326361937053,73.5638819972117
132,142,21,3591,109.26,215.312954041484,144.326361937053,73.5638819972117
132,142,22,3599,120.47,215.312954041484,144.326361937053,73.5638819972117
132,142,23,3415,113.19,215.312954041484,144.326361937053,73.5638819972117
132,143,0,1824,109.32,220.65009479939,147.903899164962,75.3873709492113
132,143,1,844,128.22,220.65009479939,147.903899164962,75.3873709492113
132,143,2,240,97.96,220.65009479939,147.903899164962,75.3873709492113
132,143,3,109,94.51,220.65009479939,147.903899164962,75.3873709492113
132,143,4,110,94.08,220.65009479939,147.903899164962,75.3873709492113
132,143,5,506,102.24,220.65009479939,147.903899164962,75.3873709492113
132,143,6,1211,124.71,220.65009479939,147.903899164962,75.3873709492113
132,143,7,1081,139.39,220.65009479939,147.903899164962,75.3873709492113
132,143,8,876,169.02,220.65009479939,147.903899164962,75.3873709492113
132,143,9,683,138.37,220.65009479939,147.903899164962,75.3873709492113
132,143,10,649,128.45,220.65009479939,147.903899164962,75.3873709492113
132,143,11,656,130.09,220.65009479939,147.903899164962,75.3873709492113
132,143,12,927,132.09,220.65009479939,147.903899164962,75.3873709492113
132,143,13,1109,140.19,220.65009479939,147.903899164962,75.3873709492113
132,143,14,1460,140.65,220.65009479939,147.903899164962,75.3873709492113
132,143,15,1667,154.62,220.65009479939,147.903899164962,75.3873709492113
132,143,16,1756,136.66,220.65009479939,147.903899164962,75.3873709492113
132,143,17,1576,149.49,220.65009479939,147.903899164962,75.3873709492113
132,143,18,1609,127.18,220.65009479939,147.903899164962,75.3873709492113
132,143,19,1938,118.4,220.65009479939,147.903899164962,75.3873709492113
132,143,20,2298,127.08,220.65009479939,147.903899164962,75.3873709492113
132,143,21,2526,113.76,220.65009479939,147.903899164962,75.3873709492113
132,143,22,2602,130.6,220.65009479939,147.903899164962,75.3873709492113
132,143,23,2402,130.43,220.65009479939,147.903899164962,75.3873709492113
132,144,0,1458,116.62,195.003688648378,130.712864315185,66.6250129009254
132,144,1,688,94.89,195.003688648378,130.712864315185,66.6250129009254
132,144,2,171,92.39,195.003688648378,130.712864315185,66.6250129009254
132,144,3,89,81.82,195.003688648378,130.712864315185,66.6250129009254
132,144,4,67,83.07,195.003688648378,130.712864315185,66.6250129009254
132,144,5,356,125.9,195.003688648378,130.712864315185,66.6250129009254
132,144,6,1018,135.07,195.003688648378,130.712864315185,66.6250129009254
132,144,7,1184,137.56,195.003688648378,130.712864315185,66.6250129009254
132,144,8,1034,147.29,195.003688648378,130.712864315185,66.6250129009254
132,144,9,841,120.87,195.003688648378,130.712864315185,66.6250129009254
132,144,10,771,124.65,195.003688648378,130.712864315185,66.6250129009254
132,144,11,941,141.7,195.003688648378,130.712864315185,66.6250129009254
132,144,12,1190,129.17,195.003688648378,130.712864315185,66.6250129009254
132,144,13,1390,126.89,195.003688648378,130.712864315185,66.6250129009254
132,144,14,1986,134.37,195.003688648378,130.712864315185,66.6250129009254
132,144,15,2553,144.87,195.003688648378,130.712864315185,66.6250129009254
132,144,16,2451,144.19,195.003688648378,130.712864315185,66.6250129009254
132,144,17,1970,128.34,195.003688648378,130.712864315185,66.6250129009254
132,144,18,1728,121.49,195.003688648378,130.712864315185,66.6250129009254
132,144,19,1863,133.19,195.003688648378,130.712864315185,66.6250129009254
132,144,20,2155,107.68,195.003688648378,130.712864315185,66.6250129009254
132,144,21,2145,106.64,195.003688648378,130.712864315185,66.6250129009254
132,144,22,2216,107.63,195.003688648378,130.712864315185,66.6250129009254
132,144,23,2051,106.88,195.003688648378,130.712864315185,66.6250129009254
132,145,0,3908,83.41,176.034625735317,117.997717417569,60.1440377457325
132,145,1,1746,78.42,176.034625735317,117.997717417569,60.1440377457325
132,145,2,500,72.95,176.034625735317,117.997717417569,60.1440377457325
132,145,3,263,69.46,176.034625735317,117.997717417569,60.1440377457325
132,145,4,202,69.19,176.034625735317,117.997717417569,60.1440377457325
132,145,5,814,78.71,176.034625735317,117.997717417569,60.1440377457325
132,145,6,2192,97.03,176.034625735317,117.997717417569,60.1440377457325
132,145,7,2483,107.47,176.034625735317,117.997717417569,60.1440377457325
132,145,8,2117,99.1,176.034625735317,117.997717417569,60.1440377457325
132,145,9,1519,91.27,176.034625735317,117.997717417569,60.1440377457325
132,145,10,1557,107.04,176.034625735317,117.997717417569,60.1440377457325
132,145,11,1690,93.04,176.034625735317,117.997717417569,60.1440377457325
132,145,12,1963,94.26,176.034625735317,117.997717417569,60.1440377457325
132,145,13,2039,98.12,176.034625735317,117.997717417569,60.1440377457325
132,145,14,2593,102.8,176.034625735317,117.997717417569,60.1440377457325
132,145,15,3123,104.8,176.034625735317,117.997717417569,60.1440377457325
132,145,16,3348,101.4,176.034625735317,117.997717417569,60.1440377457325
132,145,17,2800,114.73,176.034625735317,117.997717417569,60.1440377457325
132,145,18,2573,94.08,176.034625735317,117.997717417569,60.1440377457325
132,145,19,3308,99.62,176.034625735317,117.997717417569,60.1440377457325
132,145,20,4034,85.8,176.034625735317,117.997717417569,60.1440377457325
132,145,21,4564,91.67,176.034625735317,117.997717417569,60.1440377457325
132,145,22,5339,87.71,176.034625735317,117.997717417569,60.1440377457325
132,145,23,5317,89.3,176.034625735317,117.997717417569,60.1440377457325
132,146,0,1398,85.86,173.703562152658,116.435182883468,59.3476059328573
132,146,1,676,78.2,173.703562152658,116.435182883468,59.3476059328573
132,146,2,215,73.75,173.703562152658,116.435182883468,59.3476059328573
132,146,3,100,71.23,173.703562152658,116.435182883468,59.3476059328573
132,146,4,86,68.8,173.703562152658,116.435182883468,59.3476059328573
132,146,5,250,75.6,173.703562152658,116.435182883468,59.3476059328573
132,146,6,713,92.51,173.703562152658,116.435182883468,59.3476059328573
132,146,7,737,103.34,173.703562152658,116.435182883468,59.3476059328573
132,146,8,693,110.6,173.703562152658,116.435182883468,59.3476059328573
132,146,9,535,90.49,173.703562152658,116.435182883468,59.3476059328573
132,146,10,547,94.16,173.703562152658,116.435182883468,59.3476059328573
132,146,11,526,107.25,173.703562152658,116.435182883468,59.3476059328573
132,146,12,669,93.19,173.703562152658,116.435182883468,59.3476059328573
132,146,13,700,98.57,173.703562152658,116.435182883468,59.3476059328573
132,146,14,931,106.75,173.703562152658,116.435182883468,59.3476059328573
132,146,15,1194,103.51,173.703562152658,116.435182883468,59.3476059328573
132,146,16,1227,100.96,173.703562152658,116.435182883468,59.3476059328573
132,146,17,1111,99.35,173.703562152658,116.435182883468,59.3476059328573
132,146,18,866,98.14,173.703562152658,116.435182883468,59.3476059328573
132,146,19,1046,89.47,173.703562152658,116.435182883468,59.3476059328573
132,146,20,1321,84.57,173.703562152658,116.435182883468,59.3476059328573
132,146,21,1531,99.25,173.703562152658,116.435182883468,59.3476059328573
132,146,22,1774,86.47,173.703562152658,116.435182883468,59.3476059328573
132,146,23,1813,88.68,173.703562152658,116.435182883468,59.3476059328573
132,147,0,124,85.98,212.457761401248,142.412498610858,72.5883761090467
132,147,1,116,87.23,212.457761401248,142.412498610858,72.5883761090467
132,147,2,72,173.33,212.457761401248,142.412498610858,72.5883761090467
132,147,3,23,79.05,212.457761401248,142.412498610858,72.5883761090467
132,147,4,26,71.2,212.457761401248,142.412498610858,72.5883761090467
132,147,5,28,82.98,212.457761401248,142.412498610858,72.5883761090467
132,147,6,69,99.86,212.457761401248,142.412498610858,72.5883761090467
132,147,7,76,172.85,212.457761401248,142.412498610858,72.5883761090467
132,147,8,63,104.78,212.457761401248,142.412498610858,72.5883761090467
132,147,9,82,100.22,212.457761401248,142.412498610858,72.5883761090467
132,147,10,98,182.78,212.457761401248,142.412498610858,72.5883761090467
132,147,11,70,102.03,212.457761401248,142.412498610858,72.5883761090467
132,147,12,60,100.85,212.457761401248,142.412498610858,72.5883761090467
132,147,13,45,98.54,212.457761401248,142.412498610858,72.5883761090467
132,147,14,89,106.1,212.457761401248,142.412498610858,72.5883761090467
132,147,15,88,119.03,212.457761401248,142.412498610858,72.5883761090467
132,147,16,89,110.54,212.457761401248,142.412498610858,72.5883761090467
132,147,17,103,112.27,212.457761401248,142.412498610858,72.5883761090467
132,147,18,89,99.16,212.457761401248,142.412498610858,72.5883761090467
132,147,19,112,91.24,212.457761401248,142.412498610858,72.5883761090467
132,147,20,114,87.79,212.457761401248,142.412498610858,72.5883761090467
132,147,21,127,93.03,212.457761401248,142.412498610858,72.5883761090467
132,147,22,121,93.75,212.457761401248,142.412498610858,72.5883761090467
132,147,23,143,91.94,212.457761401248,142.412498610858,72.5883761090467
132,148,0,2564,96.36,189.749196136242,127.190727008222,64.8297615708847
132,148,1,1197,110.53,189.749196136242,127.190727008222,64.8297615708847
132,148,2,341,86.97,189.749196136242,127.190727008222,64.8297615708847
132,148,3,153,79.57,189.749196136242,127.190727008222,64.8297615708847
132,148,4,110,80.14,189.749196136242,127.190727008222,64.8297615708847
132,148,5,553,94.03,189.749196136242,127.190727008222,64.8297615708847
132,148,6,1614,126.1,189.749196136242,127.190727008222,64.8297615708847
132,148,7,2012,142.21,189.749196136242,127.190727008222,64.8297615708847
132,148,8,1765,151.02,189.749196136242,127.190727008222,64.8297615708847
132,148,9,1353,130.87,189.749196136242,127.190727008222,64.8297615708847
132,148,10,1341,117.69,189.749196136242,127.190727008222,64.8297615708847
132,148,11,1434,122.76,189.749196136242,127.190727008222,64.8297615708847
132,148,12,1910,115.73,189.749196136242,127.190727008222,64.8297615708847
132,148,13,2336,128.18,189.749196136242,127.190727008222,64.8297615708847
132,148,14,3369,126.07,189.749196136242,127.190727008222,64.8297615708847
132,148,15,4360,137.2,189.749196136242,127.190727008222,64.8297615708847
132,148,16,4412,128.76,189.749196136242,127.190727008222,64.8297615708847
132,148,17,3376,125.99,189.749196136242,127.190727008222,64.8297615708847
132,148,18,3262,125.13,189.749196136242,127.190727008222,64.8297615708847
132,148,19,3380,107.45,189.749196136242,127.190727008222,64.8297615708847
132,148,20,3729,103.29,189.749196136242,127.190727008222,64.8297615708847
132,148,21,3640,101.54,189.749196136242,127.190727008222,64.8297615708847
132,148,22,3971,104.38,189.749196136242,127.190727008222,64.8297615708847
132,148,23,3681,110.83,189.749196136242,127.190727008222,64.8297615708847
132,149,0,614,103.52,142.077776038169,95.23611163565,48.5423313122367
132,149,1,328,70.83,142.077776038169,95.23611163565,48.5423313122367
132,149,2,112,73.12,142.077776038169,95.23611163565,48.5423313122367
132,149,3,59,66.77,142.077776038169,95.23611163565,48.5423313122367
132,149,4,77,66.63,142.077776038169,95.23611163565,48.5423313122367
132,149,5,239,70.1,142.077776038169,95.23611163565,48.5423313122367
132,149,6,492,102.83,142.077776038169,95.23611163565,48.5423313122367
132,149,7,373,86.1,142.077776038169,95.23611163565,48.5423313122367
132,149,8,250,80.49,142.077776038169,95.23611163565,48.5423313122367
132,149,9,264,76.86,142.077776038169,95.23611163565,48.5423313122367
132,149,10,397,76.11,142.077776038169,95.23611163565,48.5423313122367
132,149,11,297,123.67,142.077776038169,95.23611163565,48.5423313122367
132,149,12,366,78.68,142.077776038169,95.23611163565,48.5423313122367
132,149,13,377,78.26,142.077776038169,95.23611163565,48.5423313122367
132,149,14,491,114.71,142.077776038169,95.23611163565,48.5423313122367
132,149,15,575,85.69,142.077776038169,95.23611163565,48.5423313122367
132,149,16,550,88.51,142.077776038169,95.23611163565,48.5423313122367
132,149,17,510,86.68,142.077776038169,95.23611163565,48.5423313122367
132,149,18,555,88.64,142.077776038169,95.23611163565,48.5423313122367
132,149,19,645,82.05,142.077776038169,95.23611163565,48.5423313122367
132,149,20,601,76.5,142.077776038169,95.23611163565,48.5423313122367
132,149,21,639,105.89,142.077776038169,95.23611163565,48.5423313122367
132,149,22,707,103.41,142.077776038169,95.23611163565,48.5423313122367
132,149,23,730,74.05,142.077776038169,95.23611163565,48.5423313122367
132,150,0,319,70.94,147.925040858376,99.1555899714511,50.54010938906
132,150,1,175,72.15,147.925040858376,99.1555899714511,50.54010938906
132,150,2,66,170.93,147.925040858376,99.1555899714511,50.54010938906
132,150,3,22,62.18,147.925040858376,99.1555899714511,50.54010938906
132,150,4,18,64.85,147.925040858376,99.1555899714511,50.54010938906
132,150,5,67,69.33,147.925040858376,99.1555899714511,50.54010938906
132,150,6,127,74.11,147.925040858376,99.1555899714511,50.54010938906
132,150,7,140,84.18,147.925040858376,99.1555899714511,50.54010938906
132,150,8,105,75.79,147.925040858376,99.1555899714511,50.54010938906
132,150,9,143,74.23,147.925040858376,99.1555899714511,50.54010938906
132,150,10,225,72.07,147.925040858376,99.1555899714511,50.54010938906
132,150,11,128,108.27,147.925040858376,99.1555899714511,50.54010938906
132,150,12,208,74.72,147.925040858376,99.1555899714511,50.54010938906
132,150,13,208,76.63,147.925040858376,99.1555899714511,50.54010938906
132,150,14,230,79.52,147.925040858376,99.1555899714511,50.54010938906
132,150,15,322,100.05,147.925040858376,99.1555899714511,50.54010938906
132,150,16,299,87.02,147.925040858376,99.1555899714511,50.54010938906
132,150,17,320,85.05,147.925040858376,99.1555899714511,50.54010938906
132,150,18,303,81.66,147.925040858376,99.1555899714511,50.54010938906
132,150,19,391,117.41,147.925040858376,99.1555899714511,50.54010938906
132,150,20,362,79.72,147.925040858376,99.1555899714511,50.54010938906
132,150,21,332,75.26,147.925040858376,99.1555899714511,50.54010938906
132,150,22,358,72.53,147.925040858376,99.1555899714511,50.54010938906
132,150,23,368,72.08,147.925040858376,99.1555899714511,50.54010938906
132,151,0,1398,119.31,225.503903867736,151.157454472352,77.0457246656904
132,151,1,663,99.58,225.503903867736,151.157454472352,77.0457246656904
132,151,2,219,89.6,225.503903867736,151.157454472352,77.0457246656904
132,151,3,101,89.79,225.503903867736,151.157454472352,77.0457246656904
132,151,4,89,90.27,225.503903867736,151.157454472352,77.0457246656904
132,151,5,330,95.49,225.503903867736,151.157454472352,77.0457246656904
132,151,6,850,113.55,225.503903867736,151.157454472352,77.0457246656904
132,151,7,840,125.33,225.503903867736,151.157454472352,77.0457246656904
132,151,8,670,132.04,225.503903867736,151.157454472352,77.0457246656904
132,151,9,544,139.25,225.503903867736,151.157454472352,77.0457246656904
132,151,10,487,112.91,225.503903867736,151.157454472352,77.0457246656904
132,151,11,497,113.37,225.503903867736,151.157454472352,77.0457246656904
132,151,12,613,140.46,225.503903867736,151.157454472352,77.0457246656904
132,151,13,768,119.49,225.503903867736,151.157454472352,77.0457246656904
132,151,14,933,148.34,225.503903867736,151.157454472352,77.0457246656904
132,151,15,1119,123.48,225.503903867736,151.157454472352,77.0457246656904
132,151,16,1329,121.85,225.503903867736,151.157454472352,77.0457246656904
132,151,17,1183,118.95,225.503903867736,151.157454472352,77.0457246656904
132,151,18,1052,116.54,225.503903867736,151.157454472352,77.0457246656904
132,151,19,1379,118.91,225.503903867736,151.157454472352,77.0457246656904
132,151,20,1551,120.61,225.503903867736,151.157454472352,77.0457246656904
132,151,21,1726,103.06,225.503903867736,151.157454472352,77.0457246656904
132,151,22,1885,106.49,225.503903867736,151.157454472352,77.0457246656904
132,151,23,1790,120.36,225.503903867736,151.157454472352,77.0457246656904
132,152,0,341,98.09,234.397819492321,157.11913239919,80.0844222787197
132,152,1,206,93.61,234.397819492321,157.11913239919,80.0844222787197
132,152,2,89,91.34,234.397819492321,157.11913239919,80.0844222787197
132,152,3,32,85.21,234.397819492321,157.11913239919,80.0844222787197
132,152,4,26,84.73,234.397819492321,157.11913239919,80.0844222787197
132,152,5,80,86.45,234.397819492321,157.11913239919,80.0844222787197
132,152,6,227,107.03,234.397819492321,157.11913239919,80.0844222787197
132,152,7,280,116.41,234.397819492321,157.11913239919,80.0844222787197
132,152,8,227,111.72,234.397819492321,157.11913239919,80.0844222787197
132,152,9,204,108.14,234.397819492321,157.11913239919,80.0844222787197
132,152,10,230,157.08,234.397819492321,157.11913239919,80.0844222787197
132,152,11,177,109.44,234.397819492321,157.11913239919,80.0844222787197
132,152,12,166,114.09,234.397819492321,157.11913239919,80.0844222787197
132,152,13,196,111.09,234.397819492321,157.11913239919,80.0844222787197
132,152,14,277,120.43,234.397819492321,157.11913239919,80.0844222787197
132,152,15,310,192.65,234.397819492321,157.11913239919,80.0844222787197
132,152,16,322,125.56,234.397819492321,157.11913239919,80.0844222787197
132,152,17,288,114.51,234.397819492321,157.11913239919,80.0844222787197
132,152,18,295,109.45,234.397819492321,157.11913239919,80.0844222787197
132,152,19,322,101.27,234.397819492321,157.11913239919,80.0844222787197
132,152,20,346,98.75,234.397819492321,157.11913239919,80.0844222787197
132,152,21,385,95.69,234.397819492321,157.11913239919,80.0844222787197
132,152,22,452,103.8,234.397819492321,157.11913239919,80.0844222787197
132,152,23,467,102.81,234.397819492321,157.11913239919,80.0844222787197
132,153,0,58,104.45,270.363796802303,181.227475911398,92.37256779474
132,153,1,51,100.97,270.363796802303,181.227475911398,92.37256779474
132,153,2,20,97.77,270.363796802303,181.227475911398,92.37256779474
132,153,3,14,97.68,270.363796802303,181.227475911398,92.37256779474
132,153,4,20,86.59,270.363796802303,181.227475911398,92.37256779474
132,153,5,20,96.62,270.363796802303,181.227475911398,92.37256779474
132,153,6,31,106.84,270.363796802303,181.227475911398,92.37256779474
132,153,7,24,121.22,270.363796802303,181.227475911398,92.37256779474
132,153,8,21,114.9,270.363796802303,181.227475911398,92.37256779474
132,153,9,25,110.83,270.363796802303,181.227475911398,92.37256779474
132,153,10,42,125.97,270.363796802303,181.227475911398,92.37256779474
132,153,11,34,123.76,270.363796802303,181.227475911398,92.37256779474
132,153,12,12,120.92,270.363796802303,181.227475911398,92.37256779474
132,153,13,18,146.73,270.363796802303,181.227475911398,92.37256779474
132,153,14,40,141.63,270.363796802303,181.227475911398,92.37256779474
132,153,15,32,151.2,270.363796802303,181.227475911398,92.37256779474
132,153,16,53,150.5,270.363796802303,181.227475911398,92.37256779474
132,153,17,41,141.42,270.363796802303,181.227475911398,92.37256779474
132,153,18,59,123.58,270.363796802303,181.227475911398,92.37256779474
132,153,19,46,115.15,270.363796802303,181.227475911398,92.37256779474
132,153,20,50,112.23,270.363796802303,181.227475911398,92.37256779474
132,153,21,54,105.05,270.363796802303,181.227475911398,92.37256779474
132,153,22,66,108.04,270.363796802303,181.227475911398,92.37256779474
132,153,23,70,109.68,270.363796802303,181.227475911398,92.37256779474
132,154,0,55,66.12,112.176964128805,75.1933073322399,38.3264118441611
132,154,1,27,67.33,112.176964128805,75.1933073322399,38.3264118441611
132,154,2,8,61,112.176964128805,75.1933073322399,38.3264118441611
132,154,3,6,60.71,112.176964128805,75.1933073322399,38.3264118441611
132,154,4,7,54.89,112.176964128805,75.1933073322399,38.3264118441611
132,154,5,47,56.5,112.176964128805,75.1933073322399,38.3264118441611
132,154,6,106,59.29,112.176964128805,75.1933073322399,38.3264118441611
132,154,7,90,63.96,112.176964128805,75.1933073322399,38.3264118441611
132,154,8,48,61.05,112.176964128805,75.1933073322399,38.3264118441611
132,154,9,98,60.83,112.176964128805,75.1933073322399,38.3264118441611
132,154,10,87,65.66,112.176964128805,75.1933073322399,38.3264118441611
132,154,11,71,66.04,112.176964128805,75.1933073322399,38.3264118441611
132,154,12,90,68.98,112.176964128805,75.1933073322399,38.3264118441611
132,154,13,86,72.08,112.176964128805,75.1933073322399,38.3264118441611
132,154,14,88,67.06,112.176964128805,75.1933073322399,38.3264118441611
132,154,15,74,71.06,112.176964128805,75.1933073322399,38.3264118441611
132,154,16,56,80.27,112.176964128805,75.1933073322399,38.3264118441611
132,154,17,69,72.31,112.176964128805,75.1933073322399,38.3264118441611
132,154,18,73,73.49,112.176964128805,75.1933073322399,38.3264118441611
132,154,19,105,65.68,112.176964128805,75.1933073322399,38.3264118441611
132,154,20,116,69.52,112.176964128805,75.1933073322399,38.3264118441611
132,154,21,130,62.82,112.176964128805,75.1933073322399,38.3264118441611
132,154,22,131,62.81,112.176964128805,75.1933073322399,38.3264118441611
132,154,23,125,63.43,112.176964128805,75.1933073322399,38.3264118441611
132,155,0,867,65.71,113.885479355571,76.3385416637776,38.9101436177171
132,155,1,488,68.36,113.885479355571,76.3385416637776,38.9101436177171
132,155,2,197,62.94,113.885479355571,76.3385416637776,38.9101436177171
132,155,3,116,59.83,113.885479355571,76.3385416637776,38.9101436177171
132,155,4,86,59.82,113.885479355571,76.3385416637776,38.9101436177171
132,155,5,294,65.37,113.885479355571,76.3385416637776,38.9101436177171
132,155,6,590,89.63,113.885479355571,76.3385416637776,38.9101436177171
132,155,7,462,75.32,113.885479355571,76.3385416637776,38.9101436177171
132,155,8,375,70.9,113.885479355571,76.3385416637776,38.9101436177171
132,155,9,468,68.16,113.885479355571,76.3385416637776,38.9101436177171
132,155,10,650,83.72,113.885479355571,76.3385416637776,38.9101436177171
132,155,11,459,71.15,113.885479355571,76.3385416637776,38.9101436177171
132,155,12,608,67.57,113.885479355571,76.3385416637776,38.9101436177171
132,155,13,641,70.42,113.885479355571,76.3385416637776,38.9101436177171
132,155,14,766,74.1,113.885479355571,76.3385416637776,38.9101436177171
132,155,15,912,101.38,113.885479355571,76.3385416637776,38.9101436177171
132,155,16,848,79.53,113.885479355571,76.3385416637776,38.9101436177171
132,155,17,859,79.5,113.885479355571,76.3385416637776,38.9101436177171
132,155,18,838,79.72,113.885479355571,76.3385416637776,38.9101436177171
132,155,19,1092,75.5,113.885479355571,76.3385416637776,38.9101436177171
132,155,20,841,72.5,113.885479355571,76.3385416637776,38.9101436177171
132,155,21,897,70.31,113.885479355571,76.3385416637776,38.9101436177171
132,155,22,957,67.89,113.885479355571,76.3385416637776,38.9101436177171
132,155,23,1001,69.48,113.885479355571,76.3385416637776,38.9101436177171
132,156,0,41,115.21,313.06819686214,209.852649565155,106.962964646377
132,156,1,31,113.98,313.06819686214,209.852649565155,106.962964646377
132,156,2,11,113.8,313.06819686214,209.852649565155,106.962964646377
132,156,3,6,100.88,313.06819686214,209.852649565155,106.962964646377
132,156,4,6,127.67,313.06819686214,209.852649565155,106.962964646377
132,156,5,14,105.09,313.06819686214,209.852649565155,106.962964646377
132,156,6,34,127.42,313.06819686214,209.852649565155,106.962964646377
132,156,7,25,124.78,313.06819686214,209.852649565155,106.962964646377
132,156,8,18,124.77,313.06819686214,209.852649565155,106.962964646377
132,156,9,47,131.69,313.06819686214,209.852649565155,106.962964646377
132,156,10,39,134.56,313.06819686214,209.852649565155,106.962964646377
132,156,11,27,138.47,313.06819686214,209.852649565155,106.962964646377
132,156,12,38,129.62,313.06819686214,209.852649565155,106.962964646377
132,156,13,30,139.39,313.06819686214,209.852649565155,106.962964646377
132,156,14,38,159.82,313.06819686214,209.852649565155,106.962964646377
132,156,15,47,161.23,313.06819686214,209.852649565155,106.962964646377
132,156,16,51,158.8,313.06819686214,209.852649565155,106.962964646377
132,156,17,60,146.55,313.06819686214,209.852649565155,106.962964646377
132,156,18,48,140.9,313.06819686214,209.852649565155,106.962964646377
132,156,19,47,127.48,313.06819686214,209.852649565155,106.962964646377
132,156,20,43,126.65,313.06819686214,209.852649565155,106.962964646377
132,156,21,47,116.96,313.06819686214,209.852649565155,106.962964646377
132,156,22,60,124.83,313.06819686214,209.852649565155,106.962964646377
132,156,23,60,120.73,313.06819686214,209.852649565155,106.962964646377
132,157,0,494,70.38,132.821466724677,89.0315177034011,45.3798181736346
132,157,1,296,65.14,132.821466724677,89.0315177034011,45.3798181736346
132,157,2,108,61.47,132.821466724677,89.0315177034011,45.3798181736346
132,157,3,90,134.87,132.821466724677,89.0315177034011,45.3798181736346
132,157,4,79,56.71,132.821466724677,89.0315177034011,45.3798181736346
132,157,5,143,63.47,132.821466724677,89.0315177034011,45.3798181736346
132,157,6,329,75.3,132.821466724677,89.0315177034011,45.3798181736346
132,157,7,333,86.91,132.821466724677,89.0315177034011,45.3798181736346
132,157,8,241,75.34,132.821466724677,89.0315177034011,45.3798181736346
132,157,9,223,71.73,132.821466724677,89.0315177034011,45.3798181736346
132,157,10,285,74.11,132.821466724677,89.0315177034011,45.3798181736346
132,157,11,217,75.27,132.821466724677,89.0315177034011,45.3798181736346
132,157,12,236,83.62,132.821466724677,89.0315177034011,45.3798181736346
132,157,13,304,79.7,132.821466724677,89.0315177034011,45.3798181736346
132,157,14,424,83.32,132.821466724677,89.0315177034011,45.3798181736346
132,157,15,471,84.45,132.821466724677,89.0315177034011,45.3798181736346
132,157,16,479,83.15,132.821466724677,89.0315177034011,45.3798181736346
132,157,17,404,82.84,132.821466724677,89.0315177034011,45.3798181736346
132,157,18,385,84.74,132.821466724677,89.0315177034011,45.3798181736346
132,157,19,523,74.95,132.821466724677,89.0315177034011,45.3798181736346
132,157,20,619,70.94,132.821466724677,89.0315177034011,45.3798181736346
132,157,21,645,69.83,132.821466724677,89.0315177034011,45.3798181736346
132,157,22,622,71.39,132.821466724677,89.0315177034011,45.3798181736346
132,157,23,574,91.67,132.821466724677,89.0315177034011,45.3798181736346
132,158,0,1146,112.79,210.416558524778,141.044260520178,71.8909781832903
132,158,1,442,107.96,210.416558524778,141.044260520178,71.8909781832903
132,158,2,124,105.02,210.416558524778,141.044260520178,71.8909781832903
132,158,3,50,94.5,210.416558524778,141.044260520178,71.8909781832903
132,158,4,48,89.05,210.416558524778,141.044260520178,71.8909781832903
132,158,5,260,104.68,210.416558524778,141.044260520178,71.8909781832903
132,158,6,738,147.77,210.416558524778,141.044260520178,71.8909781832903
132,158,7,759,144.24,210.416558524778,141.044260520178,71.8909781832903
132,158,8,601,159.81,210.416558524778,141.044260520178,71.8909781832903
132,158,9,538,129.77,210.416558524778,141.044260520178,71.8909781832903
132,158,10,500,161.49,210.416558524778,141.044260520178,71.8909781832903
132,158,11,681,132.26,210.416558524778,141.044260520178,71.8909781832903
132,158,12,893,133.07,210.416558524778,141.044260520178,71.8909781832903
132,158,13,1077,140.8,210.416558524778,141.044260520178,71.8909781832903
132,158,14,1461,145.59,210.416558524778,141.044260520178,71.8909781832903
132,158,15,1689,158.32,210.416558524778,141.044260520178,71.8909781832903
132,158,16,1785,154.6,210.416558524778,141.044260520178,71.8909781832903
132,158,17,1533,140.19,210.416558524778,141.044260520178,71.8909781832903
132,158,18,1414,133.9,210.416558524778,141.044260520178,71.8909781832903
132,158,19,1596,123.35,210.416558524778,141.044260520178,71.8909781832903
132,158,20,1779,132.61,210.416558524778,141.044260520178,71.8909781832903
132,158,21,1792,116.38,210.416558524778,141.044260520178,71.8909781832903
132,158,22,1725,119.26,210.416558524778,141.044260520178,71.8909781832903
132,158,23,1561,119.35,210.416558524778,141.044260520178,71.8909781832903
132,159,0,203,117.51,216.478810744685,145.107846995683,73.9622089131269
132,159,1,139,89.02,216.478810744685,145.107846995683,73.9622089131269
132,159,2,103,80.83,216.478810744685,145.107846995683,73.9622089131269
132,159,3,53,82.95,216.478810744685,145.107846995683,73.9622089131269
132,159,4,44,80.29,216.478810744685,145.107846995683,73.9622089131269
132,159,5,64,81.66,216.478810744685,145.107846995683,73.9622089131269
132,159,6,119,99.03,216.478810744685,145.107846995683,73.9622089131269
132,159,7,131,116.93,216.478810744685,145.107846995683,73.9622089131269
132,159,8,109,109.48,216.478810744685,145.107846995683,73.9622089131269
132,159,9,152,100.7,216.478810744685,145.107846995683,73.9622089131269
132,159,10,222,100.63,216.478810744685,145.107846995683,73.9622089131269
132,159,11,135,103.96,216.478810744685,145.107846995683,73.9622089131269
132,159,12,103,99.91,216.478810744685,145.107846995683,73.9622089131269
132,159,13,119,105.44,216.478810744685,145.107846995683,73.9622089131269
132,159,14,147,175.31,216.478810744685,145.107846995683,73.9622089131269
132,159,15,171,122.42,216.478810744685,145.107846995683,73.9622089131269
132,159,16,182,114.37,216.478810744685,145.107846995683,73.9622089131269
132,159,17,172,108.77,216.478810744685,145.107846995683,73.9622089131269
132,159,18,190,101.49,216.478810744685,145.107846995683,73.9622089131269
132,159,19,187,97.61,216.478810744685,145.107846995683,73.9622089131269
132,159,20,187,97.7,216.478810744685,145.107846995683,73.9622089131269
132,159,21,189,90.4,216.478810744685,145.107846995683,73.9622089131269
132,159,22,189,96.44,216.478810744685,145.107846995683,73.9622089131269
132,159,23,237,98.28,216.478810744685,145.107846995683,73.9622089131269
132,160,0,502,99.94,115.64607649588,77.5186870072327,39.511669711913
132,160,1,314,60.82,115.64607649588,77.5186870072327,39.511669711913
132,160,2,125,57.47,115.64607649588,77.5186870072327,39.511669711913
132,160,3,79,55.32,115.64607649588,77.5186870072327,39.511669711913
132,160,4,69,54.31,115.64607649588,77.5186870072327,39.511669711913
132,160,5,162,59.49,115.64607649588,77.5186870072327,39.511669711913
132,160,6,337,68.61,115.64607649588,77.5186870072327,39.511669711913
132,160,7,318,75.44,115.64607649588,77.5186870072327,39.511669711913
132,160,8,255,70.96,115.64607649588,77.5186870072327,39.511669711913
132,160,9,261,112.11,115.64607649588,77.5186870072327,39.511669711913
132,160,10,315,73.25,115.64607649588,77.5186870072327,39.511669711913
132,160,11,252,93.75,115.64607649588,77.5186870072327,39.511669711913
132,160,12,267,70.67,115.64607649588,77.5186870072327,39.511669711913
132,160,13,375,74,115.64607649588,77.5186870072327,39.511669711913
132,160,14,481,78.25,115.64607649588,77.5186870072327,39.511669711913
132,160,15,533,78.41,115.64607649588,77.5186870072327,39.511669711913
132,160,16,546,78.39,115.64607649588,77.5186870072327,39.511669711913
132,160,17,617,78.56,115.64607649588,77.5186870072327,39.511669711913
132,160,18,501,106.39,115.64607649588,77.5186870072327,39.511669711913
132,160,19,645,96.51,115.64607649588,77.5186870072327,39.511669711913
132,160,20,634,67.51,115.64607649588,77.5186870072327,39.511669711913
132,160,21,710,65.66,115.64607649588,77.5186870072327,39.511669711913
132,160,22,648,66.98,115.64607649588,77.5186870072327,39.511669711913
132,160,23,634,66.63,115.64607649588,77.5186870072327,39.511669711913
132,161,0,1945,103.41,202.497445722592,135.736002382173,69.1853319656904
132,161,1,891,101.4,202.497445722592,135.736002382173,69.1853319656904
132,161,2,265,96.4,202.497445722592,135.736002382173,69.1853319656904
132,161,3,133,89.86,202.497445722592,135.736002382173,69.1853319656904
132,161,4,113,160.81,202.497445722592,135.736002382173,69.1853319656904
132,161,5,513,99.18,202.497445722592,135.736002382173,69.1853319656904
132,161,6,1961,127.27,202.497445722592,135.736002382173,69.1853319656904
132,161,7,2946,147.79,202.497445722592,135.736002382173,69.1853319656904
132,161,8,2570,148.7,202.497445722592,135.736002382173,69.1853319656904
132,161,9,2650,132.59,202.497445722592,135.736002382173,69.1853319656904
132,161,10,3109,132.34,202.497445722592,135.736002382173,69.1853319656904
132,161,11,3658,140.77,202.497445722592,135.736002382173,69.1853319656904
132,161,12,4371,126.81,202.497445722592,135.736002382173,69.1853319656904
132,161,13,4673,139.1,202.497445722592,135.736002382173,69.1853319656904
132,161,14,5794,143.28,202.497445722592,135.736002382173,69.1853319656904
132,161,15,6718,141.46,202.497445722592,135.736002382173,69.1853319656904
132,161,16,6509,148.19,202.497445722592,135.736002382173,69.1853319656904
132,161,17,5472,141.03,202.497445722592,135.736002382173,69.1853319656904
132,161,18,4232,135.5,202.497445722592,135.736002382173,69.1853319656904
132,161,19,4163,114.55,202.497445722592,135.736002382173,69.1853319656904
132,161,20,3915,110.77,202.497445722592,135.736002382173,69.1853319656904
132,161,21,3748,118.78,202.497445722592,135.736002382173,69.1853319656904
132,161,22,3722,117.11,202.497445722592,135.736002382173,69.1853319656904
132,161,23,3170,119.23,202.497445722592,135.736002382173,69.1853319656904
132,162,0,2541,96.84,198.239125874241,132.881609276041,67.7304332568549
132,162,1,1089,92.94,198.239125874241,132.881609276041,67.7304332568549
132,162,2,337,85.69,198.239125874241,132.881609276041,67.7304332568549
132,162,3,170,83.83,198.239125874241,132.881609276041,67.7304332568549
132,162,4,154,82.85,198.239125874241,132.881609276041,67.7304332568549
132,162,5,694,89.3,198.239125874241,132.881609276041,67.7304332568549
132,162,6,2138,107.5,198.239125874241,132.881609276041,67.7304332568549
132,162,7,2936,132.52,198.239125874241,132.881609276041,67.7304332568549
132,162,8,2434,144.17,198.239125874241,132.881609276041,67.7304332568549
132,162,9,2354,118.08,198.239125874241,132.881609276041,67.7304332568549
132,162,10,2659,121.12,198.239125874241,132.881609276041,67.7304332568549
132,162,11,3008,125.12,198.239125874241,132.881609276041,67.7304332568549
132,162,12,3544,123.41,198.239125874241,132.881609276041,67.7304332568549
132,162,13,4213,127.09,198.239125874241,132.881609276041,67.7304332568549
132,162,14,5116,128.29,198.239125874241,132.881609276041,67.7304332568549
132,162,15,6036,134.15,198.239125874241,132.881609276041,67.7304332568549
132,162,16,5856,127.94,198.239125874241,132.881609276041,67.7304332568549
132,162,17,4833,128.91,198.239125874241,132.881609276041,67.7304332568549
132,162,18,4067,123.68,198.239125874241,132.881609276041,67.7304332568549
132,162,19,4333,116.38,198.239125874241,132.881609276041,67.7304332568549
132,162,20,4325,118.23,198.239125874241,132.881609276041,67.7304332568549
132,162,21,4202,97.46,198.239125874241,132.881609276041,67.7304332568549
132,162,22,4144,113.1,198.239125874241,132.881609276041,67.7304332568549
132,162,23,3679,102.33,198.239125874241,132.881609276041,67.7304332568549
132,163,0,2692,126.97,206.618056772118,138.49808794448,70.5931810491473
132,163,1,1249,103.55,206.618056772118,138.49808794448,70.5931810491473
132,163,2,365,100.82,206.618056772118,138.49808794448,70.5931810491473
132,163,3,159,91.07,206.618056772118,138.49808794448,70.5931810491473
132,163,4,151,92.2,206.618056772118,138.49808794448,70.5931810491473
132,163,5,633,104.86,206.618056772118,138.49808794448,70.5931810491473
132,163,6,2054,129.64,206.618056772118,138.49808794448,70.5931810491473
132,163,7,2892,147.95,206.618056772118,138.49808794448,70.5931810491473
132,163,8,2656,144.02,206.618056772118,138.49808794448,70.5931810491473
132,163,9,2400,141.15,206.618056772118,138.49808794448,70.5931810491473
132,163,10,2333,146.29,206.618056772118,138.49808794448,70.5931810491473
132,163,11,2884,145.41,206.618056772118,138.49808794448,70.5931810491473
132,163,12,3637,140.49,206.618056772118,138.49808794448,70.5931810491473
132,163,13,4201,142.46,206.618056772118,138.49808794448,70.5931810491473
132,163,14,5748,149.77,206.618056772118,138.49808794448,70.5931810491473
132,163,15,6745,149.61,206.618056772118,138.49808794448,70.5931810491473
132,163,16,6705,141.55,206.618056772118,138.49808794448,70.5931810491473
132,163,17,5425,144.13,206.618056772118,138.49808794448,70.5931810491473
132,163,18,4540,134.19,206.618056772118,138.49808794448,70.5931810491473
132,163,19,4598,128.92,206.618056772118,138.49808794448,70.5931810491473
132,163,20,4822,123.86,206.618056772118,138.49808794448,70.5931810491473
132,163,21,4721,111.69,206.618056772118,138.49808794448,70.5931810491473
132,163,22,4538,115.1,206.618056772118,138.49808794448,70.5931810491473
132,163,23,3959,115.35,206.618056772118,138.49808794448,70.5931810491473
132,164,0,4159,97.04,201.466894761171,135.045214074917,68.8332336460347
132,164,1,1845,119.98,201.466894761171,135.045214074917,68.8332336460347
132,164,2,543,87.77,201.466894761171,135.045214074917,68.8332336460347
132,164,3,232,86.26,201.466894761171,135.045214074917,68.8332336460347
132,164,4,207,81.32,201.466894761171,135.045214074917,68.8332336460347
132,164,5,820,90.57,201.466894761171,135.045214074917,68.8332336460347
132,164,6,2818,119.37,201.466894761171,135.045214074917,68.8332336460347
132,164,7,3828,128.51,201.466894761171,135.045214074917,68.8332336460347
132,164,8,3510,125.16,201.466894761171,135.045214074917,68.8332336460347
132,164,9,3220,121.61,201.466894761171,135.045214074917,68.8332336460347
132,164,10,3590,121.59,201.466894761171,135.045214074917,68.8332336460347
132,164,11,4117,114.89,201.466894761171,135.045214074917,68.8332336460347
132,164,12,5251,117.2,201.466894761171,135.045214074917,68.8332336460347
132,164,13,5991,125.56,201.466894761171,135.045214074917,68.8332336460347
132,164,14,7852,132.52,201.466894761171,135.045214074917,68.8332336460347
132,164,15,9600,135.99,201.466894761171,135.045214074917,68.8332336460347
132,164,16,9853,132.02,201.466894761171,135.045214074917,68.8332336460347
132,164,17,8218,127.9,201.466894761171,135.045214074917,68.8332336460347
132,164,18,6751,117.28,201.466894761171,135.045214074917,68.8332336460347
132,164,19,6744,109.85,201.466894761171,135.045214074917,68.8332336460347
132,164,20,7107,109,201.466894761171,135.045214074917,68.8332336460347
132,164,21,6876,97.96,201.466894761171,135.045214074917,68.8332336460347
132,164,22,7053,109.61,201.466894761171,135.045214074917,68.8332336460347
132,164,23,6263,110.71,201.466894761171,135.045214074917,68.8332336460347
132,165,0,969,110.31,145.329879365386,97.4160280459283,49.6534458128533
132,165,1,466,109.34,145.329879365386,97.4160280459283,49.6534458128533
132,165,2,194,130.5,145.329879365386,97.4160280459283,49.6534458128533
132,165,3,91,74.04,145.329879365386,97.4160280459283,49.6534458128533
132,165,4,104,69.98,145.329879365386,97.4160280459283,49.6534458128533
132,165,5,499,74.5,145.329879365386,97.4160280459283,49.6534458128533
132,165,6,996,99.96,145.329879365386,97.4160280459283,49.6534458128533
132,165,7,598,93.58,145.329879365386,97.4160280459283,49.6534458128533
132,165,8,378,87.05,145.329879365386,97.4160280459283,49.6534458128533
132,165,9,423,83.5,145.329879365386,97.4160280459283,49.6534458128533
132,165,10,615,87.1,145.329879365386,97.4160280459283,49.6534458128533
132,165,11,439,84.73,145.329879365386,97.4160280459283,49.6534458128533
132,165,12,557,87.77,145.329879365386,97.4160280459283,49.6534458128533
132,165,13,481,101.17,145.329879365386,97.4160280459283,49.6534458128533
132,165,14,670,92.2,145.329879365386,97.4160280459283,49.6534458128533
132,165,15,871,101.27,145.329879365386,97.4160280459283,49.6534458128533
132,165,16,775,120,145.329879365386,97.4160280459283,49.6534458128533
132,165,17,742,122.97,145.329879365386,97.4160280459283,49.6534458128533
132,165,18,793,94.01,145.329879365386,97.4160280459283,49.6534458128533
132,165,19,982,90.9,145.329879365386,97.4160280459283,49.6534458128533
132,165,20,895,83.1,145.329879365386,97.4160280459283,49.6534458128533
132,165,21,933,102.41,145.329879365386,97.4160280459283,49.6534458128533
132,165,22,1116,102.81,145.329879365386,97.4160280459283,49.6534458128533
132,165,23,1201,79.87,145.329879365386,97.4160280459283,49.6534458128533
132,166,0,1403,115.83,231.293021944371,155.03795648183,79.0236363104094
132,166,1,627,96.51,231.293021944371,155.03795648183,79.0236363104094
132,166,2,212,90.62,231.293021944371,155.03795648183,79.0236363104094
132,166,3,116,84.25,231.293021944371,155.03795648183,79.0236363104094
132,166,4,90,87.06,231.293021944371,155.03795648183,79.0236363104094
132,166,5,336,92.8,231.293021944371,155.03795648183,79.0236363104094
132,166,6,1000,109.82,231.293021944371,155.03795648183,79.0236363104094
132,166,7,1315,122.15,231.293021944371,155.03795648183,79.0236363104094
132,166,8,1164,135.21,231.293021944371,155.03795648183,79.0236363104094
132,166,9,884,134.95,231.293021944371,155.03795648183,79.0236363104094
132,166,10,870,110.86,231.293021944371,155.03795648183,79.0236363104094
132,166,11,827,120.1,231.293021944371,155.03795648183,79.0236363104094
132,166,12,819,112.15,231.293021944371,155.03795648183,79.0236363104094
132,166,13,985,132.4,231.293021944371,155.03795648183,79.0236363104094
132,166,14,1165,119.8,231.293021944371,155.03795648183,79.0236363104094
132,166,15,1471,126.98,231.293021944371,155.03795648183,79.0236363104094
132,166,16,1585,132.08,231.293021944371,155.03795648183,79.0236363104094
132,166,17,1330,115.54,231.293021944371,155.03795648183,79.0236363104094
132,166,18,1181,110.42,231.293021944371,155.03795648183,79.0236363104094
132,166,19,1404,103.77,231.293021944371,155.03795648183,79.0236363104094
132,166,20,1604,102.3,231.293021944371,155.03795648183,79.0236363104094
132,166,21,1715,99.35,231.293021944371,155.03795648183,79.0236363104094
132,166,22,2106,109.55,231.293021944371,155.03795648183,79.0236363104094
132,166,23,2038,103.97,231.293021944371,155.03795648183,79.0236363104094
132,167,0,182,92.34,221.09160757836,148.19984946401,75.5382183244516
132,167,1,164,90.24,221.09160757836,148.19984946401,75.5382183244516
132,167,2,82,82.4,221.09160757836,148.19984946401,75.5382183244516
132,167,3,37,81.65,221.09160757836,148.19984946401,75.5382183244516
132,167,4,29,79.75,221.09160757836,148.19984946401,75.5382183244516
132,167,5,52,86.82,221.09160757836,148.19984946401,75.5382183244516
132,167,6,100,106.17,221.09160757836,148.19984946401,75.5382183244516
132,167,7,128,117.82,221.09160757836,148.19984946401,75.5382183244516
132,167,8,113,182.31,221.09160757836,148.19984946401,75.5382183244516
132,167,9,122,99.89,221.09160757836,148.19984946401,75.5382183244516
132,167,10,191,101.97,221.09160757836,148.19984946401,75.5382183244516
132,167,11,128,108.98,221.09160757836,148.19984946401,75.5382183244516
132,167,12,98,109.14,221.09160757836,148.19984946401,75.5382183244516
132,167,13,103,112.65,221.09160757836,148.19984946401,75.5382183244516
132,167,14,151,118.14,221.09160757836,148.19984946401,75.5382183244516
132,167,15,153,120.81,221.09160757836,148.19984946401,75.5382183244516
132,167,16,172,120.98,221.09160757836,148.19984946401,75.5382183244516
132,167,17,190,115.53,221.09160757836,148.19984946401,75.5382183244516
132,167,18,163,105.73,221.09160757836,148.19984946401,75.5382183244516
132,167,19,217,102.86,221.09160757836,148.19984946401,75.5382183244516
132,167,20,197,103.56,221.09160757836,148.19984946401,75.5382183244516
132,167,21,166,93.26,221.09160757836,148.19984946401,75.5382183244516
132,167,22,248,98.7,221.09160757836,148.19984946401,75.5382183244516
132,167,23,283,98.36,221.09160757836,148.19984946401,75.5382183244516
132,168,0,498,118.96,208.237997077116,139.583949646654,71.1466502910234
132,168,1,369,82.14,208.237997077116,139.583949646654,71.1466502910234
132,168,2,165,76.35,208.237997077116,139.583949646654,71.1466502910234
132,168,3,108,76.59,208.237997077116,139.583949646654,71.1466502910234
132,168,4,60,77.24,208.237997077116,139.583949646654,71.1466502910234
132,168,5,129,77.53,208.237997077116,139.583949646654,71.1466502910234
132,168,6,261,124.87,208.237997077116,139.583949646654,71.1466502910234
132,168,7,309,105.63,208.237997077116,139.583949646654,71.1466502910234
132,168,8,261,104.5,208.237997077116,139.583949646654,71.1466502910234
132,168,9,261,95.69,208.237997077116,139.583949646654,71.1466502910234
132,168,10,364,94.54,208.237997077116,139.583949646654,71.1466502910234
132,168,11,290,97.1,208.237997077116,139.583949646654,71.1466502910234
132,168,12,269,95.52,208.237997077116,139.583949646654,71.1466502910234
132,168,13,290,99.78,208.237997077116,139.583949646654,71.1466502910234
132,168,14,408,106.35,208.237997077116,139.583949646654,71.1466502910234
132,168,15,459,111.38,208.237997077116,139.583949646654,71.1466502910234
132,168,16,472,111.66,208.237997077116,139.583949646654,71.1466502910234
132,168,17,437,102.44,208.237997077116,139.583949646654,71.1466502910234
132,168,18,415,99.08,208.237997077116,139.583949646654,71.1466502910234
132,168,19,449,91.15,208.237997077116,139.583949646654,71.1466502910234
132,168,20,455,86.88,208.237997077116,139.583949646654,71.1466502910234
132,168,21,541,106.34,208.237997077116,139.583949646654,71.1466502910234
132,168,22,605,90.79,208.237997077116,139.583949646654,71.1466502910234
132,168,23,622,93.71,208.237997077116,139.583949646654,71.1466502910234
132,169,0,304,94.47,242.603981300721,162.619802270846,82.888141737266
132,169,1,221,90.04,242.603981300721,162.619802270846,82.888141737266
132,169,2,129,85.54,242.603981300721,162.619802270846,82.888141737266
132,169,3,63,85.63,242.603981300721,162.619802270846,82.888141737266
132,169,4,55,85.65,242.603981300721,162.619802270846,82.888141737266
132,169,5,85,93.69,242.603981300721,162.619802270846,82.888141737266
132,169,6,152,113.66,242.603981300721,162.619802270846,82.888141737266
132,169,7,142,123.42,242.603981300721,162.619802270846,82.888141737266
132,169,8,137,153.18,242.603981300721,162.619802270846,82.888141737266
132,169,9,180,108.25,242.603981300721,162.619802270846,82.888141737266
132,169,10,233,112.58,242.603981300721,162.619802270846,82.888141737266
132,169,11,174,115.96,242.603981300721,162.619802270846,82.888141737266
132,169,12,119,115.01,242.603981300721,162.619802270846,82.888141737266
132,169,13,108,125.17,242.603981300721,162.619802270846,82.888141737266
132,169,14,173,133.81,242.603981300721,162.619802270846,82.888141737266
132,169,15,200,137.24,242.603981300721,162.619802270846,82.888141737266
132,169,16,202,142.22,242.603981300721,162.619802270846,82.888141737266
132,169,17,205,125,242.603981300721,162.619802270846,82.888141737266
132,169,18,280,113.09,242.603981300721,162.619802270846,82.888141737266
132,169,19,231,108.16,242.603981300721,162.619802270846,82.888141737266
132,169,20,233,99.16,242.603981300721,162.619802270846,82.888141737266
132,169,21,216,97.72,242.603981300721,162.619802270846,82.888141737266
132,169,22,316,96.26,242.603981300721,162.619802270846,82.888141737266
132,169,23,373,97.23,242.603981300721,162.619802270846,82.888141737266
132,170,0,3343,106.79,196.564928945795,131.759378832804,67.1584266823665
132,170,1,1490,87.53,196.564928945795,131.759378832804,67.1584266823665
132,170,2,454,114.63,196.564928945795,131.759378832804,67.1584266823665
132,170,3,229,77.23,196.564928945795,131.759378832804,67.1584266823665
132,170,4,178,76.79,196.564928945795,131.759378832804,67.1584266823665
132,170,5,789,86.14,196.564928945795,131.759378832804,67.1584266823665
132,170,6,2344,102.61,196.564928945795,131.759378832804,67.1584266823665
132,170,7,2907,131.67,196.564928945795,131.759378832804,67.1584266823665
132,170,8,2536,123.17,196.564928945795,131.759378832804,67.1584266823665
132,170,9,2224,125.59,196.564928945795,131.759378832804,67.1584266823665
132,170,10,2508,123.12,196.564928945795,131.759378832804,67.1584266823665
132,170,11,2950,108.94,196.564928945795,131.759378832804,67.1584266823665
132,170,12,3598,112.25,196.564928945795,131.759378832804,67.1584266823665
132,170,13,4107,124.42,196.564928945795,131.759378832804,67.1584266823665
132,170,14,5017,124.09,196.564928945795,131.759378832804,67.1584266823665
132,170,15,5848,129.41,196.564928945795,131.759378832804,67.1584266823665
132,170,16,5944,122.87,196.564928945795,131.759378832804,67.1584266823665
132,170,17,5037,119.08,196.564928945795,131.759378832804,67.1584266823665
132,170,18,4307,108.54,196.564928945795,131.759378832804,67.1584266823665
132,170,19,4733,109.18,196.564928945795,131.759378832804,67.1584266823665
132,170,20,5215,94.16,196.564928945795,131.759378832804,67.1584266823665
132,170,21,5079,103.96,196.564928945795,131.759378832804,67.1584266823665
132,170,22,5336,105.9,196.564928945795,131.759378832804,67.1584266823665
132,170,23,4714,104.26,196.564928945795,131.759378832804,67.1584266823665
132,171,0,476,69.68,136.969337365301,91.8118756340782,46.7969807763444
132,171,1,222,62.33,136.969337365301,91.8118756340782,46.7969807763444
132,171,2,112,59.29,136.969337365301,91.8118756340782,46.7969807763444
132,171,3,47,55.79,136.969337365301,91.8118756340782,46.7969807763444
132,171,4,33,55.33,136.969337365301,91.8118756340782,46.7969807763444
132,171,5,126,57.31,136.969337365301,91.8118756340782,46.7969807763444
132,171,6,312,68.06,136.969337365301,91.8118756340782,46.7969807763444
132,171,7,374,77.09,136.969337365301,91.8118756340782,46.7969807763444
132,171,8,318,73.05,136.969337365301,91.8118756340782,46.7969807763444
132,171,9,240,70.01,136.969337365301,91.8118756340782,46.7969807763444
132,171,10,237,71.87,136.969337365301,91.8118756340782,46.7969807763444
132,171,11,265,74.92,136.969337365301,91.8118756340782,46.7969807763444
132,171,12,293,75.51,136.969337365301,91.8118756340782,46.7969807763444
132,171,13,266,78.78,136.969337365301,91.8118756340782,46.7969807763444
132,171,14,328,77.91,136.969337365301,91.8118756340782,46.7969807763444
132,171,15,395,80.59,136.969337365301,91.8118756340782,46.7969807763444
132,171,16,374,81.22,136.969337365301,91.8118756340782,46.7969807763444
132,171,17,390,83.27,136.969337365301,91.8118756340782,46.7969807763444
132,171,18,357,76.03,136.969337365301,91.8118756340782,46.7969807763444
132,171,19,420,78.3,136.969337365301,91.8118756340782,46.7969807763444
132,171,20,460,72.07,136.969337365301,91.8118756340782,46.7969807763444
132,171,21,517,69.71,136.969337365301,91.8118756340782,46.7969807763444
132,171,22,613,70.55,136.969337365301,91.8118756340782,46.7969807763444
132,171,23,554,72.37,136.969337365301,91.8118756340782,46.7969807763444
132,172,0,42,108.34,273.105870068198,183.065514223553,93.3094252869331
132,172,1,22,111.4,273.105870068198,183.065514223553,93.3094252869331
132,172,2,11,124.18,273.105870068198,183.065514223553,93.3094252869331
132,172,3,7,102.03,273.105870068198,183.065514223553,93.3094252869331
132,172,5,7,109.58,273.105870068198,183.065514223553,93.3094252869331
132,172,6,25,118.9,273.105870068198,183.065514223553,93.3094252869331
132,172,7,22,134.48,273.105870068198,183.065514223553,93.3094252869331
132,172,8,21,122.06,273.105870068198,183.065514223553,93.3094252869331
132,172,9,36,123.6,273.105870068198,183.065514223553,93.3094252869331
132,172,10,37,122.45,273.105870068198,183.065514223553,93.3094252869331
132,172,11,26,126.45,273.105870068198,183.065514223553,93.3094252869331
132,172,12,27,130.52,273.105870068198,183.065514223553,93.3094252869331
132,172,13,41,129.83,273.105870068198,183.065514223553,93.3094252869331
132,172,14,44,144.37,273.105870068198,183.065514223553,93.3094252869331
132,172,15,58,157.86,273.105870068198,183.065514223553,93.3094252869331
132,172,16,54,145.79,273.105870068198,183.065514223553,93.3094252869331
132,172,17,61,142.12,273.105870068198,183.065514223553,93.3094252869331
132,172,18,51,130.78,273.105870068198,183.065514223553,93.3094252869331
132,172,19,75,131.08,273.105870068198,183.065514223553,93.3094252869331
132,172,20,51,131.86,273.105870068198,183.065514223553,93.3094252869331
132,172,21,66,117.96,273.105870068198,183.065514223553,93.3094252869331
132,172,22,60,125.38,273.105870068198,183.065514223553,93.3094252869331
132,172,23,64,116.01,273.105870068198,183.065514223553,93.3094252869331
132,173,0,283,107.41,136.22826777449,91.3151294979244,46.543786739911
132,173,1,249,59.2,136.22826777449,91.3151294979244,46.543786739911
132,173,2,102,53.21,136.22826777449,91.3151294979244,46.543786739911
132,173,3,64,52.15,136.22826777449,91.3151294979244,46.543786739911
132,173,4,81,54.05,136.22826777449,91.3151294979244,46.543786739911
132,173,5,128,53.77,136.22826777449,91.3151294979244,46.543786739911
132,173,6,190,63.17,136.22826777449,91.3151294979244,46.543786739911
132,173,7,223,125.17,136.22826777449,91.3151294979244,46.543786739911
132,173,8,137,65.84,136.22826777449,91.3151294979244,46.543786739911
132,173,9,143,130.63,136.22826777449,91.3151294979244,46.543786739911
132,173,10,224,70.6,136.22826777449,91.3151294979244,46.543786739911
132,173,11,138,73.41,136.22826777449,91.3151294979244,46.543786739911
132,173,12,130,69.19,136.22826777449,91.3151294979244,46.543786739911
132,173,13,157,69.16,136.22826777449,91.3151294979244,46.543786739911
132,173,14,198,70.78,136.22826777449,91.3151294979244,46.543786739911
132,173,15,219,75.43,136.22826777449,91.3151294979244,46.543786739911
132,173,16,217,74.08,136.22826777449,91.3151294979244,46.543786739911
132,173,17,217,123.39,136.22826777449,91.3151294979244,46.543786739911
132,173,18,201,75.96,136.22826777449,91.3151294979244,46.543786739911
132,173,19,180,69.72,136.22826777449,91.3151294979244,46.543786739911
132,173,20,174,64.48,136.22826777449,91.3151294979244,46.543786739911
132,173,21,189,60.51,136.22826777449,91.3151294979244,46.543786739911
132,173,22,240,68.97,136.22826777449,91.3151294979244,46.543786739911
132,173,23,296,70.55,136.22826777449,91.3151294979244,46.543786739911
132,174,0,270,96.15,262.68623876629,176.081134276585,89.7494512437535
132,174,1,171,92.66,262.68623876629,176.081134276585,89.7494512437535
132,174,2,75,91.09,262.68623876629,176.081134276585,89.7494512437535
132,174,3,55,85.9,262.68623876629,176.081134276585,89.7494512437535
132,174,4,106,79.34,262.68623876629,176.081134276585,89.7494512437535
132,174,5,67,88.92,262.68623876629,176.081134276585,89.7494512437535
132,174,6,114,113.42,262.68623876629,176.081134276585,89.7494512437535
132,174,7,148,120.83,262.68623876629,176.081134276585,89.7494512437535
132,174,8,131,121.48,262.68623876629,176.081134276585,89.7494512437535
132,174,9,157,107.71,262.68623876629,176.081134276585,89.7494512437535
132,174,10,191,111.81,262.68623876629,176.081134276585,89.7494512437535
132,174,11,154,116.59,262.68623876629,176.081134276585,89.7494512437535
132,174,12,121,145.44,262.68623876629,176.081134276585,89.7494512437535
132,174,13,122,115.58,262.68623876629,176.081134276585,89.7494512437535
132,174,14,160,123.81,262.68623876629,176.081134276585,89.7494512437535
132,174,15,219,135.93,262.68623876629,176.081134276585,89.7494512437535
132,174,16,211,133.52,262.68623876629,176.081134276585,89.7494512437535
132,174,17,186,125.68,262.68623876629,176.081134276585,89.7494512437535
132,174,18,205,114.22,262.68623876629,176.081134276585,89.7494512437535
132,174,19,239,106.87,262.68623876629,176.081134276585,89.7494512437535
132,174,20,207,98.34,262.68623876629,176.081134276585,89.7494512437535
132,174,21,218,98.58,262.68623876629,176.081134276585,89.7494512437535
132,174,22,256,100.78,262.68623876629,176.081134276585,89.7494512437535
132,174,23,285,104.39,262.68623876629,176.081134276585,89.7494512437535
132,175,0,430,63.93,109.05361740506,73.099697722391,37.2592883594417
132,175,1,177,63.83,109.05361740506,73.099697722391,37.2592883594417
132,175,2,89,58.21,109.05361740506,73.099697722391,37.2592883594417
132,175,3,38,58.78,109.05361740506,73.099697722391,37.2592883594417
132,175,4,40,59.91,109.05361740506,73.099697722391,37.2592883594417
132,175,5,153,56.76,109.05361740506,73.099697722391,37.2592883594417
132,175,6,330,62.68,109.05361740506,73.099697722391,37.2592883594417
132,175,7,257,72.99,109.05361740506,73.099697722391,37.2592883594417
132,175,8,202,73.22,109.05361740506,73.099697722391,37.2592883594417
132,175,9,180,65.38,109.05361740506,73.099697722391,37.2592883594417
132,175,10,195,62.92,109.05361740506,73.099697722391,37.2592883594417
132,175,11,191,63.57,109.05361740506,73.099697722391,37.2592883594417
132,175,12,214,65.24,109.05361740506,73.099697722391,37.2592883594417
132,175,13,209,68.48,109.05361740506,73.099697722391,37.2592883594417
132,175,14,282,93.8,109.05361740506,73.099697722391,37.2592883594417
132,175,15,308,125.14,109.05361740506,73.099697722391,37.2592883594417
132,175,16,310,77.54,109.05361740506,73.099697722391,37.2592883594417
132,175,17,330,75.47,109.05361740506,73.099697722391,37.2592883594417
132,175,18,323,73.18,109.05361740506,73.099697722391,37.2592883594417
132,175,19,426,68.57,109.05361740506,73.099697722391,37.2592883594417
132,175,20,434,65.97,109.05361740506,73.099697722391,37.2592883594417
132,175,21,428,65.35,109.05361740506,73.099697722391,37.2592883594417
132,175,22,457,65.21,109.05361740506,73.099697722391,37.2592883594417
132,175,23,464,65.12,109.05361740506,73.099697722391,37.2592883594417
132,176,0,32,123.66,289.589952405811,194.114954533587,98.9413813079482
132,176,1,16,118.54,289.589952405811,194.114954533587,98.9413813079482
132,176,2,6,122.43,289.589952405811,194.114954533587,98.9413813079482
132,176,3,6,117.26,289.589952405811,194.114954533587,98.9413813079482
132,176,4,2,96.76,289.589952405811,194.114954533587,98.9413813079482
132,176,5,6,110.52,289.589952405811,194.114954533587,98.9413813079482
132,176,6,26,118.98,289.589952405811,194.114954533587,98.9413813079482
132,176,7,16,144.09,289.589952405811,194.114954533587,98.9413813079482
132,176,8,22,137.68,289.589952405811,194.114954533587,98.9413813079482
132,176,9,19,131.97,289.589952405811,194.114954533587,98.9413813079482
132,176,10,19,137.46,289.589952405811,194.114954533587,98.9413813079482
132,176,11,22,142.52,289.589952405811,194.114954533587,98.9413813079482
132,176,12,26,140.92,289.589952405811,194.114954533587,98.9413813079482
132,176,13,17,140.5,289.589952405811,194.114954533587,98.9413813079482
132,176,14,34,157.32,289.589952405811,194.114954533587,98.9413813079482
132,176,15,38,167.56,289.589952405811,194.114954533587,98.9413813079482
132,176,16,44,156.5,289.589952405811,194.114954533587,98.9413813079482
132,176,17,47,150.2,289.589952405811,194.114954533587,98.9413813079482
132,176,18,44,138.6,289.589952405811,194.114954533587,98.9413813079482
132,176,19,55,132.93,289.589952405811,194.114954533587,98.9413813079482
132,176,20,41,129.16,289.589952405811,194.114954533587,98.9413813079482
132,176,21,50,130.35,289.589952405811,194.114954533587,98.9413813079482
132,176,22,43,133.28,289.589952405811,194.114954533587,98.9413813079482
132,176,23,35,134.61,289.589952405811,194.114954533587,98.9413813079482
132,177,0,1037,57.65,115.19699878698,77.2176658622621,39.3582377006707
132,177,1,591,56.37,115.19699878698,77.2176658622621,39.3582377006707
132,177,2,270,51.69,115.19699878698,77.2176658622621,39.3582377006707
132,177,3,143,49.85,115.19699878698,77.2176658622621,39.3582377006707
132,177,4,210,45.64,115.19699878698,77.2176658622621,39.3582377006707
132,177,5,292,51.38,115.19699878698,77.2176658622621,39.3582377006707
132,177,6,625,65.58,115.19699878698,77.2176658622621,39.3582377006707
132,177,7,613,69.83,115.19699878698,77.2176658622621,39.3582377006707
132,177,8,539,64.1,115.19699878698,77.2176658622621,39.3582377006707
132,177,9,617,59.46,115.19699878698,77.2176658622621,39.3582377006707
132,177,10,569,61.38,115.19699878698,77.2176658622621,39.3582377006707
132,177,11,473,77.85,115.19699878698,77.2176658622621,39.3582377006707
132,177,12,499,61.67,115.19699878698,77.2176658622621,39.3582377006707
132,177,13,567,63.72,115.19699878698,77.2176658622621,39.3582377006707
132,177,14,713,70.17,115.19699878698,77.2176658622621,39.3582377006707
132,177,15,846,94.96,115.19699878698,77.2176658622621,39.3582377006707
132,177,16,728,72.01,115.19699878698,77.2176658622621,39.3582377006707
132,177,17,830,75.81,115.19699878698,77.2176658622621,39.3582377006707
132,177,18,750,68.32,115.19699878698,77.2176658622621,39.3582377006707
132,177,19,846,65.87,115.19699878698,77.2176658622621,39.3582377006707
132,177,20,846,87.56,115.19699878698,77.2176658622621,39.3582377006707
132,177,21,959,96.57,115.19699878698,77.2176658622621,39.3582377006707
132,177,22,1239,81.06,115.19699878698,77.2176658622621,39.3582377006707
132,177,23,1238,60.48,115.19699878698,77.2176658622621,39.3582377006707
132,178,0,312,126.38,156.653384629385,105.006283478554,53.5222376779038
132,178,1,135,77.46,156.653384629385,105.006283478554,53.5222376779038
132,178,2,44,80.78,156.653384629385,105.006283478554,53.5222376779038
132,178,3,27,81.74,156.653384629385,105.006283478554,53.5222376779038
132,178,4,29,76.69,156.653384629385,105.006283478554,53.5222376779038
132,178,5,190,78.63,156.653384629385,105.006283478554,53.5222376779038
132,178,6,395,115.71,156.653384629385,105.006283478554,53.5222376779038
132,178,7,209,100.47,156.653384629385,105.006283478554,53.5222376779038
132,178,8,102,93.7,156.653384629385,105.006283478554,53.5222376779038
132,178,9,109,90.37,156.653384629385,105.006283478554,53.5222376779038
132,178,10,207,88.97,156.653384629385,105.006283478554,53.5222376779038
132,178,11,124,87.95,156.653384629385,105.006283478554,53.5222376779038
132,178,12,151,89.29,156.653384629385,105.006283478554,53.5222376779038
132,178,13,134,123.53,156.653384629385,105.006283478554,53.5222376779038
132,178,14,179,99.84,156.653384629385,105.006283478554,53.5222376779038
132,178,15,264,105.08,156.653384629385,105.006283478554,53.5222376779038
132,178,16,233,109.97,156.653384629385,105.006283478554,53.5222376779038
132,178,17,217,107.83,156.653384629385,105.006283478554,53.5222376779038
132,178,18,226,99.47,156.653384629385,105.006283478554,53.5222376779038
132,178,19,341,96.26,156.653384629385,105.006283478554,53.5222376779038
132,178,20,304,91.23,156.653384629385,105.006283478554,53.5222376779038
132,178,21,306,84.91,156.653384629385,105.006283478554,53.5222376779038
132,178,22,306,86.62,156.653384629385,105.006283478554,53.5222376779038
132,178,23,367,86.19,156.653384629385,105.006283478554,53.5222376779038
132,179,0,1105,77.55,183.340450224559,122.894882449636,62.6401477127871
132,179,1,533,71.69,183.340450224559,122.894882449636,62.6401477127871
132,179,2,159,66.79,183.340450224559,122.894882449636,62.6401477127871
132,179,3,107,62.36,183.340450224559,122.894882449636,62.6401477127871
132,179,4,90,139.4,183.340450224559,122.894882449636,62.6401477127871
132,179,5,278,67.55,183.340450224559,122.894882449636,62.6401477127871
132,179,6,675,82.06,183.340450224559,122.894882449636,62.6401477127871
132,179,7,699,115.24,183.340450224559,122.894882449636,62.6401477127871
132,179,8,558,86.04,183.340450224559,122.894882449636,62.6401477127871
132,179,9,418,114.21,183.340450224559,122.894882449636,62.6401477127871
132,179,10,450,82.52,183.340450224559,122.894882449636,62.6401477127871
132,179,11,400,81.79,183.340450224559,122.894882449636,62.6401477127871
132,179,12,452,85.48,183.340450224559,122.894882449636,62.6401477127871
132,179,13,586,87.22,183.340450224559,122.894882449636,62.6401477127871
132,179,14,782,88.34,183.340450224559,122.894882449636,62.6401477127871
132,179,15,838,91.68,183.340450224559,122.894882449636,62.6401477127871
132,179,16,970,89.8,183.340450224559,122.894882449636,62.6401477127871
132,179,17,886,86.44,183.340450224559,122.894882449636,62.6401477127871
132,179,18,819,84.92,183.340450224559,122.894882449636,62.6401477127871
132,179,19,1028,80.43,183.340450224559,122.894882449636,62.6401477127871
132,179,20,1180,78.2,183.340450224559,122.894882449636,62.6401477127871
132,179,21,1263,96.28,183.340450224559,122.894882449636,62.6401477127871
132,179,22,1368,96.1,183.340450224559,122.894882449636,62.6401477127871
132,179,23,1332,99.81,183.340450224559,122.894882449636,62.6401477127871
132,180,0,937,56.57,66.2676860038809,44.4198728195628,22.6410354877139
132,180,1,947,28.89,66.2676860038809,44.4198728195628,22.6410354877139
132,180,2,329,29.32,66.2676860038809,44.4198728195628,22.6410354877139
132,180,3,170,29.56,66.2676860038809,44.4198728195628,22.6410354877139
132,180,4,147,31.08,66.2676860038809,44.4198728195628,22.6410354877139
132,180,5,192,32.71,66.2676860038809,44.4198728195628,22.6410354877139
132,180,6,375,41.8,66.2676860038809,44.4198728195628,22.6410354877139
132,180,7,339,40.74,66.2676860038809,44.4198728195628,22.6410354877139
132,180,8,317,38.42,66.2676860038809,44.4198728195628,22.6410354877139
132,180,9,473,35.38,66.2676860038809,44.4198728195628,22.6410354877139
132,180,10,607,53.29,66.2676860038809,44.4198728195628,22.6410354877139
132,180,11,450,37.05,66.2676860038809,44.4198728195628,22.6410354877139
132,180,12,463,36.77,66.2676860038809,44.4198728195628,22.6410354877139
132,180,13,625,33.99,66.2676860038809,44.4198728195628,22.6410354877139
132,180,14,701,46.33,66.2676860038809,44.4198728195628,22.6410354877139
132,180,15,744,37.35,66.2676860038809,44.4198728195628,22.6410354877139
132,180,16,715,40.15,66.2676860038809,44.4198728195628,22.6410354877139
132,180,17,584,39.46,66.2676860038809,44.4198728195628,22.6410354877139
132,180,18,582,40.59,66.2676860038809,44.4198728195628,22.6410354877139
132,180,19,648,38.38,66.2676860038809,44.4198728195628,22.6410354877139
132,180,20,632,38.05,66.2676860038809,44.4198728195628,22.6410354877139
132,180,21,646,34.79,66.2676860038809,44.4198728195628,22.6410354877139
132,180,22,773,34.65,66.2676860038809,44.4198728195628,22.6410354877139
132,180,23,886,34.77,66.2676860038809,44.4198728195628,22.6410354877139
132,181,0,3765,114.05,166.308174575858,111.477982844921,56.8208958171318
132,181,1,1655,112.86,166.308174575858,111.477982844921,56.8208958171318
132,181,2,443,127.61,166.308174575858,111.477982844921,56.8208958171318
132,181,3,237,89.56,166.308174575858,111.477982844921,56.8208958171318
132,181,4,169,89.27,166.308174575858,111.477982844921,56.8208958171318
132,181,5,804,92.81,166.308174575858,111.477982844921,56.8208958171318
132,181,6,2198,120.37,166.308174575858,111.477982844921,56.8208958171318
132,181,7,2036,135,166.308174575858,111.477982844921,56.8208958171318
132,181,8,1680,138.78,166.308174575858,111.477982844921,56.8208958171318
132,181,9,1305,115.92,166.308174575858,111.477982844921,56.8208958171318
132,181,10,1191,110.85,166.308174575858,111.477982844921,56.8208958171318
132,181,11,1251,110.89,166.308174575858,111.477982844921,56.8208958171318
132,181,12,1715,125.74,166.308174575858,111.477982844921,56.8208958171318
132,181,13,2320,121.14,166.308174575858,111.477982844921,56.8208958171318
132,181,14,2975,126.51,166.308174575858,111.477982844921,56.8208958171318
132,181,15,3492,126.47,166.308174575858,111.477982844921,56.8208958171318
132,181,16,3795,128.11,166.308174575858,111.477982844921,56.8208958171318
132,181,17,3283,138.75,166.308174575858,111.477982844921,56.8208958171318
132,181,18,3293,128.49,166.308174575858,111.477982844921,56.8208958171318
132,181,19,4130,122.76,166.308174575858,111.477982844921,56.8208958171318
132,181,20,4739,118.13,166.308174575858,111.477982844921,56.8208958171318
132,181,21,5054,119.86,166.308174575858,111.477982844921,56.8208958171318
132,181,22,5398,107.62,166.308174575858,111.477982844921,56.8208958171318
132,181,23,4979,104.81,166.308174575858,111.477982844921,56.8208958171318
132,182,0,208,84.64,217.807906504562,145.998752777655,74.4163081292091
132,182,1,119,101.06,217.807906504562,145.998752777655,74.4163081292091
132,182,2,66,78.63,217.807906504562,145.998752777655,74.4163081292091
132,182,3,30,76.61,217.807906504562,145.998752777655,74.4163081292091
132,182,4,178,64.01,217.807906504562,145.998752777655,74.4163081292091
132,182,5,59,75.39,217.807906504562,145.998752777655,74.4163081292091
132,182,6,100,93.64,217.807906504562,145.998752777655,74.4163081292091
132,182,7,124,100.98,217.807906504562,145.998752777655,74.4163081292091
132,182,8,122,99.55,217.807906504562,145.998752777655,74.4163081292091
132,182,9,148,96.13,217.807906504562,145.998752777655,74.4163081292091
132,182,10,182,97.74,217.807906504562,145.998752777655,74.4163081292091
132,182,11,136,93.89,217.807906504562,145.998752777655,74.4163081292091
132,182,12,109,94.01,217.807906504562,145.998752777655,74.4163081292091
132,182,13,122,97.6,217.807906504562,145.998752777655,74.4163081292091
132,182,14,200,102.15,217.807906504562,145.998752777655,74.4163081292091
132,182,15,207,105.14,217.807906504562,145.998752777655,74.4163081292091
132,182,16,268,107.5,217.807906504562,145.998752777655,74.4163081292091
132,182,17,219,99.13,217.807906504562,145.998752777655,74.4163081292091
132,182,18,218,97.04,217.807906504562,145.998752777655,74.4163081292091
132,182,19,216,93.35,217.807906504562,145.998752777655,74.4163081292091
132,182,20,198,85.3,217.807906504562,145.998752777655,74.4163081292091
132,182,21,199,86.94,217.807906504562,145.998752777655,74.4163081292091
132,182,22,257,90.32,217.807906504562,145.998752777655,74.4163081292091
132,182,23,277,90.68,217.807906504562,145.998752777655,74.4163081292091
132,183,0,125,85.55,224.401046014968,150.418198154346,76.6689219540195
132,183,1,86,77.32,224.401046014968,150.418198154346,76.6689219540195
132,183,2,31,82.05,224.401046014968,150.418198154346,76.6689219540195
132,183,3,21,70.28,224.401046014968,150.418198154346,76.6689219540195
132,183,4,21,71.48,224.401046014968,150.418198154346,76.6689219540195
132,183,5,29,77.48,224.401046014968,150.418198154346,76.6689219540195
132,183,6,48,85.55,224.401046014968,150.418198154346,76.6689219540195
132,183,7,66,97.29,224.401046014968,150.418198154346,76.6689219540195
132,183,8,51,93.16,224.401046014968,150.418198154346,76.6689219540195
132,183,9,63,91.69,224.401046014968,150.418198154346,76.6689219540195
132,183,10,87,91.66,224.401046014968,150.418198154346,76.6689219540195
132,183,11,63,90.94,224.401046014968,150.418198154346,76.6689219540195
132,183,12,57,91.06,224.401046014968,150.418198154346,76.6689219540195
132,183,13,74,90.13,224.401046014968,150.418198154346,76.6689219540195
132,183,14,93,98.63,224.401046014968,150.418198154346,76.6689219540195
132,183,15,111,103.59,224.401046014968,150.418198154346,76.6689219540195
132,183,16,100,101.02,224.401046014968,150.418198154346,76.6689219540195
132,183,17,108,95.46,224.401046014968,150.418198154346,76.6689219540195
132,183,18,122,90.06,224.401046014968,150.418198154346,76.6689219540195
132,183,19,119,85.47,224.401046014968,150.418198154346,76.6689219540195
132,183,20,97,81.2,224.401046014968,150.418198154346,76.6689219540195
132,183,21,116,83.31,224.401046014968,150.418198154346,76.6689219540195
132,183,22,136,85.91,224.401046014968,150.418198154346,76.6689219540195
132,183,23,125,88.44,224.401046014968,150.418198154346,76.6689219540195
132,184,0,9,125.79,241.679584959246,162.000170435191,82.5723122337154
132,184,1,8,80.15,241.679584959246,162.000170435191,82.5723122337154
132,184,2,3,82.55,241.679584959246,162.000170435191,82.5723122337154
132,184,3,4,103.6,241.679584959246,162.000170435191,82.5723122337154
132,184,4,2,56.35,241.679584959246,162.000170435191,82.5723122337154
132,184,5,5,92.55,241.679584959246,162.000170435191,82.5723122337154
132,184,6,2,123.76,241.679584959246,162.000170435191,82.5723122337154
132,184,7,5,115.29,241.679584959246,162.000170435191,82.5723122337154
132,184,8,6,109.14,241.679584959246,162.000170435191,82.5723122337154
132,184,9,9,114.07,241.679584959246,162.000170435191,82.5723122337154
132,184,10,12,99.58,241.679584959246,162.000170435191,82.5723122337154
132,184,11,6,105.55,241.679584959246,162.000170435191,82.5723122337154
132,184,12,6,91.06,241.679584959246,162.000170435191,82.5723122337154
132,184,13,3,91.09,241.679584959246,162.000170435191,82.5723122337154
132,184,14,13,131.24,241.679584959246,162.000170435191,82.5723122337154
132,184,15,15,114.63,241.679584959246,162.000170435191,82.5723122337154
132,184,16,13,114.37,241.679584959246,162.000170435191,82.5723122337154
132,184,17,12,102.36,241.679584959246,162.000170435191,82.5723122337154
132,184,18,8,121.39,241.679584959246,162.000170435191,82.5723122337154
132,184,19,15,88.32,241.679584959246,162.000170435191,82.5723122337154
132,184,20,10,95.58,241.679584959246,162.000170435191,82.5723122337154
132,184,21,14,96.98,241.679584959246,162.000170435191,82.5723122337154
132,184,22,11,95.19,241.679584959246,162.000170435191,82.5723122337154
132,184,23,10,112.06,241.679584959246,162.000170435191,82.5723122337154
132,185,0,321,88.11,233.957858068475,156.824221988532,79.9341049398897
132,185,1,182,87.84,233.957858068475,156.824221988532,79.9341049398897
132,185,2,72,77.39,233.957858068475,156.824221988532,79.9341049398897
132,185,3,60,77.52,233.957858068475,156.824221988532,79.9341049398897
132,185,4,25,75.91,233.957858068475,156.824221988532,79.9341049398897
132,185,5,98,82.04,233.957858068475,156.824221988532,79.9341049398897
132,185,6,209,89.22,233.957858068475,156.824221988532,79.9341049398897
132,185,7,207,102.38,233.957858068475,156.824221988532,79.9341049398897
132,185,8,202,98.43,233.957858068475,156.824221988532,79.9341049398897
132,185,9,202,95.14,233.957858068475,156.824221988532,79.9341049398897
132,185,10,241,125.26,233.957858068475,156.824221988532,79.9341049398897
132,185,11,160,99.45,233.957858068475,156.824221988532,79.9341049398897
132,185,12,159,97.79,233.957858068475,156.824221988532,79.9341049398897
132,185,13,183,102.71,233.957858068475,156.824221988532,79.9341049398897
132,185,14,219,107.92,233.957858068475,156.824221988532,79.9341049398897
132,185,15,297,109.83,233.957858068475,156.824221988532,79.9341049398897
132,185,16,296,107.06,233.957858068475,156.824221988532,79.9341049398897
132,185,17,273,106.61,233.957858068475,156.824221988532,79.9341049398897
132,185,18,326,100.82,233.957858068475,156.824221988532,79.9341049398897
132,185,19,324,94.29,233.957858068475,156.824221988532,79.9341049398897
132,185,20,325,88.16,233.957858068475,156.824221988532,79.9341049398897
132,185,21,322,91.78,233.957858068475,156.824221988532,79.9341049398897
132,185,22,363,93.38,233.957858068475,156.824221988532,79.9341049398897
132,185,23,395,103.06,233.957858068475,156.824221988532,79.9341049398897
132,186,0,2033,100.01,206.277696988195,138.269941479341,70.4768936334991
132,186,1,918,95.83,206.277696988195,138.269941479341,70.4768936334991
132,186,2,344,88.5,206.277696988195,138.269941479341,70.4768936334991
132,186,3,192,83.6,206.277696988195,138.269941479341,70.4768936334991
132,186,4,202,80.56,206.277696988195,138.269941479341,70.4768936334991
132,186,5,488,118.04,206.277696988195,138.269941479341,70.4768936334991
132,186,6,1501,109.87,206.277696988195,138.269941479341,70.4768936334991
132,186,7,1862,133.59,206.277696988195,138.269941479341,70.4768936334991
132,186,8,1690,144.04,206.277696988195,138.269941479341,70.4768936334991
132,186,9,1587,131.62,206.277696988195,138.269941479341,70.4768936334991
132,186,10,1717,117.68,206.277696988195,138.269941479341,70.4768936334991
132,186,11,1864,121.2,206.277696988195,138.269941479341,70.4768936334991
132,186,12,2261,132.24,206.277696988195,138.269941479341,70.4768936334991
132,186,13,2610,121.86,206.277696988195,138.269941479341,70.4768936334991
132,186,14,3550,128.66,206.277696988195,138.269941479341,70.4768936334991
132,186,15,4288,135.79,206.277696988195,138.269941479341,70.4768936334991
132,186,16,4445,126.31,206.277696988195,138.269941479341,70.4768936334991
132,186,17,3665,123.24,206.277696988195,138.269941479341,70.4768936334991
132,186,18,2915,115.68,206.277696988195,138.269941479341,70.4768936334991
132,186,19,3203,108.73,206.277696988195,138.269941479341,70.4768936334991
132,186,20,3392,102.41,206.277696988195,138.269941479341,70.4768936334991
132,186,21,3252,111.12,206.277696988195,138.269941479341,70.4768936334991
132,186,22,3355,105.2,206.277696988195,138.269941479341,70.4768936334991
132,186,23,2868,106.31,206.277696988195,138.269941479341,70.4768936334991
132,187,0,20,127.82,291.963897366489,195.706232871385,99.752463984012
132,187,1,16,120.63,291.963897366489,195.706232871385,99.752463984012
132,187,2,6,111,291.963897366489,195.706232871385,99.752463984012
132,187,3,4,100.42,291.963897366489,195.706232871385,99.752463984012
132,187,4,2,95.4,291.963897366489,195.706232871385,99.752463984012
132,187,5,12,97.82,291.963897366489,195.706232871385,99.752463984012
132,187,6,15,121.87,291.963897366489,195.706232871385,99.752463984012
132,187,7,12,140.96,291.963897366489,195.706232871385,99.752463984012
132,187,8,17,122.64,291.963897366489,195.706232871385,99.752463984012
132,187,9,17,130.95,291.963897366489,195.706232871385,99.752463984012
132,187,10,26,121.94,291.963897366489,195.706232871385,99.752463984012
132,187,11,8,171.1,291.963897366489,195.706232871385,99.752463984012
132,187,12,9,130.03,291.963897366489,195.706232871385,99.752463984012
132,187,13,16,125.35,291.963897366489,195.706232871385,99.752463984012
132,187,14,28,148.06,291.963897366489,195.706232871385,99.752463984012
132,187,15,28,151.67,291.963897366489,195.706232871385,99.752463984012
132,187,16,26,154.25,291.963897366489,195.706232871385,99.752463984012
132,187,17,22,147.48,291.963897366489,195.706232871385,99.752463984012
132,187,18,22,135.78,291.963897366489,195.706232871385,99.752463984012
132,187,19,28,126.77,291.963897366489,195.706232871385,99.752463984012
132,187,20,23,121.43,291.963897366489,195.706232871385,99.752463984012
132,187,21,29,118.68,291.963897366489,195.706232871385,99.752463984012
132,187,22,23,126.06,291.963897366489,195.706232871385,99.752463984012
132,187,23,35,118.29,291.963897366489,195.706232871385,99.752463984012
132,188,0,2552,93.29,137.383039807475,92.0891843945721,46.9383264644084
132,188,1,1418,116.24,137.383039807475,92.0891843945721,46.9383264644084
132,188,2,469,73.65,137.383039807475,92.0891843945721,46.9383264644084
132,188,3,232,70.76,137.383039807475,92.0891843945721,46.9383264644084
132,188,4,180,71.52,137.383039807475,92.0891843945721,46.9383264644084
132,188,5,685,73.32,137.383039807475,92.0891843945721,46.9383264644084
132,188,6,1517,92.65,137.383039807475,92.0891843945721,46.9383264644084
132,188,7,1424,99.79,137.383039807475,92.0891843945721,46.9383264644084
132,188,8,1291,105.88,137.383039807475,92.0891843945721,46.9383264644084
132,188,9,1106,81.71,137.383039807475,92.0891843945721,46.9383264644084
132,188,10,1294,83.56,137.383039807475,92.0891843945721,46.9383264644084
132,188,11,997,106.31,137.383039807475,92.0891843945721,46.9383264644084
132,188,12,1193,86.13,137.383039807475,92.0891843945721,46.9383264644084
132,188,13,1318,103.03,137.383039807475,92.0891843945721,46.9383264644084
132,188,14,1682,109.17,137.383039807475,92.0891843945721,46.9383264644084
132,188,15,1991,111.04,137.383039807475,92.0891843945721,46.9383264644084
132,188,16,1898,117.67,137.383039807475,92.0891843945721,46.9383264644084
132,188,17,1764,97.01,137.383039807475,92.0891843945721,46.9383264644084
132,188,18,1749,110.85,137.383039807475,92.0891843945721,46.9383264644084
132,188,19,2073,93.18,137.383039807475,92.0891843945721,46.9383264644084
132,188,20,2329,89.21,137.383039807475,92.0891843945721,46.9383264644084
132,188,21,2523,88.64,137.383039807475,92.0891843945721,46.9383264644084
132,188,22,2992,84.88,137.383039807475,92.0891843945721,46.9383264644084
132,188,23,3120,94.7,137.383039807475,92.0891843945721,46.9383264644084
132,189,0,1832,109.6,157.097376328867,105.30389542207,53.6739320017953
132,189,1,885,85.99,157.097376328867,105.30389542207,53.6739320017953
132,189,2,222,81.76,157.097376328867,105.30389542207,53.6739320017953
132,189,3,120,77.29,157.097376328867,105.30389542207,53.6739320017953
132,189,4,71,76.28,157.097376328867,105.30389542207,53.6739320017953
132,189,5,409,79.01,157.097376328867,105.30389542207,53.6739320017953
132,189,6,1035,95.36,157.097376328867,105.30389542207,53.6739320017953
132,189,7,979,135.55,157.097376328867,105.30389542207,53.6739320017953
132,189,8,913,97.06,157.097376328867,105.30389542207,53.6739320017953
132,189,9,638,119.8,157.097376328867,105.30389542207,53.6739320017953
132,189,10,601,122.96,157.097376328867,105.30389542207,53.6739320017953
132,189,11,629,111.75,157.097376328867,105.30389542207,53.6739320017953
132,189,12,772,97.13,157.097376328867,105.30389542207,53.6739320017953
132,189,13,1070,107.83,157.097376328867,105.30389542207,53.6739320017953
132,189,14,1333,110.56,157.097376328867,105.30389542207,53.6739320017953
132,189,15,1569,109.99,157.097376328867,105.30389542207,53.6739320017953
132,189,16,1642,109.24,157.097376328867,105.30389542207,53.6739320017953
132,189,17,1522,122.7,157.097376328867,105.30389542207,53.6739320017953
132,189,18,1402,104.94,157.097376328867,105.30389542207,53.6739320017953
132,189,19,1703,99.47,157.097376328867,105.30389542207,53.6739320017953
132,189,20,2112,109.3,157.097376328867,105.30389542207,53.6739320017953
132,189,21,2226,93.25,157.097376328867,105.30389542207,53.6739320017953
132,189,22,2437,93.41,157.097376328867,105.30389542207,53.6739320017953
132,189,23,2275,91.33,157.097376328867,105.30389542207,53.6739320017953
132,190,0,104,88.78,154.895818223554,103.828169665822,52.9217470652678
132,190,1,68,86.88,154.895818223554,103.828169665822,52.9217470652678
132,190,2,15,74.89,154.895818223554,103.828169665822,52.9217470652678
132,190,3,5,71.98,154.895818223554,103.828169665822,52.9217470652678
132,190,4,4,80.92,154.895818223554,103.828169665822,52.9217470652678
132,190,5,20,86.07,154.895818223554,103.828169665822,52.9217470652678
132,190,6,57,95.24,154.895818223554,103.828169665822,52.9217470652678
132,190,7,69,114.13,154.895818223554,103.828169665822,52.9217470652678
132,190,8,98,110.77,154.895818223554,103.828169665822,52.9217470652678
132,190,9,95,99.79,154.895818223554,103.828169665822,52.9217470652678
132,190,10,96,97.94,154.895818223554,103.828169665822,52.9217470652678
132,190,11,63,97.78,154.895818223554,103.828169665822,52.9217470652678
132,190,12,82,112.23,154.895818223554,103.828169665822,52.9217470652678
132,190,13,103,107.69,154.895818223554,103.828169665822,52.9217470652678
132,190,14,101,107.79,154.895818223554,103.828169665822,52.9217470652678
132,190,15,128,115.85,154.895818223554,103.828169665822,52.9217470652678
132,190,16,107,111.83,154.895818223554,103.828169665822,52.9217470652678
132,190,17,106,110.67,154.895818223554,103.828169665822,52.9217470652678
132,190,18,108,108.8,154.895818223554,103.828169665822,52.9217470652678
132,190,19,104,102.91,154.895818223554,103.828169665822,52.9217470652678
132,190,20,132,100.74,154.895818223554,103.828169665822,52.9217470652678
132,190,21,137,98.78,154.895818223554,103.828169665822,52.9217470652678
132,190,22,162,95.62,154.895818223554,103.828169665822,52.9217470652678
132,190,23,161,92.77,154.895818223554,103.828169665822,52.9217470652678
132,191,0,1194,72.84,83.8863303615597,56.2298210585185,28.6606262747569
132,191,1,844,75.64,83.8863303615597,56.2298210585185,28.6606262747569
132,191,2,350,48.13,83.8863303615597,56.2298210585185,28.6606262747569
132,191,3,173,46.23,83.8863303615597,56.2298210585185,28.6606262747569
132,191,4,140,46.44,83.8863303615597,56.2298210585185,28.6606262747569
132,191,5,270,52.31,83.8863303615597,56.2298210585185,28.6606262747569
132,191,6,649,53.51,83.8863303615597,56.2298210585185,28.6606262747569
132,191,7,615,55.17,83.8863303615597,56.2298210585185,28.6606262747569
132,191,8,507,55.86,83.8863303615597,56.2298210585185,28.6606262747569
132,191,9,668,77.1,83.8863303615597,56.2298210585185,28.6606262747569
132,191,10,865,51.93,83.8863303615597,56.2298210585185,28.6606262747569
132,191,11,645,50.55,83.8863303615597,56.2298210585185,28.6606262747569
132,191,12,568,51.63,83.8863303615597,56.2298210585185,28.6606262747569
132,191,13,654,66.09,83.8863303615597,56.2298210585185,28.6606262747569
132,191,14,797,75.92,83.8863303615597,56.2298210585185,28.6606262747569
132,191,15,914,66.08,83.8863303615597,56.2298210585185,28.6606262747569
132,191,16,925,65.74,83.8863303615597,56.2298210585185,28.6606262747569
132,191,17,838,63.79,83.8863303615597,56.2298210585185,28.6606262747569
132,191,18,862,60.4,83.8863303615597,56.2298210585185,28.6606262747569
132,191,19,925,56.85,83.8863303615597,56.2298210585185,28.6606262747569
132,191,20,882,52.14,83.8863303615597,56.2298210585185,28.6606262747569
132,191,21,875,53.75,83.8863303615597,56.2298210585185,28.6606262747569
132,191,22,1098,52.37,83.8863303615597,56.2298210585185,28.6606262747569
132,191,23,1331,71.86,83.8863303615597,56.2298210585185,28.6606262747569
132,192,0,242,60.81,112.578826808136,75.4626797848369,38.463712355656
132,192,1,143,55.02,112.578826808136,75.4626797848369,38.463712355656
132,192,2,60,53.35,112.578826808136,75.4626797848369,38.463712355656
132,192,3,36,48.14,112.578826808136,75.4626797848369,38.463712355656
132,192,4,28,47.64,112.578826808136,75.4626797848369,38.463712355656
132,192,5,72,48.98,112.578826808136,75.4626797848369,38.463712355656
132,192,6,198,58.98,112.578826808136,75.4626797848369,38.463712355656
132,192,7,235,66.19,112.578826808136,75.4626797848369,38.463712355656
132,192,8,179,61.93,112.578826808136,75.4626797848369,38.463712355656
132,192,9,144,55.51,112.578826808136,75.4626797848369,38.463712355656
132,192,10,134,67.2,112.578826808136,75.4626797848369,38.463712355656
132,192,11,132,64.16,112.578826808136,75.4626797848369,38.463712355656
132,192,12,118,62.9,112.578826808136,75.4626797848369,38.463712355656
132,192,13,141,69.5,112.578826808136,75.4626797848369,38.463712355656
132,192,14,174,68.44,112.578826808136,75.4626797848369,38.463712355656
132,192,15,171,70.62,112.578826808136,75.4626797848369,38.463712355656
132,192,16,184,66.39,112.578826808136,75.4626797848369,38.463712355656
132,192,17,181,65.9,112.578826808136,75.4626797848369,38.463712355656
132,192,18,163,62.96,112.578826808136,75.4626797848369,38.463712355656
132,192,19,187,68.49,112.578826808136,75.4626797848369,38.463712355656
132,192,20,227,57.31,112.578826808136,75.4626797848369,38.463712355656
132,192,21,230,55.1,112.578826808136,75.4626797848369,38.463712355656
132,192,22,279,63.88,112.578826808136,75.4626797848369,38.463712355656
132,192,23,279,65.25,112.578826808136,75.4626797848369,38.463712355656
132,193,0,306,86.41,182.306121644656,122.201561968063,62.2867587309814
132,193,1,130,84.31,182.306121644656,122.201561968063,62.2867587309814
132,193,2,46,102.1,182.306121644656,122.201561968063,62.2867587309814
132,193,3,31,70.04,182.306121644656,122.201561968063,62.2867587309814
132,193,4,24,77.87,182.306121644656,122.201561968063,62.2867587309814
132,193,5,57,77.45,182.306121644656,122.201561968063,62.2867587309814
132,193,6,126,94.47,182.306121644656,122.201561968063,62.2867587309814
132,193,7,169,143.31,182.306121644656,122.201561968063,62.2867587309814
132,193,8,158,133.5,182.306121644656,122.201561968063,62.2867587309814
132,193,9,162,97.25,182.306121644656,122.201561968063,62.2867587309814
132,193,10,157,97.88,182.306121644656,122.201561968063,62.2867587309814
132,193,11,157,96.31,182.306121644656,122.201561968063,62.2867587309814
132,193,12,170,102.49,182.306121644656,122.201561968063,62.2867587309814
132,193,13,198,102.53,182.306121644656,122.201561968063,62.2867587309814
132,193,14,252,106.07,182.306121644656,122.201561968063,62.2867587309814
132,193,15,329,108.37,182.306121644656,122.201561968063,62.2867587309814
132,193,16,323,134.85,182.306121644656,122.201561968063,62.2867587309814
132,193,17,312,103.44,182.306121644656,122.201561968063,62.2867587309814
132,193,18,253,98.79,182.306121644656,122.201561968063,62.2867587309814
132,193,19,313,124.93,182.306121644656,122.201561968063,62.2867587309814
132,193,20,334,148.09,182.306121644656,122.201561968063,62.2867587309814
132,193,21,299,86.35,182.306121644656,122.201561968063,62.2867587309814
132,193,22,320,115.49,182.306121644656,122.201561968063,62.2867587309814
132,193,23,402,106.64,182.306121644656,122.201561968063,62.2867587309814
132,194,0,11,99.18,197.488609081071,132.378530588495,67.4740114867138
132,194,1,7,111.49,197.488609081071,132.378530588495,67.4740114867138
132,194,2,5,80.62,197.488609081071,132.378530588495,67.4740114867138
132,194,3,5,96.78,197.488609081071,132.378530588495,67.4740114867138
132,194,4,4,52.48,197.488609081071,132.378530588495,67.4740114867138
132,194,5,6,105.67,197.488609081071,132.378530588495,67.4740114867138
132,194,6,15,112.74,197.488609081071,132.378530588495,67.4740114867138
132,194,7,19,148.21,197.488609081071,132.378530588495,67.4740114867138
132,194,8,26,110.5,197.488609081071,132.378530588495,67.4740114867138
132,194,9,30,98.05,197.488609081071,132.378530588495,67.4740114867138
132,194,10,17,105.54,197.488609081071,132.378530588495,67.4740114867138
132,194,11,20,115.02,197.488609081071,132.378530588495,67.4740114867138
132,194,12,19,104.18,197.488609081071,132.378530588495,67.4740114867138
132,194,13,15,110.36,197.488609081071,132.378530588495,67.4740114867138
132,194,14,39,122.3,197.488609081071,132.378530588495,67.4740114867138
132,194,15,37,125.75,197.488609081071,132.378530588495,67.4740114867138
132,194,16,26,117.35,197.488609081071,132.378530588495,67.4740114867138
132,194,17,26,138.86,197.488609081071,132.378530588495,67.4740114867138
132,194,18,25,106.11,197.488609081071,132.378530588495,67.4740114867138
132,194,19,24,93.43,197.488609081071,132.378530588495,67.4740114867138
132,194,20,23,98.12,197.488609081071,132.378530588495,67.4740114867138
132,194,21,18,120.5,197.488609081071,132.378530588495,67.4740114867138
132,194,22,27,101.52,197.488609081071,132.378530588495,67.4740114867138
132,194,23,19,103.54,197.488609081071,132.378530588495,67.4740114867138
132,195,0,271,105.18,189.252280681771,126.8576397583,64.6599853025779
132,195,1,113,103.95,189.252280681771,126.8576397583,64.6599853025779
132,195,2,37,97.66,189.252280681771,126.8576397583,64.6599853025779
132,195,3,19,89.15,189.252280681771,126.8576397583,64.6599853025779
132,195,4,11,94.88,189.252280681771,126.8576397583,64.6599853025779
132,195,5,65,106.46,189.252280681771,126.8576397583,64.6599853025779
132,195,6,160,124.47,189.252280681771,126.8576397583,64.6599853025779
132,195,7,192,137.43,189.252280681771,126.8576397583,64.6599853025779
132,195,8,213,182.86,189.252280681771,126.8576397583,64.6599853025779
132,195,9,223,129.16,189.252280681771,126.8576397583,64.6599853025779
132,195,10,215,129.42,189.252280681771,126.8576397583,64.6599853025779
132,195,11,159,159.59,189.252280681771,126.8576397583,64.6599853025779
132,195,12,175,134.34,189.252280681771,126.8576397583,64.6599853025779
132,195,13,166,133.45,189.252280681771,126.8576397583,64.6599853025779
132,195,14,219,143.29,189.252280681771,126.8576397583,64.6599853025779
132,195,15,283,149.19,189.252280681771,126.8576397583,64.6599853025779
132,195,16,281,187.08,189.252280681771,126.8576397583,64.6599853025779
132,195,17,254,142.41,189.252280681771,126.8576397583,64.6599853025779
132,195,18,242,130.47,189.252280681771,126.8576397583,64.6599853025779
132,195,19,243,126.7,189.252280681771,126.8576397583,64.6599853025779
132,195,20,274,118.76,189.252280681771,126.8576397583,64.6599853025779
132,195,21,298,115.6,189.252280681771,126.8576397583,64.6599853025779
132,195,22,332,113.15,189.252280681771,126.8576397583,64.6599853025779
132,195,23,325,111.34,189.252280681771,126.8576397583,64.6599853025779
132,196,0,761,60.99,113.024425861279,75.7613691531055,38.6159558484332
132,196,1,404,56.58,113.024425861279,75.7613691531055,38.6159558484332
132,196,2,164,52.9,113.024425861279,75.7613691531055,38.6159558484332
132,196,3,74,59.68,113.024425861279,75.7613691531055,38.6159558484332
132,196,4,74,50.52,113.024425861279,75.7613691531055,38.6159558484332
132,196,5,188,53.76,113.024425861279,75.7613691531055,38.6159558484332
132,196,6,564,61.98,113.024425861279,75.7613691531055,38.6159558484332
132,196,7,491,72.33,113.024425861279,75.7613691531055,38.6159558484332
132,196,8,429,85.96,113.024425861279,75.7613691531055,38.6159558484332
132,196,9,387,101.09,113.024425861279,75.7613691531055,38.6159558484332
132,196,10,416,64.65,113.024425861279,75.7613691531055,38.6159558484332
132,196,11,377,106.04,113.024425861279,75.7613691531055,38.6159558484332
132,196,12,392,67.65,113.024425861279,75.7613691531055,38.6159558484332
132,196,13,417,74.91,113.024425861279,75.7613691531055,38.6159558484332
132,196,14,444,84.25,113.024425861279,75.7613691531055,38.6159558484332
132,196,15,595,72.49,113.024425861279,75.7613691531055,38.6159558484332
132,196,16,653,72.16,113.024425861279,75.7613691531055,38.6159558484332
132,196,17,536,71.26,113.024425861279,75.7613691531055,38.6159558484332
132,196,18,537,70.93,113.024425861279,75.7613691531055,38.6159558484332
132,196,19,737,65.2,113.024425861279,75.7613691531055,38.6159558484332
132,196,20,747,62.87,113.024425861279,75.7613691531055,38.6159558484332
132,196,21,772,61.44,113.024425861279,75.7613691531055,38.6159558484332
132,196,22,894,63.93,113.024425861279,75.7613691531055,38.6159558484332
132,196,23,952,79.6,113.024425861279,75.7613691531055,38.6159558484332
132,197,0,1855,41.8,70.6038454526735,47.3264425650257,24.1225288954474
132,197,1,1405,60.47,70.6038454526735,47.3264425650257,24.1225288954474
132,197,2,779,35.04,70.6038454526735,47.3264425650257,24.1225288954474
132,197,3,427,34.43,70.6038454526735,47.3264425650257,24.1225288954474
132,197,4,275,35.26,70.6038454526735,47.3264425650257,24.1225288954474
132,197,5,512,85.04,70.6038454526735,47.3264425650257,24.1225288954474
132,197,6,1294,57.06,70.6038454526735,47.3264425650257,24.1225288954474
132,197,7,973,61.69,70.6038454526735,47.3264425650257,24.1225288954474
132,197,8,818,44.78,70.6038454526735,47.3264425650257,24.1225288954474
132,197,9,957,42.77,70.6038454526735,47.3264425650257,24.1225288954474
132,197,10,1115,43.99,70.6038454526735,47.3264425650257,24.1225288954474
132,197,11,800,44.36,70.6038454526735,47.3264425650257,24.1225288954474
132,197,12,907,43.11,70.6038454526735,47.3264425650257,24.1225288954474
132,197,13,878,46.07,70.6038454526735,47.3264425650257,24.1225288954474
132,197,14,990,47.69,70.6038454526735,47.3264425650257,24.1225288954474
132,197,15,1185,48.08,70.6038454526735,47.3264425650257,24.1225288954474
132,197,16,1092,49.85,70.6038454526735,47.3264425650257,24.1225288954474
132,197,17,1035,63.98,70.6038454526735,47.3264425650257,24.1225288954474
132,197,18,1053,48.06,70.6038454526735,47.3264425650257,24.1225288954474
132,197,19,1040,68.11,70.6038454526735,47.3264425650257,24.1225288954474
132,197,20,1086,45.17,70.6038454526735,47.3264425650257,24.1225288954474
132,197,21,1374,54.12,70.6038454526735,47.3264425650257,24.1225288954474
132,197,22,1730,42.51,70.6038454526735,47.3264425650257,24.1225288954474
132,197,23,1887,58.62,70.6038454526735,47.3264425650257,24.1225288954474
132,198,0,1910,79.37,121.011343736612,81.1150776894471,41.3447683656272
132,198,1,1019,61.85,121.011343736612,81.1150776894471,41.3447683656272
132,198,2,362,59.92,121.011343736612,81.1150776894471,41.3447683656272
132,198,3,190,59.41,121.011343736612,81.1150776894471,41.3447683656272
132,198,4,166,59.52,121.011343736612,81.1150776894471,41.3447683656272
132,198,5,407,60.53,121.011343736612,81.1150776894471,41.3447683656272
132,198,6,1082,70.38,121.011343736612,81.1150776894471,41.3447683656272
132,198,7,1087,88.15,121.011343736612,81.1150776894471,41.3447683656272
132,198,8,933,84.03,121.011343736612,81.1150776894471,41.3447683656272
132,198,9,790,80.8,121.011343736612,81.1150776894471,41.3447683656272
132,198,10,842,66.63,121.011343736612,81.1150776894471,41.3447683656272
132,198,11,745,81.36,121.011343736612,81.1150776894471,41.3447683656272
132,198,12,756,68.91,121.011343736612,81.1150776894471,41.3447683656272
132,198,13,1047,70.25,121.011343736612,81.1150776894471,41.3447683656272
132,198,14,1258,79.55,121.011343736612,81.1150776894471,41.3447683656272
132,198,15,1485,75.98,121.011343736612,81.1150776894471,41.3447683656272
132,198,16,1529,77.2,121.011343736612,81.1150776894471,41.3447683656272
132,198,17,1352,82.55,121.011343736612,81.1150776894471,41.3447683656272
132,198,18,1376,74.58,121.011343736612,81.1150776894471,41.3447683656272
132,198,19,1617,72.53,121.011343736612,81.1150776894471,41.3447683656272
132,198,20,1899,69.89,121.011343736612,81.1150776894471,41.3447683656272
132,198,21,2053,67.4,121.011343736612,81.1150776894471,41.3447683656272
132,198,22,2436,66.01,121.011343736612,81.1150776894471,41.3447683656272
132,198,23,2414,66.93,121.011343736612,81.1150776894471,41.3447683656272
132,200,0,329,120.52,292.506467962501,196.069923205601,99.9378388003017
132,200,1,167,117.04,292.506467962501,196.069923205601,99.9378388003017
132,200,2,44,108.14,292.506467962501,196.069923205601,99.9378388003017
132,200,3,37,105.1,292.506467962501,196.069923205601,99.9378388003017
132,200,4,36,108.14,292.506467962501,196.069923205601,99.9378388003017
132,200,5,133,110.89,292.506467962501,196.069923205601,99.9378388003017
132,200,6,300,126.67,292.506467962501,196.069923205601,99.9378388003017
132,200,7,255,137.2,292.506467962501,196.069923205601,99.9378388003017
132,200,8,186,133.53,292.506467962501,196.069923205601,99.9378388003017
132,200,9,151,129.58,292.506467962501,196.069923205601,99.9378388003017
132,200,10,177,128.47,292.506467962501,196.069923205601,99.9378388003017
132,200,11,156,132.18,292.506467962501,196.069923205601,99.9378388003017
132,200,12,178,138.07,292.506467962501,196.069923205601,99.9378388003017
132,200,13,219,144.77,292.506467962501,196.069923205601,99.9378388003017
132,200,14,312,149.99,292.506467962501,196.069923205601,99.9378388003017
132,200,15,353,192.4,292.506467962501,196.069923205601,99.9378388003017
132,200,16,373,156.05,292.506467962501,196.069923205601,99.9378388003017
132,200,17,340,152.11,292.506467962501,196.069923205601,99.9378388003017
132,200,18,369,172.04,292.506467962501,196.069923205601,99.9378388003017
132,200,19,407,130.75,292.506467962501,196.069923205601,99.9378388003017
132,200,20,462,122.25,292.506467962501,196.069923205601,99.9378388003017
132,200,21,441,120.33,292.506467962501,196.069923205601,99.9378388003017
132,200,22,437,123.29,292.506467962501,196.069923205601,99.9378388003017
132,200,23,497,123.59,292.506467962501,196.069923205601,99.9378388003017
132,201,0,379,73.41,85.2322973482476,57.1320357874967,29.1204897187454
132,201,1,188,72.87,85.2322973482476,57.1320357874967,29.1204897187454
132,201,2,80,67.87,85.2322973482476,57.1320357874967,29.1204897187454
132,201,3,48,64.46,85.2322973482476,57.1320357874967,29.1204897187454
132,201,4,22,64.99,85.2322973482476,57.1320357874967,29.1204897187454
132,201,5,83,68.37,85.2322973482476,57.1320357874967,29.1204897187454
132,201,6,204,73.72,85.2322973482476,57.1320357874967,29.1204897187454
132,201,7,192,79.89,85.2322973482476,57.1320357874967,29.1204897187454
132,201,8,168,72.87,85.2322973482476,57.1320357874967,29.1204897187454
132,201,9,204,73.06,85.2322973482476,57.1320357874967,29.1204897187454
132,201,10,262,115.11,85.2322973482476,57.1320357874967,29.1204897187454
132,201,11,199,75.3,85.2322973482476,57.1320357874967,29.1204897187454
132,201,12,287,74.34,85.2322973482476,57.1320357874967,29.1204897187454
132,201,13,351,73.58,85.2322973482476,57.1320357874967,29.1204897187454
132,201,14,435,78.77,85.2322973482476,57.1320357874967,29.1204897187454
132,201,15,428,79.43,85.2322973482476,57.1320357874967,29.1204897187454
132,201,16,412,91.09,85.2322973482476,57.1320357874967,29.1204897187454
132,201,17,429,81.18,85.2322973482476,57.1320357874967,29.1204897187454
132,201,18,430,79.63,85.2322973482476,57.1320357874967,29.1204897187454
132,201,19,510,78.7,85.2322973482476,57.1320357874967,29.1204897187454
132,201,20,479,76.19,85.2322973482476,57.1320357874967,29.1204897187454
132,201,21,447,75.53,85.2322973482476,57.1320357874967,29.1204897187454
132,201,22,497,75.38,85.2322973482476,57.1320357874967,29.1204897187454
132,201,23,490,74.74,85.2322973482476,57.1320357874967,29.1204897187454
132,202,0,553,94.45,188.109585253675,126.09167992707,64.2695716741667
132,202,1,246,89.15,188.109585253675,126.09167992707,64.2695716741667
132,202,2,77,81.01,188.109585253675,126.09167992707,64.2695716741667
132,202,3,45,75.56,188.109585253675,126.09167992707,64.2695716741667
132,202,4,30,76.49,188.109585253675,126.09167992707,64.2695716741667
132,202,5,127,153.99,188.109585253675,126.09167992707,64.2695716741667
132,202,6,345,99.74,188.109585253675,126.09167992707,64.2695716741667
132,202,7,417,110.19,188.109585253675,126.09167992707,64.2695716741667
132,202,8,351,103.6,188.109585253675,126.09167992707,64.2695716741667
132,202,9,282,97.81,188.109585253675,126.09167992707,64.2695716741667
132,202,10,290,144.02,188.109585253675,126.09167992707,64.2695716741667
132,202,11,328,101.97,188.109585253675,126.09167992707,64.2695716741667
132,202,12,315,103.75,188.109585253675,126.09167992707,64.2695716741667
132,202,13,363,107.82,188.109585253675,126.09167992707,64.2695716741667
132,202,14,459,110.94,188.109585253675,126.09167992707,64.2695716741667
132,202,15,611,110.32,188.109585253675,126.09167992707,64.2695716741667
132,202,16,623,108.5,188.109585253675,126.09167992707,64.2695716741667
132,202,17,594,107.99,188.109585253675,126.09167992707,64.2695716741667
132,202,18,495,104.05,188.109585253675,126.09167992707,64.2695716741667
132,202,19,614,99.41,188.109585253675,126.09167992707,64.2695716741667
132,202,20,675,94.41,188.109585253675,126.09167992707,64.2695716741667
132,202,21,681,95.21,188.109585253675,126.09167992707,64.2695716741667
132,202,22,781,99.2,188.109585253675,126.09167992707,64.2695716741667
132,202,23,740,122.81,188.109585253675,126.09167992707,64.2695716741667
132,203,0,1355,55.03,35.6623783310491,23.9048381712855,12.1844178069274
132,203,1,966,35.18,35.6623783310491,23.9048381712855,12.1844178069274
132,203,2,589,30.65,35.6623783310491,23.9048381712855,12.1844178069274
132,203,3,243,33.54,35.6623783310491,23.9048381712855,12.1844178069274
132,203,4,283,28.43,35.6623783310491,23.9048381712855,12.1844178069274
132,203,5,420,32.08,35.6623783310491,23.9048381712855,12.1844178069274
132,203,6,680,35.69,35.6623783310491,23.9048381712855,12.1844178069274
132,203,7,864,33.01,35.6623783310491,23.9048381712855,12.1844178069274
132,203,8,632,38.23,35.6623783310491,23.9048381712855,12.1844178069274
132,203,9,736,35.41,35.6623783310491,23.9048381712855,12.1844178069274
132,203,10,918,49.14,35.6623783310491,23.9048381712855,12.1844178069274
132,203,11,759,33.75,35.6623783310491,23.9048381712855,12.1844178069274
132,203,12,818,35.47,35.6623783310491,23.9048381712855,12.1844178069274
132,203,13,880,62.2,35.6623783310491,23.9048381712855,12.1844178069274
132,203,14,1172,42,35.6623783310491,23.9048381712855,12.1844178069274
132,203,15,1094,56.94,35.6623783310491,23.9048381712855,12.1844178069274
132,203,16,1006,45.7,35.6623783310491,23.9048381712855,12.1844178069274
132,203,17,1143,42.67,35.6623783310491,23.9048381712855,12.1844178069274
132,203,18,1102,61.88,35.6623783310491,23.9048381712855,12.1844178069274
132,203,19,1188,37.8,35.6623783310491,23.9048381712855,12.1844178069274
132,203,20,1149,36.7,35.6623783310491,23.9048381712855,12.1844178069274
132,203,21,1158,34.43,35.6623783310491,23.9048381712855,12.1844178069274
132,203,22,1663,34.23,35.6623783310491,23.9048381712855,12.1844178069274
132,203,23,1575,53.37,35.6623783310491,23.9048381712855,12.1844178069274
132,204,0,11,148.87,361.934717960378,242.608352732323,123.658713435335
132,204,1,16,132.13,361.934717960378,242.608352732323,123.658713435335
132,204,2,4,152.44,361.934717960378,242.608352732323,123.658713435335
132,204,3,2,139.53,361.934717960378,242.608352732323,123.658713435335
132,204,5,3,126.16,361.934717960378,242.608352732323,123.658713435335
132,204,6,9,142.97,361.934717960378,242.608352732323,123.658713435335
132,204,7,12,190.52,361.934717960378,242.608352732323,123.658713435335
132,204,8,9,153.17,361.934717960378,242.608352732323,123.658713435335
132,204,9,6,168.5,361.934717960378,242.608352732323,123.658713435335
132,204,10,21,159.19,361.934717960378,242.608352732323,123.658713435335
132,204,11,10,165.47,361.934717960378,242.608352732323,123.658713435335
132,204,12,11,306.87,361.934717960378,242.608352732323,123.658713435335
132,204,13,13,180.67,361.934717960378,242.608352732323,123.658713435335
132,204,14,19,197.09,361.934717960378,242.608352732323,123.658713435335
132,204,15,22,190.89,361.934717960378,242.608352732323,123.658713435335
132,204,16,19,190.94,361.934717960378,242.608352732323,123.658713435335
132,204,17,34,176.23,361.934717960378,242.608352732323,123.658713435335
132,204,18,29,174.21,361.934717960378,242.608352732323,123.658713435335
132,204,19,24,153.84,361.934717960378,242.608352732323,123.658713435335
132,204,20,31,155.62,361.934717960378,242.608352732323,123.658713435335
132,204,21,24,143.15,361.934717960378,242.608352732323,123.658713435335
132,204,22,26,145.93,361.934717960378,242.608352732323,123.658713435335
132,204,23,16,148.3,361.934717960378,242.608352732323,123.658713435335
132,205,0,2180,38.5,54.2222411756788,36.3456942932074,18.525585556285
132,205,1,1566,36.27,54.2222411756788,36.3456942932074,18.525585556285
132,205,2,790,34.66,54.2222411756788,36.3456942932074,18.525585556285
132,205,3,452,33.44,54.2222411756788,36.3456942932074,18.525585556285
132,205,4,432,64.83,54.2222411756788,36.3456942932074,18.525585556285
132,205,5,654,34.92,54.2222411756788,36.3456942932074,18.525585556285
132,205,6,1093,37.59,54.2222411756788,36.3456942932074,18.525585556285
132,205,7,919,41.91,54.2222411756788,36.3456942932074,18.525585556285
132,205,8,920,40.38,54.2222411756788,36.3456942932074,18.525585556285
132,205,9,1189,39.28,54.2222411756788,36.3456942932074,18.525585556285
132,205,10,1328,40.4,54.2222411756788,36.3456942932074,18.525585556285
132,205,11,1112,38.31,54.2222411756788,36.3456942932074,18.525585556285
132,205,12,1276,38.29,54.2222411756788,36.3456942932074,18.525585556285
132,205,13,1259,48.55,54.2222411756788,36.3456942932074,18.525585556285
132,205,14,1714,50.35,54.2222411756788,36.3456942932074,18.525585556285
132,205,15,1809,50.42,54.2222411756788,36.3456942932074,18.525585556285
132,205,16,1604,61.54,54.2222411756788,36.3456942932074,18.525585556285
132,205,17,1568,46.01,54.2222411756788,36.3456942932074,18.525585556285
132,205,18,1664,43.02,54.2222411756788,36.3456942932074,18.525585556285
132,205,19,1667,62.88,54.2222411756788,36.3456942932074,18.525585556285
132,205,20,2014,38.55,54.2222411756788,36.3456942932074,18.525585556285
132,205,21,1987,66.64,54.2222411756788,36.3456942932074,18.525585556285
132,205,22,2287,39.99,54.2222411756788,36.3456942932074,18.525585556285
132,205,23,2356,38.82,54.2222411756788,36.3456942932074,18.525585556285
132,206,0,89,108.99,260.686144540827,174.740451713487,89.0660985107964
132,206,1,55,102.87,260.686144540827,174.740451713487,89.0660985107964
132,206,2,14,106.54,260.686144540827,174.740451713487,89.0660985107964
132,206,3,9,98.98,260.686144540827,174.740451713487,89.0660985107964
132,206,4,16,100.64,260.686144540827,174.740451713487,89.0660985107964
132,206,5,23,113.96,260.686144540827,174.740451713487,89.0660985107964
132,206,6,55,116.37,260.686144540827,174.740451713487,89.0660985107964
132,206,7,63,127.55,260.686144540827,174.740451713487,89.0660985107964
132,206,8,51,120.4,260.686144540827,174.740451713487,89.0660985107964
132,206,9,60,122.45,260.686144540827,174.740451713487,89.0660985107964
132,206,10,71,128.15,260.686144540827,174.740451713487,89.0660985107964
132,206,11,51,124.01,260.686144540827,174.740451713487,89.0660985107964
132,206,12,58,127.51,260.686144540827,174.740451713487,89.0660985107964
132,206,13,71,128.25,260.686144540827,174.740451713487,89.0660985107964
132,206,14,82,140.09,260.686144540827,174.740451713487,89.0660985107964
132,206,15,89,145.67,260.686144540827,174.740451713487,89.0660985107964
132,206,16,104,150.59,260.686144540827,174.740451713487,89.0660985107964
132,206,17,100,139.06,260.686144540827,174.740451713487,89.0660985107964
132,206,18,86,129.94,260.686144540827,174.740451713487,89.0660985107964
132,206,19,106,126.4,260.686144540827,174.740451713487,89.0660985107964
132,206,20,116,117.03,260.686144540827,174.740451713487,89.0660985107964
132,206,21,112,113.68,260.686144540827,174.740451713487,89.0660985107964
132,206,22,110,116.22,260.686144540827,174.740451713487,89.0660985107964
132,206,23,118,113.03,260.686144540827,174.740451713487,89.0660985107964
132,207,0,7,62.51,162.43413412808,108.881175949053,55.4972901120249
132,207,2,2,66.7,162.43413412808,108.881175949053,55.4972901120249
132,207,5,2,50.74,162.43413412808,108.881175949053,55.4972901120249
132,207,6,6,76.11,162.43413412808,108.881175949053,55.4972901120249
132,207,7,2,73.01,162.43413412808,108.881175949053,55.4972901120249
132,207,8,9,70.31,162.43413412808,108.881175949053,55.4972901120249
132,207,9,5,84.34,162.43413412808,108.881175949053,55.4972901120249
132,207,10,6,65.42,162.43413412808,108.881175949053,55.4972901120249
132,207,11,4,99.63,162.43413412808,108.881175949053,55.4972901120249
132,207,12,4,68.69,162.43413412808,108.881175949053,55.4972901120249
132,207,13,4,94.98,162.43413412808,108.881175949053,55.4972901120249
132,207,14,5,90.31,162.43413412808,108.881175949053,55.4972901120249
132,207,15,7,89.15,162.43413412808,108.881175949053,55.4972901120249
132,207,16,4,92.27,162.43413412808,108.881175949053,55.4972901120249
132,207,17,6,80.47,162.43413412808,108.881175949053,55.4972901120249
132,207,19,9,77.43,162.43413412808,108.881175949053,55.4972901120249
132,207,20,5,66.98,162.43413412808,108.881175949053,55.4972901120249
132,207,21,9,59.36,162.43413412808,108.881175949053,55.4972901120249
132,207,22,7,58.53,162.43413412808,108.881175949053,55.4972901120249
132,207,23,10,69.96,162.43413412808,108.881175949053,55.4972901120249
132,208,0,380,80.43,196.28132608056,131.569277080884,67.0615308508774
132,208,1,250,77.07,196.28132608056,131.569277080884,67.0615308508774
132,208,2,108,71.57,196.28132608056,131.569277080884,67.0615308508774
132,208,3,74,68.99,196.28132608056,131.569277080884,67.0615308508774
132,208,4,48,69.98,196.28132608056,131.569277080884,67.0615308508774
132,208,5,102,73.94,196.28132608056,131.569277080884,67.0615308508774
132,208,6,193,85.11,196.28132608056,131.569277080884,67.0615308508774
132,208,7,191,92.96,196.28132608056,131.569277080884,67.0615308508774
132,208,8,171,90.35,196.28132608056,131.569277080884,67.0615308508774
132,208,9,252,87.15,196.28132608056,131.569277080884,67.0615308508774
132,208,10,322,87.95,196.28132608056,131.569277080884,67.0615308508774
132,208,11,217,86.76,196.28132608056,131.569277080884,67.0615308508774
132,208,12,212,92.19,196.28132608056,131.569277080884,67.0615308508774
132,208,13,218,89.4,196.28132608056,131.569277080884,67.0615308508774
132,208,14,332,107.34,196.28132608056,131.569277080884,67.0615308508774
132,208,15,340,100.27,196.28132608056,131.569277080884,67.0615308508774
132,208,16,351,98.25,196.28132608056,131.569277080884,67.0615308508774
132,208,17,401,94.14,196.28132608056,131.569277080884,67.0615308508774
132,208,18,429,90.39,196.28132608056,131.569277080884,67.0615308508774
132,208,19,446,84.1,196.28132608056,131.569277080884,67.0615308508774
132,208,20,371,85.62,196.28132608056,131.569277080884,67.0615308508774
132,208,21,342,85.18,196.28132608056,131.569277080884,67.0615308508774
132,208,22,405,87.38,196.28132608056,131.569277080884,67.0615308508774
132,208,23,445,85.67,196.28132608056,131.569277080884,67.0615308508774
132,209,0,884,107.02,194.968974643633,130.689595181029,66.6131525046942
132,209,1,351,102.2,194.968974643633,130.689595181029,66.6131525046942
132,209,2,88,94.16,194.968974643633,130.689595181029,66.6131525046942
132,209,3,38,89.62,194.968974643633,130.689595181029,66.6131525046942
132,209,4,29,86.95,194.968974643633,130.689595181029,66.6131525046942
132,209,5,186,100.06,194.968974643633,130.689595181029,66.6131525046942
132,209,6,473,119.69,194.968974643633,130.689595181029,66.6131525046942
132,209,7,566,151.28,194.968974643633,130.689595181029,66.6131525046942
132,209,8,514,156.29,194.968974643633,130.689595181029,66.6131525046942
132,209,9,378,142.4,194.968974643633,130.689595181029,66.6131525046942
132,209,10,363,124.21,194.968974643633,130.689595181029,66.6131525046942
132,209,11,467,137.88,194.968974643633,130.689595181029,66.6131525046942
132,209,12,608,124.93,194.968974643633,130.689595181029,66.6131525046942
132,209,13,714,129.72,194.968974643633,130.689595181029,66.6131525046942
132,209,14,930,136.8,194.968974643633,130.689595181029,66.6131525046942
132,209,15,1122,142.95,194.968974643633,130.689595181029,66.6131525046942
132,209,16,1144,139.59,194.968974643633,130.689595181029,66.6131525046942
132,209,17,951,134.49,194.968974643633,130.689595181029,66.6131525046942
132,209,18,897,143.71,194.968974643633,130.689595181029,66.6131525046942
132,209,19,995,120.16,194.968974643633,130.689595181029,66.6131525046942
132,209,20,1176,112.58,194.968974643633,130.689595181029,66.6131525046942
132,209,21,1256,110.26,194.968974643633,130.689595181029,66.6131525046942
132,209,22,1271,130.21,194.968974643633,130.689595181029,66.6131525046942
132,209,23,1133,110.9,194.968974643633,130.689595181029,66.6131525046942
132,210,0,745,67.34,140.672743933846,94.2943049853049,48.0622876642136
132,210,1,349,105.13,140.672743933846,94.2943049853049,48.0622876642136
132,210,2,151,62.6,140.672743933846,94.2943049853049,48.0622876642136
132,210,3,78,61.5,140.672743933846,94.2943049853049,48.0622876642136
132,210,4,47,57.87,140.672743933846,94.2943049853049,48.0622876642136
132,210,5,168,61.94,140.672743933846,94.2943049853049,48.0622876642136
132,210,6,345,70.03,140.672743933846,94.2943049853049,48.0622876642136
132,210,7,357,77.26,140.672743933846,94.2943049853049,48.0622876642136
132,210,8,279,72.75,140.672743933846,94.2943049853049,48.0622876642136
132,210,9,368,69.56,140.672743933846,94.2943049853049,48.0622876642136
132,210,10,526,85.52,140.672743933846,94.2943049853049,48.0622876642136
132,210,11,361,69.59,140.672743933846,94.2943049853049,48.0622876642136
132,210,12,522,68.68,140.672743933846,94.2943049853049,48.0622876642136
132,210,13,453,103.76,140.672743933846,94.2943049853049,48.0622876642136
132,210,14,589,75.29,140.672743933846,94.2943049853049,48.0622876642136
132,210,15,690,78.07,140.672743933846,94.2943049853049,48.0622876642136
132,210,16,617,80.01,140.672743933846,94.2943049853049,48.0622876642136
132,210,17,715,79.57,140.672743933846,94.2943049853049,48.0622876642136
132,210,18,643,77.84,140.672743933846,94.2943049853049,48.0622876642136
132,210,19,793,75.7,140.672743933846,94.2943049853049,48.0622876642136
132,210,20,753,71.21,140.672743933846,94.2943049853049,48.0622876642136
132,210,21,725,69.09,140.672743933846,94.2943049853049,48.0622876642136
132,210,22,786,93.34,140.672743933846,94.2943049853049,48.0622876642136
132,210,23,850,68.95,140.672743933846,94.2943049853049,48.0622876642136
132,211,0,1076,106.4,199.724810473843,133.877478076416,68.2380326581857
132,211,1,463,101.22,199.724810473843,133.877478076416,68.2380326581857
132,211,2,130,96.9,199.724810473843,133.877478076416,68.2380326581857
132,211,3,48,87.24,199.724810473843,133.877478076416,68.2380326581857
132,211,4,60,89.02,199.724810473843,133.877478076416,68.2380326581857
132,211,5,266,103.76,199.724810473843,133.877478076416,68.2380326581857
132,211,6,745,123.5,199.724810473843,133.877478076416,68.2380326581857
132,211,7,878,141.55,199.724810473843,133.877478076416,68.2380326581857
132,211,8,753,136.95,199.724810473843,133.877478076416,68.2380326581857
132,211,9,574,130.8,199.724810473843,133.877478076416,68.2380326581857
132,211,10,641,141.36,199.724810473843,133.877478076416,68.2380326581857
132,211,11,758,153.07,199.724810473843,133.877478076416,68.2380326581857
132,211,12,1011,136.99,199.724810473843,133.877478076416,68.2380326581857
132,211,13,1165,144.16,199.724810473843,133.877478076416,68.2380326581857
132,211,14,1707,142.27,199.724810473843,133.877478076416,68.2380326581857
132,211,15,1983,148.29,199.724810473843,133.877478076416,68.2380326581857
132,211,16,1960,143.4,199.724810473843,133.877478076416,68.2380326581857
132,211,17,1647,136.69,199.724810473843,133.877478076416,68.2380326581857
132,211,18,1478,133.54,199.724810473843,133.877478076416,68.2380326581857
132,211,19,1471,121.83,199.724810473843,133.877478076416,68.2380326581857
132,211,20,1742,113.64,199.724810473843,133.877478076416,68.2380326581857
132,211,21,1742,126.81,199.724810473843,133.877478076416,68.2380326581857
132,211,22,1686,127.83,199.724810473843,133.877478076416,68.2380326581857
132,211,23,1544,129,199.724810473843,133.877478076416,68.2380326581857
132,212,0,173,85.79,210.947745565935,141.400320347138,72.0724636911554
132,212,1,121,79.21,210.947745565935,141.400320347138,72.0724636911554
132,212,2,63,72.88,210.947745565935,141.400320347138,72.0724636911554
132,212,3,30,74.95,210.947745565935,141.400320347138,72.0724636911554
132,212,4,18,77.42,210.947745565935,141.400320347138,72.0724636911554
132,212,5,37,78.89,210.947745565935,141.400320347138,72.0724636911554
132,212,6,91,88.55,210.947745565935,141.400320347138,72.0724636911554
132,212,7,90,105.1,210.947745565935,141.400320347138,72.0724636911554
132,212,8,85,96.8,210.947745565935,141.400320347138,72.0724636911554
132,212,9,107,90.95,210.947745565935,141.400320347138,72.0724636911554
132,212,10,165,94.85,210.947745565935,141.400320347138,72.0724636911554
132,212,11,100,94.77,210.947745565935,141.400320347138,72.0724636911554
132,212,12,60,90.45,210.947745565935,141.400320347138,72.0724636911554
132,212,13,74,99.76,210.947745565935,141.400320347138,72.0724636911554
132,212,14,137,103.19,210.947745565935,141.400320347138,72.0724636911554
132,212,15,172,107.11,210.947745565935,141.400320347138,72.0724636911554
132,212,16,132,103.22,210.947745565935,141.400320347138,72.0724636911554
132,212,17,155,100.79,210.947745565935,141.400320347138,72.0724636911554
132,212,18,160,95.79,210.947745565935,141.400320347138,72.0724636911554
132,212,19,133,89.3,210.947745565935,141.400320347138,72.0724636911554
132,212,20,131,82.22,210.947745565935,141.400320347138,72.0724636911554
132,212,21,132,112.25,210.947745565935,141.400320347138,72.0724636911554
132,212,22,139,94.82,210.947745565935,141.400320347138,72.0724636911554
132,212,23,193,87.51,210.947745565935,141.400320347138,72.0724636911554
132,213,0,323,86.68,197.806561604778,132.591657249729,67.5826432317881
132,213,1,247,82.63,197.806561604778,132.591657249729,67.5826432317881
132,213,2,120,77.89,197.806561604778,132.591657249729,67.5826432317881
132,213,3,62,79.03,197.806561604778,132.591657249729,67.5826432317881
132,213,4,46,75.3,197.806561604778,132.591657249729,67.5826432317881
132,213,5,104,85.18,197.806561604778,132.591657249729,67.5826432317881
132,213,6,183,100.34,197.806561604778,132.591657249729,67.5826432317881
132,213,7,173,102.18,197.806561604778,132.591657249729,67.5826432317881
132,213,8,162,101.47,197.806561604778,132.591657249729,67.5826432317881
132,213,9,192,91.34,197.806561604778,132.591657249729,67.5826432317881
132,213,10,300,99.26,197.806561604778,132.591657249729,67.5826432317881
132,213,11,203,97.46,197.806561604778,132.591657249729,67.5826432317881
132,213,12,160,95.01,197.806561604778,132.591657249729,67.5826432317881
132,213,13,183,98.67,197.806561604778,132.591657249729,67.5826432317881
132,213,14,208,99.33,197.806561604778,132.591657249729,67.5826432317881
132,213,15,280,110.1,197.806561604778,132.591657249729,67.5826432317881
132,213,16,271,109.78,197.806561604778,132.591657249729,67.5826432317881
132,213,17,314,101.28,197.806561604778,132.591657249729,67.5826432317881
132,213,18,348,102.02,197.806561604778,132.591657249729,67.5826432317881
132,213,19,342,91.58,197.806561604778,132.591657249729,67.5826432317881
132,213,20,289,88.15,197.806561604778,132.591657249729,67.5826432317881
132,213,21,298,89.41,197.806561604778,132.591657249729,67.5826432317881
132,213,22,312,92.27,197.806561604778,132.591657249729,67.5826432317881
132,213,23,362,148.73,197.806561604778,132.591657249729,67.5826432317881
132,214,0,64,100.84,253.91890298566,170.204304047155,86.7540009343775
132,214,1,30,101.37,253.91890298566,170.204304047155,86.7540009343775
132,214,2,10,93.39,253.91890298566,170.204304047155,86.7540009343775
132,214,3,8,91.76,253.91890298566,170.204304047155,86.7540009343775
132,214,4,4,107.08,253.91890298566,170.204304047155,86.7540009343775
132,214,5,24,105.11,253.91890298566,170.204304047155,86.7540009343775
132,214,6,23,108.33,253.91890298566,170.204304047155,86.7540009343775
132,214,7,41,119.08,253.91890298566,170.204304047155,86.7540009343775
132,214,8,41,110.08,253.91890298566,170.204304047155,86.7540009343775
132,214,9,43,114.36,253.91890298566,170.204304047155,86.7540009343775
132,214,10,54,232.24,253.91890298566,170.204304047155,86.7540009343775
132,214,11,27,120.6,253.91890298566,170.204304047155,86.7540009343775
132,214,12,54,119.2,253.91890298566,170.204304047155,86.7540009343775
132,214,13,48,232.53,253.91890298566,170.204304047155,86.7540009343775
132,214,14,58,132.91,253.91890298566,170.204304047155,86.7540009343775
132,214,15,84,135.16,253.91890298566,170.204304047155,86.7540009343775
132,214,16,83,133.18,253.91890298566,170.204304047155,86.7540009343775
132,214,17,79,130.97,253.91890298566,170.204304047155,86.7540009343775
132,214,18,74,121.26,253.91890298566,170.204304047155,86.7540009343775
132,214,19,101,115.43,253.91890298566,170.204304047155,86.7540009343775
132,214,20,88,119.34,253.91890298566,170.204304047155,86.7540009343775
132,214,21,90,111.42,253.91890298566,170.204304047155,86.7540009343775
132,214,22,87,114.37,253.91890298566,170.204304047155,86.7540009343775
132,214,23,82,113.54,253.91890298566,170.204304047155,86.7540009343775
132,215,0,1424,37.18,57.2340441312509,38.3645350331158,19.5545989670614
132,215,1,889,56.83,57.2340441312509,38.3645350331158,19.5545989670614
132,215,2,591,32.26,57.2340441312509,38.3645350331158,19.5545989670614
132,215,3,283,34.79,57.2340441312509,38.3645350331158,19.5545989670614
132,215,4,460,26.24,57.2340441312509,38.3645350331158,19.5545989670614
132,215,5,376,35.74,57.2340441312509,38.3645350331158,19.5545989670614
132,215,6,891,39.01,57.2340441312509,38.3645350331158,19.5545989670614
132,215,7,768,59.59,57.2340441312509,38.3645350331158,19.5545989670614
132,215,8,560,40.3,57.2340441312509,38.3645350331158,19.5545989670614
132,215,9,744,38.59,57.2340441312509,38.3645350331158,19.5545989670614
132,215,10,852,63.61,57.2340441312509,38.3645350331158,19.5545989670614
132,215,11,688,40.87,57.2340441312509,38.3645350331158,19.5545989670614
132,215,12,827,63.04,57.2340441312509,38.3645350331158,19.5545989670614
132,215,13,858,55.52,57.2340441312509,38.3645350331158,19.5545989670614
132,215,14,1026,51.82,57.2340441312509,38.3645350331158,19.5545989670614
132,215,15,1121,45.69,57.2340441312509,38.3645350331158,19.5545989670614
132,215,16,994,66.81,57.2340441312509,38.3645350331158,19.5545989670614
132,215,17,883,45.26,57.2340441312509,38.3645350331158,19.5545989670614
132,215,18,951,42.47,57.2340441312509,38.3645350331158,19.5545989670614
132,215,19,1094,40.6,57.2340441312509,38.3645350331158,19.5545989670614
132,215,20,950,38.61,57.2340441312509,38.3645350331158,19.5545989670614
132,215,21,978,38.21,57.2340441312509,38.3645350331158,19.5545989670614
132,215,22,1360,37.57,57.2340441312509,38.3645350331158,19.5545989670614
132,215,23,1553,38.22,57.2340441312509,38.3645350331158,19.5545989670614
132,216,0,7853,46.94,49.6892522874128,33.307187864939,16.976843349131
132,216,1,5170,28.99,49.6892522874128,33.307187864939,16.976843349131
132,216,2,2421,26.72,49.6892522874128,33.307187864939,16.976843349131
132,216,3,1152,27.71,49.6892522874128,33.307187864939,16.976843349131
132,216,4,932,28.67,49.6892522874128,33.307187864939,16.976843349131
132,216,5,1546,42.27,49.6892522874128,33.307187864939,16.976843349131
132,216,6,3148,45.53,49.6892522874128,33.307187864939,16.976843349131
132,216,7,2598,42.71,49.6892522874128,33.307187864939,16.976843349131
132,216,8,2299,45.61,49.6892522874128,33.307187864939,16.976843349131
132,216,9,2717,43.13,49.6892522874128,33.307187864939,16.976843349131
132,216,10,3348,36.02,49.6892522874128,33.307187864939,16.976843349131
132,216,11,2998,29.84,49.6892522874128,33.307187864939,16.976843349131
132,216,12,3218,30.49,49.6892522874128,33.307187864939,16.976843349131
132,216,13,4072,32.45,49.6892522874128,33.307187864939,16.976843349131
132,216,14,4792,31.76,49.6892522874128,33.307187864939,16.976843349131
132,216,15,4897,41.91,49.6892522874128,33.307187864939,16.976843349131
132,216,16,4738,33.69,49.6892522874128,33.307187864939,16.976843349131
132,216,17,4839,40.27,49.6892522874128,33.307187864939,16.976843349131
132,216,18,4748,33.5,49.6892522874128,33.307187864939,16.976843349131
132,216,19,5164,32.95,49.6892522874128,33.307187864939,16.976843349131
132,216,20,5904,43.11,49.6892522874128,33.307187864939,16.976843349131
132,216,21,6319,31.22,49.6892522874128,33.307187864939,16.976843349131
132,216,22,7859,36.34,49.6892522874128,33.307187864939,16.976843349131
132,216,23,8701,43.38,49.6892522874128,33.307187864939,16.976843349131
132,217,0,236,86.93,159.505587649199,106.918142833177,54.4967221315482
132,217,1,135,84.5,159.505587649199,106.918142833177,54.4967221315482
132,217,2,53,83.53,159.505587649199,106.918142833177,54.4967221315482
132,217,3,27,74.04,159.505587649199,106.918142833177,54.4967221315482
132,217,4,29,79.86,159.505587649199,106.918142833177,54.4967221315482
132,217,5,156,90.08,159.505587649199,106.918142833177,54.4967221315482
132,217,6,384,133.09,159.505587649199,106.918142833177,54.4967221315482
132,217,7,221,148.66,159.505587649199,106.918142833177,54.4967221315482
132,217,8,116,152.95,159.505587649199,106.918142833177,54.4967221315482
132,217,9,81,102.22,159.505587649199,106.918142833177,54.4967221315482
132,217,10,111,100.94,159.505587649199,106.918142833177,54.4967221315482
132,217,11,72,104.65,159.505587649199,106.918142833177,54.4967221315482
132,217,12,118,108.43,159.505587649199,106.918142833177,54.4967221315482
132,217,13,190,112.25,159.505587649199,106.918142833177,54.4967221315482
132,217,14,176,163.43,159.505587649199,106.918142833177,54.4967221315482
132,217,15,228,131.43,159.505587649199,106.918142833177,54.4967221315482
132,217,16,277,118.04,159.505587649199,106.918142833177,54.4967221315482
132,217,17,238,163.48,159.505587649199,106.918142833177,54.4967221315482
132,217,18,217,111.43,159.505587649199,106.918142833177,54.4967221315482
132,217,19,257,98.92,159.505587649199,106.918142833177,54.4967221315482
132,217,20,317,100.11,159.505587649199,106.918142833177,54.4967221315482
132,217,21,351,130.21,159.505587649199,106.918142833177,54.4967221315482
132,217,22,352,94.37,159.505587649199,106.918142833177,54.4967221315482
132,217,23,320,97.57,159.505587649199,106.918142833177,54.4967221315482
132,218,0,2271,27.64,32.8770852811045,22.0378292185886,11.2327938316496
132,218,1,1735,54.37,32.8770852811045,22.0378292185886,11.2327938316496
132,218,2,701,25.41,32.8770852811045,22.0378292185886,11.2327938316496
132,218,3,330,29.65,32.8770852811045,22.0378292185886,11.2327938316496
132,218,4,399,41.12,32.8770852811045,22.0378292185886,11.2327938316496
132,218,5,423,25.88,32.8770852811045,22.0378292185886,11.2327938316496
132,218,6,866,29.26,32.8770852811045,22.0378292185886,11.2327938316496
132,218,7,965,27.08,32.8770852811045,22.0378292185886,11.2327938316496
132,218,8,906,28.25,32.8770852811045,22.0378292185886,11.2327938316496
132,218,9,1014,51.73,32.8770852811045,22.0378292185886,11.2327938316496
132,218,10,1327,26.78,32.8770852811045,22.0378292185886,11.2327938316496
132,218,11,1097,28.89,32.8770852811045,22.0378292185886,11.2327938316496
132,218,12,1430,29.15,32.8770852811045,22.0378292185886,11.2327938316496
132,218,13,1192,28.09,32.8770852811045,22.0378292185886,11.2327938316496
132,218,14,1741,29.72,32.8770852811045,22.0378292185886,11.2327938316496
132,218,15,1764,50.78,32.8770852811045,22.0378292185886,11.2327938316496
132,218,16,1422,32.47,32.8770852811045,22.0378292185886,11.2327938316496
132,218,17,1667,36.35,32.8770852811045,22.0378292185886,11.2327938316496
132,218,18,1753,29.91,32.8770852811045,22.0378292185886,11.2327938316496
132,218,19,1764,45.2,32.8770852811045,22.0378292185886,11.2327938316496
132,218,20,1834,44.96,32.8770852811045,22.0378292185886,11.2327938316496
132,218,21,1845,28.13,32.8770852811045,22.0378292185886,11.2327938316496
132,218,22,2373,40.82,32.8770852811045,22.0378292185886,11.2327938316496
132,218,23,2705,41.29,32.8770852811045,22.0378292185886,11.2327938316496
132,219,0,2833,41.45,24.6811749017734,16.5440309792914,8.43257687912628
132,219,1,1856,27.69,24.6811749017734,16.5440309792914,8.43257687912628
132,219,2,816,27.16,24.6811749017734,16.5440309792914,8.43257687912628
132,219,3,463,27.32,24.6811749017734,16.5440309792914,8.43257687912628
132,219,4,413,24.38,24.6811749017734,16.5440309792914,8.43257687912628
132,219,5,584,26.74,24.6811749017734,16.5440309792914,8.43257687912628
132,219,6,1179,41.99,24.6811749017734,16.5440309792914,8.43257687912628
132,219,7,1073,50.03,24.6811749017734,16.5440309792914,8.43257687912628
132,219,8,1118,30.01,24.6811749017734,16.5440309792914,8.43257687912628
132,219,9,1269,27.87,24.6811749017734,16.5440309792914,8.43257687912628
132,219,10,1539,38.59,24.6811749017734,16.5440309792914,8.43257687912628
132,219,11,1332,28.31,24.6811749017734,16.5440309792914,8.43257687912628
132,219,12,1542,53.74,24.6811749017734,16.5440309792914,8.43257687912628
132,219,13,1517,31.05,24.6811749017734,16.5440309792914,8.43257687912628
132,219,14,1781,46.34,24.6811749017734,16.5440309792914,8.43257687912628
132,219,15,2148,36.36,24.6811749017734,16.5440309792914,8.43257687912628
132,219,16,1905,33.53,24.6811749017734,16.5440309792914,8.43257687912628
132,219,17,2255,38.82,24.6811749017734,16.5440309792914,8.43257687912628
132,219,18,2184,44.54,24.6811749017734,16.5440309792914,8.43257687912628
132,219,19,2442,41.92,24.6811749017734,16.5440309792914,8.43257687912628
132,219,20,2603,41.15,24.6811749017734,16.5440309792914,8.43257687912628
132,219,21,2694,28.58,24.6811749017734,16.5440309792914,8.43257687912628
132,219,22,3573,28.33,24.6811749017734,16.5440309792914,8.43257687912628
132,219,23,3291,29.96,24.6811749017734,16.5440309792914,8.43257687912628
132,220,0,431,109.23,276.734037294983,185.497509914069,94.549025880987
132,220,1,223,106.64,276.734037294983,185.497509914069,94.549025880987
132,220,2,81,102.09,276.734037294983,185.497509914069,94.549025880987
132,220,3,41,245.26,276.734037294983,185.497509914069,94.549025880987
132,220,4,41,100.52,276.734037294983,185.497509914069,94.549025880987
132,220,5,125,102.45,276.734037294983,185.497509914069,94.549025880987
132,220,6,300,120.23,276.734037294983,185.497509914069,94.549025880987
132,220,7,252,132.23,276.734037294983,185.497509914069,94.549025880987
132,220,8,196,127.53,276.734037294983,185.497509914069,94.549025880987
132,220,9,180,126.34,276.734037294983,185.497509914069,94.549025880987
132,220,10,215,124.17,276.734037294983,185.497509914069,94.549025880987
132,220,11,148,125.65,276.734037294983,185.497509914069,94.549025880987
132,220,12,162,131.36,276.734037294983,185.497509914069,94.549025880987
132,220,13,215,137.12,276.734037294983,185.497509914069,94.549025880987
132,220,14,302,146.39,276.734037294983,185.497509914069,94.549025880987
132,220,15,353,152.54,276.734037294983,185.497509914069,94.549025880987
132,220,16,356,154.44,276.734037294983,185.497509914069,94.549025880987
132,220,17,312,139.28,276.734037294983,185.497509914069,94.549025880987
132,220,18,385,129.54,276.734037294983,185.497509914069,94.549025880987
132,220,19,460,121.82,276.734037294983,185.497509914069,94.549025880987
132,220,20,451,114.42,276.734037294983,185.497509914069,94.549025880987
132,220,21,456,112.26,276.734037294983,185.497509914069,94.549025880987
132,220,22,501,118.23,276.734037294983,185.497509914069,94.549025880987
132,220,23,556,117.37,276.734037294983,185.497509914069,94.549025880987
132,221,0,96,100.11,238.902518861285,160.138676088222,81.6234990810729
132,221,1,51,97.97,238.902518861285,160.138676088222,81.6234990810729
132,221,2,29,97.47,238.902518861285,160.138676088222,81.6234990810729
132,221,3,6,87.5,238.902518861285,160.138676088222,81.6234990810729
132,221,4,10,93.02,238.902518861285,160.138676088222,81.6234990810729
132,221,5,12,96.41,238.902518861285,160.138676088222,81.6234990810729
132,221,6,44,104.11,238.902518861285,160.138676088222,81.6234990810729
132,221,7,48,125.15,238.902518861285,160.138676088222,81.6234990810729
132,221,8,46,117.09,238.902518861285,160.138676088222,81.6234990810729
132,221,9,49,106.8,238.902518861285,160.138676088222,81.6234990810729
132,221,10,55,116.99,238.902518861285,160.138676088222,81.6234990810729
132,221,11,41,121.4,238.902518861285,160.138676088222,81.6234990810729
132,221,12,49,110.58,238.902518861285,160.138676088222,81.6234990810729
132,221,13,62,123.65,238.902518861285,160.138676088222,81.6234990810729
132,221,14,88,129.75,238.902518861285,160.138676088222,81.6234990810729
132,221,15,108,149.95,238.902518861285,160.138676088222,81.6234990810729
132,221,16,95,135.43,238.902518861285,160.138676088222,81.6234990810729
132,221,17,81,129.89,238.902518861285,160.138676088222,81.6234990810729
132,221,18,85,125.5,238.902518861285,160.138676088222,81.6234990810729
132,221,19,107,115.28,238.902518861285,160.138676088222,81.6234990810729
132,221,20,116,105.04,238.902518861285,160.138676088222,81.6234990810729
132,221,21,131,100.07,238.902518861285,160.138676088222,81.6234990810729
132,221,22,120,103.29,238.902518861285,160.138676088222,81.6234990810729
132,221,23,133,100.32,238.902518861285,160.138676088222,81.6234990810729
132,222,0,406,37.55,84.1232090102081,56.3886031147686,28.7415582977947
132,222,1,278,84.13,84.1232090102081,56.3886031147686,28.7415582977947
132,222,2,164,33.61,84.1232090102081,56.3886031147686,28.7415582977947
132,222,3,49,36.81,84.1232090102081,56.3886031147686,28.7415582977947
132,222,4,58,33.21,84.1232090102081,56.3886031147686,28.7415582977947
132,222,5,82,39.36,84.1232090102081,56.3886031147686,28.7415582977947
132,222,6,163,43.51,84.1232090102081,56.3886031147686,28.7415582977947
132,222,7,148,46.13,84.1232090102081,56.3886031147686,28.7415582977947
132,222,8,154,45.38,84.1232090102081,56.3886031147686,28.7415582977947
132,222,9,237,46.34,84.1232090102081,56.3886031147686,28.7415582977947
132,222,10,251,49.87,84.1232090102081,56.3886031147686,28.7415582977947
132,222,11,217,43.85,84.1232090102081,56.3886031147686,28.7415582977947
132,222,12,323,41.7,84.1232090102081,56.3886031147686,28.7415582977947
132,222,13,394,37.72,84.1232090102081,56.3886031147686,28.7415582977947
132,222,14,330,44.09,84.1232090102081,56.3886031147686,28.7415582977947
132,222,15,377,46.56,84.1232090102081,56.3886031147686,28.7415582977947
132,222,16,318,49.05,84.1232090102081,56.3886031147686,28.7415582977947
132,222,17,338,49.08,84.1232090102081,56.3886031147686,28.7415582977947
132,222,18,273,50.23,84.1232090102081,56.3886031147686,28.7415582977947
132,222,19,299,47.24,84.1232090102081,56.3886031147686,28.7415582977947
132,222,20,433,40.93,84.1232090102081,56.3886031147686,28.7415582977947
132,222,21,380,40.31,84.1232090102081,56.3886031147686,28.7415582977947
132,222,22,425,41.16,84.1232090102081,56.3886031147686,28.7415582977947
132,222,23,462,40.63,84.1232090102081,56.3886031147686,28.7415582977947
132,223,0,1202,74.58,176.803122819747,118.512848468781,60.4066026670392
132,223,1,668,70.74,176.803122819747,118.512848468781,60.4066026670392
132,223,2,204,67.07,176.803122819747,118.512848468781,60.4066026670392
132,223,3,136,66.82,176.803122819747,118.512848468781,60.4066026670392
132,223,4,113,63.22,176.803122819747,118.512848468781,60.4066026670392
132,223,5,337,66.33,176.803122819747,118.512848468781,60.4066026670392
132,223,6,800,94.29,176.803122819747,118.512848468781,60.4066026670392
132,223,7,875,114.32,176.803122819747,118.512848468781,60.4066026670392
132,223,8,624,83.48,176.803122819747,118.512848468781,60.4066026670392
132,223,9,544,77.55,176.803122819747,118.512848468781,60.4066026670392
132,223,10,554,78.77,176.803122819747,118.512848468781,60.4066026670392
132,223,11,458,98.15,176.803122819747,118.512848468781,60.4066026670392
132,223,12,609,80.6,176.803122819747,118.512848468781,60.4066026670392
132,223,13,783,92.83,176.803122819747,118.512848468781,60.4066026670392
132,223,14,1050,84.57,176.803122819747,118.512848468781,60.4066026670392
132,223,15,1191,86.86,176.803122819747,118.512848468781,60.4066026670392
132,223,16,1276,87.63,176.803122819747,118.512848468781,60.4066026670392
132,223,17,1146,83.81,176.803122819747,118.512848468781,60.4066026670392
132,223,18,1087,82.4,176.803122819747,118.512848468781,60.4066026670392
132,223,19,1296,77.22,176.803122819747,118.512848468781,60.4066026670392
132,223,20,1584,77.69,176.803122819747,118.512848468781,60.4066026670392
132,223,21,1509,72.77,176.803122819747,118.512848468781,60.4066026670392
132,223,22,1593,101.6,176.803122819747,118.512848468781,60.4066026670392
132,223,23,1545,81.91,176.803122819747,118.512848468781,60.4066026670392
132,224,0,1186,93.31,186.104004995616,124.747320023102,63.5843445818325
132,224,1,557,89.02,186.104004995616,124.747320023102,63.5843445818325
132,224,2,149,85.62,186.104004995616,124.747320023102,63.5843445818325
132,224,3,82,83.71,186.104004995616,124.747320023102,63.5843445818325
132,224,4,61,75.55,186.104004995616,124.747320023102,63.5843445818325
132,224,5,264,89.18,186.104004995616,124.747320023102,63.5843445818325
132,224,6,778,106.16,186.104004995616,124.747320023102,63.5843445818325
132,224,7,799,116.92,186.104004995616,124.747320023102,63.5843445818325
132,224,8,670,113.23,186.104004995616,124.747320023102,63.5843445818325
132,224,9,526,107.95,186.104004995616,124.747320023102,63.5843445818325
132,224,10,463,107.81,186.104004995616,124.747320023102,63.5843445818325
132,224,11,452,105.68,186.104004995616,124.747320023102,63.5843445818325
132,224,12,567,107.41,186.104004995616,124.747320023102,63.5843445818325
132,224,13,650,113.05,186.104004995616,124.747320023102,63.5843445818325
132,224,14,809,116.21,186.104004995616,124.747320023102,63.5843445818325
132,224,15,992,118.75,186.104004995616,124.747320023102,63.5843445818325
132,224,16,1030,117.88,186.104004995616,124.747320023102,63.5843445818325
132,224,17,975,116.55,186.104004995616,124.747320023102,63.5843445818325
132,224,18,879,107.83,186.104004995616,124.747320023102,63.5843445818325
132,224,19,1184,99.74,186.104004995616,124.747320023102,63.5843445818325
132,224,20,1343,96.17,186.104004995616,124.747320023102,63.5843445818325
132,224,21,1496,93.7,186.104004995616,124.747320023102,63.5843445818325
132,224,22,1560,98.7,186.104004995616,124.747320023102,63.5843445818325
132,224,23,1561,99.45,186.104004995616,124.747320023102,63.5843445818325
132,225,0,3147,81.78,133.20569517699,89.2890697625508,45.5110937703665
132,225,1,1579,67.93,133.20569517699,89.2890697625508,45.5110937703665
132,225,2,534,65.98,133.20569517699,89.2890697625508,45.5110937703665
132,225,3,221,64.41,133.20569517699,89.2890697625508,45.5110937703665
132,225,4,189,62.22,133.20569517699,89.2890697625508,45.5110937703665
132,225,5,629,66.6,133.20569517699,89.2890697625508,45.5110937703665
132,225,6,1608,76.42,133.20569517699,89.2890697625508,45.5110937703665
132,225,7,1636,92.1,133.20569517699,89.2890697625508,45.5110937703665
132,225,8,1468,104.46,133.20569517699,89.2890697625508,45.5110937703665
132,225,9,1231,71.34,133.20569517699,89.2890697625508,45.5110937703665
132,225,10,1278,74.39,133.20569517699,89.2890697625508,45.5110937703665
132,225,11,1069,74.96,133.20569517699,89.2890697625508,45.5110937703665
132,225,12,1303,75.7,133.20569517699,89.2890697625508,45.5110937703665
132,225,13,1396,79.56,133.20569517699,89.2890697625508,45.5110937703665
132,225,14,1917,83.41,133.20569517699,89.2890697625508,45.5110937703665
132,225,15,2411,90.25,133.20569517699,89.2890697625508,45.5110937703665
132,225,16,2365,85.93,133.20569517699,89.2890697625508,45.5110937703665
132,225,17,2076,105.67,133.20569517699,89.2890697625508,45.5110937703665
132,225,18,2075,83.32,133.20569517699,89.2890697625508,45.5110937703665
132,225,19,2343,79.68,133.20569517699,89.2890697625508,45.5110937703665
132,225,20,2662,76.3,133.20569517699,89.2890697625508,45.5110937703665
132,225,21,3060,86.2,133.20569517699,89.2890697625508,45.5110937703665
132,225,22,3550,86.64,133.20569517699,89.2890697625508,45.5110937703665
132,225,23,3534,73.73,133.20569517699,89.2890697625508,45.5110937703665
132,226,0,1340,110.8,155.884968852714,104.491206928722,53.259700536228
132,226,1,739,72.33,155.884968852714,104.491206928722,53.259700536228
132,226,2,218,66.65,155.884968852714,104.491206928722,53.259700536228
132,226,3,168,67.9,155.884968852714,104.491206928722,53.259700536228
132,226,4,145,65.43,155.884968852714,104.491206928722,53.259700536228
132,226,5,356,74.77,155.884968852714,104.491206928722,53.259700536228
132,226,6,832,121.28,155.884968852714,104.491206928722,53.259700536228
132,226,7,821,99.59,155.884968852714,104.491206928722,53.259700536228
132,226,8,725,103.45,155.884968852714,104.491206928722,53.259700536228
132,226,9,596,82.62,155.884968852714,104.491206928722,53.259700536228
132,226,10,629,85.83,155.884968852714,104.491206928722,53.259700536228
132,226,11,572,103.98,155.884968852714,104.491206928722,53.259700536228
132,226,12,652,88.86,155.884968852714,104.491206928722,53.259700536228
132,226,13,775,104.4,155.884968852714,104.491206928722,53.259700536228
132,226,14,978,93.94,155.884968852714,104.491206928722,53.259700536228
132,226,15,1114,99.29,155.884968852714,104.491206928722,53.259700536228
132,226,16,1162,112.72,155.884968852714,104.491206928722,53.259700536228
132,226,17,1018,91.77,155.884968852714,104.491206928722,53.259700536228
132,226,18,866,89.88,155.884968852714,104.491206928722,53.259700536228
132,226,19,1154,87.13,155.884968852714,104.491206928722,53.259700536228
132,226,20,1453,79.76,155.884968852714,104.491206928722,53.259700536228
132,226,21,1451,77.82,155.884968852714,104.491206928722,53.259700536228
132,226,22,1670,96.26,155.884968852714,104.491206928722,53.259700536228
132,226,23,1720,83.46,155.884968852714,104.491206928722,53.259700536228
132,227,0,420,99.59,182.149674881643,122.096694185058,62.2333070877004
132,227,1,198,100.57,182.149674881643,122.096694185058,62.2333070877004
132,227,2,86,97.81,182.149674881643,122.096694185058,62.2333070877004
132,227,3,42,91.75,182.149674881643,122.096694185058,62.2333070877004
132,227,4,27,99.06,182.149674881643,122.096694185058,62.2333070877004
132,227,5,93,163.47,182.149674881643,122.096694185058,62.2333070877004
132,227,6,205,108.81,182.149674881643,122.096694185058,62.2333070877004
132,227,7,273,150.33,182.149674881643,122.096694185058,62.2333070877004
132,227,8,215,119.23,182.149674881643,122.096694185058,62.2333070877004
132,227,9,199,110.66,182.149674881643,122.096694185058,62.2333070877004
132,227,10,240,116.48,182.149674881643,122.096694185058,62.2333070877004
132,227,11,191,142.4,182.149674881643,122.096694185058,62.2333070877004
132,227,12,189,117.07,182.149674881643,122.096694185058,62.2333070877004
132,227,13,233,116.91,182.149674881643,122.096694185058,62.2333070877004
132,227,14,315,125.64,182.149674881643,122.096694185058,62.2333070877004
132,227,15,402,139.95,182.149674881643,122.096694185058,62.2333070877004
132,227,16,371,138.85,182.149674881643,122.096694185058,62.2333070877004
132,227,17,320,129.96,182.149674881643,122.096694185058,62.2333070877004
132,227,18,318,123.41,182.149674881643,122.096694185058,62.2333070877004
132,227,19,338,113.7,182.149674881643,122.096694185058,62.2333070877004
132,227,20,421,111,182.149674881643,122.096694185058,62.2333070877004
132,227,21,517,107.34,182.149674881643,122.096694185058,62.2333070877004
132,227,22,550,107.42,182.149674881643,122.096694185058,62.2333070877004
132,227,23,572,134.1,182.149674881643,122.096694185058,62.2333070877004
132,228,0,771,99.57,187.822207642964,125.899047926638,64.1713861621196
132,228,1,383,98.66,187.822207642964,125.899047926638,64.1713861621196
132,228,2,158,95.71,187.822207642964,125.899047926638,64.1713861621196
132,228,3,52,91.46,187.822207642964,125.899047926638,64.1713861621196
132,228,4,38,89,187.822207642964,125.899047926638,64.1713861621196
132,228,5,163,97.23,187.822207642964,125.899047926638,64.1713861621196
132,228,6,385,108.13,187.822207642964,125.899047926638,64.1713861621196
132,228,7,465,123.62,187.822207642964,125.899047926638,64.1713861621196
132,228,8,433,114.43,187.822207642964,125.899047926638,64.1713861621196
132,228,9,438,111.95,187.822207642964,125.899047926638,64.1713861621196
132,228,10,462,128.23,187.822207642964,125.899047926638,64.1713861621196
132,228,11,399,115.08,187.822207642964,125.899047926638,64.1713861621196
132,228,12,447,115.23,187.822207642964,125.899047926638,64.1713861621196
132,228,13,494,128.24,187.822207642964,125.899047926638,64.1713861621196
132,228,14,655,125.7,187.822207642964,125.899047926638,64.1713861621196
132,228,15,720,129.87,187.822207642964,125.899047926638,64.1713861621196
132,228,16,729,131.02,187.822207642964,125.899047926638,64.1713861621196
132,228,17,649,155.62,187.822207642964,125.899047926638,64.1713861621196
132,228,18,678,143.2,187.822207642964,125.899047926638,64.1713861621196
132,228,19,731,114.4,187.822207642964,125.899047926638,64.1713861621196
132,228,20,821,108.26,187.822207642964,125.899047926638,64.1713861621196
132,228,21,885,105.88,187.822207642964,125.899047926638,64.1713861621196
132,228,22,1099,103.29,187.822207642964,125.899047926638,64.1713861621196
132,228,23,1022,103.2,187.822207642964,125.899047926638,64.1713861621196
132,229,0,2241,106.35,193.740311586174,129.866010413829,66.1933671528298
132,229,1,1080,110.08,193.740311586174,129.866010413829,66.1933671528298
132,229,2,303,84.87,193.740311586174,129.866010413829,66.1933671528298
132,229,3,139,80.03,193.740311586174,129.866010413829,66.1933671528298
132,229,4,114,78.19,193.740311586174,129.866010413829,66.1933671528298
132,229,5,538,89.82,193.740311586174,129.866010413829,66.1933671528298
132,229,6,1397,115.28,193.740311586174,129.866010413829,66.1933671528298
132,229,7,1525,131.28,193.740311586174,129.866010413829,66.1933671528298
132,229,8,1224,117.04,193.740311586174,129.866010413829,66.1933671528298
132,229,9,987,128.27,193.740311586174,129.866010413829,66.1933671528298
132,229,10,1030,112.43,193.740311586174,129.866010413829,66.1933671528298
132,229,11,1147,123.58,193.740311586174,129.866010413829,66.1933671528298
132,229,12,1388,126.23,193.740311586174,129.866010413829,66.1933671528298
132,229,13,1732,114.72,193.740311586174,129.866010413829,66.1933671528298
132,229,14,2194,123.03,193.740311586174,129.866010413829,66.1933671528298
132,229,15,2607,123.75,193.740311586174,129.866010413829,66.1933671528298
132,229,16,2661,133.15,193.740311586174,129.866010413829,66.1933671528298
132,229,17,2554,127.23,193.740311586174,129.866010413829,66.1933671528298
132,229,18,2274,111.48,193.740311586174,129.866010413829,66.1933671528298
132,229,19,2857,104.14,193.740311586174,129.866010413829,66.1933671528298
132,229,20,3244,118.27,193.740311586174,129.866010413829,66.1933671528298
132,229,21,3217,105.84,193.740311586174,129.866010413829,66.1933671528298
132,229,22,3354,99.23,193.740311586174,129.866010413829,66.1933671528298
132,229,23,3091,110.05,193.740311586174,129.866010413829,66.1933671528298
132,230,0,6199,113.9,207.794086675658,139.286392197992,70.9949837434364
132,230,1,2740,110.85,207.794086675658,139.286392197992,70.9949837434364
132,230,2,872,117.1,207.794086675658,139.286392197992,70.9949837434364
132,230,3,399,89.69,207.794086675658,139.286392197992,70.9949837434364
132,230,4,344,89.56,207.794086675658,139.286392197992,70.9949837434364
132,230,5,1163,97.93,207.794086675658,139.286392197992,70.9949837434364
132,230,6,4385,117.89,207.794086675658,139.286392197992,70.9949837434364
132,230,7,6222,149.2,207.794086675658,139.286392197992,70.9949837434364
132,230,8,5694,144.03,207.794086675658,139.286392197992,70.9949837434364
132,230,9,5992,145.85,207.794086675658,139.286392197992,70.9949837434364
132,230,10,6871,140.11,207.794086675658,139.286392197992,70.9949837434364
132,230,11,7494,141.25,207.794086675658,139.286392197992,70.9949837434364
132,230,12,9093,142.17,207.794086675658,139.286392197992,70.9949837434364
132,230,13,10680,143.1,207.794086675658,139.286392197992,70.9949837434364
132,230,14,13500,141.62,207.794086675658,139.286392197992,70.9949837434364
132,230,15,16387,146.65,207.794086675658,139.286392197992,70.9949837434364
132,230,16,16097,144.26,207.794086675658,139.286392197992,70.9949837434364
132,230,17,13962,137.71,207.794086675658,139.286392197992,70.9949837434364
132,230,18,10818,133.84,207.794086675658,139.286392197992,70.9949837434364
132,230,19,10197,126.78,207.794086675658,139.286392197992,70.9949837434364
132,230,20,10211,118.22,207.794086675658,139.286392197992,70.9949837434364
132,230,21,9993,120.25,207.794086675658,139.286392197992,70.9949837434364
132,230,22,9732,123.63,207.794086675658,139.286392197992,70.9949837434364
132,230,23,8620,117.52,207.794086675658,139.286392197992,70.9949837434364
132,231,0,2371,111.05,201.635304615256,135.158100833926,68.8907726022404
132,231,1,988,107.05,201.635304615256,135.158100833926,68.8907726022404
132,231,2,260,98.97,201.635304615256,135.158100833926,68.8907726022404
132,231,3,129,94.05,201.635304615256,135.158100833926,68.8907726022404
132,231,4,117,93.31,201.635304615256,135.158100833926,68.8907726022404
132,231,5,671,107.05,201.635304615256,135.158100833926,68.8907726022404
132,231,6,1546,135.01,201.635304615256,135.158100833926,68.8907726022404
132,231,7,1701,169.47,201.635304615256,135.158100833926,68.8907726022404
132,231,8,1395,170.54,201.635304615256,135.158100833926,68.8907726022404
132,231,9,1169,138.47,201.635304615256,135.158100833926,68.8907726022404
132,231,10,1261,146.04,201.635304615256,135.158100833926,68.8907726022404
132,231,11,1476,129.37,201.635304615256,135.158100833926,68.8907726022404
132,231,12,1935,137.29,201.635304615256,135.158100833926,68.8907726022404
132,231,13,2274,139.57,201.635304615256,135.158100833926,68.8907726022404
132,231,14,2918,145.88,201.635304615256,135.158100833926,68.8907726022404
132,231,15,3415,149.59,201.635304615256,135.158100833926,68.8907726022404
132,231,16,3562,146.65,201.635304615256,135.158100833926,68.8907726022404
132,231,17,3047,149.27,201.635304615256,135.158100833926,68.8907726022404
132,231,18,2913,140.48,201.635304615256,135.158100833926,68.8907726022404
132,231,19,3254,123.9,201.635304615256,135.158100833926,68.8907726022404
132,231,20,3517,117.68,201.635304615256,135.158100833926,68.8907726022404
132,231,21,3755,123.98,201.635304615256,135.158100833926,68.8907726022404
132,231,22,3765,129.08,201.635304615256,135.158100833926,68.8907726022404
132,231,23,3142,124.95,201.635304615256,135.158100833926,68.8907726022404
132,232,0,1347,94.91,182.126498639323,122.081158924989,62.2253886864937
132,232,1,664,90.32,182.126498639323,122.081158924989,62.2253886864937
132,232,2,201,86.08,182.126498639323,122.081158924989,62.2253886864937
132,232,3,87,79.43,182.126498639323,122.081158924989,62.2253886864937
132,232,4,92,81.54,182.126498639323,122.081158924989,62.2253886864937
132,232,5,336,92.12,182.126498639323,122.081158924989,62.2253886864937
132,232,6,862,111.31,182.126498639323,122.081158924989,62.2253886864937
132,232,7,786,126.1,182.126498639323,122.081158924989,62.2253886864937
132,232,8,650,121.56,182.126498639323,122.081158924989,62.2253886864937
132,232,9,569,114.19,182.126498639323,122.081158924989,62.2253886864937
132,232,10,500,113.33,182.126498639323,122.081158924989,62.2253886864937
132,232,11,466,115.43,182.126498639323,122.081158924989,62.2253886864937
132,232,12,635,112.27,182.126498639323,122.081158924989,62.2253886864937
132,232,13,742,117.98,182.126498639323,122.081158924989,62.2253886864937
132,232,14,985,135.45,182.126498639323,122.081158924989,62.2253886864937
132,232,15,1153,126.54,182.126498639323,122.081158924989,62.2253886864937
132,232,16,1246,124.41,182.126498639323,122.081158924989,62.2253886864937
132,232,17,1098,139.23,182.126498639323,122.081158924989,62.2253886864937
132,232,18,1065,113.82,182.126498639323,122.081158924989,62.2253886864937
132,232,19,1279,123.66,182.126498639323,122.081158924989,62.2253886864937
132,232,20,1453,117.4,182.126498639323,122.081158924989,62.2253886864937
132,232,21,1724,99.9,182.126498639323,122.081158924989,62.2253886864937
132,232,22,1789,124.43,182.126498639323,122.081158924989,62.2253886864937
132,232,23,1843,101.54,182.126498639323,122.081158924989,62.2253886864937
132,233,0,2486,90.89,192.666444999369,129.146187222654,65.8264696049133
132,233,1,1053,89.51,192.666444999369,129.146187222654,65.8264696049133
132,233,2,337,82.72,192.666444999369,129.146187222654,65.8264696049133
132,233,3,173,77.75,192.666444999369,129.146187222654,65.8264696049133
132,233,4,129,79.29,192.666444999369,129.146187222654,65.8264696049133
132,233,5,544,86.34,192.666444999369,129.146187222654,65.8264696049133
132,233,6,1593,102.9,192.666444999369,129.146187222654,65.8264696049133
132,233,7,1868,136.48,192.666444999369,129.146187222654,65.8264696049133
132,233,8,1678,118.89,192.666444999369,129.146187222654,65.8264696049133
132,233,9,1585,104.73,192.666444999369,129.146187222654,65.8264696049133
132,233,10,1713,119.16,192.666444999369,129.146187222654,65.8264696049133
132,233,11,1758,106.99,192.666444999369,129.146187222654,65.8264696049133
132,233,12,2022,104.92,192.666444999369,129.146187222654,65.8264696049133
132,233,13,2341,112.85,192.666444999369,129.146187222654,65.8264696049133
132,233,14,2960,117.11,192.666444999369,129.146187222654,65.8264696049133
132,233,15,3592,127.81,192.666444999369,129.146187222654,65.8264696049133
132,233,16,3651,122.24,192.666444999369,129.146187222654,65.8264696049133
132,233,17,3064,114.02,192.666444999369,129.146187222654,65.8264696049133
132,233,18,2670,107.64,192.666444999369,129.146187222654,65.8264696049133
132,233,19,3045,108.83,192.666444999369,129.146187222654,65.8264696049133
132,233,20,3319,107.51,192.666444999369,129.146187222654,65.8264696049133
132,233,21,3441,91.28,192.666444999369,129.146187222654,65.8264696049133
132,233,22,3558,104.84,192.666444999369,129.146187222654,65.8264696049133
132,233,23,3403,111.33,192.666444999369,129.146187222654,65.8264696049133
132,234,0,2005,101.04,200.298774117957,134.262211475333,68.4341332317638
132,234,1,799,96.4,200.298774117957,134.262211475333,68.4341332317638
132,234,2,228,138.14,200.298774117957,134.262211475333,68.4341332317638
132,234,3,91,86,200.298774117957,134.262211475333,68.4341332317638
132,234,4,109,82.74,200.298774117957,134.262211475333,68.4341332317638
132,234,5,514,93.05,200.298774117957,134.262211475333,68.4341332317638
132,234,6,1438,111.41,200.298774117957,134.262211475333,68.4341332317638
132,234,7,1518,147.88,200.298774117957,134.262211475333,68.4341332317638
132,234,8,1391,123.63,200.298774117957,134.262211475333,68.4341332317638
132,234,9,1191,121.26,200.298774117957,134.262211475333,68.4341332317638
132,234,10,1333,122.61,200.298774117957,134.262211475333,68.4341332317638
132,234,11,1456,130.73,200.298774117957,134.262211475333,68.4341332317638
132,234,12,1788,115.48,200.298774117957,134.262211475333,68.4341332317638
132,234,13,2092,123.49,200.298774117957,134.262211475333,68.4341332317638
132,234,14,2645,134.24,200.298774117957,134.262211475333,68.4341332317638
132,234,15,3042,135.57,200.298774117957,134.262211475333,68.4341332317638
132,234,16,3117,127.18,200.298774117957,134.262211475333,68.4341332317638
132,234,17,2740,122.16,200.298774117957,134.262211475333,68.4341332317638
132,234,18,2532,116.7,200.298774117957,134.262211475333,68.4341332317638
132,234,19,2732,108.46,200.298774117957,134.262211475333,68.4341332317638
132,234,20,3007,104.22,200.298774117957,134.262211475333,68.4341332317638
132,234,21,3130,101.98,200.298774117957,134.262211475333,68.4341332317638
132,234,22,3156,120.6,200.298774117957,134.262211475333,68.4341332317638
132,234,23,2838,117.24,200.298774117957,134.262211475333,68.4341332317638
132,235,0,289,95.57,249.674877258058,167.359492428835,85.3039859586957
132,235,1,234,89.95,249.674877258058,167.359492428835,85.3039859586957
132,235,2,117,88.7,249.674877258058,167.359492428835,85.3039859586957
132,235,3,81,84.33,249.674877258058,167.359492428835,85.3039859586957
132,235,4,41,81.28,249.674877258058,167.359492428835,85.3039859586957
132,235,5,77,90.63,249.674877258058,167.359492428835,85.3039859586957
132,235,6,135,107.45,249.674877258058,167.359492428835,85.3039859586957
132,235,7,121,125.92,249.674877258058,167.359492428835,85.3039859586957
132,235,8,124,119.62,249.674877258058,167.359492428835,85.3039859586957
132,235,9,151,106.59,249.674877258058,167.359492428835,85.3039859586957
132,235,10,260,108.75,249.674877258058,167.359492428835,85.3039859586957
132,235,11,164,114.29,249.674877258058,167.359492428835,85.3039859586957
132,235,12,98,116.8,249.674877258058,167.359492428835,85.3039859586957
132,235,13,110,119.61,249.674877258058,167.359492428835,85.3039859586957
132,235,14,138,130.72,249.674877258058,167.359492428835,85.3039859586957
132,235,15,202,138.52,249.674877258058,167.359492428835,85.3039859586957
132,235,16,179,135.22,249.674877258058,167.359492428835,85.3039859586957
132,235,17,179,127.1,249.674877258058,167.359492428835,85.3039859586957
132,235,18,245,115.15,249.674877258058,167.359492428835,85.3039859586957
132,235,19,226,112.15,249.674877258058,167.359492428835,85.3039859586957
132,235,20,207,102.13,249.674877258058,167.359492428835,85.3039859586957
132,235,21,227,100.62,249.674877258058,167.359492428835,85.3039859586957
132,235,22,243,100.33,249.674877258058,167.359492428835,85.3039859586957
132,235,23,306,101.89,249.674877258058,167.359492428835,85.3039859586957
132,236,0,2246,100.96,205.870404526044,137.996929390643,70.3377379809402
132,236,1,966,118.02,205.870404526044,137.996929390643,70.3377379809402
132,236,2,258,140.44,205.870404526044,137.996929390643,70.3377379809402
132,236,3,120,133.1,205.870404526044,137.996929390643,70.3377379809402
132,236,4,128,88.17,205.870404526044,137.996929390643,70.3377379809402
132,236,5,609,93.67,205.870404526044,137.996929390643,70.3377379809402
132,236,6,1416,120.21,205.870404526044,137.996929390643,70.3377379809402
132,236,7,1338,131.64,205.870404526044,137.996929390643,70.3377379809402
132,236,8,1082,146.24,205.870404526044,137.996929390643,70.3377379809402
132,236,9,785,119.48,205.870404526044,137.996929390643,70.3377379809402
132,236,10,763,114.9,205.870404526044,137.996929390643,70.3377379809402
132,236,11,989,114.81,205.870404526044,137.996929390643,70.3377379809402
132,236,12,1258,112.52,205.870404526044,137.996929390643,70.3377379809402
132,236,13,1831,120.94,205.870404526044,137.996929390643,70.3377379809402
132,236,14,2235,128.91,205.870404526044,137.996929390643,70.3377379809402
132,236,15,2506,124.04,205.870404526044,137.996929390643,70.3377379809402
132,236,16,2868,129.29,205.870404526044,137.996929390643,70.3377379809402
132,236,17,2727,119.59,205.870404526044,137.996929390643,70.3377379809402
132,236,18,2465,114.66,205.870404526044,137.996929390643,70.3377379809402
132,236,19,3009,108.59,205.870404526044,137.996929390643,70.3377379809402
132,236,20,3338,103.8,205.870404526044,137.996929390643,70.3377379809402
132,236,21,3455,110.74,205.870404526044,137.996929390643,70.3377379809402
132,236,22,3248,105.15,205.870404526044,137.996929390643,70.3377379809402
132,236,23,2801,116.1,205.870404526044,137.996929390643,70.3377379809402
132,237,0,1464,121.64,202.209608273588,135.543062147672,69.0869893451679
132,237,1,610,100.49,202.209608273588,135.543062147672,69.0869893451679
132,237,2,148,95.65,202.209608273588,135.543062147672,69.0869893451679
132,237,3,74,176.04,202.209608273588,135.543062147672,69.0869893451679
132,237,4,99,100.29,202.209608273588,135.543062147672,69.0869893451679
132,237,5,376,101.06,202.209608273588,135.543062147672,69.0869893451679
132,237,6,1062,138.77,202.209608273588,135.543062147672,69.0869893451679
132,237,7,1203,135.89,202.209608273588,135.543062147672,69.0869893451679
132,237,8,889,153.65,202.209608273588,135.543062147672,69.0869893451679
132,237,9,772,123.93,202.209608273588,135.543062147672,69.0869893451679
132,237,10,883,125.92,202.209608273588,135.543062147672,69.0869893451679
132,237,11,1158,149.42,202.209608273588,135.543062147672,69.0869893451679
132,237,12,1433,121.76,202.209608273588,135.543062147672,69.0869893451679
132,237,13,1833,134.13,202.209608273588,135.543062147672,69.0869893451679
132,237,14,2366,133.49,202.209608273588,135.543062147672,69.0869893451679
132,237,15,2629,144.58,202.209608273588,135.543062147672,69.0869893451679
132,237,16,2612,133.12,202.209608273588,135.543062147672,69.0869893451679
132,237,17,2412,143.62,202.209608273588,135.543062147672,69.0869893451679
132,237,18,2081,121.28,202.209608273588,135.543062147672,69.0869893451679
132,237,19,2449,114.63,202.209608273588,135.543062147672,69.0869893451679
132,237,20,2532,118.99,202.209608273588,135.543062147672,69.0869893451679
132,237,21,2390,108.29,202.209608273588,135.543062147672,69.0869893451679
132,237,22,2292,116.63,202.209608273588,135.543062147672,69.0869893451679
132,237,23,2009,130.42,202.209608273588,135.543062147672,69.0869893451679
132,238,0,2378,123.19,223.403437235116,149.749491310982,76.328078669011
132,238,1,1116,100.87,223.403437235116,149.749491310982,76.328078669011
132,238,2,326,94.7,223.403437235116,149.749491310982,76.328078669011
132,238,3,150,97.27,223.403437235116,149.749491310982,76.328078669011
132,238,4,150,90.56,223.403437235116,149.749491310982,76.328078669011
132,238,5,665,98.02,223.403437235116,149.749491310982,76.328078669011
132,238,6,1601,125.31,223.403437235116,149.749491310982,76.328078669011
132,238,7,1387,135.13,223.403437235116,149.749491310982,76.328078669011
132,238,8,1066,132.84,223.403437235116,149.749491310982,76.328078669011
132,238,9,808,141.98,223.403437235116,149.749491310982,76.328078669011
132,238,10,758,140.43,223.403437235116,149.749491310982,76.328078669011
132,238,11,814,118.19,223.403437235116,149.749491310982,76.328078669011
132,238,12,1087,136.4,223.403437235116,149.749491310982,76.328078669011
132,238,13,1504,124.97,223.403437235116,149.749491310982,76.328078669011
132,238,14,1915,127.55,223.403437235116,149.749491310982,76.328078669011
132,238,15,2157,129.33,223.403437235116,149.749491310982,76.328078669011
132,238,16,2492,133.33,223.403437235116,149.749491310982,76.328078669011
132,238,17,2282,132.66,223.403437235116,149.749491310982,76.328078669011
132,238,18,2195,114.83,223.403437235116,149.749491310982,76.328078669011
132,238,19,2689,111.41,223.403437235116,149.749491310982,76.328078669011
132,238,20,3073,115.65,223.403437235116,149.749491310982,76.328078669011
132,238,21,3358,104.03,223.403437235116,149.749491310982,76.328078669011
132,238,22,3501,125.57,223.403437235116,149.749491310982,76.328078669011
132,238,23,3183,120.08,223.403437235116,149.749491310982,76.328078669011
132,239,0,2578,107.55,220.880998592947,148.05867621788,75.4662616016459
132,239,1,1129,124.06,220.880998592947,148.05867621788,75.4662616016459
132,239,2,298,98.38,220.880998592947,148.05867621788,75.4662616016459
132,239,3,162,96.62,220.880998592947,148.05867621788,75.4662616016459
132,239,4,142,92.5,220.880998592947,148.05867621788,75.4662616016459
132,239,5,638,121.24,220.880998592947,148.05867621788,75.4662616016459
132,239,6,1757,120.78,220.880998592947,148.05867621788,75.4662616016459
132,239,7,1596,147.59,220.880998592947,148.05867621788,75.4662616016459
132,239,8,1319,160.32,220.880998592947,148.05867621788,75.4662616016459
132,239,9,995,121.35,220.880998592947,148.05867621788,75.4662616016459
132,239,10,873,122.44,220.880998592947,148.05867621788,75.4662616016459
132,239,11,1070,123.6,220.880998592947,148.05867621788,75.4662616016459
132,239,12,1491,134.63,220.880998592947,148.05867621788,75.4662616016459
132,239,13,2062,142.35,220.880998592947,148.05867621788,75.4662616016459
132,239,14,2662,135.15,220.880998592947,148.05867621788,75.4662616016459
132,239,15,3117,132.99,220.880998592947,148.05867621788,75.4662616016459
132,239,16,3431,137.23,220.880998592947,148.05867621788,75.4662616016459
132,239,17,3021,136.06,220.880998592947,148.05867621788,75.4662616016459
132,239,18,2731,130.35,220.880998592947,148.05867621788,75.4662616016459
132,239,19,3277,129.45,220.880998592947,148.05867621788,75.4662616016459
132,239,20,3814,118.57,220.880998592947,148.05867621788,75.4662616016459
132,239,21,3741,115.14,220.880998592947,148.05867621788,75.4662616016459
132,239,22,3744,112.01,220.880998592947,148.05867621788,75.4662616016459
132,239,23,3460,130.72,220.880998592947,148.05867621788,75.4662616016459
132,240,0,33,106.24,281.035477686445,188.380807138578,96.0186571662212
132,240,1,22,102.92,281.035477686445,188.380807138578,96.0186571662212
132,240,2,12,99.5,281.035477686445,188.380807138578,96.0186571662212
132,240,3,2,70.3,281.035477686445,188.380807138578,96.0186571662212
132,240,5,9,84.94,281.035477686445,188.380807138578,96.0186571662212
132,240,6,15,126.39,281.035477686445,188.380807138578,96.0186571662212
132,240,7,19,118.57,281.035477686445,188.380807138578,96.0186571662212
132,240,8,4,126.11,281.035477686445,188.380807138578,96.0186571662212
132,240,9,25,119.21,281.035477686445,188.380807138578,96.0186571662212
132,240,10,22,111.44,281.035477686445,188.380807138578,96.0186571662212
132,240,11,18,113.18,281.035477686445,188.380807138578,96.0186571662212
132,240,12,12,130.62,281.035477686445,188.380807138578,96.0186571662212
132,240,13,17,130.78,281.035477686445,188.380807138578,96.0186571662212
132,240,14,18,127.03,281.035477686445,188.380807138578,96.0186571662212
132,240,15,24,131.92,281.035477686445,188.380807138578,96.0186571662212
132,240,16,30,150.03,281.035477686445,188.380807138578,96.0186571662212
132,240,17,31,130.62,281.035477686445,188.380807138578,96.0186571662212
132,240,18,28,124.2,281.035477686445,188.380807138578,96.0186571662212
132,240,19,35,112.82,281.035477686445,188.380807138578,96.0186571662212
132,240,20,28,115.34,281.035477686445,188.380807138578,96.0186571662212
132,240,21,26,105.4,281.035477686445,188.380807138578,96.0186571662212
132,240,22,44,113.02,281.035477686445,188.380807138578,96.0186571662212
132,240,23,39,127.38,281.035477686445,188.380807138578,96.0186571662212
132,241,0,297,103.62,266.475009684808,178.620784179755,91.0439237384769
132,241,1,249,98.18,266.475009684808,178.620784179755,91.0439237384769
132,241,2,118,94.39,266.475009684808,178.620784179755,91.0439237384769
132,241,3,59,92.11,266.475009684808,178.620784179755,91.0439237384769
132,241,4,44,92.85,266.475009684808,178.620784179755,91.0439237384769
132,241,5,89,98.47,266.475009684808,178.620784179755,91.0439237384769
132,241,6,164,116.47,266.475009684808,178.620784179755,91.0439237384769
132,241,7,153,128.74,266.475009684808,178.620784179755,91.0439237384769
132,241,8,150,125.8,266.475009684808,178.620784179755,91.0439237384769
132,241,9,145,118.08,266.475009684808,178.620784179755,91.0439237384769
132,241,10,270,119.29,266.475009684808,178.620784179755,91.0439237384769
132,241,11,177,118.58,266.475009684808,178.620784179755,91.0439237384769
132,241,12,128,155.72,266.475009684808,178.620784179755,91.0439237384769
132,241,13,125,152.55,266.475009684808,178.620784179755,91.0439237384769
132,241,14,200,132.31,266.475009684808,178.620784179755,91.0439237384769
132,241,15,239,143.01,266.475009684808,178.620784179755,91.0439237384769
132,241,16,248,141.86,266.475009684808,178.620784179755,91.0439237384769
132,241,17,230,131.51,266.475009684808,178.620784179755,91.0439237384769
132,241,18,269,121.44,266.475009684808,178.620784179755,91.0439237384769
132,241,19,309,111.66,266.475009684808,178.620784179755,91.0439237384769
132,241,20,247,108.97,266.475009684808,178.620784179755,91.0439237384769
132,241,21,307,105.66,266.475009684808,178.620784179755,91.0439237384769
132,241,22,288,108.83,266.475009684808,178.620784179755,91.0439237384769
132,241,23,337,110.16,266.475009684808,178.620784179755,91.0439237384769
132,242,0,210,93,225.383582243949,151.076801720636,77.0046155472291
132,242,1,152,82.01,225.383582243949,151.076801720636,77.0046155472291
132,242,2,49,77.66,225.383582243949,151.076801720636,77.0046155472291
132,242,3,44,75.89,225.383582243949,151.076801720636,77.0046155472291
132,242,4,25,79.28,225.383582243949,151.076801720636,77.0046155472291
132,242,5,61,77.3,225.383582243949,151.076801720636,77.0046155472291
132,242,6,109,91.87,225.383582243949,151.076801720636,77.0046155472291
132,242,7,136,101.13,225.383582243949,151.076801720636,77.0046155472291
132,242,8,109,99.89,225.383582243949,151.076801720636,77.0046155472291
132,242,9,151,97.64,225.383582243949,151.076801720636,77.0046155472291
132,242,10,175,99.99,225.383582243949,151.076801720636,77.0046155472291
132,242,11,132,96.77,225.383582243949,151.076801720636,77.0046155472291
132,242,12,116,101.1,225.383582243949,151.076801720636,77.0046155472291
132,242,13,122,100.9,225.383582243949,151.076801720636,77.0046155472291
132,242,14,143,101.55,225.383582243949,151.076801720636,77.0046155472291
132,242,15,210,106.79,225.383582243949,151.076801720636,77.0046155472291
132,242,16,229,107.23,225.383582243949,151.076801720636,77.0046155472291
132,242,17,211,156.28,225.383582243949,151.076801720636,77.0046155472291
132,242,18,218,100.21,225.383582243949,151.076801720636,77.0046155472291
132,242,19,215,93.6,225.383582243949,151.076801720636,77.0046155472291
132,242,20,190,95.63,225.383582243949,151.076801720636,77.0046155472291
132,242,21,209,142.55,225.383582243949,151.076801720636,77.0046155472291
132,242,22,216,94.11,225.383582243949,151.076801720636,77.0046155472291
132,242,23,245,91.92,225.383582243949,151.076801720636,77.0046155472291
132,243,0,1004,97.63,260.218692552835,174.427114110985,88.9063887383999
132,243,1,661,117.73,260.218692552835,174.427114110985,88.9063887383999
132,243,2,256,88.52,260.218692552835,174.427114110985,88.9063887383999
132,243,3,129,87.33,260.218692552835,174.427114110985,88.9063887383999
132,243,4,112,81.59,260.218692552835,174.427114110985,88.9063887383999
132,243,5,237,90.4,260.218692552835,174.427114110985,88.9063887383999
132,243,6,533,107.39,260.218692552835,174.427114110985,88.9063887383999
132,243,7,489,118.05,260.218692552835,174.427114110985,88.9063887383999
132,243,8,451,112.83,260.218692552835,174.427114110985,88.9063887383999
132,243,9,396,106.3,260.218692552835,174.427114110985,88.9063887383999
132,243,10,570,109.89,260.218692552835,174.427114110985,88.9063887383999
132,243,11,428,112.86,260.218692552835,174.427114110985,88.9063887383999
132,243,12,378,114.4,260.218692552835,174.427114110985,88.9063887383999
132,243,13,475,119.08,260.218692552835,174.427114110985,88.9063887383999
132,243,14,700,128.75,260.218692552835,174.427114110985,88.9063887383999
132,243,15,790,132.91,260.218692552835,174.427114110985,88.9063887383999
132,243,16,848,129.94,260.218692552835,174.427114110985,88.9063887383999
132,243,17,808,147,260.218692552835,174.427114110985,88.9063887383999
132,243,18,870,116.09,260.218692552835,174.427114110985,88.9063887383999
132,243,19,957,107.17,260.218692552835,174.427114110985,88.9063887383999
132,243,20,1046,100.49,260.218692552835,174.427114110985,88.9063887383999
132,243,21,1111,98.73,260.218692552835,174.427114110985,88.9063887383999
132,243,22,1306,101.7,260.218692552835,174.427114110985,88.9063887383999
132,243,23,1367,102.25,260.218692552835,174.427114110985,88.9063887383999
132,244,0,1297,115.13,249.554496077565,167.278799755681,85.262856492074
132,244,1,803,91.14,249.554496077565,167.278799755681,85.262856492074
132,244,2,322,88.31,249.554496077565,167.278799755681,85.262856492074
132,244,3,180,84.62,249.554496077565,167.278799755681,85.262856492074
132,244,4,124,83.54,249.554496077565,167.278799755681,85.262856492074
132,244,5,324,89.32,249.554496077565,167.278799755681,85.262856492074
132,244,6,805,106.09,249.554496077565,167.278799755681,85.262856492074
132,244,7,839,116.46,249.554496077565,167.278799755681,85.262856492074
132,244,8,650,112.77,249.554496077565,167.278799755681,85.262856492074
132,244,9,646,119.73,249.554496077565,167.278799755681,85.262856492074
132,244,10,847,120.03,249.554496077565,167.278799755681,85.262856492074
132,244,11,649,112.85,249.554496077565,167.278799755681,85.262856492074
132,244,12,603,116.17,249.554496077565,167.278799755681,85.262856492074
132,244,13,661,119.08,249.554496077565,167.278799755681,85.262856492074
132,244,14,830,126.61,249.554496077565,167.278799755681,85.262856492074
132,244,15,1007,136.96,249.554496077565,167.278799755681,85.262856492074
132,244,16,1135,126.01,249.554496077565,167.278799755681,85.262856492074
132,244,17,954,121.19,249.554496077565,167.278799755681,85.262856492074
132,244,18,1090,114.19,249.554496077565,167.278799755681,85.262856492074
132,244,19,1183,106.27,249.554496077565,167.278799755681,85.262856492074
132,244,20,1185,99.87,249.554496077565,167.278799755681,85.262856492074
132,244,21,1320,98.48,249.554496077565,167.278799755681,85.262856492074
132,244,22,1496,102.28,249.554496077565,167.278799755681,85.262856492074
132,244,23,1619,103.63,249.554496077565,167.278799755681,85.262856492074
132,245,0,55,110.25,261.402715005308,175.220775847586,89.310922169115
132,245,1,12,112.86,261.402715005308,175.220775847586,89.310922169115
132,245,2,15,98.57,261.402715005308,175.220775847586,89.310922169115
132,245,3,3,90.78,261.402715005308,175.220775847586,89.310922169115
132,245,4,5,89.06,261.402715005308,175.220775847586,89.310922169115
132,245,5,13,103.22,261.402715005308,175.220775847586,89.310922169115
132,245,6,30,111.94,261.402715005308,175.220775847586,89.310922169115
132,245,7,30,124.36,261.402715005308,175.220775847586,89.310922169115
132,245,8,34,118.84,261.402715005308,175.220775847586,89.310922169115
132,245,9,32,210.35,261.402715005308,175.220775847586,89.310922169115
132,245,10,27,136.49,261.402715005308,175.220775847586,89.310922169115
132,245,11,20,127.04,261.402715005308,175.220775847586,89.310922169115
132,245,12,32,124.27,261.402715005308,175.220775847586,89.310922169115
132,245,13,45,132.82,261.402715005308,175.220775847586,89.310922169115
132,245,14,54,137.5,261.402715005308,175.220775847586,89.310922169115
132,245,15,52,142.67,261.402715005308,175.220775847586,89.310922169115
132,245,16,50,144.33,261.402715005308,175.220775847586,89.310922169115
132,245,17,34,137.95,261.402715005308,175.220775847586,89.310922169115
132,245,18,67,128.96,261.402715005308,175.220775847586,89.310922169115
132,245,19,62,118.57,261.402715005308,175.220775847586,89.310922169115
132,245,20,67,117.03,261.402715005308,175.220775847586,89.310922169115
132,245,21,62,111.95,261.402715005308,175.220775847586,89.310922169115
132,245,22,63,123.53,261.402715005308,175.220775847586,89.310922169115
132,245,23,76,120.37,261.402715005308,175.220775847586,89.310922169115
132,246,0,1689,105.7,216.845386853533,145.353566517755,74.0874534054254
132,246,1,721,100.69,216.845386853533,145.353566517755,74.0874534054254
132,246,2,217,96.94,216.845386853533,145.353566517755,74.0874534054254
132,246,3,104,88.91,216.845386853533,145.353566517755,74.0874534054254
132,246,4,86,89.43,216.845386853533,145.353566517755,74.0874534054254
132,246,5,385,96.86,216.845386853533,145.353566517755,74.0874534054254
132,246,6,1142,118.25,216.845386853533,145.353566517755,74.0874534054254
132,246,7,1356,137.61,216.845386853533,145.353566517755,74.0874534054254
132,246,8,1156,133.52,216.845386853533,145.353566517755,74.0874534054254
132,246,9,1133,134.76,216.845386853533,145.353566517755,74.0874534054254
132,246,10,1120,130.8,216.845386853533,145.353566517755,74.0874534054254
132,246,11,1144,136.19,216.845386853533,145.353566517755,74.0874534054254
132,246,12,1279,141.47,216.845386853533,145.353566517755,74.0874534054254
132,246,13,1395,137.46,216.845386853533,145.353566517755,74.0874534054254
132,246,14,1776,140.56,216.845386853533,145.353566517755,74.0874534054254
132,246,15,1888,142.25,216.845386853533,145.353566517755,74.0874534054254
132,246,16,1952,139.58,216.845386853533,145.353566517755,74.0874534054254
132,246,17,1719,135.94,216.845386853533,145.353566517755,74.0874534054254
132,246,18,1599,126.94,216.845386853533,145.353566517755,74.0874534054254
132,246,19,1781,140.76,216.845386853533,145.353566517755,74.0874534054254
132,246,20,2091,125.89,216.845386853533,145.353566517755,74.0874534054254
132,246,21,2253,109.85,216.845386853533,145.353566517755,74.0874534054254
132,246,22,2305,114.04,216.845386853533,145.353566517755,74.0874534054254
132,246,23,2181,136.35,216.845386853533,145.353566517755,74.0874534054254
132,247,0,320,95.55,230.970542346593,154.821795278928,78.913457843986
132,247,1,225,93.07,230.970542346593,154.821795278928,78.913457843986
132,247,2,94,86.96,230.970542346593,154.821795278928,78.913457843986
132,247,3,53,90.78,230.970542346593,154.821795278928,78.913457843986
132,247,4,49,84.31,230.970542346593,154.821795278928,78.913457843986
132,247,5,81,89.53,230.970542346593,154.821795278928,78.913457843986
132,247,6,141,102.93,230.970542346593,154.821795278928,78.913457843986
132,247,7,173,138.95,230.970542346593,154.821795278928,78.913457843986
132,247,8,145,112.47,230.970542346593,154.821795278928,78.913457843986
132,247,9,154,106.61,230.970542346593,154.821795278928,78.913457843986
132,247,10,222,146.66,230.970542346593,154.821795278928,78.913457843986
132,247,11,185,113.41,230.970542346593,154.821795278928,78.913457843986
132,247,12,126,107.94,230.970542346593,154.821795278928,78.913457843986
132,247,13,157,113.6,230.970542346593,154.821795278928,78.913457843986
132,247,14,180,117.93,230.970542346593,154.821795278928,78.913457843986
132,247,15,198,130.34,230.970542346593,154.821795278928,78.913457843986
132,247,16,234,126.81,230.970542346593,154.821795278928,78.913457843986
132,247,17,226,122.46,230.970542346593,154.821795278928,78.913457843986
132,247,18,218,109.24,230.970542346593,154.821795278928,78.913457843986
132,247,19,250,101.79,230.970542346593,154.821795278928,78.913457843986
132,247,20,221,94.86,230.970542346593,154.821795278928,78.913457843986
132,247,21,250,96.58,230.970542346593,154.821795278928,78.913457843986
132,247,22,279,100.56,230.970542346593,154.821795278928,78.913457843986
132,247,23,328,98.68,230.970542346593,154.821795278928,78.913457843986
132,248,0,184,86.94,217.896975904455,146.058456860503,74.4467396044187
132,248,1,138,81.22,217.896975904455,146.058456860503,74.4467396044187
132,248,2,78,75.8,217.896975904455,146.058456860503,74.4467396044187
132,248,3,40,74.5,217.896975904455,146.058456860503,74.4467396044187
132,248,4,37,74.6,217.896975904455,146.058456860503,74.4467396044187
132,248,5,49,82.35,217.896975904455,146.058456860503,74.4467396044187
132,248,6,80,95.23,217.896975904455,146.058456860503,74.4467396044187
132,248,7,108,111.15,217.896975904455,146.058456860503,74.4467396044187
132,248,8,88,100.74,217.896975904455,146.058456860503,74.4467396044187
132,248,9,92,93.86,217.896975904455,146.058456860503,74.4467396044187
132,248,10,139,93.95,217.896975904455,146.058456860503,74.4467396044187
132,248,11,99,99.53,217.896975904455,146.058456860503,74.4467396044187
132,248,12,75,98.39,217.896975904455,146.058456860503,74.4467396044187
132,248,13,91,129.34,217.896975904455,146.058456860503,74.4467396044187
132,248,14,116,101.55,217.896975904455,146.058456860503,74.4467396044187
132,248,15,145,109.46,217.896975904455,146.058456860503,74.4467396044187
132,248,16,151,113.74,217.896975904455,146.058456860503,74.4467396044187
132,248,17,150,106.9,217.896975904455,146.058456860503,74.4467396044187
132,248,18,172,94.69,217.896975904455,146.058456860503,74.4467396044187
132,248,19,131,90.07,217.896975904455,146.058456860503,74.4467396044187
132,248,20,142,86.44,217.896975904455,146.058456860503,74.4467396044187
132,248,21,147,86.82,217.896975904455,146.058456860503,74.4467396044187
132,248,22,191,89.82,217.896975904455,146.058456860503,74.4467396044187
132,248,23,223,90.46,217.896975904455,146.058456860503,74.4467396044187
132,249,0,2142,106.5,205.868891980727,137.995915516843,70.3372212042987
132,249,1,887,100.94,205.868891980727,137.995915516843,70.3372212042987
132,249,2,255,95.13,205.868891980727,137.995915516843,70.3372212042987
132,249,3,111,92.64,205.868891980727,137.995915516843,70.3372212042987
132,249,4,79,89.51,205.868891980727,137.995915516843,70.3372212042987
132,249,5,499,100.56,205.868891980727,137.995915516843,70.3372212042987
132,249,6,1280,118.09,205.868891980727,137.995915516843,70.3372212042987
132,249,7,1079,136.53,205.868891980727,137.995915516843,70.3372212042987
132,249,8,852,131.08,205.868891980727,137.995915516843,70.3372212042987
132,249,9,695,121.7,205.868891980727,137.995915516843,70.3372212042987
132,249,10,658,124.08,205.868891980727,137.995915516843,70.3372212042987
132,249,11,691,122.3,205.868891980727,137.995915516843,70.3372212042987
132,249,12,932,123.39,205.868891980727,137.995915516843,70.3372212042987
132,249,13,1236,136.22,205.868891980727,137.995915516843,70.3372212042987
132,249,14,1574,149.09,205.868891980727,137.995915516843,70.3372212042987
132,249,15,1904,135.63,205.868891980727,137.995915516843,70.3372212042987
132,249,16,1979,145.03,205.868891980727,137.995915516843,70.3372212042987
132,249,17,1947,133.68,205.868891980727,137.995915516843,70.3372212042987
132,249,18,1835,125.25,205.868891980727,137.995915516843,70.3372212042987
132,249,19,2331,116.15,205.868891980727,137.995915516843,70.3372212042987
132,249,20,2731,112.27,205.868891980727,137.995915516843,70.3372212042987
132,249,21,2957,109.42,205.868891980727,137.995915516843,70.3372212042987
132,249,22,3013,112.29,205.868891980727,137.995915516843,70.3372212042987
132,249,23,2690,111.74,205.868891980727,137.995915516843,70.3372212042987
132,250,0,152,84.73,209.950489516553,140.73184994243,71.7317409201342
132,250,1,107,79.34,209.950489516553,140.73184994243,71.7317409201342
132,250,2,61,75.49,209.950489516553,140.73184994243,71.7317409201342
132,250,3,43,66.72,209.950489516553,140.73184994243,71.7317409201342
132,250,4,34,71.35,209.950489516553,140.73184994243,71.7317409201342
132,250,5,47,71.6,209.950489516553,140.73184994243,71.7317409201342
132,250,6,94,91.05,209.950489516553,140.73184994243,71.7317409201342
132,250,7,101,100.72,209.950489516553,140.73184994243,71.7317409201342
132,250,8,89,95.26,209.950489516553,140.73184994243,71.7317409201342
132,250,9,127,87.05,209.950489516553,140.73184994243,71.7317409201342
132,250,10,167,92.3,209.950489516553,140.73184994243,71.7317409201342
132,250,11,104,89.54,209.950489516553,140.73184994243,71.7317409201342
132,250,12,87,95.87,209.950489516553,140.73184994243,71.7317409201342
132,250,13,86,89.87,209.950489516553,140.73184994243,71.7317409201342
132,250,14,141,95.94,209.950489516553,140.73184994243,71.7317409201342
132,250,15,173,107.37,209.950489516553,140.73184994243,71.7317409201342
132,250,16,173,106.16,209.950489516553,140.73184994243,71.7317409201342
132,250,17,181,98.17,209.950489516553,140.73184994243,71.7317409201342
132,250,18,157,91.98,209.950489516553,140.73184994243,71.7317409201342
132,250,19,161,88.65,209.950489516553,140.73184994243,71.7317409201342
132,250,20,147,83.66,209.950489516553,140.73184994243,71.7317409201342
132,250,21,146,87.51,209.950489516553,140.73184994243,71.7317409201342
132,250,22,179,84.78,209.950489516553,140.73184994243,71.7317409201342
132,250,23,206,86.49,209.950489516553,140.73184994243,71.7317409201342
132,251,0,40,113.06,280.43612777013,187.979057075123,95.8138831120305
132,251,1,27,115.71,280.43612777013,187.979057075123,95.8138831120305
132,251,2,11,115.62,280.43612777013,187.979057075123,95.8138831120305
132,251,3,4,99.53,280.43612777013,187.979057075123,95.8138831120305
132,251,4,4,84.67,280.43612777013,187.979057075123,95.8138831120305
132,251,5,14,105.16,280.43612777013,187.979057075123,95.8138831120305
132,251,6,42,113.38,280.43612777013,187.979057075123,95.8138831120305
132,251,7,35,119.52,280.43612777013,187.979057075123,95.8138831120305
132,251,8,26,118.44,280.43612777013,187.979057075123,95.8138831120305
132,251,9,37,123.31,280.43612777013,187.979057075123,95.8138831120305
132,251,10,26,114.83,280.43612777013,187.979057075123,95.8138831120305
132,251,11,32,123.33,280.43612777013,187.979057075123,95.8138831120305
132,251,12,31,131.88,280.43612777013,187.979057075123,95.8138831120305
132,251,13,38,127.81,280.43612777013,187.979057075123,95.8138831120305
132,251,14,41,143.37,280.43612777013,187.979057075123,95.8138831120305
132,251,15,64,145.86,280.43612777013,187.979057075123,95.8138831120305
132,251,16,67,139.26,280.43612777013,187.979057075123,95.8138831120305
132,251,17,50,140.73,280.43612777013,187.979057075123,95.8138831120305
132,251,18,61,128.04,280.43612777013,187.979057075123,95.8138831120305
132,251,19,64,119.24,280.43612777013,187.979057075123,95.8138831120305
132,251,20,72,118.3,280.43612777013,187.979057075123,95.8138831120305
132,251,21,58,117.66,280.43612777013,187.979057075123,95.8138831120305
132,251,22,61,114.62,280.43612777013,187.979057075123,95.8138831120305
132,251,23,69,113.18,280.43612777013,187.979057075123,95.8138831120305
132,252,0,380,71.8,158.539527328425,106.270583227998,54.1666577015841
132,252,1,211,67.82,158.539527328425,106.270583227998,54.1666577015841
132,252,2,82,67.7,158.539527328425,106.270583227998,54.1666577015841
132,252,3,42,63.17,158.539527328425,106.270583227998,54.1666577015841
132,252,4,44,59.29,158.539527328425,106.270583227998,54.1666577015841
132,252,5,114,62.17,158.539527328425,106.270583227998,54.1666577015841
132,252,6,283,70.75,158.539527328425,106.270583227998,54.1666577015841
132,252,7,276,79.95,158.539527328425,106.270583227998,54.1666577015841
132,252,8,198,79.23,158.539527328425,106.270583227998,54.1666577015841
132,252,9,178,73.39,158.539527328425,106.270583227998,54.1666577015841
132,252,10,203,133.15,158.539527328425,106.270583227998,54.1666577015841
132,252,11,160,75.52,158.539527328425,106.270583227998,54.1666577015841
132,252,12,192,79.58,158.539527328425,106.270583227998,54.1666577015841
132,252,13,289,80.45,158.539527328425,106.270583227998,54.1666577015841
132,252,14,373,86.47,158.539527328425,106.270583227998,54.1666577015841
132,252,15,401,91.35,158.539527328425,106.270583227998,54.1666577015841
132,252,16,407,85.43,158.539527328425,106.270583227998,54.1666577015841
132,252,17,411,86.39,158.539527328425,106.270583227998,54.1666577015841
132,252,18,402,88,158.539527328425,106.270583227998,54.1666577015841
132,252,19,463,76.36,158.539527328425,106.270583227998,54.1666577015841
132,252,20,557,75.24,158.539527328425,106.270583227998,54.1666577015841
132,252,21,510,73.43,158.539527328425,106.270583227998,54.1666577015841
132,252,22,462,74.71,158.539527328425,106.270583227998,54.1666577015841
132,252,23,475,76.94,158.539527328425,106.270583227998,54.1666577015841
132,253,0,13,351.59,136.234050180985,91.319005501096,46.5457623584751
132,253,1,4,48.48,136.234050180985,91.319005501096,46.5457623584751
132,253,2,3,72.86,136.234050180985,91.319005501096,46.5457623584751
132,253,3,2,43.43,136.234050180985,91.319005501096,46.5457623584751
132,253,5,4,52.07,136.234050180985,91.319005501096,46.5457623584751
132,253,6,12,89.12,136.234050180985,91.319005501096,46.5457623584751
132,253,7,10,70.27,136.234050180985,91.319005501096,46.5457623584751
132,253,8,6,81.75,136.234050180985,91.319005501096,46.5457623584751
132,253,9,6,59.77,136.234050180985,91.319005501096,46.5457623584751
132,253,10,12,61.4,136.234050180985,91.319005501096,46.5457623584751
132,253,11,12,76.06,136.234050180985,91.319005501096,46.5457623584751
132,253,12,12,75.07,136.234050180985,91.319005501096,46.5457623584751
132,253,13,12,67.1,136.234050180985,91.319005501096,46.5457623584751
132,253,14,14,82.95,136.234050180985,91.319005501096,46.5457623584751
132,253,15,12,66.15,136.234050180985,91.319005501096,46.5457623584751
132,253,16,9,68.17,136.234050180985,91.319005501096,46.5457623584751
132,253,17,17,83.22,136.234050180985,91.319005501096,46.5457623584751
132,253,18,11,64.66,136.234050180985,91.319005501096,46.5457623584751
132,253,19,15,82.93,136.234050180985,91.319005501096,46.5457623584751
132,253,20,15,78.08,136.234050180985,91.319005501096,46.5457623584751
132,253,21,21,58.4,136.234050180985,91.319005501096,46.5457623584751
132,253,22,19,66.63,136.234050180985,91.319005501096,46.5457623584751
132,253,23,18,70.86,136.234050180985,91.319005501096,46.5457623584751
132,254,0,369,100.08,263.324183256836,176.50875465757,89.9674115305936
132,254,1,248,94.6,263.324183256836,176.50875465757,89.9674115305936
132,254,2,103,94.29,263.324183256836,176.50875465757,89.9674115305936
132,254,3,65,90.96,263.324183256836,176.50875465757,89.9674115305936
132,254,4,46,86.45,263.324183256836,176.50875465757,89.9674115305936
132,254,5,90,90.04,263.324183256836,176.50875465757,89.9674115305936
132,254,6,170,106.5,263.324183256836,176.50875465757,89.9674115305936
132,254,7,213,114.63,263.324183256836,176.50875465757,89.9674115305936
132,254,8,168,114.52,263.324183256836,176.50875465757,89.9674115305936
132,254,9,223,106.94,263.324183256836,176.50875465757,89.9674115305936
132,254,10,233,112.55,263.324183256836,176.50875465757,89.9674115305936
132,254,11,201,110.75,263.324183256836,176.50875465757,89.9674115305936
132,254,12,162,110.67,263.324183256836,176.50875465757,89.9674115305936
132,254,13,177,110.35,263.324183256836,176.50875465757,89.9674115305936
132,254,14,239,120.39,263.324183256836,176.50875465757,89.9674115305936
132,254,15,278,124.26,263.324183256836,176.50875465757,89.9674115305936
132,254,16,319,127.44,263.324183256836,176.50875465757,89.9674115305936
132,254,17,346,117.37,263.324183256836,176.50875465757,89.9674115305936
132,254,18,360,112.05,263.324183256836,176.50875465757,89.9674115305936
132,254,19,376,105.9,263.324183256836,176.50875465757,89.9674115305936
132,254,20,300,102.45,263.324183256836,176.50875465757,89.9674115305936
132,254,21,298,95.13,263.324183256836,176.50875465757,89.9674115305936
132,254,22,393,102.01,263.324183256836,176.50875465757,89.9674115305936
132,254,23,379,103.08,263.324183256836,176.50875465757,89.9674115305936
132,255,0,3955,94.63,165.847716299687,111.169333195301,56.663575518204
132,255,1,1763,82.09,165.847716299687,111.169333195301,56.663575518204
132,255,2,490,75.75,165.847716299687,111.169333195301,56.663575518204
132,255,3,206,71.28,165.847716299687,111.169333195301,56.663575518204
132,255,4,161,70.89,165.847716299687,111.169333195301,56.663575518204
132,255,5,917,82.27,165.847716299687,111.169333195301,56.663575518204
132,255,6,2468,102.03,165.847716299687,111.169333195301,56.663575518204
132,255,7,2504,115.29,165.847716299687,111.169333195301,56.663575518204
132,255,8,2095,112.14,165.847716299687,111.169333195301,56.663575518204
132,255,9,1500,96.24,165.847716299687,111.169333195301,56.663575518204
132,255,10,1335,110.63,165.847716299687,111.169333195301,56.663575518204
132,255,11,1655,98.92,165.847716299687,111.169333195301,56.663575518204
132,255,12,2229,97.85,165.847716299687,111.169333195301,56.663575518204
132,255,13,2720,107.55,165.847716299687,111.169333195301,56.663575518204
132,255,14,3697,108.01,165.847716299687,111.169333195301,56.663575518204
132,255,15,4562,110.86,165.847716299687,111.169333195301,56.663575518204
132,255,16,4868,109.53,165.847716299687,111.169333195301,56.663575518204
132,255,17,4270,108.6,165.847716299687,111.169333195301,56.663575518204
132,255,18,4033,102.24,165.847716299687,111.169333195301,56.663575518204
132,255,19,4360,95.38,165.847716299687,111.169333195301,56.663575518204
132,255,20,5042,90.06,165.847716299687,111.169333195301,56.663575518204
132,255,21,5452,94.47,165.847716299687,111.169333195301,56.663575518204
132,255,22,5732,91.53,165.847716299687,111.169333195301,56.663575518204
132,255,23,5265,97.8,165.847716299687,111.169333195301,56.663575518204
132,256,0,3081,106.54,163.643790122401,109.692020097436,55.9105815055668
132,256,1,1470,97.07,163.643790122401,109.692020097436,55.9105815055668
132,256,2,411,78.04,163.643790122401,109.692020097436,55.9105815055668
132,256,3,169,70.04,163.643790122401,109.692020097436,55.9105815055668
132,256,4,148,71.16,163.643790122401,109.692020097436,55.9105815055668
132,256,5,692,84.6,163.643790122401,109.692020097436,55.9105815055668
132,256,6,1860,103.51,163.643790122401,109.692020097436,55.9105815055668
132,256,7,1779,121.81,163.643790122401,109.692020097436,55.9105815055668
132,256,8,1445,106.42,163.643790122401,109.692020097436,55.9105815055668
132,256,9,1114,99.83,163.643790122401,109.692020097436,55.9105815055668
132,256,10,1059,100.13,163.643790122401,109.692020097436,55.9105815055668
132,256,11,1009,109.45,163.643790122401,109.692020097436,55.9105815055668
132,256,12,1355,100.37,163.643790122401,109.692020097436,55.9105815055668
132,256,13,1800,102.35,163.643790122401,109.692020097436,55.9105815055668
132,256,14,2264,122.19,163.643790122401,109.692020097436,55.9105815055668
132,256,15,2862,123.18,163.643790122401,109.692020097436,55.9105815055668
132,256,16,3055,110.63,163.643790122401,109.692020097436,55.9105815055668
132,256,17,2599,110.44,163.643790122401,109.692020097436,55.9105815055668
132,256,18,2569,122.64,163.643790122401,109.692020097436,55.9105815055668
132,256,19,2998,97.23,163.643790122401,109.692020097436,55.9105815055668
132,256,20,3413,101.76,163.643790122401,109.692020097436,55.9105815055668
132,256,21,3783,88.99,163.643790122401,109.692020097436,55.9105815055668
132,256,22,4136,99.83,163.643790122401,109.692020097436,55.9105815055668
132,256,23,3912,92.9,163.643790122401,109.692020097436,55.9105815055668
132,257,0,674,100.93,161.220046669746,108.06736134735,55.082484663292
132,257,1,321,99.92,161.220046669746,108.06736134735,55.082484663292
132,257,2,97,102.58,161.220046669746,108.06736134735,55.082484663292
132,257,3,40,92.84,161.220046669746,108.06736134735,55.082484663292
132,257,4,30,93.48,161.220046669746,108.06736134735,55.082484663292
132,257,5,153,93.19,161.220046669746,108.06736134735,55.082484663292
132,257,6,337,133.16,161.220046669746,108.06736134735,55.082484663292
132,257,7,320,121.5,161.220046669746,108.06736134735,55.082484663292
132,257,8,255,112.27,161.220046669746,108.06736134735,55.082484663292
132,257,9,215,155.24,161.220046669746,108.06736134735,55.082484663292
132,257,10,253,112.14,161.220046669746,108.06736134735,55.082484663292
132,257,11,212,149.65,161.220046669746,108.06736134735,55.082484663292
132,257,12,297,133.55,161.220046669746,108.06736134735,55.082484663292
132,257,13,373,119.82,161.220046669746,108.06736134735,55.082484663292
132,257,14,510,124.73,161.220046669746,108.06736134735,55.082484663292
132,257,15,632,130.35,161.220046669746,108.06736134735,55.082484663292
132,257,16,609,129.25,161.220046669746,108.06736134735,55.082484663292
132,257,17,540,127.72,161.220046669746,108.06736134735,55.082484663292
132,257,18,526,123.36,161.220046669746,108.06736134735,55.082484663292
132,257,19,680,117.44,161.220046669746,108.06736134735,55.082484663292
132,257,20,882,113.44,161.220046669746,108.06736134735,55.082484663292
132,257,21,860,110.1,161.220046669746,108.06736134735,55.082484663292
132,257,22,964,110.27,161.220046669746,108.06736134735,55.082484663292
132,257,23,882,107.72,161.220046669746,108.06736134735,55.082484663292
132,258,0,1661,56.74,80.1324785023011,53.7135777395352,27.3780842352459
132,258,1,1103,62.39,80.1324785023011,53.7135777395352,27.3780842352459
132,258,2,584,39.57,80.1324785023011,53.7135777395352,27.3780842352459
132,258,3,276,38.96,80.1324785023011,53.7135777395352,27.3780842352459
132,258,4,213,40.96,80.1324785023011,53.7135777395352,27.3780842352459
132,258,5,284,42.81,80.1324785023011,53.7135777395352,27.3780842352459
132,258,6,652,47.46,80.1324785023011,53.7135777395352,27.3780842352459
132,258,7,595,49.78,80.1324785023011,53.7135777395352,27.3780842352459
132,258,8,482,49.07,80.1324785023011,53.7135777395352,27.3780842352459
132,258,9,657,73.75,80.1324785023011,53.7135777395352,27.3780842352459
132,258,10,826,45.58,80.1324785023011,53.7135777395352,27.3780842352459
132,258,11,602,76.05,80.1324785023011,53.7135777395352,27.3780842352459
132,258,12,653,71.47,80.1324785023011,53.7135777395352,27.3780842352459
132,258,13,629,69.21,80.1324785023011,53.7135777395352,27.3780842352459
132,258,14,940,47.62,80.1324785023011,53.7135777395352,27.3780842352459
132,258,15,925,55.21,80.1324785023011,53.7135777395352,27.3780842352459
132,258,16,813,49.95,80.1324785023011,53.7135777395352,27.3780842352459
132,258,17,839,50.68,80.1324785023011,53.7135777395352,27.3780842352459
132,258,18,835,49.68,80.1324785023011,53.7135777395352,27.3780842352459
132,258,19,853,48.19,80.1324785023011,53.7135777395352,27.3780842352459
132,258,20,838,44.98,80.1324785023011,53.7135777395352,27.3780842352459
132,258,21,963,44.61,80.1324785023011,53.7135777395352,27.3780842352459
132,258,22,1373,43.11,80.1324785023011,53.7135777395352,27.3780842352459
132,258,23,1658,43.87,80.1324785023011,53.7135777395352,27.3780842352459
132,259,0,311,144.16,278.348207815249,186.579504073562,95.1005238166541
132,259,1,198,95.97,278.348207815249,186.579504073562,95.1005238166541
132,259,2,86,89.58,278.348207815249,186.579504073562,95.1005238166541
132,259,3,53,95.09,278.348207815249,186.579504073562,95.1005238166541
132,259,4,37,83.86,278.348207815249,186.579504073562,95.1005238166541
132,259,5,64,91.73,278.348207815249,186.579504073562,95.1005238166541
132,259,6,147,109.33,278.348207815249,186.579504073562,95.1005238166541
132,259,7,155,115.51,278.348207815249,186.579504073562,95.1005238166541
132,259,8,146,111.91,278.348207815249,186.579504073562,95.1005238166541
132,259,9,150,109.29,278.348207815249,186.579504073562,95.1005238166541
132,259,10,216,140.13,278.348207815249,186.579504073562,95.1005238166541
132,259,11,135,111.67,278.348207815249,186.579504073562,95.1005238166541
132,259,12,139,113.25,278.348207815249,186.579504073562,95.1005238166541
132,259,13,193,122.66,278.348207815249,186.579504073562,95.1005238166541
132,259,14,276,123.74,278.348207815249,186.579504073562,95.1005238166541
132,259,15,293,171.91,278.348207815249,186.579504073562,95.1005238166541
132,259,16,294,129.75,278.348207815249,186.579504073562,95.1005238166541
132,259,17,339,124.82,278.348207815249,186.579504073562,95.1005238166541
132,259,18,321,111.06,278.348207815249,186.579504073562,95.1005238166541
132,259,19,397,107.84,278.348207815249,186.579504073562,95.1005238166541
132,259,20,295,103.2,278.348207815249,186.579504073562,95.1005238166541
132,259,21,281,104.85,278.348207815249,186.579504073562,95.1005238166541
132,259,22,350,101.77,278.348207815249,186.579504073562,95.1005238166541
132,259,23,325,104.94,278.348207815249,186.579504073562,95.1005238166541
132,260,0,789,99.61,150.014090859294,100.555900453834,51.2538547762707
132,260,1,432,73.41,150.014090859294,100.555900453834,51.2538547762707
132,260,2,182,64.65,150.014090859294,100.555900453834,51.2538547762707
132,260,3,123,68.46,150.014090859294,100.555900453834,51.2538547762707
132,260,4,87,64.17,150.014090859294,100.555900453834,51.2538547762707
132,260,5,196,142.85,150.014090859294,100.555900453834,51.2538547762707
132,260,6,435,80.47,150.014090859294,100.555900453834,51.2538547762707
132,260,7,406,109.21,150.014090859294,100.555900453834,51.2538547762707
132,260,8,432,82.62,150.014090859294,100.555900453834,51.2538547762707
132,260,9,394,80.35,150.014090859294,100.555900453834,51.2538547762707
132,260,10,427,82.67,150.014090859294,100.555900453834,51.2538547762707
132,260,11,397,123.26,150.014090859294,100.555900453834,51.2538547762707
132,260,12,416,100.11,150.014090859294,100.555900453834,51.2538547762707
132,260,13,392,87.23,150.014090859294,100.555900453834,51.2538547762707
132,260,14,532,85.56,150.014090859294,100.555900453834,51.2538547762707
132,260,15,658,88.79,150.014090859294,100.555900453834,51.2538547762707
132,260,16,716,98.71,150.014090859294,100.555900453834,51.2538547762707
132,260,17,600,86.65,150.014090859294,100.555900453834,51.2538547762707
132,260,18,494,84.04,150.014090859294,100.555900453834,51.2538547762707
132,260,19,624,85,150.014090859294,100.555900453834,51.2538547762707
132,260,20,690,78.49,150.014090859294,100.555900453834,51.2538547762707
132,260,21,801,74.18,150.014090859294,100.555900453834,51.2538547762707
132,260,22,942,78.83,150.014090859294,100.555900453834,51.2538547762707
132,260,23,1010,82.24,150.014090859294,100.555900453834,51.2538547762707
132,261,0,1450,132.89,202.004472626019,135.405557732997,69.016902644447
132,261,1,662,103.77,202.004472626019,135.405557732997,69.016902644447
132,261,2,210,102.62,202.004472626019,135.405557732997,69.016902644447
132,261,3,97,94.06,202.004472626019,135.405557732997,69.016902644447
132,261,4,70,94.82,202.004472626019,135.405557732997,69.016902644447
132,261,5,252,103.29,202.004472626019,135.405557732997,69.016902644447
132,261,6,792,120.98,202.004472626019,135.405557732997,69.016902644447
132,261,7,1073,138.48,202.004472626019,135.405557732997,69.016902644447
132,261,8,965,141.29,202.004472626019,135.405557732997,69.016902644447
132,261,9,994,134.54,202.004472626019,135.405557732997,69.016902644447
132,261,10,1125,133.3,202.004472626019,135.405557732997,69.016902644447
132,261,11,1268,125.05,202.004472626019,135.405557732997,69.016902644447
132,261,12,1444,134.51,202.004472626019,135.405557732997,69.016902644447
132,261,13,1789,131.98,202.004472626019,135.405557732997,69.016902644447
132,261,14,2220,138.5,202.004472626019,135.405557732997,69.016902644447
132,261,15,2482,143.69,202.004472626019,135.405557732997,69.016902644447
132,261,16,2599,144.06,202.004472626019,135.405557732997,69.016902644447
132,261,17,2228,152.38,202.004472626019,135.405557732997,69.016902644447
132,261,18,1875,127.26,202.004472626019,135.405557732997,69.016902644447
132,261,19,1985,128.9,202.004472626019,135.405557732997,69.016902644447
132,261,20,2116,112.95,202.004472626019,135.405557732997,69.016902644447
132,261,21,2281,127.5,202.004472626019,135.405557732997,69.016902644447
132,261,22,2278,112.61,202.004472626019,135.405557732997,69.016902644447
132,261,23,2185,124.04,202.004472626019,135.405557732997,69.016902644447
132,262,0,1796,117.65,196.587606520989,131.774579831461,67.1661747088287
132,262,1,758,91.49,196.587606520989,131.774579831461,67.1661747088287
132,262,2,222,89.9,196.587606520989,131.774579831461,67.1661747088287
132,262,3,114,79.96,196.587606520989,131.774579831461,67.1661747088287
132,262,4,96,84.68,196.587606520989,131.774579831461,67.1661747088287
132,262,5,498,87.88,196.587606520989,131.774579831461,67.1661747088287
132,262,6,1177,131.99,196.587606520989,131.774579831461,67.1661747088287
132,262,7,1207,119.65,196.587606520989,131.774579831461,67.1661747088287
132,262,8,882,113.36,196.587606520989,131.774579831461,67.1661747088287
132,262,9,700,128.38,196.587606520989,131.774579831461,67.1661747088287
132,262,10,622,128.32,196.587606520989,131.774579831461,67.1661747088287
132,262,11,675,116.36,196.587606520989,131.774579831461,67.1661747088287
132,262,12,964,105.94,196.587606520989,131.774579831461,67.1661747088287
132,262,13,1303,114.56,196.587606520989,131.774579831461,67.1661747088287
132,262,14,1647,113.08,196.587606520989,131.774579831461,67.1661747088287
132,262,15,1936,121.67,196.587606520989,131.774579831461,67.1661747088287
132,262,16,2136,114.01,196.587606520989,131.774579831461,67.1661747088287
132,262,17,1993,112.17,196.587606520989,131.774579831461,67.1661747088287
132,262,18,1805,105.47,196.587606520989,131.774579831461,67.1661747088287
132,262,19,2218,99.87,196.587606520989,131.774579831461,67.1661747088287
132,262,20,2455,114.78,196.587606520989,131.774579831461,67.1661747088287
132,262,21,2611,94.98,196.587606520989,131.774579831461,67.1661747088287
132,262,22,2565,99.69,196.587606520989,131.774579831461,67.1661747088287
132,262,23,2381,99.65,196.587606520989,131.774579831461,67.1661747088287
132,263,0,2701,113.21,201.251596598887,134.900897628038,68.7596748177934
132,263,1,1197,90.8,201.251596598887,134.900897628038,68.7596748177934
132,263,2,352,87.42,201.251596598887,134.900897628038,68.7596748177934
132,263,3,161,146.93,201.251596598887,134.900897628038,68.7596748177934
132,263,4,165,82.17,201.251596598887,134.900897628038,68.7596748177934
132,263,5,699,88.79,201.251596598887,134.900897628038,68.7596748177934
132,263,6,1766,104.84,201.251596598887,134.900897628038,68.7596748177934
132,263,7,1529,117.42,201.251596598887,134.900897628038,68.7596748177934
132,263,8,1224,112.44,201.251596598887,134.900897628038,68.7596748177934
132,263,9,919,104.66,201.251596598887,134.900897628038,68.7596748177934
132,263,10,912,106.05,201.251596598887,134.900897628038,68.7596748177934
132,263,11,939,105.4,201.251596598887,134.900897628038,68.7596748177934
132,263,12,1234,106.2,201.251596598887,134.900897628038,68.7596748177934
132,263,13,1623,112.85,201.251596598887,134.900897628038,68.7596748177934
132,263,14,1980,113.45,201.251596598887,134.900897628038,68.7596748177934
132,263,15,2372,121.22,201.251596598887,134.900897628038,68.7596748177934
132,263,16,2581,123.03,201.251596598887,134.900897628038,68.7596748177934
132,263,17,2389,122.63,201.251596598887,134.900897628038,68.7596748177934
132,263,18,2294,107.52,201.251596598887,134.900897628038,68.7596748177934
132,263,19,2885,116.77,201.251596598887,134.900897628038,68.7596748177934
132,263,20,3328,96.99,201.251596598887,134.900897628038,68.7596748177934
132,263,21,3364,103.82,201.251596598887,134.900897628038,68.7596748177934
132,263,22,3749,106.23,201.251596598887,134.900897628038,68.7596748177934
132,263,23,3384,99.64,201.251596598887,134.900897628038,68.7596748177934
133,132,0,5,96.9,159.275020021622,106.763591115577,54.4179463336731
133,132,1,19,84.41,159.275020021622,106.763591115577,54.4179463336731
133,132,2,58,84.51,159.275020021622,106.763591115577,54.4179463336731
133,132,3,292,86.11,159.275020021622,106.763591115577,54.4179463336731
133,132,4,589,90.18,159.275020021622,106.763591115577,54.4179463336731
133,132,5,796,100.23,159.275020021622,106.763591115577,54.4179463336731
133,132,6,632,102.76,159.275020021622,106.763591115577,54.4179463336731
133,132,7,441,108.75,159.275020021622,106.763591115577,54.4179463336731
133,132,8,407,107.25,159.275020021622,106.763591115577,54.4179463336731
133,132,9,346,101.95,159.275020021622,106.763591115577,54.4179463336731
133,132,10,270,101.87,159.275020021622,106.763591115577,54.4179463336731
133,132,11,258,100.96,159.275020021622,106.763591115577,54.4179463336731
133,132,12,294,105.39,159.275020021622,106.763591115577,54.4179463336731
133,132,13,400,110.93,159.275020021622,106.763591115577,54.4179463336731
133,132,14,407,117.75,159.275020021622,106.763591115577,54.4179463336731
133,132,15,387,120.07,159.275020021622,106.763591115577,54.4179463336731
133,132,16,302,121.03,159.275020021622,106.763591115577,54.4179463336731
133,132,17,264,117.13,159.275020021622,106.763591115577,54.4179463336731
133,132,18,258,107.29,159.275020021622,106.763591115577,54.4179463336731
133,132,19,206,100.05,159.275020021622,106.763591115577,54.4179463336731
133,132,20,152,92.02,159.275020021622,106.763591115577,54.4179463336731
133,132,21,81,94.33,159.275020021622,106.763591115577,54.4179463336731
133,132,22,29,85.43,159.275020021622,106.763591115577,54.4179463336731
133,132,23,16,85.58,159.275020021622,106.763591115577,54.4179463336731
134,132,0,92,38.21,81.5880201112301,54.6892414008319,27.8753849742467
134,132,1,74,35.12,81.5880201112301,54.6892414008319,27.8753849742467
134,132,2,192,36.81,81.5880201112301,54.6892414008319,27.8753849742467
134,132,3,959,37.34,81.5880201112301,54.6892414008319,27.8753849742467
134,132,4,3220,38.34,81.5880201112301,54.6892414008319,27.8753849742467
134,132,5,4965,40.79,81.5880201112301,54.6892414008319,27.8753849742467
134,132,6,4458,41.95,81.5880201112301,54.6892414008319,27.8753849742467
134,132,7,2964,42.3,81.5880201112301,54.6892414008319,27.8753849742467
134,132,8,2248,42.14,81.5880201112301,54.6892414008319,27.8753849742467
134,132,9,2009,39.95,81.5880201112301,54.6892414008319,27.8753849742467
134,132,10,1444,41.84,81.5880201112301,54.6892414008319,27.8753849742467
134,132,11,1434,42.83,81.5880201112301,54.6892414008319,27.8753849742467
134,132,12,1416,45.58,81.5880201112301,54.6892414008319,27.8753849742467
134,132,13,2166,44.32,81.5880201112301,54.6892414008319,27.8753849742467
134,132,14,2601,50.78,81.5880201112301,54.6892414008319,27.8753849742467
134,132,15,2912,47.11,81.5880201112301,54.6892414008319,27.8753849742467
134,132,16,3080,47.6,81.5880201112301,54.6892414008319,27.8753849742467
134,132,17,2666,46.28,81.5880201112301,54.6892414008319,27.8753849742467
134,132,18,2113,43.53,81.5880201112301,54.6892414008319,27.8753849742467
134,132,19,1862,41.14,81.5880201112301,54.6892414008319,27.8753849742467
134,132,20,1453,38.91,81.5880201112301,54.6892414008319,27.8753849742467
134,132,21,893,37.03,81.5880201112301,54.6892414008319,27.8753849742467
134,132,22,371,38.11,81.5880201112301,54.6892414008319,27.8753849742467
134,132,23,154,39.69,81.5880201112301,54.6892414008319,27.8753849742467
135,132,0,71,47.44,98.5480259074959,66.0576978223381,33.6699451326111
135,132,1,54,42.72,98.5480259074959,66.0576978223381,33.6699451326111
135,132,2,184,42.17,98.5480259074959,66.0576978223381,33.6699451326111
135,132,3,428,43.9,98.5480259074959,66.0576978223381,33.6699451326111
135,132,4,1047,44.18,98.5480259074959,66.0576978223381,33.6699451326111
135,132,5,1461,47.84,98.5480259074959,66.0576978223381,33.6699451326111
135,132,6,996,50.33,98.5480259074959,66.0576978223381,33.6699451326111
135,132,7,723,52.03,98.5480259074959,66.0576978223381,33.6699451326111
135,132,8,614,52.24,98.5480259074959,66.0576978223381,33.6699451326111
135,132,9,520,51.61,98.5480259074959,66.0576978223381,33.6699451326111
135,132,10,378,51.85,98.5480259074959,66.0576978223381,33.6699451326111
135,132,11,395,52.58,98.5480259074959,66.0576978223381,33.6699451326111
135,132,12,385,56.47,98.5480259074959,66.0576978223381,33.6699451326111
135,132,13,572,55.64,98.5480259074959,66.0576978223381,33.6699451326111
135,132,14,669,57.73,98.5480259074959,66.0576978223381,33.6699451326111
135,132,15,561,62.6,98.5480259074959,66.0576978223381,33.6699451326111
135,132,16,477,59.35,98.5480259074959,66.0576978223381,33.6699451326111
135,132,17,589,58.23,98.5480259074959,66.0576978223381,33.6699451326111
135,132,18,456,52.15,98.5480259074959,66.0576978223381,33.6699451326111
135,132,19,374,50.27,98.5480259074959,66.0576978223381,33.6699451326111
135,132,20,420,49.11,98.5480259074959,66.0576978223381,33.6699451326111
135,132,21,253,42.62,98.5480259074959,66.0576978223381,33.6699451326111
135,132,22,142,47.7,98.5480259074959,66.0576978223381,33.6699451326111
135,132,23,72,49.79,98.5480259074959,66.0576978223381,33.6699451326111
136,132,0,11,97.49,258.531351027285,173.296072716787,88.3298911773167
136,132,1,55,94.61,258.531351027285,173.296072716787,88.3298911773167
136,132,2,128,88.93,258.531351027285,173.296072716787,88.3298911773167
136,132,3,157,88.52,258.531351027285,173.296072716787,88.3298911773167
136,132,4,292,94.49,258.531351027285,173.296072716787,88.3298911773167
136,132,5,289,97.65,258.531351027285,173.296072716787,88.3298911773167
136,132,6,180,103.42,258.531351027285,173.296072716787,88.3298911773167
136,132,7,119,106.48,258.531351027285,173.296072716787,88.3298911773167
136,132,8,110,105.45,258.531351027285,173.296072716787,88.3298911773167
136,132,9,74,107.92,258.531351027285,173.296072716787,88.3298911773167
136,132,10,114,111.39,258.531351027285,173.296072716787,88.3298911773167
136,132,11,120,116.99,258.531351027285,173.296072716787,88.3298911773167
136,132,12,142,121.98,258.531351027285,173.296072716787,88.3298911773167
136,132,13,96,123.99,258.531351027285,173.296072716787,88.3298911773167
136,132,14,107,131.05,258.531351027285,173.296072716787,88.3298911773167
136,132,15,92,133.14,258.531351027285,173.296072716787,88.3298911773167
136,132,16,95,135.47,258.531351027285,173.296072716787,88.3298911773167
136,132,17,92,130.81,258.531351027285,173.296072716787,88.3298911773167
136,132,18,85,114.75,258.531351027285,173.296072716787,88.3298911773167
136,132,19,80,100.01,258.531351027285,173.296072716787,88.3298911773167
136,132,20,53,95.75,258.531351027285,173.296072716787,88.3298911773167
136,132,21,30,89.69,258.531351027285,173.296072716787,88.3298911773167
136,132,22,12,108.86,258.531351027285,173.296072716787,88.3298911773167
136,132,23,10,103.9,258.531351027285,173.296072716787,88.3298911773167
137,132,0,37,84.18,190.893012665686,127.957438324561,65.2205582350847
137,132,1,33,81.41,190.893012665686,127.957438324561,65.2205582350847
137,132,2,109,77.02,190.893012665686,127.957438324561,65.2205582350847
137,132,3,492,78.6,190.893012665686,127.957438324561,65.2205582350847
137,132,4,1647,82.9,190.893012665686,127.957438324561,65.2205582350847
137,132,5,2640,85.21,190.893012665686,127.957438324561,65.2205582350847
137,132,6,2073,98.46,190.893012665686,127.957438324561,65.2205582350847
137,132,7,1583,96.44,190.893012665686,127.957438324561,65.2205582350847
137,132,8,1299,99.14,190.893012665686,127.957438324561,65.2205582350847
137,132,9,1083,98.03,190.893012665686,127.957438324561,65.2205582350847
137,132,10,991,99.91,190.893012665686,127.957438324561,65.2205582350847
137,132,11,870,98.97,190.893012665686,127.957438324561,65.2205582350847
137,132,12,1150,106.77,190.893012665686,127.957438324561,65.2205582350847
137,132,13,1692,125.99,190.893012665686,127.957438324561,65.2205582350847
137,132,14,1960,120.74,190.893012665686,127.957438324561,65.2205582350847
137,132,15,1865,129.61,190.893012665686,127.957438324561,65.2205582350847
137,132,16,1746,135.59,190.893012665686,127.957438324561,65.2205582350847
137,132,17,1495,126.91,190.893012665686,127.957438324561,65.2205582350847
137,132,18,1291,113.74,190.893012665686,127.957438324561,65.2205582350847
137,132,19,1069,99.82,190.893012665686,127.957438324561,65.2205582350847
137,132,20,723,89.84,190.893012665686,127.957438324561,65.2205582350847
137,132,21,417,86.9,190.893012665686,127.957438324561,65.2205582350847
137,132,22,208,90.72,190.893012665686,127.957438324561,65.2205582350847
137,132,23,89,153.16,190.893012665686,127.957438324561,65.2205582350847
138,132,0,968,77.92,160.528016236371,107.603486634175,54.8460453586254
138,132,1,290,67.34,160.528016236371,107.603486634175,54.8460453586254
138,132,2,150,64.14,160.528016236371,107.603486634175,54.8460453586254
138,132,3,203,60.27,160.528016236371,107.603486634175,54.8460453586254
138,132,4,533,59.89,160.528016236371,107.603486634175,54.8460453586254
138,132,5,987,88.97,160.528016236371,107.603486634175,54.8460453586254
138,132,6,1210,67.16,160.528016236371,107.603486634175,54.8460453586254
138,132,7,1661,70,160.528016236371,107.603486634175,54.8460453586254
138,132,8,2752,73.18,160.528016236371,107.603486634175,54.8460453586254
138,132,9,3282,82.77,160.528016236371,107.603486634175,54.8460453586254
138,132,10,3978,81.42,160.528016236371,107.603486634175,54.8460453586254
138,132,11,4473,87.96,160.528016236371,107.603486634175,54.8460453586254
138,132,12,4946,86.03,160.528016236371,107.603486634175,54.8460453586254
138,132,13,5567,84.97,160.528016236371,107.603486634175,54.8460453586254
138,132,14,6271,91.74,160.528016236371,107.603486634175,54.8460453586254
138,132,15,6272,102.32,160.528016236371,107.603486634175,54.8460453586254
138,132,16,6356,94.01,160.528016236371,107.603486634175,54.8460453586254
138,132,17,5617,89.98,160.528016236371,107.603486634175,54.8460453586254
138,132,18,5041,80.96,160.528016236371,107.603486634175,54.8460453586254
138,132,19,4427,83.14,160.528016236371,107.603486634175,54.8460453586254
138,132,20,3438,70.24,160.528016236371,107.603486634175,54.8460453586254
138,132,21,2585,78.13,160.528016236371,107.603486634175,54.8460453586254
138,132,22,1542,75.32,160.528016236371,107.603486634175,54.8460453586254
138,132,23,1362,89.36,160.528016236371,107.603486634175,54.8460453586254
139,132,0,100,31.84,46.6866610139025,31.294521804883,15.9509772041344
139,132,1,269,27.61,46.6866610139025,31.294521804883,15.9509772041344
139,132,2,622,30.68,46.6866610139025,31.294521804883,15.9509772041344
139,132,3,1862,44.07,46.6866610139025,31.294521804883,15.9509772041344
139,132,4,2120,33.14,46.6866610139025,31.294521804883,15.9509772041344
139,132,5,3027,35.17,46.6866610139025,31.294521804883,15.9509772041344
139,132,6,2022,37.93,46.6866610139025,31.294521804883,15.9509772041344
139,132,7,1632,36.59,46.6866610139025,31.294521804883,15.9509772041344
139,132,8,1324,34.15,46.6866610139025,31.294521804883,15.9509772041344
139,132,9,1288,35.64,46.6866610139025,31.294521804883,15.9509772041344
139,132,10,1076,32.1,46.6866610139025,31.294521804883,15.9509772041344
139,132,11,1629,30.2,46.6866610139025,31.294521804883,15.9509772041344
139,132,12,1455,29.84,46.6866610139025,31.294521804883,15.9509772041344
139,132,13,1816,31,46.6866610139025,31.294521804883,15.9509772041344
139,132,14,1527,33.42,46.6866610139025,31.294521804883,15.9509772041344
139,132,15,1451,33.66,46.6866610139025,31.294521804883,15.9509772041344
139,132,16,985,33.94,46.6866610139025,31.294521804883,15.9509772041344
139,132,17,819,35.53,46.6866610139025,31.294521804883,15.9509772041344
139,132,18,743,35.51,46.6866610139025,31.294521804883,15.9509772041344
139,132,19,829,34.09,46.6866610139025,31.294521804883,15.9509772041344
139,132,20,561,34.33,46.6866610139025,31.294521804883,15.9509772041344
139,132,21,701,31.93,46.6866610139025,31.294521804883,15.9509772041344
139,132,22,262,30.06,46.6866610139025,31.294521804883,15.9509772041344
139,132,23,209,30.26,46.6866610139025,31.294521804883,15.9509772041344
140,132,0,32,88.68,193.508468864211,129.710603988091,66.1141557058625
140,132,1,41,81.58,193.508468864211,129.710603988091,66.1141557058625
140,132,2,80,82.06,193.508468864211,129.710603988091,66.1141557058625
140,132,3,582,86.38,193.508468864211,129.710603988091,66.1141557058625
140,132,4,1976,88.67,193.508468864211,129.710603988091,66.1141557058625
140,132,5,3174,93.9,193.508468864211,129.710603988091,66.1141557058625
140,132,6,2659,98.2,193.508468864211,129.710603988091,66.1141557058625
140,132,7,1721,104.99,193.508468864211,129.710603988091,66.1141557058625
140,132,8,1502,107.84,193.508468864211,129.710603988091,66.1141557058625
140,132,9,1308,105.17,193.508468864211,129.710603988091,66.1141557058625
140,132,10,1075,106.16,193.508468864211,129.710603988091,66.1141557058625
140,132,11,1056,109.57,193.508468864211,129.710603988091,66.1141557058625
140,132,12,1380,132.03,193.508468864211,129.710603988091,66.1141557058625
140,132,13,2046,119.23,193.508468864211,129.710603988091,66.1141557058625
140,132,14,2180,137.48,193.508468864211,129.710603988091,66.1141557058625
140,132,15,2294,138.31,193.508468864211,129.710603988091,66.1141557058625
140,132,16,2073,150.47,193.508468864211,129.710603988091,66.1141557058625
140,132,17,1802,132.72,193.508468864211,129.710603988091,66.1141557058625
140,132,18,1450,120.66,193.508468864211,129.710603988091,66.1141557058625
140,132,19,1090,106.75,193.508468864211,129.710603988091,66.1141557058625
140,132,20,851,98.52,193.508468864211,129.710603988091,66.1141557058625
140,132,21,439,95.42,193.508468864211,129.710603988091,66.1141557058625
140,132,22,213,95.78,193.508468864211,129.710603988091,66.1141557058625
140,132,23,72,93.52,193.508468864211,129.710603988091,66.1141557058625
141,132,0,40,89.67,197.451709887972,132.353796701386,67.4614044984394
141,132,1,45,83.59,197.451709887972,132.353796701386,67.4614044984394
141,132,2,133,83.24,197.451709887972,132.353796701386,67.4614044984394
141,132,3,834,89.27,197.451709887972,132.353796701386,67.4614044984394
141,132,4,3117,90.98,197.451709887972,132.353796701386,67.4614044984394
141,132,5,5135,96.5,197.451709887972,132.353796701386,67.4614044984394
141,132,6,4135,101.51,197.451709887972,132.353796701386,67.4614044984394
141,132,7,2710,108.29,197.451709887972,132.353796701386,67.4614044984394
141,132,8,2273,124.5,197.451709887972,132.353796701386,67.4614044984394
141,132,9,1927,114.86,197.451709887972,132.353796701386,67.4614044984394
141,132,10,1542,111.19,197.451709887972,132.353796701386,67.4614044984394
141,132,11,1410,119.21,197.451709887972,132.353796701386,67.4614044984394
141,132,12,1911,120.3,197.451709887972,132.353796701386,67.4614044984394
141,132,13,2842,125.68,197.451709887972,132.353796701386,67.4614044984394
141,132,14,3092,132.14,197.451709887972,132.353796701386,67.4614044984394
141,132,15,3083,142.85,197.451709887972,132.353796701386,67.4614044984394
141,132,16,2689,153.08,197.451709887972,132.353796701386,67.4614044984394
141,132,17,2240,145.53,197.451709887972,132.353796701386,67.4614044984394
141,132,18,2114,122.3,197.451709887972,132.353796701386,67.4614044984394
141,132,19,1633,109.62,197.451709887972,132.353796701386,67.4614044984394
141,132,20,1054,103.29,197.451709887972,132.353796701386,67.4614044984394
141,132,21,518,97.25,197.451709887972,132.353796701386,67.4614044984394
141,132,22,312,100.43,197.451709887972,132.353796701386,67.4614044984394
141,132,23,105,98.6,197.451709887972,132.353796701386,67.4614044984394
142,132,0,47,104.05,215.312954041484,144.326361937053,73.5638819972117
142,132,1,60,90.05,215.312954041484,144.326361937053,73.5638819972117
142,132,2,145,93.64,215.312954041484,144.326361937053,73.5638819972117
142,132,3,712,100.63,215.312954041484,144.326361937053,73.5638819972117
142,132,4,2721,104.53,215.312954041484,144.326361937053,73.5638819972117
142,132,5,4184,109.46,215.312954041484,144.326361937053,73.5638819972117
142,132,6,3568,115.24,215.312954041484,144.326361937053,73.5638819972117
142,132,7,2687,136.83,215.312954041484,144.326361937053,73.5638819972117
142,132,8,2355,140.88,215.312954041484,144.326361937053,73.5638819972117
142,132,9,2121,140.95,215.312954041484,144.326361937053,73.5638819972117
142,132,10,2113,131.92,215.312954041484,144.326361937053,73.5638819972117
142,132,11,1959,135.22,215.312954041484,144.326361937053,73.5638819972117
142,132,12,2662,143.96,215.312954041484,144.326361937053,73.5638819972117
142,132,13,3531,155.7,215.312954041484,144.326361937053,73.5638819972117
142,132,14,3840,156.98,215.312954041484,144.326361937053,73.5638819972117
142,132,15,3626,163.95,215.312954041484,144.326361937053,73.5638819972117
142,132,16,3077,170.66,215.312954041484,144.326361937053,73.5638819972117
142,132,17,2567,162.07,215.312954041484,144.326361937053,73.5638819972117
142,132,18,2236,149.04,215.312954041484,144.326361937053,73.5638819972117
142,132,19,1736,127.1,215.312954041484,144.326361937053,73.5638819972117
142,132,20,1210,136.17,215.312954041484,144.326361937053,73.5638819972117
142,132,21,646,117.53,215.312954041484,144.326361937053,73.5638819972117
142,132,22,399,121.57,215.312954041484,144.326361937053,73.5638819972117
142,132,23,149,122.53,215.312954041484,144.326361937053,73.5638819972117
143,132,0,36,97.99,220.65009479939,147.903899164962,75.3873709492113
143,132,1,52,99.7,220.65009479939,147.903899164962,75.3873709492113
143,132,2,101,101.45,220.65009479939,147.903899164962,75.3873709492113
143,132,3,515,103.26,220.65009479939,147.903899164962,75.3873709492113
143,132,4,1972,106.69,220.65009479939,147.903899164962,75.3873709492113
143,132,5,2944,112.99,220.65009479939,147.903899164962,75.3873709492113
143,132,6,2453,117.7,220.65009479939,147.903899164962,75.3873709492113
143,132,7,1746,128.54,220.65009479939,147.903899164962,75.3873709492113
143,132,8,1592,131.09,220.65009479939,147.903899164962,75.3873709492113
143,132,9,1322,129.68,220.65009479939,147.903899164962,75.3873709492113
143,132,10,1117,130.41,220.65009479939,147.903899164962,75.3873709492113
143,132,11,953,134.91,220.65009479939,147.903899164962,75.3873709492113
143,132,12,1343,141.79,220.65009479939,147.903899164962,75.3873709492113
143,132,13,1839,146.77,220.65009479939,147.903899164962,75.3873709492113
143,132,14,2024,156.98,220.65009479939,147.903899164962,75.3873709492113
143,132,15,2057,166.39,220.65009479939,147.903899164962,75.3873709492113
143,132,16,1754,165.14,220.65009479939,147.903899164962,75.3873709492113
143,132,17,1384,156.08,220.65009479939,147.903899164962,75.3873709492113
143,132,18,1398,139.92,220.65009479939,147.903899164962,75.3873709492113
143,132,19,1153,129.71,220.65009479939,147.903899164962,75.3873709492113
143,132,20,807,119.7,220.65009479939,147.903899164962,75.3873709492113
143,132,21,527,115.59,220.65009479939,147.903899164962,75.3873709492113
143,132,22,317,121.68,220.65009479939,147.903899164962,75.3873709492113
143,132,23,113,118.86,220.65009479939,147.903899164962,75.3873709492113
144,132,0,27,94.92,195.003688648378,130.712864315185,66.6250129009254
144,132,1,18,85.29,195.003688648378,130.712864315185,66.6250129009254
144,132,2,67,85.71,195.003688648378,130.712864315185,66.6250129009254
144,132,3,372,92.87,195.003688648378,130.712864315185,66.6250129009254
144,132,4,1484,93.85,195.003688648378,130.712864315185,66.6250129009254
144,132,5,2254,97.14,195.003688648378,130.712864315185,66.6250129009254
144,132,6,2071,104.37,195.003688648378,130.712864315185,66.6250129009254
144,132,7,1657,127.16,195.003688648378,130.712864315185,66.6250129009254
144,132,8,1439,115.88,195.003688648378,130.712864315185,66.6250129009254
144,132,9,1472,111.99,195.003688648378,130.712864315185,66.6250129009254
144,132,10,1365,121.62,195.003688648378,130.712864315185,66.6250129009254
144,132,11,1442,122.01,195.003688648378,130.712864315185,66.6250129009254
144,132,12,1828,132.21,195.003688648378,130.712864315185,66.6250129009254
144,132,13,2736,138.8,195.003688648378,130.712864315185,66.6250129009254
144,132,14,2988,150.78,195.003688648378,130.712864315185,66.6250129009254
144,132,15,2664,162.54,195.003688648378,130.712864315185,66.6250129009254
144,132,16,2240,167.04,195.003688648378,130.712864315185,66.6250129009254
144,132,17,1796,157.05,195.003688648378,130.712864315185,66.6250129009254
144,132,18,1489,136.54,195.003688648378,130.712864315185,66.6250129009254
144,132,19,1185,120.86,195.003688648378,130.712864315185,66.6250129009254
144,132,20,736,108.95,195.003688648378,130.712864315185,66.6250129009254
144,132,21,382,108.82,195.003688648378,130.712864315185,66.6250129009254
144,132,22,166,107.81,195.003688648378,130.712864315185,66.6250129009254
144,132,23,66,112.66,195.003688648378,130.712864315185,66.6250129009254
145,132,0,100,77.36,176.034625735317,117.997717417569,60.1440377457325
145,132,1,81,66.99,176.034625735317,117.997717417569,60.1440377457325
145,132,2,215,68.37,176.034625735317,117.997717417569,60.1440377457325
145,132,3,1025,71.89,176.034625735317,117.997717417569,60.1440377457325
145,132,4,3603,74.4,176.034625735317,117.997717417569,60.1440377457325
145,132,5,5863,78.23,176.034625735317,117.997717417569,60.1440377457325
145,132,6,5079,81.86,176.034625735317,117.997717417569,60.1440377457325
145,132,7,4090,86.58,176.034625735317,117.997717417569,60.1440377457325
145,132,8,3329,88.54,176.034625735317,117.997717417569,60.1440377457325
145,132,9,3297,85.21,176.034625735317,117.997717417569,60.1440377457325
145,132,10,2811,90.57,176.034625735317,117.997717417569,60.1440377457325
145,132,11,2427,93.32,176.034625735317,117.997717417569,60.1440377457325
145,132,12,2434,107.66,176.034625735317,117.997717417569,60.1440377457325
145,132,13,3353,101.84,176.034625735317,117.997717417569,60.1440377457325
145,132,14,3953,109.76,176.034625735317,117.997717417569,60.1440377457325
145,132,15,3938,124.92,176.034625735317,117.997717417569,60.1440377457325
145,132,16,3627,119.09,176.034625735317,117.997717417569,60.1440377457325
145,132,17,3162,121.81,176.034625735317,117.997717417569,60.1440377457325
145,132,18,2777,102.57,176.034625735317,117.997717417569,60.1440377457325
145,132,19,2447,91.13,176.034625735317,117.997717417569,60.1440377457325
145,132,20,2219,83.21,176.034625735317,117.997717417569,60.1440377457325
145,132,21,1911,80.81,176.034625735317,117.997717417569,60.1440377457325
145,132,22,1271,83.07,176.034625735317,117.997717417569,60.1440377457325
145,132,23,406,85.72,176.034625735317,117.997717417569,60.1440377457325
146,132,0,45,78.88,173.703562152658,116.435182883468,59.3476059328573
146,132,1,35,70.61,173.703562152658,116.435182883468,59.3476059328573
146,132,2,109,71.72,173.703562152658,116.435182883468,59.3476059328573
146,132,3,440,75.27,173.703562152658,116.435182883468,59.3476059328573
146,132,4,1315,77.38,173.703562152658,116.435182883468,59.3476059328573
146,132,5,1771,79.8,173.703562152658,116.435182883468,59.3476059328573
146,132,6,1399,85.64,173.703562152658,116.435182883468,59.3476059328573
146,132,7,1163,87.76,173.703562152658,116.435182883468,59.3476059328573
146,132,8,1111,90.36,173.703562152658,116.435182883468,59.3476059328573
146,132,9,1066,88.59,173.703562152658,116.435182883468,59.3476059328573
146,132,10,948,92.15,173.703562152658,116.435182883468,59.3476059328573
146,132,11,874,96.8,173.703562152658,116.435182883468,59.3476059328573
146,132,12,930,101.08,173.703562152658,116.435182883468,59.3476059328573
146,132,13,1196,104.86,173.703562152658,116.435182883468,59.3476059328573
146,132,14,1294,110.52,173.703562152658,116.435182883468,59.3476059328573
146,132,15,1212,153.93,173.703562152658,116.435182883468,59.3476059328573
146,132,16,1107,117.76,173.703562152658,116.435182883468,59.3476059328573
146,132,17,983,111.82,173.703562152658,116.435182883468,59.3476059328573
146,132,18,805,121.24,173.703562152658,116.435182883468,59.3476059328573
146,132,19,672,91.26,173.703562152658,116.435182883468,59.3476059328573
146,132,20,527,85.67,173.703562152658,116.435182883468,59.3476059328573
146,132,21,498,80.14,173.703562152658,116.435182883468,59.3476059328573
146,132,22,342,83.49,173.703562152658,116.435182883468,59.3476059328573
146,132,23,120,86.7,173.703562152658,116.435182883468,59.3476059328573
147,132,0,15,78.82,212.457761401248,142.412498610858,72.5883761090467
147,132,1,30,80.36,212.457761401248,142.412498610858,72.5883761090467
147,132,2,88,80.64,212.457761401248,142.412498610858,72.5883761090467
147,132,3,131,80.68,212.457761401248,142.412498610858,72.5883761090467
147,132,4,235,81.26,212.457761401248,142.412498610858,72.5883761090467
147,132,5,228,85.23,212.457761401248,142.412498610858,72.5883761090467
147,132,6,148,91.92,212.457761401248,142.412498610858,72.5883761090467
147,132,7,114,93.31,212.457761401248,142.412498610858,72.5883761090467
147,132,8,111,91.99,212.457761401248,142.412498610858,72.5883761090467
147,132,9,71,92.89,212.457761401248,142.412498610858,72.5883761090467
147,132,10,89,96.19,212.457761401248,142.412498610858,72.5883761090467
147,132,11,74,99.86,212.457761401248,142.412498610858,72.5883761090467
147,132,12,85,102.41,212.457761401248,142.412498610858,72.5883761090467
147,132,13,69,107.09,212.457761401248,142.412498610858,72.5883761090467
147,132,14,89,112.22,212.457761401248,142.412498610858,72.5883761090467
147,132,15,79,122.82,212.457761401248,142.412498610858,72.5883761090467
147,132,16,72,121.27,212.457761401248,142.412498610858,72.5883761090467
147,132,17,73,119.89,212.457761401248,142.412498610858,72.5883761090467
147,132,18,47,108.96,212.457761401248,142.412498610858,72.5883761090467
147,132,19,81,89.79,212.457761401248,142.412498610858,72.5883761090467
147,132,20,56,82.33,212.457761401248,142.412498610858,72.5883761090467
147,132,21,33,86.22,212.457761401248,142.412498610858,72.5883761090467
147,132,22,28,91.54,212.457761401248,142.412498610858,72.5883761090467
147,132,23,35,86.54,212.457761401248,142.412498610858,72.5883761090467
148,132,0,54,157.14,189.749196136242,127.190727008222,64.8297615708847
148,132,1,56,86.93,189.749196136242,127.190727008222,64.8297615708847
148,132,2,172,80.77,189.749196136242,127.190727008222,64.8297615708847
148,132,3,760,86.23,189.749196136242,127.190727008222,64.8297615708847
148,132,4,2667,89.36,189.749196136242,127.190727008222,64.8297615708847
148,132,5,4148,97.5,189.749196136242,127.190727008222,64.8297615708847
148,132,6,3739,98.14,189.749196136242,127.190727008222,64.8297615708847
148,132,7,3038,105.46,189.749196136242,127.190727008222,64.8297615708847
148,132,8,2790,110.03,189.749196136242,127.190727008222,64.8297615708847
148,132,9,2766,103.35,189.749196136242,127.190727008222,64.8297615708847
148,132,10,2559,108.28,189.749196136242,127.190727008222,64.8297615708847
148,132,11,2712,120.03,189.749196136242,127.190727008222,64.8297615708847
148,132,12,3127,120.3,189.749196136242,127.190727008222,64.8297615708847
148,132,13,4281,132.24,189.749196136242,127.190727008222,64.8297615708847
148,132,14,4770,134.5,189.749196136242,127.190727008222,64.8297615708847
148,132,15,4302,150.44,189.749196136242,127.190727008222,64.8297615708847
148,132,16,3781,153.24,189.749196136242,127.190727008222,64.8297615708847
148,132,17,2892,139.44,189.749196136242,127.190727008222,64.8297615708847
148,132,18,2257,124.23,189.749196136242,127.190727008222,64.8297615708847
148,132,19,1778,110.4,189.749196136242,127.190727008222,64.8297615708847
148,132,20,1267,102.42,189.749196136242,127.190727008222,64.8297615708847
148,132,21,620,97.04,189.749196136242,127.190727008222,64.8297615708847
148,132,22,269,141.6,189.749196136242,127.190727008222,64.8297615708847
148,132,23,125,104.8,189.749196136242,127.190727008222,64.8297615708847
149,132,0,12,70.02,142.077776038169,95.23611163565,48.5423313122367
149,132,1,20,61.54,142.077776038169,95.23611163565,48.5423313122367
149,132,2,61,68.47,142.077776038169,95.23611163565,48.5423313122367
149,132,3,288,66.63,142.077776038169,95.23611163565,48.5423313122367
149,132,4,776,70.08,142.077776038169,95.23611163565,48.5423313122367
149,132,5,974,75.15,142.077776038169,95.23611163565,48.5423313122367
149,132,6,702,75.49,142.077776038169,95.23611163565,48.5423313122367
149,132,7,569,76.13,142.077776038169,95.23611163565,48.5423313122367
149,132,8,543,76.24,142.077776038169,95.23611163565,48.5423313122367
149,132,9,472,75.81,142.077776038169,95.23611163565,48.5423313122367
149,132,10,310,75.66,142.077776038169,95.23611163565,48.5423313122367
149,132,11,306,74.63,142.077776038169,95.23611163565,48.5423313122367
149,132,12,327,76.55,142.077776038169,95.23611163565,48.5423313122367
149,132,13,516,83.65,142.077776038169,95.23611163565,48.5423313122367
149,132,14,442,87.42,142.077776038169,95.23611163565,48.5423313122367
149,132,15,419,91.22,142.077776038169,95.23611163565,48.5423313122367
149,132,16,393,93.78,142.077776038169,95.23611163565,48.5423313122367
149,132,17,408,93.14,142.077776038169,95.23611163565,48.5423313122367
149,132,18,321,83.95,142.077776038169,95.23611163565,48.5423313122367
149,132,19,249,77.44,142.077776038169,95.23611163565,48.5423313122367
149,132,20,220,74.41,142.077776038169,95.23611163565,48.5423313122367
149,132,21,138,71.75,142.077776038169,95.23611163565,48.5423313122367
149,132,22,68,69.21,142.077776038169,95.23611163565,48.5423313122367
149,132,23,52,66.93,142.077776038169,95.23611163565,48.5423313122367
150,132,0,7,51.7,147.925040858376,99.1555899714511,50.54010938906
150,132,1,13,58.39,147.925040858376,99.1555899714511,50.54010938906
150,132,2,32,55.37,147.925040858376,99.1555899714511,50.54010938906
150,132,3,122,61.38,147.925040858376,99.1555899714511,50.54010938906
150,132,4,356,62.21,147.925040858376,99.1555899714511,50.54010938906
150,132,5,494,66.35,147.925040858376,99.1555899714511,50.54010938906
150,132,6,351,66.62,147.925040858376,99.1555899714511,50.54010938906
150,132,7,258,71.41,147.925040858376,99.1555899714511,50.54010938906
150,132,8,271,69.06,147.925040858376,99.1555899714511,50.54010938906
150,132,9,224,63.84,147.925040858376,99.1555899714511,50.54010938906
150,132,10,185,64.59,147.925040858376,99.1555899714511,50.54010938906
150,132,11,182,65.21,147.925040858376,99.1555899714511,50.54010938906
150,132,12,189,69.85,147.925040858376,99.1555899714511,50.54010938906
150,132,13,224,74.7,147.925040858376,99.1555899714511,50.54010938906
150,132,14,214,82.14,147.925040858376,99.1555899714511,50.54010938906
150,132,15,235,87.17,147.925040858376,99.1555899714511,50.54010938906
150,132,16,204,88.09,147.925040858376,99.1555899714511,50.54010938906
150,132,17,224,85.76,147.925040858376,99.1555899714511,50.54010938906
150,132,18,158,89.65,147.925040858376,99.1555899714511,50.54010938906
150,132,19,114,73.72,147.925040858376,99.1555899714511,50.54010938906
150,132,20,100,66.93,147.925040858376,99.1555899714511,50.54010938906
150,132,21,61,62.37,147.925040858376,99.1555899714511,50.54010938906
150,132,22,34,61.79,147.925040858376,99.1555899714511,50.54010938906
150,132,23,18,58.87,147.925040858376,99.1555899714511,50.54010938906
151,132,0,34,93.86,225.503903867736,151.157454472352,77.0457246656904
151,132,1,49,97.69,225.503903867736,151.157454472352,77.0457246656904
151,132,2,148,91.58,225.503903867736,151.157454472352,77.0457246656904
151,132,3,533,96.66,225.503903867736,151.157454472352,77.0457246656904
151,132,4,1391,98.29,225.503903867736,151.157454472352,77.0457246656904
151,132,5,2084,105.37,225.503903867736,151.157454472352,77.0457246656904
151,132,6,1734,108.22,225.503903867736,151.157454472352,77.0457246656904
151,132,7,1305,114.27,225.503903867736,151.157454472352,77.0457246656904
151,132,8,1110,115.45,225.503903867736,151.157454472352,77.0457246656904
151,132,9,947,114.31,225.503903867736,151.157454472352,77.0457246656904
151,132,10,852,114.4,225.503903867736,151.157454472352,77.0457246656904
151,132,11,796,116.57,225.503903867736,151.157454472352,77.0457246656904
151,132,12,938,124.17,225.503903867736,151.157454472352,77.0457246656904
151,132,13,1395,141.86,225.503903867736,151.157454472352,77.0457246656904
151,132,14,1519,133.76,225.503903867736,151.157454472352,77.0457246656904
151,132,15,1356,141.94,225.503903867736,151.157454472352,77.0457246656904
151,132,16,1247,157.87,225.503903867736,151.157454472352,77.0457246656904
151,132,17,1085,133.74,225.503903867736,151.157454472352,77.0457246656904
151,132,18,998,140.17,225.503903867736,151.157454472352,77.0457246656904
151,132,19,831,112,225.503903867736,151.157454472352,77.0457246656904
151,132,20,584,103.2,225.503903867736,151.157454472352,77.0457246656904
151,132,21,385,100.03,225.503903867736,151.157454472352,77.0457246656904
151,132,22,190,103.25,225.503903867736,151.157454472352,77.0457246656904
151,132,23,78,100.38,225.503903867736,151.157454472352,77.0457246656904
152,132,0,16,91.03,234.397819492321,157.11913239919,80.0844222787197
152,132,1,40,88.58,234.397819492321,157.11913239919,80.0844222787197
152,132,2,110,84.79,234.397819492321,157.11913239919,80.0844222787197
152,132,3,224,87.8,234.397819492321,157.11913239919,80.0844222787197
152,132,4,519,91.01,234.397819492321,157.11913239919,80.0844222787197
152,132,5,591,94.55,234.397819492321,157.11913239919,80.0844222787197
152,132,6,429,100.15,234.397819492321,157.11913239919,80.0844222787197
152,132,7,321,106.35,234.397819492321,157.11913239919,80.0844222787197
152,132,8,265,107.6,234.397819492321,157.11913239919,80.0844222787197
152,132,9,246,105.49,234.397819492321,157.11913239919,80.0844222787197
152,132,10,243,108.21,234.397819492321,157.11913239919,80.0844222787197
152,132,11,185,108.18,234.397819492321,157.11913239919,80.0844222787197
152,132,12,233,117.99,234.397819492321,157.11913239919,80.0844222787197
152,132,13,301,122.17,234.397819492321,157.11913239919,80.0844222787197
152,132,14,318,128.62,234.397819492321,157.11913239919,80.0844222787197
152,132,15,378,135.86,234.397819492321,157.11913239919,80.0844222787197
152,132,16,341,140.07,234.397819492321,157.11913239919,80.0844222787197
152,132,17,332,130.56,234.397819492321,157.11913239919,80.0844222787197
152,132,18,246,121.01,234.397819492321,157.11913239919,80.0844222787197
152,132,19,196,106.17,234.397819492321,157.11913239919,80.0844222787197
152,132,20,168,97.17,234.397819492321,157.11913239919,80.0844222787197
152,132,21,112,95.08,234.397819492321,157.11913239919,80.0844222787197
152,132,22,44,101.25,234.397819492321,157.11913239919,80.0844222787197
152,132,23,21,102.08,234.397819492321,157.11913239919,80.0844222787197
153,132,0,5,89.44,270.363796802303,181.227475911398,92.37256779474
153,132,1,14,85.43,270.363796802303,181.227475911398,92.37256779474
153,132,2,32,88.44,270.363796802303,181.227475911398,92.37256779474
153,132,3,42,96.09,270.363796802303,181.227475911398,92.37256779474
153,132,4,90,96.77,270.363796802303,181.227475911398,92.37256779474
153,132,5,95,102.46,270.363796802303,181.227475911398,92.37256779474
153,132,6,70,108.2,270.363796802303,181.227475911398,92.37256779474
153,132,7,34,110.85,270.363796802303,181.227475911398,92.37256779474
153,132,8,41,113.8,270.363796802303,181.227475911398,92.37256779474
153,132,9,34,110.93,270.363796802303,181.227475911398,92.37256779474
153,132,10,29,118.93,270.363796802303,181.227475911398,92.37256779474
153,132,11,27,115.03,270.363796802303,181.227475911398,92.37256779474
153,132,12,35,118.22,270.363796802303,181.227475911398,92.37256779474
153,132,13,28,124.98,270.363796802303,181.227475911398,92.37256779474
153,132,14,28,131.66,270.363796802303,181.227475911398,92.37256779474
153,132,15,26,136.58,270.363796802303,181.227475911398,92.37256779474
153,132,16,29,143.55,270.363796802303,181.227475911398,92.37256779474
153,132,17,28,128.24,270.363796802303,181.227475911398,92.37256779474
153,132,18,33,131.83,270.363796802303,181.227475911398,92.37256779474
153,132,19,32,107.58,270.363796802303,181.227475911398,92.37256779474
153,132,20,12,109.1,270.363796802303,181.227475911398,92.37256779474
153,132,21,13,92.21,270.363796802303,181.227475911398,92.37256779474
153,132,22,4,91.03,270.363796802303,181.227475911398,92.37256779474
153,132,23,4,90.61,270.363796802303,181.227475911398,92.37256779474
154,132,1,4,47.77,112.176964128805,75.1933073322399,38.3264118441611
154,132,2,4,55.92,112.176964128805,75.1933073322399,38.3264118441611
154,132,3,37,53.3,112.176964128805,75.1933073322399,38.3264118441611
154,132,4,23,64.36,112.176964128805,75.1933073322399,38.3264118441611
154,132,5,31,67.53,112.176964128805,75.1933073322399,38.3264118441611
154,132,6,25,61.54,112.176964128805,75.1933073322399,38.3264118441611
154,132,7,11,89.07,112.176964128805,75.1933073322399,38.3264118441611
154,132,8,15,69.57,112.176964128805,75.1933073322399,38.3264118441611
154,132,9,10,57.78,112.176964128805,75.1933073322399,38.3264118441611
154,132,10,18,58.04,112.176964128805,75.1933073322399,38.3264118441611
154,132,11,19,71.17,112.176964128805,75.1933073322399,38.3264118441611
154,132,12,22,70.89,112.176964128805,75.1933073322399,38.3264118441611
154,132,13,30,68.29,112.176964128805,75.1933073322399,38.3264118441611
154,132,14,28,73.85,112.176964128805,75.1933073322399,38.3264118441611
154,132,15,29,80.11,112.176964128805,75.1933073322399,38.3264118441611
154,132,16,24,83.94,112.176964128805,75.1933073322399,38.3264118441611
154,132,17,18,74.8,112.176964128805,75.1933073322399,38.3264118441611
154,132,18,11,76.44,112.176964128805,75.1933073322399,38.3264118441611
154,132,19,9,70.35,112.176964128805,75.1933073322399,38.3264118441611
154,132,20,5,56,112.176964128805,75.1933073322399,38.3264118441611
154,132,21,10,56.19,112.176964128805,75.1933073322399,38.3264118441611
155,132,0,9,61.58,113.885479355571,76.3385416637776,38.9101436177171
155,132,1,55,56.77,113.885479355571,76.3385416637776,38.9101436177171
155,132,2,145,60.05,113.885479355571,76.3385416637776,38.9101436177171
155,132,3,623,61.43,113.885479355571,76.3385416637776,38.9101436177171
155,132,4,1415,65.47,113.885479355571,76.3385416637776,38.9101436177171
155,132,5,1672,70.28,113.885479355571,76.3385416637776,38.9101436177171
155,132,6,1203,70.43,113.885479355571,76.3385416637776,38.9101436177171
155,132,7,929,73.71,113.885479355571,76.3385416637776,38.9101436177171
155,132,8,787,71.35,113.885479355571,76.3385416637776,38.9101436177171
155,132,9,719,67.99,113.885479355571,76.3385416637776,38.9101436177171
155,132,10,476,66.62,113.885479355571,76.3385416637776,38.9101436177171
155,132,11,487,67.35,113.885479355571,76.3385416637776,38.9101436177171
155,132,12,551,70.31,113.885479355571,76.3385416637776,38.9101436177171
155,132,13,704,72.48,113.885479355571,76.3385416637776,38.9101436177171
155,132,14,654,78.96,113.885479355571,76.3385416637776,38.9101436177171
155,132,15,592,82.8,113.885479355571,76.3385416637776,38.9101436177171
155,132,16,534,80.73,113.885479355571,76.3385416637776,38.9101436177171
155,132,17,586,79.87,113.885479355571,76.3385416637776,38.9101436177171
155,132,18,475,75.98,113.885479355571,76.3385416637776,38.9101436177171
155,132,19,354,71.78,113.885479355571,76.3385416637776,38.9101436177171
155,132,20,230,67.86,113.885479355571,76.3385416637776,38.9101436177171
155,132,21,149,64.75,113.885479355571,76.3385416637776,38.9101436177171
155,132,22,56,63.45,113.885479355571,76.3385416637776,38.9101436177171
155,132,23,30,62.4,113.885479355571,76.3385416637776,38.9101436177171
156,132,0,2,96.34,313.06819686214,209.852649565155,106.962964646377
156,132,1,7,96.06,313.06819686214,209.852649565155,106.962964646377
156,132,2,20,105.4,313.06819686214,209.852649565155,106.962964646377
156,132,3,42,103.65,313.06819686214,209.852649565155,106.962964646377
156,132,4,87,104.63,313.06819686214,209.852649565155,106.962964646377
156,132,5,67,113.31,313.06819686214,209.852649565155,106.962964646377
156,132,6,63,117.66,313.06819686214,209.852649565155,106.962964646377
156,132,7,34,130.84,313.06819686214,209.852649565155,106.962964646377
156,132,8,26,129.94,313.06819686214,209.852649565155,106.962964646377
156,132,9,35,125.81,313.06819686214,209.852649565155,106.962964646377
156,132,10,30,114.55,313.06819686214,209.852649565155,106.962964646377
156,132,11,36,122.13,313.06819686214,209.852649565155,106.962964646377
156,132,12,38,123.28,313.06819686214,209.852649565155,106.962964646377
156,132,13,27,131.23,313.06819686214,209.852649565155,106.962964646377
156,132,14,37,150.42,313.06819686214,209.852649565155,106.962964646377
156,132,15,44,156.11,313.06819686214,209.852649565155,106.962964646377
156,132,16,26,151.77,313.06819686214,209.852649565155,106.962964646377
156,132,17,27,140.7,313.06819686214,209.852649565155,106.962964646377
156,132,18,21,126.07,313.06819686214,209.852649565155,106.962964646377
156,132,19,21,126.32,313.06819686214,209.852649565155,106.962964646377
156,132,20,16,130.97,313.06819686214,209.852649565155,106.962964646377
156,132,21,14,121.4,313.06819686214,209.852649565155,106.962964646377
156,132,22,8,103.99,313.06819686214,209.852649565155,106.962964646377
157,132,0,23,55.56,132.821466724677,89.0315177034011,45.3798181736346
157,132,1,50,63.41,132.821466724677,89.0315177034011,45.3798181736346
157,132,2,108,56.21,132.821466724677,89.0315177034011,45.3798181736346
157,132,3,331,60.15,132.821466724677,89.0315177034011,45.3798181736346
157,132,4,687,64.33,132.821466724677,89.0315177034011,45.3798181736346
157,132,5,816,66.2,132.821466724677,89.0315177034011,45.3798181736346
157,132,6,517,70.05,132.821466724677,89.0315177034011,45.3798181736346
157,132,7,433,73.27,132.821466724677,89.0315177034011,45.3798181736346
157,132,8,391,75.3,132.821466724677,89.0315177034011,45.3798181736346
157,132,9,326,69.68,132.821466724677,89.0315177034011,45.3798181736346
157,132,10,368,74.61,132.821466724677,89.0315177034011,45.3798181736346
157,132,11,340,76.54,132.821466724677,89.0315177034011,45.3798181736346
157,132,12,342,80.25,132.821466724677,89.0315177034011,45.3798181736346
157,132,13,400,83.43,132.821466724677,89.0315177034011,45.3798181736346
157,132,14,500,88.09,132.821466724677,89.0315177034011,45.3798181736346
157,132,15,409,89.77,132.821466724677,89.0315177034011,45.3798181736346
157,132,16,381,94.41,132.821466724677,89.0315177034011,45.3798181736346
157,132,17,404,90.64,132.821466724677,89.0315177034011,45.3798181736346
157,132,18,318,79.98,132.821466724677,89.0315177034011,45.3798181736346
157,132,19,265,74.72,132.821466724677,89.0315177034011,45.3798181736346
157,132,20,197,68.37,132.821466724677,89.0315177034011,45.3798181736346
157,132,21,112,62.58,132.821466724677,89.0315177034011,45.3798181736346
157,132,22,91,69.41,132.821466724677,89.0315177034011,45.3798181736346
157,132,23,36,67.47,132.821466724677,89.0315177034011,45.3798181736346
158,132,0,10,103.25,210.416558524778,141.044260520178,71.8909781832903
158,132,1,17,103.21,210.416558524778,141.044260520178,71.8909781832903
158,132,2,42,95.9,210.416558524778,141.044260520178,71.8909781832903
158,132,3,242,108.97,210.416558524778,141.044260520178,71.8909781832903
158,132,4,1135,110.75,210.416558524778,141.044260520178,71.8909781832903
158,132,5,2104,114.9,210.416558524778,141.044260520178,71.8909781832903
158,132,6,1778,131.75,210.416558524778,141.044260520178,71.8909781832903
158,132,7,1357,132.85,210.416558524778,141.044260520178,71.8909781832903
158,132,8,1194,132.65,210.416558524778,141.044260520178,71.8909781832903
158,132,9,1007,132.57,210.416558524778,141.044260520178,71.8909781832903
158,132,10,849,139.78,210.416558524778,141.044260520178,71.8909781832903
158,132,11,972,139.07,210.416558524778,141.044260520178,71.8909781832903
158,132,12,1333,147.81,210.416558524778,141.044260520178,71.8909781832903
158,132,13,1846,157.78,210.416558524778,141.044260520178,71.8909781832903
158,132,14,2244,168.51,210.416558524778,141.044260520178,71.8909781832903
158,132,15,2073,179.67,210.416558524778,141.044260520178,71.8909781832903
158,132,16,1763,178.81,210.416558524778,141.044260520178,71.8909781832903
158,132,17,1494,181.33,210.416558524778,141.044260520178,71.8909781832903
158,132,18,1130,150.09,210.416558524778,141.044260520178,71.8909781832903
158,132,19,906,136.6,210.416558524778,141.044260520178,71.8909781832903
158,132,20,545,131.49,210.416558524778,141.044260520178,71.8909781832903
158,132,21,267,130.77,210.416558524778,141.044260520178,71.8909781832903
158,132,22,85,136.02,210.416558524778,141.044260520178,71.8909781832903
158,132,23,44,121.34,210.416558524778,141.044260520178,71.8909781832903
159,132,0,31,85.57,216.478810744685,145.107846995683,73.9622089131269
159,132,1,55,80.91,216.478810744685,145.107846995683,73.9622089131269
159,132,2,125,80.46,216.478810744685,145.107846995683,73.9622089131269
159,132,3,218,81.32,216.478810744685,145.107846995683,73.9622089131269
159,132,4,411,81.59,216.478810744685,145.107846995683,73.9622089131269
159,132,5,400,84.55,216.478810744685,145.107846995683,73.9622089131269
159,132,6,240,91.85,216.478810744685,145.107846995683,73.9622089131269
159,132,7,157,93.14,216.478810744685,145.107846995683,73.9622089131269
159,132,8,147,93.43,216.478810744685,145.107846995683,73.9622089131269
159,132,9,155,95.22,216.478810744685,145.107846995683,73.9622089131269
159,132,10,167,102.2,216.478810744685,145.107846995683,73.9622089131269
159,132,11,165,100.16,216.478810744685,145.107846995683,73.9622089131269
159,132,12,130,104.55,216.478810744685,145.107846995683,73.9622089131269
159,132,13,139,107.87,216.478810744685,145.107846995683,73.9622089131269
159,132,14,154,114.1,216.478810744685,145.107846995683,73.9622089131269
159,132,15,162,127.25,216.478810744685,145.107846995683,73.9622089131269
159,132,16,163,126.73,216.478810744685,145.107846995683,73.9622089131269
159,132,17,154,119.87,216.478810744685,145.107846995683,73.9622089131269
159,132,18,145,106.05,216.478810744685,145.107846995683,73.9622089131269
159,132,19,158,96.08,216.478810744685,145.107846995683,73.9622089131269
159,132,20,91,89.13,216.478810744685,145.107846995683,73.9622089131269
159,132,21,39,77.75,216.478810744685,145.107846995683,73.9622089131269
159,132,22,37,90.4,216.478810744685,145.107846995683,73.9622089131269
159,132,23,31,86.61,216.478810744685,145.107846995683,73.9622089131269
160,132,0,23,57.17,115.64607649588,77.5186870072327,39.511669711913
160,132,1,39,54.03,115.64607649588,77.5186870072327,39.511669711913
160,132,2,132,54.53,115.64607649588,77.5186870072327,39.511669711913
160,132,3,415,59.68,115.64607649588,77.5186870072327,39.511669711913
160,132,4,965,62.35,115.64607649588,77.5186870072327,39.511669711913
160,132,5,1129,65.42,115.64607649588,77.5186870072327,39.511669711913
160,132,6,775,70.83,115.64607649588,77.5186870072327,39.511669711913
160,132,7,539,72.25,115.64607649588,77.5186870072327,39.511669711913
160,132,8,419,71.14,115.64607649588,77.5186870072327,39.511669711913
160,132,9,377,68.53,115.64607649588,77.5186870072327,39.511669711913
160,132,10,345,67.18,115.64607649588,77.5186870072327,39.511669711913
160,132,11,314,64.87,115.64607649588,77.5186870072327,39.511669711913
160,132,12,359,69.31,115.64607649588,77.5186870072327,39.511669711913
160,132,13,523,71.03,115.64607649588,77.5186870072327,39.511669711913
160,132,14,548,76.35,115.64607649588,77.5186870072327,39.511669711913
160,132,15,709,75.88,115.64607649588,77.5186870072327,39.511669711913
160,132,16,516,79.91,115.64607649588,77.5186870072327,39.511669711913
160,132,17,418,78.66,115.64607649588,77.5186870072327,39.511669711913
160,132,18,402,71.76,115.64607649588,77.5186870072327,39.511669711913
160,132,19,306,66.08,115.64607649588,77.5186870072327,39.511669711913
160,132,20,249,62.18,115.64607649588,77.5186870072327,39.511669711913
160,132,21,139,60.11,115.64607649588,77.5186870072327,39.511669711913
160,132,22,65,62.15,115.64607649588,77.5186870072327,39.511669711913
160,132,23,49,63.67,115.64607649588,77.5186870072327,39.511669711913
161,132,0,88,101.73,202.497445722592,135.736002382173,69.1853319656904
161,132,1,84,88.97,202.497445722592,135.736002382173,69.1853319656904
161,132,2,183,88.27,202.497445722592,135.736002382173,69.1853319656904
161,132,3,843,117.29,202.497445722592,135.736002382173,69.1853319656904
161,132,4,2528,110.79,202.497445722592,135.736002382173,69.1853319656904
161,132,5,3656,104.07,202.497445722592,135.736002382173,69.1853319656904
161,132,6,3556,115.12,202.497445722592,135.736002382173,69.1853319656904
161,132,7,3091,116.13,202.497445722592,135.736002382173,69.1853319656904
161,132,8,3269,127.95,202.497445722592,135.736002382173,69.1853319656904
161,132,9,3371,131.69,202.497445722592,135.736002382173,69.1853319656904
161,132,10,3839,142.44,202.497445722592,135.736002382173,69.1853319656904
161,132,11,4661,126.49,202.497445722592,135.736002382173,69.1853319656904
161,132,12,6531,139.66,202.497445722592,135.736002382173,69.1853319656904
161,132,13,8185,144.39,202.497445722592,135.736002382173,69.1853319656904
161,132,14,9298,155.31,202.497445722592,135.736002382173,69.1853319656904
161,132,15,8930,164.7,202.497445722592,135.736002382173,69.1853319656904
161,132,16,7636,167.41,202.497445722592,135.736002382173,69.1853319656904
161,132,17,5668,163.33,202.497445722592,135.736002382173,69.1853319656904
161,132,18,3847,148.64,202.497445722592,135.736002382173,69.1853319656904
161,132,19,2735,121.78,202.497445722592,135.736002382173,69.1853319656904
161,132,20,1637,115.02,202.497445722592,135.736002382173,69.1853319656904
161,132,21,808,114.24,202.497445722592,135.736002382173,69.1853319656904
161,132,22,467,137.96,202.497445722592,135.736002382173,69.1853319656904
161,132,23,199,110.99,202.497445722592,135.736002382173,69.1853319656904
162,132,0,59,94.87,198.239125874241,132.881609276041,67.7304332568549
162,132,1,116,81.91,198.239125874241,132.881609276041,67.7304332568549
162,132,2,158,81.38,198.239125874241,132.881609276041,67.7304332568549
162,132,3,793,86.9,198.239125874241,132.881609276041,67.7304332568549
162,132,4,2653,109.16,198.239125874241,132.881609276041,67.7304332568549
162,132,5,3733,103.44,198.239125874241,132.881609276041,67.7304332568549
162,132,6,3529,105.96,198.239125874241,132.881609276041,67.7304332568549
162,132,7,2976,105.79,198.239125874241,132.881609276041,67.7304332568549
162,132,8,2857,110.18,198.239125874241,132.881609276041,67.7304332568549
162,132,9,3091,119.95,198.239125874241,132.881609276041,67.7304332568549
162,132,10,3291,113.6,198.239125874241,132.881609276041,67.7304332568549
162,132,11,3610,129.89,198.239125874241,132.881609276041,67.7304332568549
162,132,12,4823,130.18,198.239125874241,132.881609276041,67.7304332568549
162,132,13,6104,130.35,198.239125874241,132.881609276041,67.7304332568549
162,132,14,6785,145.32,198.239125874241,132.881609276041,67.7304332568549
162,132,15,6346,156.69,198.239125874241,132.881609276041,67.7304332568549
162,132,16,5799,153.82,198.239125874241,132.881609276041,67.7304332568549
162,132,17,4225,139.2,198.239125874241,132.881609276041,67.7304332568549
162,132,18,2881,138.84,198.239125874241,132.881609276041,67.7304332568549
162,132,19,2016,111.2,198.239125874241,132.881609276041,67.7304332568549
162,132,20,1243,103.06,198.239125874241,132.881609276041,67.7304332568549
162,132,21,678,100.77,198.239125874241,132.881609276041,67.7304332568549
162,132,22,405,102.09,198.239125874241,132.881609276041,67.7304332568549
162,132,23,192,133.5,198.239125874241,132.881609276041,67.7304332568549
163,132,0,86,121.1,206.618056772118,138.49808794448,70.5931810491473
163,132,1,64,87.97,206.618056772118,138.49808794448,70.5931810491473
163,132,2,181,88.36,206.618056772118,138.49808794448,70.5931810491473
163,132,3,961,97.95,206.618056772118,138.49808794448,70.5931810491473
163,132,4,3072,103.75,206.618056772118,138.49808794448,70.5931810491473
163,132,5,4434,107.83,206.618056772118,138.49808794448,70.5931810491473
163,132,6,4301,126.9,206.618056772118,138.49808794448,70.5931810491473
163,132,7,3679,127.11,206.618056772118,138.49808794448,70.5931810491473
163,132,8,3655,140.2,206.618056772118,138.49808794448,70.5931810491473
163,132,9,3697,128.65,206.618056772118,138.49808794448,70.5931810491473
163,132,10,3760,129.59,206.618056772118,138.49808794448,70.5931810491473
163,132,11,4303,132.43,206.618056772118,138.49808794448,70.5931810491473
163,132,12,5456,145.72,206.618056772118,138.49808794448,70.5931810491473
163,132,13,6726,152.79,206.618056772118,138.49808794448,70.5931810491473
163,132,14,7437,159.89,206.618056772118,138.49808794448,70.5931810491473
163,132,15,6646,163.55,206.618056772118,138.49808794448,70.5931810491473
163,132,16,5810,168.19,206.618056772118,138.49808794448,70.5931810491473
163,132,17,4235,157.81,206.618056772118,138.49808794448,70.5931810491473
163,132,18,3096,154.58,206.618056772118,138.49808794448,70.5931810491473
163,132,19,2304,125.81,206.618056772118,138.49808794448,70.5931810491473
163,132,20,1396,134.86,206.618056772118,138.49808794448,70.5931810491473
163,132,21,750,142.81,206.618056772118,138.49808794448,70.5931810491473
163,132,22,497,118.59,206.618056772118,138.49808794448,70.5931810491473
163,132,23,217,116.57,206.618056772118,138.49808794448,70.5931810491473
164,132,0,112,95.32,201.466894761171,135.045214074917,68.8332336460347
164,132,1,114,85.71,201.466894761171,135.045214074917,68.8332336460347
164,132,2,283,78.21,201.466894761171,135.045214074917,68.8332336460347
164,132,3,1400,86.3,201.466894761171,135.045214074917,68.8332336460347
164,132,4,4333,92.37,201.466894761171,135.045214074917,68.8332336460347
164,132,5,6458,101.73,201.466894761171,135.045214074917,68.8332336460347
164,132,6,5939,100.66,201.466894761171,135.045214074917,68.8332336460347
164,132,7,4958,112.7,201.466894761171,135.045214074917,68.8332336460347
164,132,8,5144,114.06,201.466894761171,135.045214074917,68.8332336460347
164,132,9,5145,113.41,201.466894761171,135.045214074917,68.8332336460347
164,132,10,4862,119.84,201.466894761171,135.045214074917,68.8332336460347
164,132,11,5301,119.39,201.466894761171,135.045214074917,68.8332336460347
164,132,12,6756,128.9,201.466894761171,135.045214074917,68.8332336460347
164,132,13,8286,133.77,201.466894761171,135.045214074917,68.8332336460347
164,132,14,9153,142.53,201.466894761171,135.045214074917,68.8332336460347
164,132,15,8077,152.41,201.466894761171,135.045214074917,68.8332336460347
164,132,16,7406,148.08,201.466894761171,135.045214074917,68.8332336460347
164,132,17,5605,146.55,201.466894761171,135.045214074917,68.8332336460347
164,132,18,4199,136.66,201.466894761171,135.045214074917,68.8332336460347
164,132,19,3271,125.96,201.466894761171,135.045214074917,68.8332336460347
164,132,20,2142,102.96,201.466894761171,135.045214074917,68.8332336460347
164,132,21,1285,118.85,201.466894761171,135.045214074917,68.8332336460347
164,132,22,768,105.95,201.466894761171,135.045214074917,68.8332336460347
164,132,23,279,107.51,201.466894761171,135.045214074917,68.8332336460347
165,132,0,32,70.52,145.329879365386,97.4160280459283,49.6534458128533
165,132,1,18,62.5,145.329879365386,97.4160280459283,49.6534458128533
165,132,2,89,67.42,145.329879365386,97.4160280459283,49.6534458128533
165,132,3,394,74,145.329879365386,97.4160280459283,49.6534458128533
165,132,4,1058,75.99,145.329879365386,97.4160280459283,49.6534458128533
165,132,5,1440,81.83,145.329879365386,97.4160280459283,49.6534458128533
165,132,6,1216,82.29,145.329879365386,97.4160280459283,49.6534458128533
165,132,7,1037,87.15,145.329879365386,97.4160280459283,49.6534458128533
165,132,8,917,87.81,145.329879365386,97.4160280459283,49.6534458128533
165,132,9,749,81.13,145.329879365386,97.4160280459283,49.6534458128533
165,132,10,487,82.67,145.329879365386,97.4160280459283,49.6534458128533
165,132,11,425,83.84,145.329879365386,97.4160280459283,49.6534458128533
165,132,12,621,84.95,145.329879365386,97.4160280459283,49.6534458128533
165,132,13,731,88.38,145.329879365386,97.4160280459283,49.6534458128533
165,132,14,710,95.85,145.329879365386,97.4160280459283,49.6534458128533
165,132,15,676,96.61,145.329879365386,97.4160280459283,49.6534458128533
165,132,16,626,97.54,145.329879365386,97.4160280459283,49.6534458128533
165,132,17,623,96.66,145.329879365386,97.4160280459283,49.6534458128533
165,132,18,506,88.26,145.329879365386,97.4160280459283,49.6534458128533
165,132,19,493,84.1,145.329879365386,97.4160280459283,49.6534458128533
165,132,20,437,81.43,145.329879365386,97.4160280459283,49.6534458128533
165,132,21,222,79.26,145.329879365386,97.4160280459283,49.6534458128533
165,132,22,112,72.62,145.329879365386,97.4160280459283,49.6534458128533
165,132,23,60,70.81,145.329879365386,97.4160280459283,49.6534458128533
166,132,0,42,93.45,231.293021944371,155.03795648183,79.0236363104094
166,132,1,57,88.01,231.293021944371,155.03795648183,79.0236363104094
166,132,2,168,88.69,231.293021944371,155.03795648183,79.0236363104094
166,132,3,557,91.7,231.293021944371,155.03795648183,79.0236363104094
166,132,4,1493,94.92,231.293021944371,155.03795648183,79.0236363104094
166,132,5,1834,99.27,231.293021944371,155.03795648183,79.0236363104094
166,132,6,1794,104.19,231.293021944371,155.03795648183,79.0236363104094
166,132,7,1601,110.09,231.293021944371,155.03795648183,79.0236363104094
166,132,8,1328,112.09,231.293021944371,155.03795648183,79.0236363104094
166,132,9,1174,111.35,231.293021944371,155.03795648183,79.0236363104094
166,132,10,1146,113.25,231.293021944371,155.03795648183,79.0236363104094
166,132,11,975,117.56,231.293021944371,155.03795648183,79.0236363104094
166,132,12,1324,121.83,231.293021944371,155.03795648183,79.0236363104094
166,132,13,1741,127.23,231.293021944371,155.03795648183,79.0236363104094
166,132,14,2074,145.2,231.293021944371,155.03795648183,79.0236363104094
166,132,15,1914,143.59,231.293021944371,155.03795648183,79.0236363104094
166,132,16,1880,146.69,231.293021944371,155.03795648183,79.0236363104094
166,132,17,1633,151.27,231.293021944371,155.03795648183,79.0236363104094
166,132,18,1399,124.08,231.293021944371,155.03795648183,79.0236363104094
166,132,19,1245,111.73,231.293021944371,155.03795648183,79.0236363104094
166,132,20,1012,100.74,231.293021944371,155.03795648183,79.0236363104094
166,132,21,618,95.91,231.293021944371,155.03795648183,79.0236363104094
166,132,22,304,101.47,231.293021944371,155.03795648183,79.0236363104094
166,132,23,89,103.34,231.293021944371,155.03795648183,79.0236363104094
167,132,0,19,86.04,221.09160757836,148.19984946401,75.5382183244516
167,132,1,43,77.79,221.09160757836,148.19984946401,75.5382183244516
167,132,2,141,77.47,221.09160757836,148.19984946401,75.5382183244516
167,132,3,231,80.94,221.09160757836,148.19984946401,75.5382183244516
167,132,4,343,87.76,221.09160757836,148.19984946401,75.5382183244516
167,132,5,411,90.32,221.09160757836,148.19984946401,75.5382183244516
167,132,6,257,94.75,221.09160757836,148.19984946401,75.5382183244516
167,132,7,127,103.37,221.09160757836,148.19984946401,75.5382183244516
167,132,8,166,97.17,221.09160757836,148.19984946401,75.5382183244516
167,132,9,125,100.28,221.09160757836,148.19984946401,75.5382183244516
167,132,10,152,100.34,221.09160757836,148.19984946401,75.5382183244516
167,132,11,106,105.49,221.09160757836,148.19984946401,75.5382183244516
167,132,12,110,105.81,221.09160757836,148.19984946401,75.5382183244516
167,132,13,114,111.58,221.09160757836,148.19984946401,75.5382183244516
167,132,14,114,116.62,221.09160757836,148.19984946401,75.5382183244516
167,132,15,116,124.2,221.09160757836,148.19984946401,75.5382183244516
167,132,16,130,125.2,221.09160757836,148.19984946401,75.5382183244516
167,132,17,123,120.39,221.09160757836,148.19984946401,75.5382183244516
167,132,18,117,106.92,221.09160757836,148.19984946401,75.5382183244516
167,132,19,94,96.05,221.09160757836,148.19984946401,75.5382183244516
167,132,20,81,88.98,221.09160757836,148.19984946401,75.5382183244516
167,132,21,51,206.88,221.09160757836,148.19984946401,75.5382183244516
167,132,22,30,89.17,221.09160757836,148.19984946401,75.5382183244516
167,132,23,27,87.4,221.09160757836,148.19984946401,75.5382183244516
168,132,0,43,75.35,208.237997077116,139.583949646654,71.1466502910234
168,132,1,92,71.74,208.237997077116,139.583949646654,71.1466502910234
168,132,2,204,73.02,208.237997077116,139.583949646654,71.1466502910234
168,132,3,388,76.76,208.237997077116,139.583949646654,71.1466502910234
168,132,4,709,79.81,208.237997077116,139.583949646654,71.1466502910234
168,132,5,890,82.77,208.237997077116,139.583949646654,71.1466502910234
168,132,6,551,86.89,208.237997077116,139.583949646654,71.1466502910234
168,132,7,444,88.87,208.237997077116,139.583949646654,71.1466502910234
168,132,8,372,90.41,208.237997077116,139.583949646654,71.1466502910234
168,132,9,371,90.31,208.237997077116,139.583949646654,71.1466502910234
168,132,10,366,93.13,208.237997077116,139.583949646654,71.1466502910234
168,132,11,389,96.13,208.237997077116,139.583949646654,71.1466502910234
168,132,12,370,97.77,208.237997077116,139.583949646654,71.1466502910234
168,132,13,360,103.04,208.237997077116,139.583949646654,71.1466502910234
168,132,14,450,106.91,208.237997077116,139.583949646654,71.1466502910234
168,132,15,374,113.54,208.237997077116,139.583949646654,71.1466502910234
168,132,16,381,118.31,208.237997077116,139.583949646654,71.1466502910234
168,132,17,329,113.15,208.237997077116,139.583949646654,71.1466502910234
168,132,18,313,103.23,208.237997077116,139.583949646654,71.1466502910234
168,132,19,252,92.14,208.237997077116,139.583949646654,71.1466502910234
168,132,20,216,83.14,208.237997077116,139.583949646654,71.1466502910234
168,132,21,111,79.35,208.237997077116,139.583949646654,71.1466502910234
168,132,22,65,82.34,208.237997077116,139.583949646654,71.1466502910234
168,132,23,46,86.59,208.237997077116,139.583949646654,71.1466502910234
169,132,0,29,88.07,242.603981300721,162.619802270846,82.888141737266
169,132,1,88,79.82,242.603981300721,162.619802270846,82.888141737266
169,132,2,213,80.56,242.603981300721,162.619802270846,82.888141737266
169,132,3,299,83.09,242.603981300721,162.619802270846,82.888141737266
169,132,4,478,88.01,242.603981300721,162.619802270846,82.888141737266
169,132,5,479,90.6,242.603981300721,162.619802270846,82.888141737266
169,132,6,303,96.97,242.603981300721,162.619802270846,82.888141737266
169,132,7,212,103.12,242.603981300721,162.619802270846,82.888141737266
169,132,8,186,101.56,242.603981300721,162.619802270846,82.888141737266
169,132,9,178,98.55,242.603981300721,162.619802270846,82.888141737266
169,132,10,169,103.25,242.603981300721,162.619802270846,82.888141737266
169,132,11,162,102.08,242.603981300721,162.619802270846,82.888141737266
169,132,12,144,108.72,242.603981300721,162.619802270846,82.888141737266
169,132,13,172,115.36,242.603981300721,162.619802270846,82.888141737266
169,132,14,137,115.98,242.603981300721,162.619802270846,82.888141737266
169,132,15,177,120.03,242.603981300721,162.619802270846,82.888141737266
169,132,16,206,123.2,242.603981300721,162.619802270846,82.888141737266
169,132,17,235,117.77,242.603981300721,162.619802270846,82.888141737266
169,132,18,168,105.26,242.603981300721,162.619802270846,82.888141737266
169,132,19,167,94.97,242.603981300721,162.619802270846,82.888141737266
169,132,20,106,94.03,242.603981300721,162.619802270846,82.888141737266
169,132,21,62,83.06,242.603981300721,162.619802270846,82.888141737266
169,132,22,26,84.49,242.603981300721,162.619802270846,82.888141737266
169,132,23,23,93.18,242.603981300721,162.619802270846,82.888141737266
170,132,0,86,92.77,196.564928945795,131.759378832804,67.1584266823665
170,132,1,103,92.15,196.564928945795,131.759378832804,67.1584266823665
170,132,2,229,77.78,196.564928945795,131.759378832804,67.1584266823665
170,132,3,986,82.86,196.564928945795,131.759378832804,67.1584266823665
170,132,4,3601,84.88,196.564928945795,131.759378832804,67.1584266823665
170,132,5,5706,87.84,196.564928945795,131.759378832804,67.1584266823665
170,132,6,4924,93.1,196.564928945795,131.759378832804,67.1584266823665
170,132,7,3932,100.25,196.564928945795,131.759378832804,67.1584266823665
170,132,8,3686,111.75,196.564928945795,131.759378832804,67.1584266823665
170,132,9,3673,103.58,196.564928945795,131.759378832804,67.1584266823665
170,132,10,3705,113.42,196.564928945795,131.759378832804,67.1584266823665
170,132,11,3672,104.76,196.564928945795,131.759378832804,67.1584266823665
170,132,12,4580,118.01,196.564928945795,131.759378832804,67.1584266823665
170,132,13,6124,130.55,196.564928945795,131.759378832804,67.1584266823665
170,132,14,7169,128.9,196.564928945795,131.759378832804,67.1584266823665
170,132,15,6797,140.7,196.564928945795,131.759378832804,67.1584266823665
170,132,16,6683,141.77,196.564928945795,131.759378832804,67.1584266823665
170,132,17,4674,132.6,196.564928945795,131.759378832804,67.1584266823665
170,132,18,3535,125.16,196.564928945795,131.759378832804,67.1584266823665
170,132,19,2583,103.43,196.564928945795,131.759378832804,67.1584266823665
170,132,20,1719,109.94,196.564928945795,131.759378832804,67.1584266823665
170,132,21,996,92.83,196.564928945795,131.759378832804,67.1584266823665
170,132,22,548,93.62,196.564928945795,131.759378832804,67.1584266823665
170,132,23,234,95.44,196.564928945795,131.759378832804,67.1584266823665
171,132,0,26,65.05,136.969337365301,91.8118756340782,46.7969807763444
171,132,1,25,59.79,136.969337365301,91.8118756340782,46.7969807763444
171,132,2,74,58.37,136.969337365301,91.8118756340782,46.7969807763444
171,132,3,354,58.71,136.969337365301,91.8118756340782,46.7969807763444
171,132,4,527,64.5,136.969337365301,91.8118756340782,46.7969807763444
171,132,5,662,67.9,136.969337365301,91.8118756340782,46.7969807763444
171,132,6,516,69.44,136.969337365301,91.8118756340782,46.7969807763444
171,132,7,421,69.11,136.969337365301,91.8118756340782,46.7969807763444
171,132,8,318,70.73,136.969337365301,91.8118756340782,46.7969807763444
171,132,9,293,69.52,136.969337365301,91.8118756340782,46.7969807763444
171,132,10,265,72.94,136.969337365301,91.8118756340782,46.7969807763444
171,132,11,261,71.9,136.969337365301,91.8118756340782,46.7969807763444
171,132,12,241,78.62,136.969337365301,91.8118756340782,46.7969807763444
171,132,13,333,110.44,136.969337365301,91.8118756340782,46.7969807763444
171,132,14,348,82.55,136.969337365301,91.8118756340782,46.7969807763444
171,132,15,362,88.52,136.969337365301,91.8118756340782,46.7969807763444
171,132,16,363,83.82,136.969337365301,91.8118756340782,46.7969807763444
171,132,17,287,80.68,136.969337365301,91.8118756340782,46.7969807763444
171,132,18,241,76.54,136.969337365301,91.8118756340782,46.7969807763444
171,132,19,221,86.54,136.969337365301,91.8118756340782,46.7969807763444
171,132,20,215,62.55,136.969337365301,91.8118756340782,46.7969807763444
171,132,21,179,64.32,136.969337365301,91.8118756340782,46.7969807763444
171,132,22,105,65.1,136.969337365301,91.8118756340782,46.7969807763444
171,132,23,59,67.92,136.969337365301,91.8118756340782,46.7969807763444
172,132,0,4,97.26,273.105870068198,183.065514223553,93.3094252869331
172,132,1,7,97.57,273.105870068198,183.065514223553,93.3094252869331
172,132,2,14,114.24,273.105870068198,183.065514223553,93.3094252869331
172,132,3,37,107.88,273.105870068198,183.065514223553,93.3094252869331
172,132,4,74,109.87,273.105870068198,183.065514223553,93.3094252869331
172,132,5,69,111.64,273.105870068198,183.065514223553,93.3094252869331
172,132,6,44,120.77,273.105870068198,183.065514223553,93.3094252869331
172,132,7,36,130.33,273.105870068198,183.065514223553,93.3094252869331
172,132,8,37,130.83,273.105870068198,183.065514223553,93.3094252869331
172,132,9,44,122.78,273.105870068198,183.065514223553,93.3094252869331
172,132,10,28,117.85,273.105870068198,183.065514223553,93.3094252869331
172,132,11,33,122.49,273.105870068198,183.065514223553,93.3094252869331
172,132,12,35,139.04,273.105870068198,183.065514223553,93.3094252869331
172,132,13,37,134.14,273.105870068198,183.065514223553,93.3094252869331
172,132,14,35,136.62,273.105870068198,183.065514223553,93.3094252869331
172,132,15,32,150.96,273.105870068198,183.065514223553,93.3094252869331
172,132,16,36,137.5,273.105870068198,183.065514223553,93.3094252869331
172,132,17,37,145.02,273.105870068198,183.065514223553,93.3094252869331
172,132,18,25,131.69,273.105870068198,183.065514223553,93.3094252869331
172,132,19,24,128.32,273.105870068198,183.065514223553,93.3094252869331
172,132,20,14,149.96,273.105870068198,183.065514223553,93.3094252869331
172,132,21,11,105.7,273.105870068198,183.065514223553,93.3094252869331
172,132,22,10,95.15,273.105870068198,183.065514223553,93.3094252869331
172,132,23,6,119.29,273.105870068198,183.065514223553,93.3094252869331
173,132,0,28,64.33,136.22826777449,91.3151294979244,46.543786739911
173,132,1,59,51.71,136.22826777449,91.3151294979244,46.543786739911
173,132,2,148,51.91,136.22826777449,91.3151294979244,46.543786739911
173,132,3,317,51.74,136.22826777449,91.3151294979244,46.543786739911
173,132,4,409,55.41,136.22826777449,91.3151294979244,46.543786739911
173,132,5,484,58.23,136.22826777449,91.3151294979244,46.543786739911
173,132,6,359,63.82,136.22826777449,91.3151294979244,46.543786739911
173,132,7,207,63.16,136.22826777449,91.3151294979244,46.543786739911
173,132,8,202,64.39,136.22826777449,91.3151294979244,46.543786739911
173,132,9,170,66.09,136.22826777449,91.3151294979244,46.543786739911
173,132,10,196,67.68,136.22826777449,91.3151294979244,46.543786739911
173,132,11,269,67.2,136.22826777449,91.3151294979244,46.543786739911
173,132,12,278,71,136.22826777449,91.3151294979244,46.543786739911
173,132,13,231,72.8,136.22826777449,91.3151294979244,46.543786739911
173,132,14,216,75.56,136.22826777449,91.3151294979244,46.543786739911
173,132,15,201,81.58,136.22826777449,91.3151294979244,46.543786739911
173,132,16,137,82.65,136.22826777449,91.3151294979244,46.543786739911
173,132,17,147,78.88,136.22826777449,91.3151294979244,46.543786739911
173,132,18,139,69.13,136.22826777449,91.3151294979244,46.543786739911
173,132,19,133,64.25,136.22826777449,91.3151294979244,46.543786739911
173,132,20,105,58.85,136.22826777449,91.3151294979244,46.543786739911
173,132,21,121,55.03,136.22826777449,91.3151294979244,46.543786739911
173,132,22,83,62.75,136.22826777449,91.3151294979244,46.543786739911
173,132,23,59,63.97,136.22826777449,91.3151294979244,46.543786739911
174,132,0,19,93.14,262.68623876629,176.081134276585,89.7494512437535
174,132,1,65,84.83,262.68623876629,176.081134276585,89.7494512437535
174,132,2,147,84.02,262.68623876629,176.081134276585,89.7494512437535
174,132,3,252,85.89,262.68623876629,176.081134276585,89.7494512437535
174,132,4,350,91.33,262.68623876629,176.081134276585,89.7494512437535
174,132,5,416,93.24,262.68623876629,176.081134276585,89.7494512437535
174,132,6,252,103.01,262.68623876629,176.081134276585,89.7494512437535
174,132,7,180,103.24,262.68623876629,176.081134276585,89.7494512437535
174,132,8,173,103.99,262.68623876629,176.081134276585,89.7494512437535
174,132,9,144,99.44,262.68623876629,176.081134276585,89.7494512437535
174,132,10,158,102.36,262.68623876629,176.081134276585,89.7494512437535
174,132,11,180,105.43,262.68623876629,176.081134276585,89.7494512437535
174,132,12,151,111.76,262.68623876629,176.081134276585,89.7494512437535
174,132,13,217,113.41,262.68623876629,176.081134276585,89.7494512437535
174,132,14,205,126.86,262.68623876629,176.081134276585,89.7494512437535
174,132,15,208,134.67,262.68623876629,176.081134276585,89.7494512437535
174,132,16,198,133.13,262.68623876629,176.081134276585,89.7494512437535
174,132,17,168,126.02,262.68623876629,176.081134276585,89.7494512437535
174,132,18,142,108.57,262.68623876629,176.081134276585,89.7494512437535
174,132,19,147,101.01,262.68623876629,176.081134276585,89.7494512437535
174,132,20,101,94.68,262.68623876629,176.081134276585,89.7494512437535
174,132,21,55,85.03,262.68623876629,176.081134276585,89.7494512437535
174,132,22,33,90.95,262.68623876629,176.081134276585,89.7494512437535
174,132,23,15,97.9,262.68623876629,176.081134276585,89.7494512437535
175,132,0,12,52.47,109.05361740506,73.099697722391,37.2592883594417
175,132,1,14,49.66,109.05361740506,73.099697722391,37.2592883594417
175,132,2,70,51.17,109.05361740506,73.099697722391,37.2592883594417
175,132,3,260,55.58,109.05361740506,73.099697722391,37.2592883594417
175,132,4,636,56.68,109.05361740506,73.099697722391,37.2592883594417
175,132,5,791,61.09,109.05361740506,73.099697722391,37.2592883594417
175,132,6,567,64.96,109.05361740506,73.099697722391,37.2592883594417
175,132,7,413,63.67,109.05361740506,73.099697722391,37.2592883594417
175,132,8,324,59.17,109.05361740506,73.099697722391,37.2592883594417
175,132,9,314,58.48,109.05361740506,73.099697722391,37.2592883594417
175,132,10,209,57.82,109.05361740506,73.099697722391,37.2592883594417
175,132,11,208,56.95,109.05361740506,73.099697722391,37.2592883594417
175,132,12,218,58.5,109.05361740506,73.099697722391,37.2592883594417
175,132,13,321,56.73,109.05361740506,73.099697722391,37.2592883594417
175,132,14,327,62.39,109.05361740506,73.099697722391,37.2592883594417
175,132,15,291,64.41,109.05361740506,73.099697722391,37.2592883594417
175,132,16,278,69.35,109.05361740506,73.099697722391,37.2592883594417
175,132,17,323,68.48,109.05361740506,73.099697722391,37.2592883594417
175,132,18,234,64.34,109.05361740506,73.099697722391,37.2592883594417
175,132,19,203,60.05,109.05361740506,73.099697722391,37.2592883594417
175,132,20,177,59.08,109.05361740506,73.099697722391,37.2592883594417
175,132,21,111,54.65,109.05361740506,73.099697722391,37.2592883594417
175,132,22,60,57.72,109.05361740506,73.099697722391,37.2592883594417
175,132,23,30,51.1,109.05361740506,73.099697722391,37.2592883594417
176,132,2,10,112.29,289.589952405811,194.114954533587,98.9413813079482
176,132,3,32,110.44,289.589952405811,194.114954533587,98.9413813079482
176,132,4,64,115.2,289.589952405811,194.114954533587,98.9413813079482
176,132,5,55,119.45,289.589952405811,194.114954533587,98.9413813079482
176,132,6,54,123.8,289.589952405811,194.114954533587,98.9413813079482
176,132,7,39,139.3,289.589952405811,194.114954533587,98.9413813079482
176,132,8,26,129.88,289.589952405811,194.114954533587,98.9413813079482
176,132,9,19,134.31,289.589952405811,194.114954533587,98.9413813079482
176,132,10,19,133.59,289.589952405811,194.114954533587,98.9413813079482
176,132,11,13,138.4,289.589952405811,194.114954533587,98.9413813079482
176,132,12,23,136.65,289.589952405811,194.114954533587,98.9413813079482
176,132,13,32,152.98,289.589952405811,194.114954533587,98.9413813079482
176,132,14,26,153.24,289.589952405811,194.114954533587,98.9413813079482
176,132,15,36,158.64,289.589952405811,194.114954533587,98.9413813079482
176,132,16,26,159.49,289.589952405811,194.114954533587,98.9413813079482
176,132,17,28,164.37,289.589952405811,194.114954533587,98.9413813079482
176,132,18,15,133.84,289.589952405811,194.114954533587,98.9413813079482
176,132,19,12,136.19,289.589952405811,194.114954533587,98.9413813079482
176,132,20,8,133.9,289.589952405811,194.114954533587,98.9413813079482
176,132,21,5,107.81,289.589952405811,194.114954533587,98.9413813079482
176,132,22,5,106.43,289.589952405811,194.114954533587,98.9413813079482
176,132,23,3,109.84,289.589952405811,194.114954533587,98.9413813079482
177,132,0,235,47.33,115.19699878698,77.2176658622621,39.3582377006707
177,132,1,104,51.68,115.19699878698,77.2176658622621,39.3582377006707
177,132,2,209,55.93,115.19699878698,77.2176658622621,39.3582377006707
177,132,3,1170,53.49,115.19699878698,77.2176658622621,39.3582377006707
177,132,4,1676,57.27,115.19699878698,77.2176658622621,39.3582377006707
177,132,5,1940,60.8,115.19699878698,77.2176658622621,39.3582377006707
177,132,6,1544,62.18,115.19699878698,77.2176658622621,39.3582377006707
177,132,7,1163,66.5,115.19699878698,77.2176658622621,39.3582377006707
177,132,8,898,65.63,115.19699878698,77.2176658622621,39.3582377006707
177,132,9,897,59.18,115.19699878698,77.2176658622621,39.3582377006707
177,132,10,807,56.47,115.19699878698,77.2176658622621,39.3582377006707
177,132,11,898,56.17,115.19699878698,77.2176658622621,39.3582377006707
177,132,12,935,60.91,115.19699878698,77.2176658622621,39.3582377006707
177,132,13,1082,60.43,115.19699878698,77.2176658622621,39.3582377006707
177,132,14,1206,63.55,115.19699878698,77.2176658622621,39.3582377006707
177,132,15,985,66.81,115.19699878698,77.2176658622621,39.3582377006707
177,132,16,932,69.69,115.19699878698,77.2176658622621,39.3582377006707
177,132,17,892,68.53,115.19699878698,77.2176658622621,39.3582377006707
177,132,18,835,62.69,115.19699878698,77.2176658622621,39.3582377006707
177,132,19,744,59.05,115.19699878698,77.2176658622621,39.3582377006707
177,132,20,488,57.56,115.19699878698,77.2176658622621,39.3582377006707
177,132,21,359,53.37,115.19699878698,77.2176658622621,39.3582377006707
177,132,22,246,52.31,115.19699878698,77.2176658622621,39.3582377006707
177,132,23,275,49.02,115.19699878698,77.2176658622621,39.3582377006707
178,132,0,5,84.1,156.653384629385,105.006283478554,53.5222376779038
178,132,1,9,66.07,156.653384629385,105.006283478554,53.5222376779038
178,132,2,13,69.33,156.653384629385,105.006283478554,53.5222376779038
178,132,3,111,77.44,156.653384629385,105.006283478554,53.5222376779038
178,132,4,344,83.34,156.653384629385,105.006283478554,53.5222376779038
178,132,5,472,87.65,156.653384629385,105.006283478554,53.5222376779038
178,132,6,348,90.96,156.653384629385,105.006283478554,53.5222376779038
178,132,7,281,94.48,156.653384629385,105.006283478554,53.5222376779038
178,132,8,243,93.88,156.653384629385,105.006283478554,53.5222376779038
178,132,9,182,90.6,156.653384629385,105.006283478554,53.5222376779038
178,132,10,126,89.42,156.653384629385,105.006283478554,53.5222376779038
178,132,11,109,95.78,156.653384629385,105.006283478554,53.5222376779038
178,132,12,126,91.98,156.653384629385,105.006283478554,53.5222376779038
178,132,13,220,112.96,156.653384629385,105.006283478554,53.5222376779038
178,132,14,178,106.39,156.653384629385,105.006283478554,53.5222376779038
178,132,15,149,110.35,156.653384629385,105.006283478554,53.5222376779038
178,132,16,128,113.3,156.653384629385,105.006283478554,53.5222376779038
178,132,17,163,110.61,156.653384629385,105.006283478554,53.5222376779038
178,132,18,151,94.63,156.653384629385,105.006283478554,53.5222376779038
178,132,19,143,90.19,156.653384629385,105.006283478554,53.5222376779038
178,132,20,154,84.41,156.653384629385,105.006283478554,53.5222376779038
178,132,21,77,83.11,156.653384629385,105.006283478554,53.5222376779038
178,132,22,54,80.89,156.653384629385,105.006283478554,53.5222376779038
178,132,23,47,78.22,156.653384629385,105.006283478554,53.5222376779038
179,132,0,25,72.79,183.340450224559,122.894882449636,62.6401477127871
179,132,1,44,63.91,183.340450224559,122.894882449636,62.6401477127871
179,132,2,118,66.17,183.340450224559,122.894882449636,62.6401477127871
179,132,3,506,68.15,183.340450224559,122.894882449636,62.6401477127871
179,132,4,1263,68.63,183.340450224559,122.894882449636,62.6401477127871
179,132,5,1845,71.79,183.340450224559,122.894882449636,62.6401477127871
179,132,6,1370,75.46,183.340450224559,122.894882449636,62.6401477127871
179,132,7,1058,78.2,183.340450224559,122.894882449636,62.6401477127871
179,132,8,810,79.72,183.340450224559,122.894882449636,62.6401477127871
179,132,9,743,76.85,183.340450224559,122.894882449636,62.6401477127871
179,132,10,622,80.45,183.340450224559,122.894882449636,62.6401477127871
179,132,11,614,83.25,183.340450224559,122.894882449636,62.6401477127871
179,132,12,636,86.34,183.340450224559,122.894882449636,62.6401477127871
179,132,13,961,91.02,183.340450224559,122.894882449636,62.6401477127871
179,132,14,1061,95.6,183.340450224559,122.894882449636,62.6401477127871
179,132,15,1100,103,183.340450224559,122.894882449636,62.6401477127871
179,132,16,1040,114.61,183.340450224559,122.894882449636,62.6401477127871
179,132,17,938,101.33,183.340450224559,122.894882449636,62.6401477127871
179,132,18,783,91.64,183.340450224559,122.894882449636,62.6401477127871
179,132,19,626,81.91,183.340450224559,122.894882449636,62.6401477127871
179,132,20,441,72.05,183.340450224559,122.894882449636,62.6401477127871
179,132,21,324,69.57,183.340450224559,122.894882449636,62.6401477127871
179,132,22,172,73.12,183.340450224559,122.894882449636,62.6401477127871
179,132,23,77,75.05,183.340450224559,122.894882449636,62.6401477127871
180,132,0,92,31.88,66.2676860038809,44.4198728195628,22.6410354877139
180,132,1,89,28.9,66.2676860038809,44.4198728195628,22.6410354877139
180,132,2,216,33.21,66.2676860038809,44.4198728195628,22.6410354877139
180,132,3,711,33.23,66.2676860038809,44.4198728195628,22.6410354877139
180,132,4,1315,32.6,66.2676860038809,44.4198728195628,22.6410354877139
180,132,5,1866,34.13,66.2676860038809,44.4198728195628,22.6410354877139
180,132,6,1128,36.31,66.2676860038809,44.4198728195628,22.6410354877139
180,132,7,1065,36.17,66.2676860038809,44.4198728195628,22.6410354877139
180,132,8,1319,33.17,66.2676860038809,44.4198728195628,22.6410354877139
180,132,9,1163,32.95,66.2676860038809,44.4198728195628,22.6410354877139
180,132,10,1039,33.03,66.2676860038809,44.4198728195628,22.6410354877139
180,132,11,1419,32.5,66.2676860038809,44.4198728195628,22.6410354877139
180,132,12,1252,36.04,66.2676860038809,44.4198728195628,22.6410354877139
180,132,13,1424,34.72,66.2676860038809,44.4198728195628,22.6410354877139
180,132,14,1749,36.5,66.2676860038809,44.4198728195628,22.6410354877139
180,132,15,1778,36.72,66.2676860038809,44.4198728195628,22.6410354877139
180,132,16,1511,37.11,66.2676860038809,44.4198728195628,22.6410354877139
180,132,17,1350,37.16,66.2676860038809,44.4198728195628,22.6410354877139
180,132,18,1094,36.23,66.2676860038809,44.4198728195628,22.6410354877139
180,132,19,1035,34.56,66.2676860038809,44.4198728195628,22.6410354877139
180,132,20,796,33.79,66.2676860038809,44.4198728195628,22.6410354877139
180,132,21,556,33.48,66.2676860038809,44.4198728195628,22.6410354877139
180,132,22,385,32.7,66.2676860038809,44.4198728195628,22.6410354877139
180,132,23,182,31.02,66.2676860038809,44.4198728195628,22.6410354877139
181,132,0,51,90.07,166.308174575858,111.477982844921,56.8208958171318
181,132,1,52,177.28,166.308174575858,111.477982844921,56.8208958171318
181,132,2,321,81.82,166.308174575858,111.477982844921,56.8208958171318
181,132,3,872,88.77,166.308174575858,111.477982844921,56.8208958171318
181,132,4,3647,93.33,166.308174575858,111.477982844921,56.8208958171318
181,132,5,6327,100.84,166.308174575858,111.477982844921,56.8208958171318
181,132,6,5365,103.75,166.308174575858,111.477982844921,56.8208958171318
181,132,7,3974,108.81,166.308174575858,111.477982844921,56.8208958171318
181,132,8,3312,111.4,166.308174575858,111.477982844921,56.8208958171318
181,132,9,2817,106.95,166.308174575858,111.477982844921,56.8208958171318
181,132,10,2239,104.54,166.308174575858,111.477982844921,56.8208958171318
181,132,11,2276,105.97,166.308174575858,111.477982844921,56.8208958171318
181,132,12,2370,109.81,166.308174575858,111.477982844921,56.8208958171318
181,132,13,3666,115.72,166.308174575858,111.477982844921,56.8208958171318
181,132,14,3978,122.99,166.308174575858,111.477982844921,56.8208958171318
181,132,15,3753,127.05,166.308174575858,111.477982844921,56.8208958171318
181,132,16,3460,128.99,166.308174575858,111.477982844921,56.8208958171318
181,132,17,2960,121.24,166.308174575858,111.477982844921,56.8208958171318
181,132,18,2330,112.63,166.308174575858,111.477982844921,56.8208958171318
181,132,19,1823,105.78,166.308174575858,111.477982844921,56.8208958171318
181,132,20,1326,120.91,166.308174575858,111.477982844921,56.8208958171318
181,132,21,671,96.81,166.308174575858,111.477982844921,56.8208958171318
181,132,22,291,95.6,166.308174575858,111.477982844921,56.8208958171318
181,132,23,139,97.23,166.308174575858,111.477982844921,56.8208958171318
182,132,0,11,86.62,217.807906504562,145.998752777655,74.4163081292091
182,132,1,27,74.45,217.807906504562,145.998752777655,74.4163081292091
182,132,2,116,73.08,217.807906504562,145.998752777655,74.4163081292091
182,132,3,244,73.47,217.807906504562,145.998752777655,74.4163081292091
182,132,4,381,77.95,217.807906504562,145.998752777655,74.4163081292091
182,132,5,427,83.46,217.807906504562,145.998752777655,74.4163081292091
182,132,6,294,88.89,217.807906504562,145.998752777655,74.4163081292091
182,132,7,194,93.3,217.807906504562,145.998752777655,74.4163081292091
182,132,8,159,89.84,217.807906504562,145.998752777655,74.4163081292091
182,132,9,126,90.44,217.807906504562,145.998752777655,74.4163081292091
182,132,10,144,92.14,217.807906504562,145.998752777655,74.4163081292091
182,132,11,126,94.03,217.807906504562,145.998752777655,74.4163081292091
182,132,12,122,94.99,217.807906504562,145.998752777655,74.4163081292091
182,132,13,111,101.33,217.807906504562,145.998752777655,74.4163081292091
182,132,14,144,108.97,217.807906504562,145.998752777655,74.4163081292091
182,132,15,143,108.04,217.807906504562,145.998752777655,74.4163081292091
182,132,16,158,108.67,217.807906504562,145.998752777655,74.4163081292091
182,132,17,144,105.73,217.807906504562,145.998752777655,74.4163081292091
182,132,18,159,94.78,217.807906504562,145.998752777655,74.4163081292091
182,132,19,145,86.27,217.807906504562,145.998752777655,74.4163081292091
182,132,20,73,80.3,217.807906504562,145.998752777655,74.4163081292091
182,132,21,47,83.1,217.807906504562,145.998752777655,74.4163081292091
182,132,22,34,81.02,217.807906504562,145.998752777655,74.4163081292091
182,132,23,11,75.73,217.807906504562,145.998752777655,74.4163081292091
183,132,0,3,79.2,224.401046014968,150.418198154346,76.6689219540195
183,132,1,22,76.28,224.401046014968,150.418198154346,76.6689219540195
183,132,2,88,66.93,224.401046014968,150.418198154346,76.6689219540195
183,132,3,151,72.64,224.401046014968,150.418198154346,76.6689219540195
183,132,4,191,76.82,224.401046014968,150.418198154346,76.6689219540195
183,132,5,279,80.5,224.401046014968,150.418198154346,76.6689219540195
183,132,6,147,87.3,224.401046014968,150.418198154346,76.6689219540195
183,132,7,102,85.94,224.401046014968,150.418198154346,76.6689219540195
183,132,8,83,88.3,224.401046014968,150.418198154346,76.6689219540195
183,132,9,99,85.43,224.401046014968,150.418198154346,76.6689219540195
183,132,10,99,87.76,224.401046014968,150.418198154346,76.6689219540195
183,132,11,76,85.92,224.401046014968,150.418198154346,76.6689219540195
183,132,12,97,89.43,224.401046014968,150.418198154346,76.6689219540195
183,132,13,84,95.78,224.401046014968,150.418198154346,76.6689219540195
183,132,14,94,100.22,224.401046014968,150.418198154346,76.6689219540195
183,132,15,66,105.61,224.401046014968,150.418198154346,76.6689219540195
183,132,16,77,110.77,224.401046014968,150.418198154346,76.6689219540195
183,132,17,90,101.16,224.401046014968,150.418198154346,76.6689219540195
183,132,18,69,89.98,224.401046014968,150.418198154346,76.6689219540195
183,132,19,47,83.02,224.401046014968,150.418198154346,76.6689219540195
183,132,20,53,81.27,224.401046014968,150.418198154346,76.6689219540195
183,132,21,34,78.68,224.401046014968,150.418198154346,76.6689219540195
183,132,22,13,74.51,224.401046014968,150.418198154346,76.6689219540195
183,132,23,4,84.38,224.401046014968,150.418198154346,76.6689219540195
184,132,2,3,70.5,241.679584959246,162.000170435191,82.5723122337154
184,132,3,12,76.63,241.679584959246,162.000170435191,82.5723122337154
184,132,4,21,74.31,241.679584959246,162.000170435191,82.5723122337154
184,132,5,23,84.54,241.679584959246,162.000170435191,82.5723122337154
184,132,6,5,83.33,241.679584959246,162.000170435191,82.5723122337154
184,132,7,4,98.86,241.679584959246,162.000170435191,82.5723122337154
184,132,8,9,94.77,241.679584959246,162.000170435191,82.5723122337154
184,132,9,5,77.63,241.679584959246,162.000170435191,82.5723122337154
184,132,10,5,96.42,241.679584959246,162.000170435191,82.5723122337154
184,132,11,5,82.18,241.679584959246,162.000170435191,82.5723122337154
184,132,12,5,109.56,241.679584959246,162.000170435191,82.5723122337154
184,132,13,8,108.7,241.679584959246,162.000170435191,82.5723122337154
184,132,14,5,124.16,241.679584959246,162.000170435191,82.5723122337154
184,132,15,9,98.74,241.679584959246,162.000170435191,82.5723122337154
184,132,16,9,117.39,241.679584959246,162.000170435191,82.5723122337154
184,132,17,6,91.29,241.679584959246,162.000170435191,82.5723122337154
184,132,18,2,238.48,241.679584959246,162.000170435191,82.5723122337154
184,132,19,5,94.01,241.679584959246,162.000170435191,82.5723122337154
184,132,20,4,83.48,241.679584959246,162.000170435191,82.5723122337154
185,132,0,11,82.08,233.957858068475,156.824221988532,79.9341049398897
185,132,1,46,84.85,233.957858068475,156.824221988532,79.9341049398897
185,132,2,164,76.05,233.957858068475,156.824221988532,79.9341049398897
185,132,3,277,82.32,233.957858068475,156.824221988532,79.9341049398897
185,132,4,501,83.86,233.957858068475,156.824221988532,79.9341049398897
185,132,5,555,86.61,233.957858068475,156.824221988532,79.9341049398897
185,132,6,416,90.99,233.957858068475,156.824221988532,79.9341049398897
185,132,7,326,96.37,233.957858068475,156.824221988532,79.9341049398897
185,132,8,261,93.71,233.957858068475,156.824221988532,79.9341049398897
185,132,9,223,93.28,233.957858068475,156.824221988532,79.9341049398897
185,132,10,201,94.57,233.957858068475,156.824221988532,79.9341049398897
185,132,11,187,95.9,233.957858068475,156.824221988532,79.9341049398897
185,132,12,223,103.73,233.957858068475,156.824221988532,79.9341049398897
185,132,13,273,103.07,233.957858068475,156.824221988532,79.9341049398897
185,132,14,300,109.06,233.957858068475,156.824221988532,79.9341049398897
185,132,15,334,116.65,233.957858068475,156.824221988532,79.9341049398897
185,132,16,291,115.78,233.957858068475,156.824221988532,79.9341049398897
185,132,17,288,110.25,233.957858068475,156.824221988532,79.9341049398897
185,132,18,199,103.76,233.957858068475,156.824221988532,79.9341049398897
185,132,19,161,91.72,233.957858068475,156.824221988532,79.9341049398897
185,132,20,122,79.7,233.957858068475,156.824221988532,79.9341049398897
185,132,21,81,77.39,233.957858068475,156.824221988532,79.9341049398897
185,132,22,30,80.57,233.957858068475,156.824221988532,79.9341049398897
185,132,23,17,81.2,233.957858068475,156.824221988532,79.9341049398897
186,132,0,106,99.77,206.277696988195,138.269941479341,70.4768936334991
186,132,1,139,88.99,206.277696988195,138.269941479341,70.4768936334991
186,132,2,313,84.44,206.277696988195,138.269941479341,70.4768936334991
186,132,3,751,89.11,206.277696988195,138.269941479341,70.4768936334991
186,132,4,2196,94.14,206.277696988195,138.269941479341,70.4768936334991
186,132,5,2811,97.1,206.277696988195,138.269941479341,70.4768936334991
186,132,6,2632,104.21,206.277696988195,138.269941479341,70.4768936334991
186,132,7,2308,118.4,206.277696988195,138.269941479341,70.4768936334991
186,132,8,2388,127.42,206.277696988195,138.269941479341,70.4768936334991
186,132,9,2449,118.68,206.277696988195,138.269941479341,70.4768936334991
186,132,10,2331,129.69,206.277696988195,138.269941479341,70.4768936334991
186,132,11,2756,120.52,206.277696988195,138.269941479341,70.4768936334991
186,132,12,3364,128.49,206.277696988195,138.269941479341,70.4768936334991
186,132,13,3847,140.56,206.277696988195,138.269941479341,70.4768936334991
186,132,14,4029,159.74,206.277696988195,138.269941479341,70.4768936334991
186,132,15,3773,150.9,206.277696988195,138.269941479341,70.4768936334991
186,132,16,3226,169.88,206.277696988195,138.269941479341,70.4768936334991
186,132,17,2538,142.4,206.277696988195,138.269941479341,70.4768936334991
186,132,18,2122,129.81,206.277696988195,138.269941479341,70.4768936334991
186,132,19,1639,131.35,206.277696988195,138.269941479341,70.4768936334991
186,132,20,1098,107.29,206.277696988195,138.269941479341,70.4768936334991
186,132,21,734,105.39,206.277696988195,138.269941479341,70.4768936334991
186,132,22,396,112.05,206.277696988195,138.269941479341,70.4768936334991
186,132,23,158,155.96,206.277696988195,138.269941479341,70.4768936334991
187,132,0,3,97.53,291.963897366489,195.706232871385,99.752463984012
187,132,1,5,97.25,291.963897366489,195.706232871385,99.752463984012
187,132,2,8,113.54,291.963897366489,195.706232871385,99.752463984012
187,132,3,16,101.94,291.963897366489,195.706232871385,99.752463984012
187,132,4,42,109.71,291.963897366489,195.706232871385,99.752463984012
187,132,5,32,111.1,291.963897366489,195.706232871385,99.752463984012
187,132,6,19,123.41,291.963897366489,195.706232871385,99.752463984012
187,132,7,20,130.67,291.963897366489,195.706232871385,99.752463984012
187,132,8,15,128.49,291.963897366489,195.706232871385,99.752463984012
187,132,9,11,136.75,291.963897366489,195.706232871385,99.752463984012
187,132,10,21,142.69,291.963897366489,195.706232871385,99.752463984012
187,132,11,13,143.43,291.963897366489,195.706232871385,99.752463984012
187,132,12,22,129.1,291.963897366489,195.706232871385,99.752463984012
187,132,13,9,127.98,291.963897366489,195.706232871385,99.752463984012
187,132,14,18,141.76,291.963897366489,195.706232871385,99.752463984012
187,132,15,18,151.37,291.963897366489,195.706232871385,99.752463984012
187,132,16,18,155.07,291.963897366489,195.706232871385,99.752463984012
187,132,17,14,169.63,291.963897366489,195.706232871385,99.752463984012
187,132,18,16,136.25,291.963897366489,195.706232871385,99.752463984012
187,132,19,13,129.28,291.963897366489,195.706232871385,99.752463984012
187,132,20,11,121.31,291.963897366489,195.706232871385,99.752463984012
187,132,21,3,110.45,291.963897366489,195.706232871385,99.752463984012
187,132,22,2,111.18,291.963897366489,195.706232871385,99.752463984012
187,132,23,2,105.61,291.963897366489,195.706232871385,99.752463984012
188,132,0,85,142.74,137.383039807475,92.0891843945721,46.9383264644084
188,132,1,115,73.96,137.383039807475,92.0891843945721,46.9383264644084
188,132,2,701,68.94,137.383039807475,92.0891843945721,46.9383264644084
188,132,3,1545,72.92,137.383039807475,92.0891843945721,46.9383264644084
188,132,4,3078,78.03,137.383039807475,92.0891843945721,46.9383264644084
188,132,5,3887,85.9,137.383039807475,92.0891843945721,46.9383264644084
188,132,6,3188,87.99,137.383039807475,92.0891843945721,46.9383264644084
188,132,7,2413,91.59,137.383039807475,92.0891843945721,46.9383264644084
188,132,8,2070,90.32,137.383039807475,92.0891843945721,46.9383264644084
188,132,9,1938,84.59,137.383039807475,92.0891843945721,46.9383264644084
188,132,10,1478,81.65,137.383039807475,92.0891843945721,46.9383264644084
188,132,11,1513,81.02,137.383039807475,92.0891843945721,46.9383264644084
188,132,12,1564,83.35,137.383039807475,92.0891843945721,46.9383264644084
188,132,13,2118,87.07,137.383039807475,92.0891843945721,46.9383264644084
188,132,14,2195,90.27,137.383039807475,92.0891843945721,46.9383264644084
188,132,15,2111,90.34,137.383039807475,92.0891843945721,46.9383264644084
188,132,16,1999,92.05,137.383039807475,92.0891843945721,46.9383264644084
188,132,17,1820,88.89,137.383039807475,92.0891843945721,46.9383264644084
188,132,18,1459,83.31,137.383039807475,92.0891843945721,46.9383264644084
188,132,19,1298,84.4,137.383039807475,92.0891843945721,46.9383264644084
188,132,20,937,81.07,137.383039807475,92.0891843945721,46.9383264644084
188,132,21,621,78.72,137.383039807475,92.0891843945721,46.9383264644084
188,132,22,232,77.97,137.383039807475,92.0891843945721,46.9383264644084
188,132,23,156,76.02,137.383039807475,92.0891843945721,46.9383264644084
189,132,0,17,86.75,157.097376328867,105.30389542207,53.6739320017953
189,132,1,24,77.18,157.097376328867,105.30389542207,53.6739320017953
189,132,2,99,76.3,157.097376328867,105.30389542207,53.6739320017953
189,132,3,340,80.57,157.097376328867,105.30389542207,53.6739320017953
189,132,4,1797,82.75,157.097376328867,105.30389542207,53.6739320017953
189,132,5,3135,91.24,157.097376328867,105.30389542207,53.6739320017953
189,132,6,2751,92.96,157.097376328867,105.30389542207,53.6739320017953
189,132,7,1937,96.02,157.097376328867,105.30389542207,53.6739320017953
189,132,8,1506,97.56,157.097376328867,105.30389542207,53.6739320017953
189,132,9,1344,90.92,157.097376328867,105.30389542207,53.6739320017953
189,132,10,1048,86.9,157.097376328867,105.30389542207,53.6739320017953
189,132,11,1008,87.01,157.097376328867,105.30389542207,53.6739320017953
189,132,12,1098,92.04,157.097376328867,105.30389542207,53.6739320017953
189,132,13,1736,96.33,157.097376328867,105.30389542207,53.6739320017953
189,132,14,2042,102.13,157.097376328867,105.30389542207,53.6739320017953
189,132,15,1826,104.36,157.097376328867,105.30389542207,53.6739320017953
189,132,16,1774,106.24,157.097376328867,105.30389542207,53.6739320017953
189,132,17,1532,103.91,157.097376328867,105.30389542207,53.6739320017953
189,132,18,1213,96.68,157.097376328867,105.30389542207,53.6739320017953
189,132,19,1015,91.34,157.097376328867,105.30389542207,53.6739320017953
189,132,20,672,86.43,157.097376328867,105.30389542207,53.6739320017953
189,132,21,362,84.02,157.097376328867,105.30389542207,53.6739320017953
189,132,22,191,82.25,157.097376328867,105.30389542207,53.6739320017953
189,132,23,54,91.44,157.097376328867,105.30389542207,53.6739320017953
190,132,0,2,67.66,154.895818223554,103.828169665822,52.9217470652678
190,132,1,6,79.58,154.895818223554,103.828169665822,52.9217470652678
190,132,2,12,80.88,154.895818223554,103.828169665822,52.9217470652678
190,132,3,42,84.86,154.895818223554,103.828169665822,52.9217470652678
190,132,4,83,88.57,154.895818223554,103.828169665822,52.9217470652678
190,132,5,126,95.91,154.895818223554,103.828169665822,52.9217470652678
190,132,6,117,105.01,154.895818223554,103.828169665822,52.9217470652678
190,132,7,84,110.14,154.895818223554,103.828169665822,52.9217470652678
190,132,8,87,106.99,154.895818223554,103.828169665822,52.9217470652678
190,132,9,80,92.77,154.895818223554,103.828169665822,52.9217470652678
190,132,10,65,97.63,154.895818223554,103.828169665822,52.9217470652678
190,132,11,76,92.54,154.895818223554,103.828169665822,52.9217470652678
190,132,12,112,96.33,154.895818223554,103.828169665822,52.9217470652678
190,132,13,138,100.55,154.895818223554,103.828169665822,52.9217470652678
190,132,14,187,110.2,154.895818223554,103.828169665822,52.9217470652678
190,132,15,177,113.85,154.895818223554,103.828169665822,52.9217470652678
190,132,16,139,116.1,154.895818223554,103.828169665822,52.9217470652678
190,132,17,116,106.72,154.895818223554,103.828169665822,52.9217470652678
190,132,18,96,104.24,154.895818223554,103.828169665822,52.9217470652678
190,132,19,78,101.12,154.895818223554,103.828169665822,52.9217470652678
190,132,20,43,94.87,154.895818223554,103.828169665822,52.9217470652678
190,132,21,30,85.76,154.895818223554,103.828169665822,52.9217470652678
190,132,22,10,85.39,154.895818223554,103.828169665822,52.9217470652678
190,132,23,3,80.38,154.895818223554,103.828169665822,52.9217470652678
191,132,0,95,49.16,83.8863303615597,56.2298210585185,28.6606262747569
191,132,1,136,42.69,83.8863303615597,56.2298210585185,28.6606262747569
191,132,2,549,42.69,83.8863303615597,56.2298210585185,28.6606262747569
191,132,3,1172,44.77,83.8863303615597,56.2298210585185,28.6606262747569
191,132,4,1974,46.81,83.8863303615597,56.2298210585185,28.6606262747569
191,132,5,2359,50.07,83.8863303615597,56.2298210585185,28.6606262747569
191,132,6,1694,54.45,83.8863303615597,56.2298210585185,28.6606262747569
191,132,7,1161,52.65,83.8863303615597,56.2298210585185,28.6606262747569
191,132,8,1077,51.88,83.8863303615597,56.2298210585185,28.6606262747569
191,132,9,1125,48.47,83.8863303615597,56.2298210585185,28.6606262747569
191,132,10,1044,46.94,83.8863303615597,56.2298210585185,28.6606262747569
191,132,11,1127,45.54,83.8863303615597,56.2298210585185,28.6606262747569
191,132,12,1187,47.45,83.8863303615597,56.2298210585185,28.6606262747569
191,132,13,1134,48.36,83.8863303615597,56.2298210585185,28.6606262747569
191,132,14,1278,48.34,83.8863303615597,56.2298210585185,28.6606262747569
191,132,15,987,50.55,83.8863303615597,56.2298210585185,28.6606262747569
191,132,16,684,52.78,83.8863303615597,56.2298210585185,28.6606262747569
191,132,17,623,52.93,83.8863303615597,56.2298210585185,28.6606262747569
191,132,18,529,51.46,83.8863303615597,56.2298210585185,28.6606262747569
191,132,19,463,48.89,83.8863303615597,56.2298210585185,28.6606262747569
191,132,20,387,47.43,83.8863303615597,56.2298210585185,28.6606262747569
191,132,21,409,47.64,83.8863303615597,56.2298210585185,28.6606262747569
191,132,22,274,45.67,83.8863303615597,56.2298210585185,28.6606262747569
191,132,23,163,47.07,83.8863303615597,56.2298210585185,28.6606262747569
192,132,0,20,53.77,112.578826808136,75.4626797848369,38.463712355656
192,132,1,16,59.39,112.578826808136,75.4626797848369,38.463712355656
192,132,2,53,45.53,112.578826808136,75.4626797848369,38.463712355656
192,132,3,135,50.99,112.578826808136,75.4626797848369,38.463712355656
192,132,4,311,52.82,112.578826808136,75.4626797848369,38.463712355656
192,132,5,411,55.52,112.578826808136,75.4626797848369,38.463712355656
192,132,6,327,57.96,112.578826808136,75.4626797848369,38.463712355656
192,132,7,417,58.91,112.578826808136,75.4626797848369,38.463712355656
192,132,8,255,61.6,112.578826808136,75.4626797848369,38.463712355656
192,132,9,241,58.85,112.578826808136,75.4626797848369,38.463712355656
192,132,10,390,63.89,112.578826808136,75.4626797848369,38.463712355656
192,132,11,341,63.08,112.578826808136,75.4626797848369,38.463712355656
192,132,12,515,62.39,112.578826808136,75.4626797848369,38.463712355656
192,132,13,274,68.62,112.578826808136,75.4626797848369,38.463712355656
192,132,14,486,65.81,112.578826808136,75.4626797848369,38.463712355656
192,132,15,330,71.45,112.578826808136,75.4626797848369,38.463712355656
192,132,16,332,67.39,112.578826808136,75.4626797848369,38.463712355656
192,132,17,327,67.25,112.578826808136,75.4626797848369,38.463712355656
192,132,18,229,61.54,112.578826808136,75.4626797848369,38.463712355656
192,132,19,193,56.01,112.578826808136,75.4626797848369,38.463712355656
192,132,20,220,52.74,112.578826808136,75.4626797848369,38.463712355656
192,132,21,102,50.28,112.578826808136,75.4626797848369,38.463712355656
192,132,22,91,52.21,112.578826808136,75.4626797848369,38.463712355656
192,132,23,28,60.73,112.578826808136,75.4626797848369,38.463712355656
193,132,0,15,83.13,182.306121644656,122.201561968063,62.2867587309814
193,132,1,19,73.41,182.306121644656,122.201561968063,62.2867587309814
193,132,2,68,71.36,182.306121644656,122.201561968063,62.2867587309814
193,132,3,181,73.21,182.306121644656,122.201561968063,62.2867587309814
193,132,4,392,76.24,182.306121644656,122.201561968063,62.2867587309814
193,132,5,389,80.98,182.306121644656,122.201561968063,62.2867587309814
193,132,6,307,85.99,182.306121644656,122.201561968063,62.2867587309814
193,132,7,293,92.6,182.306121644656,122.201561968063,62.2867587309814
193,132,8,275,94.71,182.306121644656,122.201561968063,62.2867587309814
193,132,9,299,121.12,182.306121644656,122.201561968063,62.2867587309814
193,132,10,276,97.39,182.306121644656,122.201561968063,62.2867587309814
193,132,11,327,93.95,182.306121644656,122.201561968063,62.2867587309814
193,132,12,267,98.07,182.306121644656,122.201561968063,62.2867587309814
193,132,13,266,102.28,182.306121644656,122.201561968063,62.2867587309814
193,132,14,290,108.15,182.306121644656,122.201561968063,62.2867587309814
193,132,15,307,121.1,182.306121644656,122.201561968063,62.2867587309814
193,132,16,255,115.82,182.306121644656,122.201561968063,62.2867587309814
193,132,17,213,113.07,182.306121644656,122.201561968063,62.2867587309814
193,132,18,153,101.33,182.306121644656,122.201561968063,62.2867587309814
193,132,19,110,90.26,182.306121644656,122.201561968063,62.2867587309814
193,132,20,81,82.21,182.306121644656,122.201561968063,62.2867587309814
193,132,21,62,87.03,182.306121644656,122.201561968063,62.2867587309814
193,132,22,46,82.21,182.306121644656,122.201561968063,62.2867587309814
193,132,23,24,84.08,182.306121644656,122.201561968063,62.2867587309814
194,132,1,2,64.99,197.488609081071,132.378530588495,67.4740114867138
194,132,2,9,81.19,197.488609081071,132.378530588495,67.4740114867138
194,132,3,16,78.8,197.488609081071,132.378530588495,67.4740114867138
194,132,4,18,91.89,197.488609081071,132.378530588495,67.4740114867138
194,132,5,18,91.29,197.488609081071,132.378530588495,67.4740114867138
194,132,6,14,90.6,197.488609081071,132.378530588495,67.4740114867138
194,132,7,22,103.03,197.488609081071,132.378530588495,67.4740114867138
194,132,8,16,108.49,197.488609081071,132.378530588495,67.4740114867138
194,132,9,20,96.92,197.488609081071,132.378530588495,67.4740114867138
194,132,10,13,99.41,197.488609081071,132.378530588495,67.4740114867138
194,132,11,19,104.46,197.488609081071,132.378530588495,67.4740114867138
194,132,12,22,108.91,197.488609081071,132.378530588495,67.4740114867138
194,132,13,31,105.83,197.488609081071,132.378530588495,67.4740114867138
194,132,14,32,112.7,197.488609081071,132.378530588495,67.4740114867138
194,132,15,28,112.47,197.488609081071,132.378530588495,67.4740114867138
194,132,16,27,113.06,197.488609081071,132.378530588495,67.4740114867138
194,132,17,16,116.44,197.488609081071,132.378530588495,67.4740114867138
194,132,18,21,124.49,197.488609081071,132.378530588495,67.4740114867138
194,132,19,5,108.97,197.488609081071,132.378530588495,67.4740114867138
194,132,20,6,83.84,197.488609081071,132.378530588495,67.4740114867138
194,132,21,4,93.01,197.488609081071,132.378530588495,67.4740114867138
194,132,22,5,99.36,197.488609081071,132.378530588495,67.4740114867138
195,132,0,6,97.8,189.252280681771,126.8576397583,64.6599853025779
195,132,1,8,87.2,189.252280681771,126.8576397583,64.6599853025779
195,132,2,18,85.78,189.252280681771,126.8576397583,64.6599853025779
195,132,3,72,89.3,189.252280681771,126.8576397583,64.6599853025779
195,132,4,241,97.2,189.252280681771,126.8576397583,64.6599853025779
195,132,5,374,101.29,189.252280681771,126.8576397583,64.6599853025779
195,132,6,284,108.46,189.252280681771,126.8576397583,64.6599853025779
195,132,7,494,147.97,189.252280681771,126.8576397583,64.6599853025779
195,132,8,509,120.38,189.252280681771,126.8576397583,64.6599853025779
195,132,9,503,124.21,189.252280681771,126.8576397583,64.6599853025779
195,132,10,456,124.17,189.252280681771,126.8576397583,64.6599853025779
195,132,11,211,169.94,189.252280681771,126.8576397583,64.6599853025779
195,132,12,233,122.3,189.252280681771,126.8576397583,64.6599853025779
195,132,13,252,128.02,189.252280681771,126.8576397583,64.6599853025779
195,132,14,316,140.1,189.252280681771,126.8576397583,64.6599853025779
195,132,15,295,149.28,189.252280681771,126.8576397583,64.6599853025779
195,132,16,298,150.92,189.252280681771,126.8576397583,64.6599853025779
195,132,17,245,144.34,189.252280681771,126.8576397583,64.6599853025779
195,132,18,168,135.03,189.252280681771,126.8576397583,64.6599853025779
195,132,19,138,118.28,189.252280681771,126.8576397583,64.6599853025779
195,132,20,77,116.46,189.252280681771,126.8576397583,64.6599853025779
195,132,21,50,107.5,189.252280681771,126.8576397583,64.6599853025779
195,132,22,26,92.89,189.252280681771,126.8576397583,64.6599853025779
195,132,23,9,98.16,189.252280681771,126.8576397583,64.6599853025779
196,132,0,34,54.84,113.024425861279,75.7613691531055,38.6159558484332
196,132,1,51,51.72,113.024425861279,75.7613691531055,38.6159558484332
196,132,2,142,50.4,113.024425861279,75.7613691531055,38.6159558484332
196,132,3,424,52.92,113.024425861279,75.7613691531055,38.6159558484332
196,132,4,873,54.58,113.024425861279,75.7613691531055,38.6159558484332
196,132,5,1221,56.94,113.024425861279,75.7613691531055,38.6159558484332
196,132,6,932,59.75,113.024425861279,75.7613691531055,38.6159558484332
196,132,7,820,62.1,113.024425861279,75.7613691531055,38.6159558484332
196,132,8,797,61.8,113.024425861279,75.7613691531055,38.6159558484332
196,132,9,628,61.88,113.024425861279,75.7613691531055,38.6159558484332
196,132,10,478,62.65,113.024425861279,75.7613691531055,38.6159558484332
196,132,11,436,64.37,113.024425861279,75.7613691531055,38.6159558484332
196,132,12,492,67.57,113.024425861279,75.7613691531055,38.6159558484332
196,132,13,556,100.18,113.024425861279,75.7613691531055,38.6159558484332
196,132,14,649,101.06,113.024425861279,75.7613691531055,38.6159558484332
196,132,15,643,72.72,113.024425861279,75.7613691531055,38.6159558484332
196,132,16,669,75.9,113.024425861279,75.7613691531055,38.6159558484332
196,132,17,581,73.79,113.024425861279,75.7613691531055,38.6159558484332
196,132,18,487,99.22,113.024425861279,75.7613691531055,38.6159558484332
196,132,19,434,62.61,113.024425861279,75.7613691531055,38.6159558484332
196,132,20,417,56.26,113.024425861279,75.7613691531055,38.6159558484332
196,132,21,305,54.6,113.024425861279,75.7613691531055,38.6159558484332
196,132,22,223,53.38,113.024425861279,75.7613691531055,38.6159558484332
196,132,23,96,56.45,113.024425861279,75.7613691531055,38.6159558484332
197,132,0,279,35.65,70.6038454526735,47.3264425650257,24.1225288954474
197,132,1,348,32.69,70.6038454526735,47.3264425650257,24.1225288954474
197,132,2,624,35.99,70.6038454526735,47.3264425650257,24.1225288954474
197,132,3,1756,33.95,70.6038454526735,47.3264425650257,24.1225288954474
197,132,4,3073,36.43,70.6038454526735,47.3264425650257,24.1225288954474
197,132,5,3435,39.64,70.6038454526735,47.3264425650257,24.1225288954474
197,132,6,2774,40.44,70.6038454526735,47.3264425650257,24.1225288954474
197,132,7,2069,40.83,70.6038454526735,47.3264425650257,24.1225288954474
197,132,8,2097,38.71,70.6038454526735,47.3264425650257,24.1225288954474
197,132,9,1742,39.17,70.6038454526735,47.3264425650257,24.1225288954474
197,132,10,1464,37.88,70.6038454526735,47.3264425650257,24.1225288954474
197,132,11,2290,38.29,70.6038454526735,47.3264425650257,24.1225288954474
197,132,12,1993,38.67,70.6038454526735,47.3264425650257,24.1225288954474
197,132,13,2250,40.12,70.6038454526735,47.3264425650257,24.1225288954474
197,132,14,2009,42.53,70.6038454526735,47.3264425650257,24.1225288954474
197,132,15,2316,41.68,70.6038454526735,47.3264425650257,24.1225288954474
197,132,16,1898,43.93,70.6038454526735,47.3264425650257,24.1225288954474
197,132,17,1806,42.39,70.6038454526735,47.3264425650257,24.1225288954474
197,132,18,1459,40.55,70.6038454526735,47.3264425650257,24.1225288954474
197,132,19,1499,37.84,70.6038454526735,47.3264425650257,24.1225288954474
197,132,20,1194,37.37,70.6038454526735,47.3264425650257,24.1225288954474
197,132,21,1111,35.48,70.6038454526735,47.3264425650257,24.1225288954474
197,132,22,516,35.69,70.6038454526735,47.3264425650257,24.1225288954474
197,132,23,475,35.4,70.6038454526735,47.3264425650257,24.1225288954474
198,132,0,71,60.93,121.011343736612,81.1150776894471,41.3447683656272
198,132,1,144,55.64,121.011343736612,81.1150776894471,41.3447683656272
198,132,2,439,58.2,121.011343736612,81.1150776894471,41.3447683656272
198,132,3,871,62.16,121.011343736612,81.1150776894471,41.3447683656272
198,132,4,2074,65.17,121.011343736612,81.1150776894471,41.3447683656272
198,132,5,2856,67.82,121.011343736612,81.1150776894471,41.3447683656272
198,132,6,2293,70.44,121.011343736612,81.1150776894471,41.3447683656272
198,132,7,1760,73.58,121.011343736612,81.1150776894471,41.3447683656272
198,132,8,1442,70.78,121.011343736612,81.1150776894471,41.3447683656272
198,132,9,1414,66.58,121.011343736612,81.1150776894471,41.3447683656272
198,132,10,1108,66.87,121.011343736612,81.1150776894471,41.3447683656272
198,132,11,1107,65.91,121.011343736612,81.1150776894471,41.3447683656272
198,132,12,1342,69.05,121.011343736612,81.1150776894471,41.3447683656272
198,132,13,1704,70.22,121.011343736612,81.1150776894471,41.3447683656272
198,132,14,1846,75.89,121.011343736612,81.1150776894471,41.3447683656272
198,132,15,1761,79.22,121.011343736612,81.1150776894471,41.3447683656272
198,132,16,1569,80.78,121.011343736612,81.1150776894471,41.3447683656272
198,132,17,1549,78.31,121.011343736612,81.1150776894471,41.3447683656272
198,132,18,1301,73.59,121.011343736612,81.1150776894471,41.3447683656272
198,132,19,1151,68.56,121.011343736612,81.1150776894471,41.3447683656272
198,132,20,824,63.87,121.011343736612,81.1150776894471,41.3447683656272
198,132,21,497,62.81,121.011343736612,81.1150776894471,41.3447683656272
198,132,22,222,60.92,121.011343736612,81.1150776894471,41.3447683656272
198,132,23,120,59.8,121.011343736612,81.1150776894471,41.3447683656272
200,132,0,10,96.03,292.506467962501,196.069923205601,99.9378388003017
200,132,1,26,96.09,292.506467962501,196.069923205601,99.9378388003017
200,132,2,61,107.72,292.506467962501,196.069923205601,99.9378388003017
200,132,3,182,105.24,292.506467962501,196.069923205601,99.9378388003017
200,132,4,479,109.71,292.506467962501,196.069923205601,99.9378388003017
200,132,5,582,112.43,292.506467962501,196.069923205601,99.9378388003017
200,132,6,405,120.01,292.506467962501,196.069923205601,99.9378388003017
200,132,7,324,131.56,292.506467962501,196.069923205601,99.9378388003017
200,132,8,262,126.75,292.506467962501,196.069923205601,99.9378388003017
200,132,9,226,121.09,292.506467962501,196.069923205601,99.9378388003017
200,132,10,223,120.71,292.506467962501,196.069923205601,99.9378388003017
200,132,11,166,123.86,292.506467962501,196.069923205601,99.9378388003017
200,132,12,256,131.09,292.506467962501,196.069923205601,99.9378388003017
200,132,13,333,135.64,292.506467962501,196.069923205601,99.9378388003017
200,132,14,328,144.22,292.506467962501,196.069923205601,99.9378388003017
200,132,15,328,155.8,292.506467962501,196.069923205601,99.9378388003017
200,132,16,268,154.08,292.506467962501,196.069923205601,99.9378388003017
200,132,17,262,144.6,292.506467962501,196.069923205601,99.9378388003017
200,132,18,211,135.71,292.506467962501,196.069923205601,99.9378388003017
200,132,19,233,123.17,292.506467962501,196.069923205601,99.9378388003017
200,132,20,156,113.56,292.506467962501,196.069923205601,99.9378388003017
200,132,21,76,105.01,292.506467962501,196.069923205601,99.9378388003017
200,132,22,44,107.8,292.506467962501,196.069923205601,99.9378388003017
200,132,23,9,103.79,292.506467962501,196.069923205601,99.9378388003017
201,132,0,8,59.96,85.2322973482476,57.1320357874967,29.1204897187454
201,132,1,13,60.01,85.2322973482476,57.1320357874967,29.1204897187454
201,132,2,52,61.17,85.2322973482476,57.1320357874967,29.1204897187454
201,132,3,224,66.61,85.2322973482476,57.1320357874967,29.1204897187454
201,132,4,567,68.65,85.2322973482476,57.1320357874967,29.1204897187454
201,132,5,686,70.46,85.2322973482476,57.1320357874967,29.1204897187454
201,132,6,629,71.13,85.2322973482476,57.1320357874967,29.1204897187454
201,132,7,423,69.67,85.2322973482476,57.1320357874967,29.1204897187454
201,132,8,338,67.54,85.2322973482476,57.1320357874967,29.1204897187454
201,132,9,329,65.96,85.2322973482476,57.1320357874967,29.1204897187454
201,132,10,310,65.85,85.2322973482476,57.1320357874967,29.1204897187454
201,132,11,370,65.1,85.2322973482476,57.1320357874967,29.1204897187454
201,132,12,341,68.41,85.2322973482476,57.1320357874967,29.1204897187454
201,132,13,384,69.68,85.2322973482476,57.1320357874967,29.1204897187454
201,132,14,386,70.66,85.2322973482476,57.1320357874967,29.1204897187454
201,132,15,354,72.57,85.2322973482476,57.1320357874967,29.1204897187454
201,132,16,304,72.24,85.2322973482476,57.1320357874967,29.1204897187454
201,132,17,294,69.56,85.2322973482476,57.1320357874967,29.1204897187454
201,132,18,207,70.27,85.2322973482476,57.1320357874967,29.1204897187454
201,132,19,149,68.45,85.2322973482476,57.1320357874967,29.1204897187454
201,132,20,110,64.25,85.2322973482476,57.1320357874967,29.1204897187454
201,132,21,65,63.07,85.2322973482476,57.1320357874967,29.1204897187454
201,132,22,25,59.1,85.2322973482476,57.1320357874967,29.1204897187454
201,132,23,18,59.88,85.2322973482476,57.1320357874967,29.1204897187454
202,132,0,18,83.32,188.109585253675,126.09167992707,64.2695716741667
202,132,1,11,79.85,188.109585253675,126.09167992707,64.2695716741667
202,132,2,41,77.19,188.109585253675,126.09167992707,64.2695716741667
202,132,3,167,82.65,188.109585253675,126.09167992707,64.2695716741667
202,132,4,523,84.93,188.109585253675,126.09167992707,64.2695716741667
202,132,5,650,89.03,188.109585253675,126.09167992707,64.2695716741667
202,132,6,585,93.33,188.109585253675,126.09167992707,64.2695716741667
202,132,7,516,98.47,188.109585253675,126.09167992707,64.2695716741667
202,132,8,468,101.08,188.109585253675,126.09167992707,64.2695716741667
202,132,9,496,97.27,188.109585253675,126.09167992707,64.2695716741667
202,132,10,398,101.57,188.109585253675,126.09167992707,64.2695716741667
202,132,11,390,101.8,188.109585253675,126.09167992707,64.2695716741667
202,132,12,387,107.7,188.109585253675,126.09167992707,64.2695716741667
202,132,13,604,112.17,188.109585253675,126.09167992707,64.2695716741667
202,132,14,658,119.59,188.109585253675,126.09167992707,64.2695716741667
202,132,15,615,126.5,188.109585253675,126.09167992707,64.2695716741667
202,132,16,618,128.39,188.109585253675,126.09167992707,64.2695716741667
202,132,17,613,121.27,188.109585253675,126.09167992707,64.2695716741667
202,132,18,471,110.29,188.109585253675,126.09167992707,64.2695716741667
202,132,19,378,100.6,188.109585253675,126.09167992707,64.2695716741667
202,132,20,321,94.03,188.109585253675,126.09167992707,64.2695716741667
202,132,21,231,87.6,188.109585253675,126.09167992707,64.2695716741667
202,132,22,123,93.23,188.109585253675,126.09167992707,64.2695716741667
202,132,23,42,95.26,188.109585253675,126.09167992707,64.2695716741667
203,132,0,101,38.24,35.6623783310491,23.9048381712855,12.1844178069274
203,132,1,123,33.03,35.6623783310491,23.9048381712855,12.1844178069274
203,132,2,497,31.38,35.6623783310491,23.9048381712855,12.1844178069274
203,132,3,1352,31.22,35.6623783310491,23.9048381712855,12.1844178069274
203,132,4,2649,31.97,35.6623783310491,23.9048381712855,12.1844178069274
203,132,5,2694,35.99,35.6623783310491,23.9048381712855,12.1844178069274
203,132,6,1967,39.46,35.6623783310491,23.9048381712855,12.1844178069274
203,132,7,1452,38.92,35.6623783310491,23.9048381712855,12.1844178069274
203,132,8,1660,35.47,35.6623783310491,23.9048381712855,12.1844178069274
203,132,9,1119,35.59,35.6623783310491,23.9048381712855,12.1844178069274
203,132,10,1079,34.44,35.6623783310491,23.9048381712855,12.1844178069274
203,132,11,1425,34.68,35.6623783310491,23.9048381712855,12.1844178069274
203,132,12,1154,33.3,35.6623783310491,23.9048381712855,12.1844178069274
203,132,13,1701,33.44,35.6623783310491,23.9048381712855,12.1844178069274
203,132,14,1342,35.07,35.6623783310491,23.9048381712855,12.1844178069274
203,132,15,1125,35.37,35.6623783310491,23.9048381712855,12.1844178069274
203,132,16,1172,35.05,35.6623783310491,23.9048381712855,12.1844178069274
203,132,17,981,36.65,35.6623783310491,23.9048381712855,12.1844178069274
203,132,18,689,36.82,35.6623783310491,23.9048381712855,12.1844178069274
203,132,19,610,36.8,35.6623783310491,23.9048381712855,12.1844178069274
203,132,20,450,33.74,35.6623783310491,23.9048381712855,12.1844178069274
203,132,21,608,31.86,35.6623783310491,23.9048381712855,12.1844178069274
203,132,22,273,32.37,35.6623783310491,23.9048381712855,12.1844178069274
203,132,23,150,32.59,35.6623783310491,23.9048381712855,12.1844178069274
204,132,2,9,134.43,361.934717960378,242.608352732323,123.658713435335
204,132,3,14,128.68,361.934717960378,242.608352732323,123.658713435335
204,132,4,17,127.93,361.934717960378,242.608352732323,123.658713435335
204,132,5,33,136.32,361.934717960378,242.608352732323,123.658713435335
204,132,6,17,159.27,361.934717960378,242.608352732323,123.658713435335
204,132,7,16,154.94,361.934717960378,242.608352732323,123.658713435335
204,132,8,13,164.55,361.934717960378,242.608352732323,123.658713435335
204,132,9,18,157.42,361.934717960378,242.608352732323,123.658713435335
204,132,10,4,154.77,361.934717960378,242.608352732323,123.658713435335
204,132,11,14,143.78,361.934717960378,242.608352732323,123.658713435335
204,132,12,15,146.37,361.934717960378,242.608352732323,123.658713435335
204,132,13,16,165.74,361.934717960378,242.608352732323,123.658713435335
204,132,14,17,164.71,361.934717960378,242.608352732323,123.658713435335
204,132,15,16,179.2,361.934717960378,242.608352732323,123.658713435335
204,132,16,11,191.07,361.934717960378,242.608352732323,123.658713435335
204,132,17,18,173.6,361.934717960378,242.608352732323,123.658713435335
204,132,18,9,160.36,361.934717960378,242.608352732323,123.658713435335
204,132,19,9,132.05,361.934717960378,242.608352732323,123.658713435335
204,132,20,8,140.15,361.934717960378,242.608352732323,123.658713435335
204,132,21,4,127.34,361.934717960378,242.608352732323,123.658713435335
204,132,22,4,147.5,361.934717960378,242.608352732323,123.658713435335
205,132,0,222,34.37,54.2222411756788,36.3456942932074,18.525585556285
205,132,1,467,34.82,54.2222411756788,36.3456942932074,18.525585556285
205,132,2,768,36.77,54.2222411756788,36.3456942932074,18.525585556285
205,132,3,2344,36.3,54.2222411756788,36.3456942932074,18.525585556285
205,132,4,4489,38.14,54.2222411756788,36.3456942932074,18.525585556285
205,132,5,4954,40.12,54.2222411756788,36.3456942932074,18.525585556285
205,132,6,3854,41.91,54.2222411756788,36.3456942932074,18.525585556285
205,132,7,2651,44.17,54.2222411756788,36.3456942932074,18.525585556285
205,132,8,2295,40.79,54.2222411756788,36.3456942932074,18.525585556285
205,132,9,2208,38.94,54.2222411756788,36.3456942932074,18.525585556285
205,132,10,2062,38.81,54.2222411756788,36.3456942932074,18.525585556285
205,132,11,3379,37.35,54.2222411756788,36.3456942932074,18.525585556285
205,132,12,2692,37.93,54.2222411756788,36.3456942932074,18.525585556285
205,132,13,3113,38.23,54.2222411756788,36.3456942932074,18.525585556285
205,132,14,2715,39.72,54.2222411756788,36.3456942932074,18.525585556285
205,132,15,2441,40.69,54.2222411756788,36.3456942932074,18.525585556285
205,132,16,1767,40.18,54.2222411756788,36.3456942932074,18.525585556285
205,132,17,1582,40.41,54.2222411756788,36.3456942932074,18.525585556285
205,132,18,1216,41.37,54.2222411756788,36.3456942932074,18.525585556285
205,132,19,1328,40.38,54.2222411756788,36.3456942932074,18.525585556285
205,132,20,1120,36.92,54.2222411756788,36.3456942932074,18.525585556285
205,132,21,779,36.21,54.2222411756788,36.3456942932074,18.525585556285
205,132,22,548,34.56,54.2222411756788,36.3456942932074,18.525585556285
205,132,23,293,34.55,54.2222411756788,36.3456942932074,18.525585556285
206,132,0,8,115.88,260.686144540827,174.740451713487,89.0660985107964
206,132,1,16,101.93,260.686144540827,174.740451713487,89.0660985107964
206,132,2,25,105.34,260.686144540827,174.740451713487,89.0660985107964
206,132,3,58,108.03,260.686144540827,174.740451713487,89.0660985107964
206,132,4,139,105.56,260.686144540827,174.740451713487,89.0660985107964
206,132,5,147,112.28,260.686144540827,174.740451713487,89.0660985107964
206,132,6,98,118.32,260.686144540827,174.740451713487,89.0660985107964
206,132,7,68,123.72,260.686144540827,174.740451713487,89.0660985107964
206,132,8,61,122.18,260.686144540827,174.740451713487,89.0660985107964
206,132,9,60,122.67,260.686144540827,174.740451713487,89.0660985107964
206,132,10,60,118.04,260.686144540827,174.740451713487,89.0660985107964
206,132,11,54,122.4,260.686144540827,174.740451713487,89.0660985107964
206,132,12,87,133.56,260.686144540827,174.740451713487,89.0660985107964
206,132,13,81,135.3,260.686144540827,174.740451713487,89.0660985107964
206,132,14,88,145.01,260.686144540827,174.740451713487,89.0660985107964
206,132,15,73,148.61,260.686144540827,174.740451713487,89.0660985107964
206,132,16,63,153.03,260.686144540827,174.740451713487,89.0660985107964
206,132,17,58,149.28,260.686144540827,174.740451713487,89.0660985107964
206,132,18,48,132.02,260.686144540827,174.740451713487,89.0660985107964
206,132,19,46,117.47,260.686144540827,174.740451713487,89.0660985107964
206,132,20,30,112.45,260.686144540827,174.740451713487,89.0660985107964
206,132,21,19,107.47,260.686144540827,174.740451713487,89.0660985107964
206,132,22,10,108.93,260.686144540827,174.740451713487,89.0660985107964
206,132,23,3,104.46,260.686144540827,174.740451713487,89.0660985107964
207,132,2,3,51.91,162.43413412808,108.881175949053,55.4972901120249
207,132,3,3,56.41,162.43413412808,108.881175949053,55.4972901120249
207,132,4,2,67.26,162.43413412808,108.881175949053,55.4972901120249
207,132,5,2,56.55,162.43413412808,108.881175949053,55.4972901120249
207,132,6,2,51.5,162.43413412808,108.881175949053,55.4972901120249
207,132,7,2,76.13,162.43413412808,108.881175949053,55.4972901120249
207,132,8,3,83.57,162.43413412808,108.881175949053,55.4972901120249
207,132,11,6,78.19,162.43413412808,108.881175949053,55.4972901120249
207,132,12,5,98.34,162.43413412808,108.881175949053,55.4972901120249
207,132,13,2,69.2,162.43413412808,108.881175949053,55.4972901120249
207,132,14,6,86.56,162.43413412808,108.881175949053,55.4972901120249
207,132,15,3,100.64,162.43413412808,108.881175949053,55.4972901120249
207,132,18,3,62.07,162.43413412808,108.881175949053,55.4972901120249
207,132,19,2,78.2,162.43413412808,108.881175949053,55.4972901120249
207,132,21,2,58.37,162.43413412808,108.881175949053,55.4972901120249
208,132,0,18,90.19,196.28132608056,131.569277080884,67.0615308508774
208,132,1,71,71.57,196.28132608056,131.569277080884,67.0615308508774
208,132,2,242,70.37,196.28132608056,131.569277080884,67.0615308508774
208,132,3,435,73.27,196.28132608056,131.569277080884,67.0615308508774
208,132,4,677,75.23,196.28132608056,131.569277080884,67.0615308508774
208,132,5,766,79.76,196.28132608056,131.569277080884,67.0615308508774
208,132,6,490,84.55,196.28132608056,131.569277080884,67.0615308508774
208,132,7,361,85.6,196.28132608056,131.569277080884,67.0615308508774
208,132,8,283,86.46,196.28132608056,131.569277080884,67.0615308508774
208,132,9,224,82.55,196.28132608056,131.569277080884,67.0615308508774
208,132,10,227,84.41,196.28132608056,131.569277080884,67.0615308508774
208,132,11,202,86.49,196.28132608056,131.569277080884,67.0615308508774
208,132,12,218,88.53,196.28132608056,131.569277080884,67.0615308508774
208,132,13,271,92.41,196.28132608056,131.569277080884,67.0615308508774
208,132,14,294,96.51,196.28132608056,131.569277080884,67.0615308508774
208,132,15,293,107.62,196.28132608056,131.569277080884,67.0615308508774
208,132,16,300,102.75,196.28132608056,131.569277080884,67.0615308508774
208,132,17,262,98.86,196.28132608056,131.569277080884,67.0615308508774
208,132,18,216,89.79,196.28132608056,131.569277080884,67.0615308508774
208,132,19,198,82.49,196.28132608056,131.569277080884,67.0615308508774
208,132,20,152,77.47,196.28132608056,131.569277080884,67.0615308508774
208,132,21,67,70.84,196.28132608056,131.569277080884,67.0615308508774
208,132,22,34,77.17,196.28132608056,131.569277080884,67.0615308508774
208,132,23,25,70.67,196.28132608056,131.569277080884,67.0615308508774
209,132,0,11,110.29,194.968974643633,130.689595181029,66.6131525046942
209,132,1,15,90.71,194.968974643633,130.689595181029,66.6131525046942
209,132,2,48,87.43,194.968974643633,130.689595181029,66.6131525046942
209,132,3,231,95.26,194.968974643633,130.689595181029,66.6131525046942
209,132,4,822,99.82,194.968974643633,130.689595181029,66.6131525046942
209,132,5,1323,105.98,194.968974643633,130.689595181029,66.6131525046942
209,132,6,1055,110.12,194.968974643633,130.689595181029,66.6131525046942
209,132,7,870,115.68,194.968974643633,130.689595181029,66.6131525046942
209,132,8,791,117.61,194.968974643633,130.689595181029,66.6131525046942
209,132,9,748,113.75,194.968974643633,130.689595181029,66.6131525046942
209,132,10,634,120.62,194.968974643633,130.689595181029,66.6131525046942
209,132,11,613,122.11,194.968974643633,130.689595181029,66.6131525046942
209,132,12,868,130.51,194.968974643633,130.689595181029,66.6131525046942
209,132,13,1104,136.82,194.968974643633,130.689595181029,66.6131525046942
209,132,14,1188,166.37,194.968974643633,130.689595181029,66.6131525046942
209,132,15,1190,159.8,194.968974643633,130.689595181029,66.6131525046942
209,132,16,1095,176.95,194.968974643633,130.689595181029,66.6131525046942
209,132,17,801,156.74,194.968974643633,130.689595181029,66.6131525046942
209,132,18,590,165.44,194.968974643633,130.689595181029,66.6131525046942
209,132,19,519,125.64,194.968974643633,130.689595181029,66.6131525046942
209,132,20,364,114.25,194.968974643633,130.689595181029,66.6131525046942
209,132,21,174,114.18,194.968974643633,130.689595181029,66.6131525046942
209,132,22,101,115.46,194.968974643633,130.689595181029,66.6131525046942
209,132,23,33,107.76,194.968974643633,130.689595181029,66.6131525046942
210,132,0,28,57.01,140.672743933846,94.2943049853049,48.0622876642136
210,132,1,32,53.5,140.672743933846,94.2943049853049,48.0622876642136
210,132,2,183,52.11,140.672743933846,94.2943049853049,48.0622876642136
210,132,3,564,57.47,140.672743933846,94.2943049853049,48.0622876642136
210,132,4,912,64.05,140.672743933846,94.2943049853049,48.0622876642136
210,132,5,1096,66.82,140.672743933846,94.2943049853049,48.0622876642136
210,132,6,870,66.68,140.672743933846,94.2943049853049,48.0622876642136
210,132,7,698,68.04,140.672743933846,94.2943049853049,48.0622876642136
210,132,8,641,69.56,140.672743933846,94.2943049853049,48.0622876642136
210,132,9,529,68.2,140.672743933846,94.2943049853049,48.0622876642136
210,132,10,453,65.97,140.672743933846,94.2943049853049,48.0622876642136
210,132,11,356,67.76,140.672743933846,94.2943049853049,48.0622876642136
210,132,12,377,70.5,140.672743933846,94.2943049853049,48.0622876642136
210,132,13,516,74.26,140.672743933846,94.2943049853049,48.0622876642136
210,132,14,533,82.31,140.672743933846,94.2943049853049,48.0622876642136
210,132,15,498,83.94,140.672743933846,94.2943049853049,48.0622876642136
210,132,16,485,87.66,140.672743933846,94.2943049853049,48.0622876642136
210,132,17,459,86.51,140.672743933846,94.2943049853049,48.0622876642136
210,132,18,366,82.13,140.672743933846,94.2943049853049,48.0622876642136
210,132,19,233,74.1,140.672743933846,94.2943049853049,48.0622876642136
210,132,20,230,66.29,140.672743933846,94.2943049853049,48.0622876642136
210,132,21,273,60.05,140.672743933846,94.2943049853049,48.0622876642136
210,132,22,76,62.89,140.672743933846,94.2943049853049,48.0622876642136
210,132,23,32,64.42,140.672743933846,94.2943049853049,48.0622876642136
211,132,0,24,99.41,199.724810473843,133.877478076416,68.2380326581857
211,132,1,11,408.26,199.724810473843,133.877478076416,68.2380326581857
211,132,2,39,94.04,199.724810473843,133.877478076416,68.2380326581857
211,132,3,243,99.92,199.724810473843,133.877478076416,68.2380326581857
211,132,4,997,104.68,199.724810473843,133.877478076416,68.2380326581857
211,132,5,1781,107.11,199.724810473843,133.877478076416,68.2380326581857
211,132,6,1517,114.31,199.724810473843,133.877478076416,68.2380326581857
211,132,7,1191,122.02,199.724810473843,133.877478076416,68.2380326581857
211,132,8,1083,125.28,199.724810473843,133.877478076416,68.2380326581857
211,132,9,1178,121.05,199.724810473843,133.877478076416,68.2380326581857
211,132,10,964,128.24,199.724810473843,133.877478076416,68.2380326581857
211,132,11,1069,134.57,199.724810473843,133.877478076416,68.2380326581857
211,132,12,1480,158.7,199.724810473843,133.877478076416,68.2380326581857
211,132,13,2161,151.83,199.724810473843,133.877478076416,68.2380326581857
211,132,14,2419,163.88,199.724810473843,133.877478076416,68.2380326581857
211,132,15,2244,184.93,199.724810473843,133.877478076416,68.2380326581857
211,132,16,1833,176.65,199.724810473843,133.877478076416,68.2380326581857
211,132,17,1523,190.97,199.724810473843,133.877478076416,68.2380326581857
211,132,18,1205,151.43,199.724810473843,133.877478076416,68.2380326581857
211,132,19,1067,134.98,199.724810473843,133.877478076416,68.2380326581857
211,132,20,635,126.37,199.724810473843,133.877478076416,68.2380326581857
211,132,21,303,121.3,199.724810473843,133.877478076416,68.2380326581857
211,132,22,94,121.97,199.724810473843,133.877478076416,68.2380326581857
211,132,23,51,123.58,199.724810473843,133.877478076416,68.2380326581857
212,132,0,18,75.77,210.947745565935,141.400320347138,72.0724636911554
212,132,1,47,71.97,210.947745565935,141.400320347138,72.0724636911554
212,132,2,101,73.7,210.947745565935,141.400320347138,72.0724636911554
212,132,3,157,74.56,210.947745565935,141.400320347138,72.0724636911554
212,132,4,255,75.65,210.947745565935,141.400320347138,72.0724636911554
212,132,5,261,79.59,210.947745565935,141.400320347138,72.0724636911554
212,132,6,163,85.25,210.947745565935,141.400320347138,72.0724636911554
212,132,7,110,86.85,210.947745565935,141.400320347138,72.0724636911554
212,132,8,124,89.35,210.947745565935,141.400320347138,72.0724636911554
212,132,9,123,92.67,210.947745565935,141.400320347138,72.0724636911554
212,132,10,153,87.06,210.947745565935,141.400320347138,72.0724636911554
212,132,11,192,88.99,210.947745565935,141.400320347138,72.0724636911554
212,132,12,112,94.81,210.947745565935,141.400320347138,72.0724636911554
212,132,13,111,98.84,210.947745565935,141.400320347138,72.0724636911554
212,132,14,101,102.94,210.947745565935,141.400320347138,72.0724636911554
212,132,15,110,104.52,210.947745565935,141.400320347138,72.0724636911554
212,132,16,108,107.42,210.947745565935,141.400320347138,72.0724636911554
212,132,17,103,100.1,210.947745565935,141.400320347138,72.0724636911554
212,132,18,87,95,210.947745565935,141.400320347138,72.0724636911554
212,132,19,79,81.25,210.947745565935,141.400320347138,72.0724636911554
212,132,20,52,77.19,210.947745565935,141.400320347138,72.0724636911554
212,132,21,51,81.82,210.947745565935,141.400320347138,72.0724636911554
212,132,22,21,81.52,210.947745565935,141.400320347138,72.0724636911554
212,132,23,17,82.69,210.947745565935,141.400320347138,72.0724636911554
213,132,0,81,74.08,197.806561604778,132.591657249729,67.5826432317881
213,132,1,131,71.71,197.806561604778,132.591657249729,67.5826432317881
213,132,2,202,74.12,197.806561604778,132.591657249729,67.5826432317881
213,132,3,357,76.12,197.806561604778,132.591657249729,67.5826432317881
213,132,4,615,79.36,197.806561604778,132.591657249729,67.5826432317881
213,132,5,716,82.93,197.806561604778,132.591657249729,67.5826432317881
213,132,6,443,88.16,197.806561604778,132.591657249729,67.5826432317881
213,132,7,274,90.39,197.806561604778,132.591657249729,67.5826432317881
213,132,8,240,99.7,197.806561604778,132.591657249729,67.5826432317881
213,132,9,234,88.06,197.806561604778,132.591657249729,67.5826432317881
213,132,10,200,95.32,197.806561604778,132.591657249729,67.5826432317881
213,132,11,199,90.46,197.806561604778,132.591657249729,67.5826432317881
213,132,12,199,100.27,197.806561604778,132.591657249729,67.5826432317881
213,132,13,203,98.61,197.806561604778,132.591657249729,67.5826432317881
213,132,14,189,102.09,197.806561604778,132.591657249729,67.5826432317881
213,132,15,178,110.05,197.806561604778,132.591657249729,67.5826432317881
213,132,16,199,106,197.806561604778,132.591657249729,67.5826432317881
213,132,17,203,102.53,197.806561604778,132.591657249729,67.5826432317881
213,132,18,178,93.08,197.806561604778,132.591657249729,67.5826432317881
213,132,19,152,86.44,197.806561604778,132.591657249729,67.5826432317881
213,132,20,118,79.49,197.806561604778,132.591657249729,67.5826432317881
213,132,21,43,76.37,197.806561604778,132.591657249729,67.5826432317881
213,132,22,31,80.88,197.806561604778,132.591657249729,67.5826432317881
213,132,23,24,77.87,197.806561604778,132.591657249729,67.5826432317881
214,132,0,3,92.19,253.91890298566,170.204304047155,86.7540009343775
214,132,1,6,91.8,253.91890298566,170.204304047155,86.7540009343775
214,132,2,13,88.57,253.91890298566,170.204304047155,86.7540009343775
214,132,3,35,97.16,253.91890298566,170.204304047155,86.7540009343775
214,132,4,123,99.21,253.91890298566,170.204304047155,86.7540009343775
214,132,5,103,102.28,253.91890298566,170.204304047155,86.7540009343775
214,132,6,82,102.6,253.91890298566,170.204304047155,86.7540009343775
214,132,7,88,114.94,253.91890298566,170.204304047155,86.7540009343775
214,132,8,55,114.1,253.91890298566,170.204304047155,86.7540009343775
214,132,9,44,117.57,253.91890298566,170.204304047155,86.7540009343775
214,132,10,41,111.16,253.91890298566,170.204304047155,86.7540009343775
214,132,11,39,112.17,253.91890298566,170.204304047155,86.7540009343775
214,132,12,59,123.69,253.91890298566,170.204304047155,86.7540009343775
214,132,13,63,127.02,253.91890298566,170.204304047155,86.7540009343775
214,132,14,76,131.45,253.91890298566,170.204304047155,86.7540009343775
214,132,15,76,143.78,253.91890298566,170.204304047155,86.7540009343775
214,132,16,65,137.77,253.91890298566,170.204304047155,86.7540009343775
214,132,17,53,136.82,253.91890298566,170.204304047155,86.7540009343775
214,132,18,52,116.7,253.91890298566,170.204304047155,86.7540009343775
214,132,19,26,119.91,253.91890298566,170.204304047155,86.7540009343775
214,132,20,22,95.65,253.91890298566,170.204304047155,86.7540009343775
214,132,21,19,106.26,253.91890298566,170.204304047155,86.7540009343775
214,132,22,9,108.36,253.91890298566,170.204304047155,86.7540009343775
214,132,23,3,88.48,253.91890298566,170.204304047155,86.7540009343775
215,132,0,177,31.59,57.2340441312509,38.3645350331158,19.5545989670614
215,132,1,560,30.09,57.2340441312509,38.3645350331158,19.5545989670614
215,132,2,604,33.19,57.2340441312509,38.3645350331158,19.5545989670614
215,132,3,2115,32.28,57.2340441312509,38.3645350331158,19.5545989670614
215,132,4,2911,33.89,57.2340441312509,38.3645350331158,19.5545989670614
215,132,5,2958,37.26,57.2340441312509,38.3645350331158,19.5545989670614
215,132,6,2392,36.9,57.2340441312509,38.3645350331158,19.5545989670614
215,132,7,1827,39.1,57.2340441312509,38.3645350331158,19.5545989670614
215,132,8,1505,36.42,57.2340441312509,38.3645350331158,19.5545989670614
215,132,9,1342,36.41,57.2340441312509,38.3645350331158,19.5545989670614
215,132,10,1156,36.26,57.2340441312509,38.3645350331158,19.5545989670614
215,132,11,1753,34.12,57.2340441312509,38.3645350331158,19.5545989670614
215,132,12,1500,35.25,57.2340441312509,38.3645350331158,19.5545989670614
215,132,13,2091,43.06,57.2340441312509,38.3645350331158,19.5545989670614
215,132,14,2092,35.28,57.2340441312509,38.3645350331158,19.5545989670614
215,132,15,1741,38.42,57.2340441312509,38.3645350331158,19.5545989670614
215,132,16,992,36.37,57.2340441312509,38.3645350331158,19.5545989670614
215,132,17,1095,36.07,57.2340441312509,38.3645350331158,19.5545989670614
215,132,18,880,36.32,57.2340441312509,38.3645350331158,19.5545989670614
215,132,19,1050,35.61,57.2340441312509,38.3645350331158,19.5545989670614
215,132,20,695,35.01,57.2340441312509,38.3645350331158,19.5545989670614
215,132,21,497,32.94,57.2340441312509,38.3645350331158,19.5545989670614
215,132,22,681,31.17,57.2340441312509,38.3645350331158,19.5545989670614
215,132,23,283,31.59,57.2340441312509,38.3645350331158,19.5545989670614
216,132,0,4790,24.09,49.6892522874128,33.307187864939,16.976843349131
216,132,1,3079,22.33,49.6892522874128,33.307187864939,16.976843349131
216,132,2,2396,24.71,49.6892522874128,33.307187864939,16.976843349131
216,132,3,6839,25.4,49.6892522874128,33.307187864939,16.976843349131
216,132,4,11809,27.07,49.6892522874128,33.307187864939,16.976843349131
216,132,5,15074,29.74,49.6892522874128,33.307187864939,16.976843349131
216,132,6,12240,29.42,49.6892522874128,33.307187864939,16.976843349131
216,132,7,10419,28.29,49.6892522874128,33.307187864939,16.976843349131
216,132,8,9848,27.39,49.6892522874128,33.307187864939,16.976843349131
216,132,9,9868,26.73,49.6892522874128,33.307187864939,16.976843349131
216,132,10,9797,25.17,49.6892522874128,33.307187864939,16.976843349131
216,132,11,13188,25.01,49.6892522874128,33.307187864939,16.976843349131
216,132,12,14169,24.08,49.6892522874128,33.307187864939,16.976843349131
216,132,13,18247,24.02,49.6892522874128,33.307187864939,16.976843349131
216,132,14,22935,23.67,49.6892522874128,33.307187864939,16.976843349131
216,132,15,23534,22.83,49.6892522874128,33.307187864939,16.976843349131
216,132,16,23098,22.09,49.6892522874128,33.307187864939,16.976843349131
216,132,17,22163,24.18,49.6892522874128,33.307187864939,16.976843349131
216,132,18,21453,22.82,49.6892522874128,33.307187864939,16.976843349131
216,132,19,20738,22.78,49.6892522874128,33.307187864939,16.976843349131
216,132,20,18001,22.36,49.6892522874128,33.307187864939,16.976843349131
216,132,21,14780,22.66,49.6892522874128,33.307187864939,16.976843349131
216,132,22,10274,23.18,49.6892522874128,33.307187864939,16.976843349131
216,132,23,6359,24.63,49.6892522874128,33.307187864939,16.976843349131
217,132,0,7,83,159.505587649199,106.918142833177,54.4967221315482
217,132,1,10,80.59,159.505587649199,106.918142833177,54.4967221315482
217,132,2,21,75.69,159.505587649199,106.918142833177,54.4967221315482
217,132,3,93,75.89,159.505587649199,106.918142833177,54.4967221315482
217,132,4,242,79.37,159.505587649199,106.918142833177,54.4967221315482
217,132,5,222,82.65,159.505587649199,106.918142833177,54.4967221315482
217,132,6,177,88.63,159.505587649199,106.918142833177,54.4967221315482
217,132,7,173,93.15,159.505587649199,106.918142833177,54.4967221315482
217,132,8,157,98.48,159.505587649199,106.918142833177,54.4967221315482
217,132,9,107,93.01,159.505587649199,106.918142833177,54.4967221315482
217,132,10,106,94.88,159.505587649199,106.918142833177,54.4967221315482
217,132,11,123,98.96,159.505587649199,106.918142833177,54.4967221315482
217,132,12,94,101.13,159.505587649199,106.918142833177,54.4967221315482
217,132,13,170,105.35,159.505587649199,106.918142833177,54.4967221315482
217,132,14,199,115.13,159.505587649199,106.918142833177,54.4967221315482
217,132,15,189,123.42,159.505587649199,106.918142833177,54.4967221315482
217,132,16,147,121.17,159.505587649199,106.918142833177,54.4967221315482
217,132,17,128,116.2,159.505587649199,106.918142833177,54.4967221315482
217,132,18,142,105.16,159.505587649199,106.918142833177,54.4967221315482
217,132,19,103,96.33,159.505587649199,106.918142833177,54.4967221315482
217,132,20,114,88.63,159.505587649199,106.918142833177,54.4967221315482
217,132,21,108,79.43,159.505587649199,106.918142833177,54.4967221315482
217,132,22,39,82.11,159.505587649199,106.918142833177,54.4967221315482
217,132,23,12,97.71,159.505587649199,106.918142833177,54.4967221315482
218,132,0,1142,23.54,32.8770852811045,22.0378292185886,11.2327938316496
218,132,1,1034,22.66,32.8770852811045,22.0378292185886,11.2327938316496
218,132,2,1215,24.09,32.8770852811045,22.0378292185886,11.2327938316496
218,132,3,3284,22.43,32.8770852811045,22.0378292185886,11.2327938316496
218,132,4,3836,23.94,32.8770852811045,22.0378292185886,11.2327938316496
218,132,5,5084,25.66,32.8770852811045,22.0378292185886,11.2327938316496
218,132,6,4425,25.85,32.8770852811045,22.0378292185886,11.2327938316496
218,132,7,3224,26.67,32.8770852811045,22.0378292185886,11.2327938316496
218,132,8,3148,23.53,32.8770852811045,22.0378292185886,11.2327938316496
218,132,9,3189,22.53,32.8770852811045,22.0378292185886,11.2327938316496
218,132,10,3022,22.49,32.8770852811045,22.0378292185886,11.2327938316496
218,132,11,4136,21.46,32.8770852811045,22.0378292185886,11.2327938316496
218,132,12,3581,21.28,32.8770852811045,22.0378292185886,11.2327938316496
218,132,13,4479,21.71,32.8770852811045,22.0378292185886,11.2327938316496
218,132,14,5379,29.8,32.8770852811045,22.0378292185886,11.2327938316496
218,132,15,5247,21.37,32.8770852811045,22.0378292185886,11.2327938316496
218,132,16,4954,21.38,32.8770852811045,22.0378292185886,11.2327938316496
218,132,17,4199,21.61,32.8770852811045,22.0378292185886,11.2327938316496
218,132,18,4008,21.29,32.8770852811045,22.0378292185886,11.2327938316496
218,132,19,3742,21.51,32.8770852811045,22.0378292185886,11.2327938316496
218,132,20,3041,21.4,32.8770852811045,22.0378292185886,11.2327938316496
218,132,21,2560,21.71,32.8770852811045,22.0378292185886,11.2327938316496
218,132,22,1998,21.92,32.8770852811045,22.0378292185886,11.2327938316496
218,132,23,1651,23.38,32.8770852811045,22.0378292185886,11.2327938316496
219,132,0,511,27.02,24.6811749017734,16.5440309792914,8.43257687912628
219,132,1,371,26.48,24.6811749017734,16.5440309792914,8.43257687912628
219,132,2,962,26.51,24.6811749017734,16.5440309792914,8.43257687912628
219,132,3,2388,25.46,24.6811749017734,16.5440309792914,8.43257687912628
219,132,4,4172,26.1,24.6811749017734,16.5440309792914,8.43257687912628
219,132,5,5462,28.28,24.6811749017734,16.5440309792914,8.43257687912628
219,132,6,4302,28.74,24.6811749017734,16.5440309792914,8.43257687912628
219,132,7,2953,28.61,24.6811749017734,16.5440309792914,8.43257687912628
219,132,8,2558,27.17,24.6811749017734,16.5440309792914,8.43257687912628
219,132,9,2379,26.55,24.6811749017734,16.5440309792914,8.43257687912628
219,132,10,2123,26,24.6811749017734,16.5440309792914,8.43257687912628
219,132,11,2655,26.82,24.6811749017734,16.5440309792914,8.43257687912628
219,132,12,2453,25.76,24.6811749017734,16.5440309792914,8.43257687912628
219,132,13,2849,26.93,24.6811749017734,16.5440309792914,8.43257687912628
219,132,14,3279,26.62,24.6811749017734,16.5440309792914,8.43257687912628
219,132,15,2795,28.53,24.6811749017734,16.5440309792914,8.43257687912628
219,132,16,2442,28.04,24.6811749017734,16.5440309792914,8.43257687912628
219,132,17,2078,28.5,24.6811749017734,16.5440309792914,8.43257687912628
219,132,18,1968,29.06,24.6811749017734,16.5440309792914,8.43257687912628
219,132,19,2165,27.51,24.6811749017734,16.5440309792914,8.43257687912628
219,132,20,1652,26.46,24.6811749017734,16.5440309792914,8.43257687912628
219,132,21,1598,24.81,24.6811749017734,16.5440309792914,8.43257687912628
219,132,22,800,26.64,24.6811749017734,16.5440309792914,8.43257687912628
219,132,23,780,25.29,24.6811749017734,16.5440309792914,8.43257687912628
220,132,0,12,107.68,276.734037294983,185.497509914069,94.549025880987
220,132,1,31,99.57,276.734037294983,185.497509914069,94.549025880987
220,132,2,121,92.82,276.734037294983,185.497509914069,94.549025880987
220,132,3,261,98.4,276.734037294983,185.497509914069,94.549025880987
220,132,4,579,103.95,276.734037294983,185.497509914069,94.549025880987
220,132,5,696,106.4,276.734037294983,185.497509914069,94.549025880987
220,132,6,490,113.53,276.734037294983,185.497509914069,94.549025880987
220,132,7,332,119.53,276.734037294983,185.497509914069,94.549025880987
220,132,8,282,119.32,276.734037294983,185.497509914069,94.549025880987
220,132,9,263,114.58,276.734037294983,185.497509914069,94.549025880987
220,132,10,234,118.05,276.734037294983,185.497509914069,94.549025880987
220,132,11,207,120.26,276.734037294983,185.497509914069,94.549025880987
220,132,12,217,126.58,276.734037294983,185.497509914069,94.549025880987
220,132,13,339,131.72,276.734037294983,185.497509914069,94.549025880987
220,132,14,345,140.74,276.734037294983,185.497509914069,94.549025880987
220,132,15,354,146.01,276.734037294983,185.497509914069,94.549025880987
220,132,16,278,148.62,276.734037294983,185.497509914069,94.549025880987
220,132,17,261,139.45,276.734037294983,185.497509914069,94.549025880987
220,132,18,218,125.18,276.734037294983,185.497509914069,94.549025880987
220,132,19,213,114.79,276.734037294983,185.497509914069,94.549025880987
220,132,20,168,105.37,276.734037294983,185.497509914069,94.549025880987
220,132,21,98,102.07,276.734037294983,185.497509914069,94.549025880987
220,132,22,36,111.79,276.734037294983,185.497509914069,94.549025880987
220,132,23,22,107.48,276.734037294983,185.497509914069,94.549025880987
221,132,0,5,92.66,238.902518861285,160.138676088222,81.6234990810729
221,132,1,9,98.84,238.902518861285,160.138676088222,81.6234990810729
221,132,2,24,93.88,238.902518861285,160.138676088222,81.6234990810729
221,132,3,61,93.52,238.902518861285,160.138676088222,81.6234990810729
221,132,4,140,99.75,238.902518861285,160.138676088222,81.6234990810729
221,132,5,147,99.5,238.902518861285,160.138676088222,81.6234990810729
221,132,6,115,103.51,238.902518861285,160.138676088222,81.6234990810729
221,132,7,88,117.48,238.902518861285,160.138676088222,81.6234990810729
221,132,8,89,111.43,238.902518861285,160.138676088222,81.6234990810729
221,132,9,77,107.26,238.902518861285,160.138676088222,81.6234990810729
221,132,10,72,106.13,238.902518861285,160.138676088222,81.6234990810729
221,132,11,81,109.83,238.902518861285,160.138676088222,81.6234990810729
221,132,12,92,119.04,238.902518861285,160.138676088222,81.6234990810729
221,132,13,77,122.98,238.902518861285,160.138676088222,81.6234990810729
221,132,14,72,125.84,238.902518861285,160.138676088222,81.6234990810729
221,132,15,89,137.58,238.902518861285,160.138676088222,81.6234990810729
221,132,16,72,137.93,238.902518861285,160.138676088222,81.6234990810729
221,132,17,57,125.03,238.902518861285,160.138676088222,81.6234990810729
221,132,18,53,120.53,238.902518861285,160.138676088222,81.6234990810729
221,132,19,38,109.87,238.902518861285,160.138676088222,81.6234990810729
221,132,20,35,105,238.902518861285,160.138676088222,81.6234990810729
221,132,21,16,100.37,238.902518861285,160.138676088222,81.6234990810729
221,132,22,8,116.34,238.902518861285,160.138676088222,81.6234990810729
221,132,23,2,90.79,238.902518861285,160.138676088222,81.6234990810729
222,132,0,33,36.51,84.1232090102081,56.3886031147686,28.7415582977947
222,132,1,82,33.42,84.1232090102081,56.3886031147686,28.7415582977947
222,132,2,107,36.92,84.1232090102081,56.3886031147686,28.7415582977947
222,132,3,941,32.42,84.1232090102081,56.3886031147686,28.7415582977947
222,132,4,848,37.98,84.1232090102081,56.3886031147686,28.7415582977947
222,132,5,879,41.66,84.1232090102081,56.3886031147686,28.7415582977947
222,132,6,513,43.14,84.1232090102081,56.3886031147686,28.7415582977947
222,132,7,458,43.25,84.1232090102081,56.3886031147686,28.7415582977947
222,132,8,385,42.24,84.1232090102081,56.3886031147686,28.7415582977947
222,132,9,371,40.75,84.1232090102081,56.3886031147686,28.7415582977947
222,132,10,384,41.06,84.1232090102081,56.3886031147686,28.7415582977947
222,132,11,532,38.56,84.1232090102081,56.3886031147686,28.7415582977947
222,132,12,480,41.56,84.1232090102081,56.3886031147686,28.7415582977947
222,132,13,425,43.48,84.1232090102081,56.3886031147686,28.7415582977947
222,132,14,357,40.54,84.1232090102081,56.3886031147686,28.7415582977947
222,132,15,436,40.36,84.1232090102081,56.3886031147686,28.7415582977947
222,132,16,359,40.51,84.1232090102081,56.3886031147686,28.7415582977947
222,132,17,216,41.98,84.1232090102081,56.3886031147686,28.7415582977947
222,132,18,198,41.3,84.1232090102081,56.3886031147686,28.7415582977947
222,132,19,146,42.82,84.1232090102081,56.3886031147686,28.7415582977947
222,132,20,82,39.96,84.1232090102081,56.3886031147686,28.7415582977947
222,132,21,219,38.8,84.1232090102081,56.3886031147686,28.7415582977947
222,132,22,138,34.97,84.1232090102081,56.3886031147686,28.7415582977947
222,132,23,21,39.11,84.1232090102081,56.3886031147686,28.7415582977947
223,132,0,45,68.11,176.803122819747,118.512848468781,60.4066026670392
223,132,1,59,62.94,176.803122819747,118.512848468781,60.4066026670392
223,132,2,161,69.18,176.803122819747,118.512848468781,60.4066026670392
223,132,3,532,67.46,176.803122819747,118.512848468781,60.4066026670392
223,132,4,1576,68.3,176.803122819747,118.512848468781,60.4066026670392
223,132,5,2075,71.1,176.803122819747,118.512848468781,60.4066026670392
223,132,6,1728,74.28,176.803122819747,118.512848468781,60.4066026670392
223,132,7,1142,76.03,176.803122819747,118.512848468781,60.4066026670392
223,132,8,913,78.47,176.803122819747,118.512848468781,60.4066026670392
223,132,9,874,75.85,176.803122819747,118.512848468781,60.4066026670392
223,132,10,687,105.55,176.803122819747,118.512848468781,60.4066026670392
223,132,11,651,81.57,176.803122819747,118.512848468781,60.4066026670392
223,132,12,806,88.01,176.803122819747,118.512848468781,60.4066026670392
223,132,13,1178,88.51,176.803122819747,118.512848468781,60.4066026670392
223,132,14,1355,93.93,176.803122819747,118.512848468781,60.4066026670392
223,132,15,1406,98.98,176.803122819747,118.512848468781,60.4066026670392
223,132,16,1229,102.61,176.803122819747,118.512848468781,60.4066026670392
223,132,17,1084,95.91,176.803122819747,118.512848468781,60.4066026670392
223,132,18,931,87.55,176.803122819747,118.512848468781,60.4066026670392
223,132,19,727,76.87,176.803122819747,118.512848468781,60.4066026670392
223,132,20,525,71.45,176.803122819747,118.512848468781,60.4066026670392
223,132,21,310,68.53,176.803122819747,118.512848468781,60.4066026670392
223,132,22,178,72.25,176.803122819747,118.512848468781,60.4066026670392
223,132,23,55,71.37,176.803122819747,118.512848468781,60.4066026670392
224,132,0,15,84.68,186.104004995616,124.747320023102,63.5843445818325
224,132,1,20,75.49,186.104004995616,124.747320023102,63.5843445818325
224,132,2,60,81.36,186.104004995616,124.747320023102,63.5843445818325
224,132,3,339,86.12,186.104004995616,124.747320023102,63.5843445818325
224,132,4,1257,88.79,186.104004995616,124.747320023102,63.5843445818325
224,132,5,1883,92.55,186.104004995616,124.747320023102,63.5843445818325
224,132,6,1526,97.4,186.104004995616,124.747320023102,63.5843445818325
224,132,7,1179,105.64,186.104004995616,124.747320023102,63.5843445818325
224,132,8,988,109.43,186.104004995616,124.747320023102,63.5843445818325
224,132,9,797,108.95,186.104004995616,124.747320023102,63.5843445818325
224,132,10,670,104.85,186.104004995616,124.747320023102,63.5843445818325
224,132,11,582,105.98,186.104004995616,124.747320023102,63.5843445818325
224,132,12,736,114.04,186.104004995616,124.747320023102,63.5843445818325
224,132,13,1106,119.38,186.104004995616,124.747320023102,63.5843445818325
224,132,14,1253,128.39,186.104004995616,124.747320023102,63.5843445818325
224,132,15,1239,138.11,186.104004995616,124.747320023102,63.5843445818325
224,132,16,1176,140.58,186.104004995616,124.747320023102,63.5843445818325
224,132,17,1055,133.32,186.104004995616,124.747320023102,63.5843445818325
224,132,18,793,117.09,186.104004995616,124.747320023102,63.5843445818325
224,132,19,731,103.05,186.104004995616,124.747320023102,63.5843445818325
224,132,20,557,95.39,186.104004995616,124.747320023102,63.5843445818325
224,132,21,350,94.52,186.104004995616,124.747320023102,63.5843445818325
224,132,22,175,97.99,186.104004995616,124.747320023102,63.5843445818325
224,132,23,50,97.36,186.104004995616,124.747320023102,63.5843445818325
225,132,0,99,66.16,133.20569517699,89.2890697625508,45.5110937703665
225,132,1,244,56.31,133.20569517699,89.2890697625508,45.5110937703665
225,132,2,412,65.22,133.20569517699,89.2890697625508,45.5110937703665
225,132,3,1376,67.05,133.20569517699,89.2890697625508,45.5110937703665
225,132,4,3545,71.62,133.20569517699,89.2890697625508,45.5110937703665
225,132,5,5118,77.04,133.20569517699,89.2890697625508,45.5110937703665
225,132,6,4055,78.13,133.20569517699,89.2890697625508,45.5110937703665
225,132,7,2973,82.29,133.20569517699,89.2890697625508,45.5110937703665
225,132,8,2433,81.37,133.20569517699,89.2890697625508,45.5110937703665
225,132,9,2308,74.41,133.20569517699,89.2890697625508,45.5110937703665
225,132,10,1846,73.56,133.20569517699,89.2890697625508,45.5110937703665
225,132,11,1869,73.54,133.20569517699,89.2890697625508,45.5110937703665
225,132,12,1866,76.39,133.20569517699,89.2890697625508,45.5110937703665
225,132,13,2478,78.81,133.20569517699,89.2890697625508,45.5110937703665
225,132,14,2730,83.5,133.20569517699,89.2890697625508,45.5110937703665
225,132,15,2590,88.37,133.20569517699,89.2890697625508,45.5110937703665
225,132,16,2474,89.12,133.20569517699,89.2890697625508,45.5110937703665
225,132,17,2340,86.42,133.20569517699,89.2890697625508,45.5110937703665
225,132,18,1855,79.02,133.20569517699,89.2890697625508,45.5110937703665
225,132,19,1543,74.67,133.20569517699,89.2890697625508,45.5110937703665
225,132,20,1152,71.51,133.20569517699,89.2890697625508,45.5110937703665
225,132,21,677,69.94,133.20569517699,89.2890697625508,45.5110937703665
225,132,22,301,66.37,133.20569517699,89.2890697625508,45.5110937703665
225,132,23,140,65.97,133.20569517699,89.2890697625508,45.5110937703665
226,132,0,62,77.27,155.884968852714,104.491206928722,53.259700536228
226,132,1,97,64.45,155.884968852714,104.491206928722,53.259700536228
226,132,2,179,63.38,155.884968852714,104.491206928722,53.259700536228
226,132,3,633,67.81,155.884968852714,104.491206928722,53.259700536228
226,132,4,1528,70.47,155.884968852714,104.491206928722,53.259700536228
226,132,5,2095,72.91,155.884968852714,104.491206928722,53.259700536228
226,132,6,1595,77.42,155.884968852714,104.491206928722,53.259700536228
226,132,7,1226,80.84,155.884968852714,104.491206928722,53.259700536228
226,132,8,1017,82.7,155.884968852714,104.491206928722,53.259700536228
226,132,9,995,91.88,155.884968852714,104.491206928722,53.259700536228
226,132,10,863,86.12,155.884968852714,104.491206928722,53.259700536228
226,132,11,874,87.35,155.884968852714,104.491206928722,53.259700536228
226,132,12,919,110.97,155.884968852714,104.491206928722,53.259700536228
226,132,13,1369,95.72,155.884968852714,104.491206928722,53.259700536228
226,132,14,1515,100.55,155.884968852714,104.491206928722,53.259700536228
226,132,15,1510,105.48,155.884968852714,104.491206928722,53.259700536228
226,132,16,1391,122.9,155.884968852714,104.491206928722,53.259700536228
226,132,17,1285,105.91,155.884968852714,104.491206928722,53.259700536228
226,132,18,956,94.68,155.884968852714,104.491206928722,53.259700536228
226,132,19,735,82.86,155.884968852714,104.491206928722,53.259700536228
226,132,20,648,76.14,155.884968852714,104.491206928722,53.259700536228
226,132,21,473,72.49,155.884968852714,104.491206928722,53.259700536228
226,132,22,289,74.89,155.884968852714,104.491206928722,53.259700536228
226,132,23,124,78.1,155.884968852714,104.491206928722,53.259700536228
227,132,0,6,93.64,182.149674881643,122.096694185058,62.2333070877004
227,132,1,19,96.12,182.149674881643,122.096694185058,62.2333070877004
227,132,2,61,90.54,182.149674881643,122.096694185058,62.2333070877004
227,132,3,183,94.66,182.149674881643,122.096694185058,62.2333070877004
227,132,4,389,95.18,182.149674881643,122.096694185058,62.2333070877004
227,132,5,492,100.62,182.149674881643,122.096694185058,62.2333070877004
227,132,6,438,101,182.149674881643,122.096694185058,62.2333070877004
227,132,7,346,105.92,182.149674881643,122.096694185058,62.2333070877004
227,132,8,301,111.5,182.149674881643,122.096694185058,62.2333070877004
227,132,9,293,107.97,182.149674881643,122.096694185058,62.2333070877004
227,132,10,233,109.94,182.149674881643,122.096694185058,62.2333070877004
227,132,11,282,110.07,182.149674881643,122.096694185058,62.2333070877004
227,132,12,272,112.51,182.149674881643,122.096694185058,62.2333070877004
227,132,13,293,115.96,182.149674881643,122.096694185058,62.2333070877004
227,132,14,316,128.99,182.149674881643,122.096694185058,62.2333070877004
227,132,15,247,137.52,182.149674881643,122.096694185058,62.2333070877004
227,132,16,251,136.23,182.149674881643,122.096694185058,62.2333070877004
227,132,17,196,129.24,182.149674881643,122.096694185058,62.2333070877004
227,132,18,193,117.47,182.149674881643,122.096694185058,62.2333070877004
227,132,19,153,104.24,182.149674881643,122.096694185058,62.2333070877004
227,132,20,110,104.8,182.149674881643,122.096694185058,62.2333070877004
227,132,21,78,100.04,182.149674881643,122.096694185058,62.2333070877004
227,132,22,45,95.43,182.149674881643,122.096694185058,62.2333070877004
227,132,23,19,107.24,182.149674881643,122.096694185058,62.2333070877004
228,132,0,25,98.33,187.822207642964,125.899047926638,64.1713861621196
228,132,1,37,84.06,187.822207642964,125.899047926638,64.1713861621196
228,132,2,120,86.72,187.822207642964,125.899047926638,64.1713861621196
228,132,3,342,89.67,187.822207642964,125.899047926638,64.1713861621196
228,132,4,814,95.14,187.822207642964,125.899047926638,64.1713861621196
228,132,5,1122,99.01,187.822207642964,125.899047926638,64.1713861621196
228,132,6,918,101.41,187.822207642964,125.899047926638,64.1713861621196
228,132,7,660,105.56,187.822207642964,125.899047926638,64.1713861621196
228,132,8,590,110.09,187.822207642964,125.899047926638,64.1713861621196
228,132,9,645,103.01,187.822207642964,125.899047926638,64.1713861621196
228,132,10,478,105.82,187.822207642964,125.899047926638,64.1713861621196
228,132,11,531,107.79,187.822207642964,125.899047926638,64.1713861621196
228,132,12,699,114.2,187.822207642964,125.899047926638,64.1713861621196
228,132,13,819,119.91,187.822207642964,125.899047926638,64.1713861621196
228,132,14,760,130.2,187.822207642964,125.899047926638,64.1713861621196
228,132,15,747,139,187.822207642964,125.899047926638,64.1713861621196
228,132,16,697,138.24,187.822207642964,125.899047926638,64.1713861621196
228,132,17,549,131.71,187.822207642964,125.899047926638,64.1713861621196
228,132,18,420,119.82,187.822207642964,125.899047926638,64.1713861621196
228,132,19,302,108.26,187.822207642964,125.899047926638,64.1713861621196
228,132,20,232,101.64,187.822207642964,125.899047926638,64.1713861621196
228,132,21,142,97.71,187.822207642964,125.899047926638,64.1713861621196
228,132,22,63,92.93,187.822207642964,125.899047926638,64.1713861621196
228,132,23,49,89.65,187.822207642964,125.899047926638,64.1713861621196
229,132,0,55,88.3,193.740311586174,129.866010413829,66.1933671528298
229,132,1,31,78.38,193.740311586174,129.866010413829,66.1933671528298
229,132,2,139,82.92,193.740311586174,129.866010413829,66.1933671528298
229,132,3,733,86.68,193.740311586174,129.866010413829,66.1933671528298
229,132,4,2618,99.51,193.740311586174,129.866010413829,66.1933671528298
229,132,5,4160,92.43,193.740311586174,129.866010413829,66.1933671528298
229,132,6,3451,107.72,193.740311586174,129.866010413829,66.1933671528298
229,132,7,2451,105.46,193.740311586174,129.866010413829,66.1933671528298
229,132,8,2140,119.69,193.740311586174,129.866010413829,66.1933671528298
229,132,9,1793,107.9,193.740311586174,129.866010413829,66.1933671528298
229,132,10,1674,113.29,193.740311586174,129.866010413829,66.1933671528298
229,132,11,1633,109.66,193.740311586174,129.866010413829,66.1933671528298
229,132,12,1950,123.53,193.740311586174,129.866010413829,66.1933671528298
229,132,13,2873,123.76,193.740311586174,129.866010413829,66.1933671528298
229,132,14,3309,138.72,193.740311586174,129.866010413829,66.1933671528298
229,132,15,3227,137.04,193.740311586174,129.866010413829,66.1933671528298
229,132,16,2902,148.68,193.740311586174,129.866010413829,66.1933671528298
229,132,17,2413,144.57,193.740311586174,129.866010413829,66.1933671528298
229,132,18,1973,121.56,193.740311586174,129.866010413829,66.1933671528298
229,132,19,1562,108.81,193.740311586174,129.866010413829,66.1933671528298
229,132,20,1047,101.75,193.740311586174,129.866010413829,66.1933671528298
229,132,21,603,94.48,193.740311586174,129.866010413829,66.1933671528298
229,132,22,296,98.2,193.740311586174,129.866010413829,66.1933671528298
229,132,23,143,97.06,193.740311586174,129.866010413829,66.1933671528298
230,132,0,258,101.83,207.794086675658,139.286392197992,70.9949837434364
230,132,1,274,111.23,207.794086675658,139.286392197992,70.9949837434364
230,132,2,706,116.27,207.794086675658,139.286392197992,70.9949837434364
230,132,3,2754,110.46,207.794086675658,139.286392197992,70.9949837434364
230,132,4,6790,103.57,207.794086675658,139.286392197992,70.9949837434364
230,132,5,8322,104.14,207.794086675658,139.286392197992,70.9949837434364
230,132,6,7985,112.84,207.794086675658,139.286392197992,70.9949837434364
230,132,7,7484,128.56,207.794086675658,139.286392197992,70.9949837434364
230,132,8,7756,133.61,207.794086675658,139.286392197992,70.9949837434364
230,132,9,7997,126.47,207.794086675658,139.286392197992,70.9949837434364
230,132,10,8476,133.11,207.794086675658,139.286392197992,70.9949837434364
230,132,11,9734,142.36,207.794086675658,139.286392197992,70.9949837434364
230,132,12,11242,149.46,207.794086675658,139.286392197992,70.9949837434364
230,132,13,12433,148.41,207.794086675658,139.286392197992,70.9949837434364
230,132,14,13263,158.37,207.794086675658,139.286392197992,70.9949837434364
230,132,15,11527,164.12,207.794086675658,139.286392197992,70.9949837434364
230,132,16,9931,159.44,207.794086675658,139.286392197992,70.9949837434364
230,132,17,7310,164.95,207.794086675658,139.286392197992,70.9949837434364
230,132,18,5046,150.61,207.794086675658,139.286392197992,70.9949837434364
230,132,19,3625,138.24,207.794086675658,139.286392197992,70.9949837434364
230,132,20,2129,131.05,207.794086675658,139.286392197992,70.9949837434364
230,132,21,1348,115.56,207.794086675658,139.286392197992,70.9949837434364
230,132,22,868,118.23,207.794086675658,139.286392197992,70.9949837434364
230,132,23,443,117.58,207.794086675658,139.286392197992,70.9949837434364
231,132,0,30,107.37,201.635304615256,135.158100833926,68.8907726022404
231,132,1,30,90.81,201.635304615256,135.158100833926,68.8907726022404
231,132,2,97,93.75,201.635304615256,135.158100833926,68.8907726022404
231,132,3,581,101.61,201.635304615256,135.158100833926,68.8907726022404
231,132,4,2533,106.56,201.635304615256,135.158100833926,68.8907726022404
231,132,5,4579,110.84,201.635304615256,135.158100833926,68.8907726022404
231,132,6,4087,116.31,201.635304615256,135.158100833926,68.8907726022404
231,132,7,2938,123.1,201.635304615256,135.158100833926,68.8907726022404
231,132,8,2591,125.13,201.635304615256,135.158100833926,68.8907726022404
231,132,9,2459,124.35,201.635304615256,135.158100833926,68.8907726022404
231,132,10,2046,129.37,201.635304615256,135.158100833926,68.8907726022404
231,132,11,2037,145.08,201.635304615256,135.158100833926,68.8907726022404
231,132,12,2796,141.18,201.635304615256,135.158100833926,68.8907726022404
231,132,13,4057,149.27,201.635304615256,135.158100833926,68.8907726022404
231,132,14,4606,166.89,201.635304615256,135.158100833926,68.8907726022404
231,132,15,4238,172.79,201.635304615256,135.158100833926,68.8907726022404
231,132,16,3659,182.64,201.635304615256,135.158100833926,68.8907726022404
231,132,17,2848,166.1,201.635304615256,135.158100833926,68.8907726022404
231,132,18,2461,149.12,201.635304615256,135.158100833926,68.8907726022404
231,132,19,1960,132.45,201.635304615256,135.158100833926,68.8907726022404
231,132,20,1300,124.09,201.635304615256,135.158100833926,68.8907726022404
231,132,21,650,118.15,201.635304615256,135.158100833926,68.8907726022404
231,132,22,295,121.27,201.635304615256,135.158100833926,68.8907726022404
231,132,23,146,116.36,201.635304615256,135.158100833926,68.8907726022404
232,132,0,23,80.42,182.126498639323,122.081158924989,62.2253886864937
232,132,1,42,78.8,182.126498639323,122.081158924989,62.2253886864937
232,132,2,139,81.63,182.126498639323,122.081158924989,62.2253886864937
232,132,3,420,84.13,182.126498639323,122.081158924989,62.2253886864937
232,132,4,1264,86.44,182.126498639323,122.081158924989,62.2253886864937
232,132,5,1973,89.12,182.126498639323,122.081158924989,62.2253886864937
232,132,6,1639,95.22,182.126498639323,122.081158924989,62.2253886864937
232,132,7,1154,101.63,182.126498639323,122.081158924989,62.2253886864937
232,132,8,968,107.03,182.126498639323,122.081158924989,62.2253886864937
232,132,9,902,101.71,182.126498639323,122.081158924989,62.2253886864937
232,132,10,831,105.25,182.126498639323,122.081158924989,62.2253886864937
232,132,11,762,107.43,182.126498639323,122.081158924989,62.2253886864937
232,132,12,926,114.86,182.126498639323,122.081158924989,62.2253886864937
232,132,13,1255,119.53,182.126498639323,122.081158924989,62.2253886864937
232,132,14,1463,131.54,182.126498639323,122.081158924989,62.2253886864937
232,132,15,1329,141.19,182.126498639323,122.081158924989,62.2253886864937
232,132,16,1241,142.73,182.126498639323,122.081158924989,62.2253886864937
232,132,17,1025,136.6,182.126498639323,122.081158924989,62.2253886864937
232,132,18,890,122.53,182.126498639323,122.081158924989,62.2253886864937
232,132,19,775,106.66,182.126498639323,122.081158924989,62.2253886864937
232,132,20,586,97.05,182.126498639323,122.081158924989,62.2253886864937
232,132,21,323,94.55,182.126498639323,122.081158924989,62.2253886864937
232,132,22,186,99.15,182.126498639323,122.081158924989,62.2253886864937
232,132,23,75,99.8,182.126498639323,122.081158924989,62.2253886864937
233,132,0,55,186.05,192.666444999369,129.146187222654,65.8264696049133
233,132,1,40,180.98,192.666444999369,129.146187222654,65.8264696049133
233,132,2,156,77.31,192.666444999369,129.146187222654,65.8264696049133
233,132,3,831,81.75,192.666444999369,129.146187222654,65.8264696049133
233,132,4,2864,98.22,192.666444999369,129.146187222654,65.8264696049133
233,132,5,4251,93,192.666444999369,129.146187222654,65.8264696049133
233,132,6,3761,92.18,192.666444999369,129.146187222654,65.8264696049133
233,132,7,2954,98.71,192.666444999369,129.146187222654,65.8264696049133
233,132,8,2549,100.66,192.666444999369,129.146187222654,65.8264696049133
233,132,9,2475,112.83,192.666444999369,129.146187222654,65.8264696049133
233,132,10,2371,114.89,192.666444999369,129.146187222654,65.8264696049133
233,132,11,2478,103.79,192.666444999369,129.146187222654,65.8264696049133
233,132,12,2956,118.83,192.666444999369,129.146187222654,65.8264696049133
233,132,13,3865,121.68,192.666444999369,129.146187222654,65.8264696049133
233,132,14,4403,123.09,192.666444999369,129.146187222654,65.8264696049133
233,132,15,4202,130.66,192.666444999369,129.146187222654,65.8264696049133
233,132,16,3943,132.7,192.666444999369,129.146187222654,65.8264696049133
233,132,17,2992,145.56,192.666444999369,129.146187222654,65.8264696049133
233,132,18,2371,126.46,192.666444999369,129.146187222654,65.8264696049133
233,132,19,1852,115.49,192.666444999369,129.146187222654,65.8264696049133
233,132,20,1251,112.84,192.666444999369,129.146187222654,65.8264696049133
233,132,21,773,90.65,192.666444999369,129.146187222654,65.8264696049133
233,132,22,460,90.74,192.666444999369,129.146187222654,65.8264696049133
233,132,23,185,92.71,192.666444999369,129.146187222654,65.8264696049133
234,132,0,33,92.31,200.298774117957,134.262211475333,68.4341332317638
234,132,1,34,95.1,200.298774117957,134.262211475333,68.4341332317638
234,132,2,99,84.27,200.298774117957,134.262211475333,68.4341332317638
234,132,3,453,92.23,200.298774117957,134.262211475333,68.4341332317638
234,132,4,1941,96.99,200.298774117957,134.262211475333,68.4341332317638
234,132,5,3707,99.63,200.298774117957,134.262211475333,68.4341332317638
234,132,6,3173,105.2,200.298774117957,134.262211475333,68.4341332317638
234,132,7,2265,113.83,200.298774117957,134.262211475333,68.4341332317638
234,132,8,2037,129.76,200.298774117957,134.262211475333,68.4341332317638
234,132,9,1916,116.91,200.298774117957,134.262211475333,68.4341332317638
234,132,10,1733,118.75,200.298774117957,134.262211475333,68.4341332317638
234,132,11,1901,121.56,200.298774117957,134.262211475333,68.4341332317638
234,132,12,2695,129.51,200.298774117957,134.262211475333,68.4341332317638
234,132,13,4094,135.51,200.298774117957,134.262211475333,68.4341332317638
234,132,14,4825,147.05,200.298774117957,134.262211475333,68.4341332317638
234,132,15,4510,157.63,200.298774117957,134.262211475333,68.4341332317638
234,132,16,3745,158.25,200.298774117957,134.262211475333,68.4341332317638
234,132,17,2914,156.16,200.298774117957,134.262211475333,68.4341332317638
234,132,18,2312,132.2,200.298774117957,134.262211475333,68.4341332317638
234,132,19,1763,118.98,200.298774117957,134.262211475333,68.4341332317638
234,132,20,1226,110.11,200.298774117957,134.262211475333,68.4341332317638
234,132,21,629,106.99,200.298774117957,134.262211475333,68.4341332317638
234,132,22,299,109.87,200.298774117957,134.262211475333,68.4341332317638
234,132,23,129,108.86,200.298774117957,134.262211475333,68.4341332317638
235,132,0,30,86.94,249.674877258058,167.359492428835,85.3039859586957
235,132,1,73,87.26,249.674877258058,167.359492428835,85.3039859586957
235,132,2,207,85.59,249.674877258058,167.359492428835,85.3039859586957
235,132,3,299,89.64,249.674877258058,167.359492428835,85.3039859586957
235,132,4,409,92.15,249.674877258058,167.359492428835,85.3039859586957
235,132,5,468,94.76,249.674877258058,167.359492428835,85.3039859586957
235,132,6,276,100.15,249.674877258058,167.359492428835,85.3039859586957
235,132,7,148,102.83,249.674877258058,167.359492428835,85.3039859586957
235,132,8,148,106.5,249.674877258058,167.359492428835,85.3039859586957
235,132,9,191,100.49,249.674877258058,167.359492428835,85.3039859586957
235,132,10,175,103.59,249.674877258058,167.359492428835,85.3039859586957
235,132,11,133,104.93,249.674877258058,167.359492428835,85.3039859586957
235,132,12,138,113.22,249.674877258058,167.359492428835,85.3039859586957
235,132,13,107,111.08,249.674877258058,167.359492428835,85.3039859586957
235,132,14,118,119.77,249.674877258058,167.359492428835,85.3039859586957
235,132,15,149,130.9,249.674877258058,167.359492428835,85.3039859586957
235,132,16,140,130.11,249.674877258058,167.359492428835,85.3039859586957
235,132,17,141,121.22,249.674877258058,167.359492428835,85.3039859586957
235,132,18,169,110.91,249.674877258058,167.359492428835,85.3039859586957
235,132,19,98,97.98,249.674877258058,167.359492428835,85.3039859586957
235,132,20,90,97.5,249.674877258058,167.359492428835,85.3039859586957
235,132,21,37,84.92,249.674877258058,167.359492428835,85.3039859586957
235,132,22,24,86.12,249.674877258058,167.359492428835,85.3039859586957
235,132,23,23,94.38,249.674877258058,167.359492428835,85.3039859586957
236,132,0,23,90.7,205.870404526044,137.996929390643,70.3377379809402
236,132,1,23,85.11,205.870404526044,137.996929390643,70.3377379809402
236,132,2,65,87.06,205.870404526044,137.996929390643,70.3377379809402
236,132,3,521,92.64,205.870404526044,137.996929390643,70.3377379809402
236,132,4,2286,95.14,205.870404526044,137.996929390643,70.3377379809402
236,132,5,4601,101.53,205.870404526044,137.996929390643,70.3377379809402
236,132,6,4028,105.07,205.870404526044,137.996929390643,70.3377379809402
236,132,7,2729,110.36,205.870404526044,137.996929390643,70.3377379809402
236,132,8,2325,113.23,205.870404526044,137.996929390643,70.3377379809402
236,132,9,1971,111.72,205.870404526044,137.996929390643,70.3377379809402
236,132,10,1538,127.97,205.870404526044,137.996929390643,70.3377379809402
236,132,11,1539,116.83,205.870404526044,137.996929390643,70.3377379809402
236,132,12,1905,141.85,205.870404526044,137.996929390643,70.3377379809402
236,132,13,3014,126.06,205.870404526044,137.996929390643,70.3377379809402
236,132,14,3489,132.64,205.870404526044,137.996929390643,70.3377379809402
236,132,15,3444,155.63,205.870404526044,137.996929390643,70.3377379809402
236,132,16,3030,147.14,205.870404526044,137.996929390643,70.3377379809402
236,132,17,2461,150.91,205.870404526044,137.996929390643,70.3377379809402
236,132,18,2136,123.38,205.870404526044,137.996929390643,70.3377379809402
236,132,19,1747,127.78,205.870404526044,137.996929390643,70.3377379809402
236,132,20,1129,105.16,205.870404526044,137.996929390643,70.3377379809402
236,132,21,542,99.06,205.870404526044,137.996929390643,70.3377379809402
236,132,22,260,105.11,205.870404526044,137.996929390643,70.3377379809402
236,132,23,110,103.21,205.870404526044,137.996929390643,70.3377379809402
237,132,0,24,99.92,202.209608273588,135.543062147672,69.0869893451679
237,132,1,8,98.95,202.209608273588,135.543062147672,69.0869893451679
237,132,2,49,91.95,202.209608273588,135.543062147672,69.0869893451679
237,132,3,341,99.68,202.209608273588,135.543062147672,69.0869893451679
237,132,4,1577,100.97,202.209608273588,135.543062147672,69.0869893451679
237,132,5,3203,124.06,202.209608273588,135.543062147672,69.0869893451679
237,132,6,2736,123.95,202.209608273588,135.543062147672,69.0869893451679
237,132,7,2065,120.77,202.209608273588,135.543062147672,69.0869893451679
237,132,8,1830,144.83,202.209608273588,135.543062147672,69.0869893451679
237,132,9,1613,122.09,202.209608273588,135.543062147672,69.0869893451679
237,132,10,1439,124.9,202.209608273588,135.543062147672,69.0869893451679
237,132,11,1575,141.15,202.209608273588,135.543062147672,69.0869893451679
237,132,12,2042,133.86,202.209608273588,135.543062147672,69.0869893451679
237,132,13,3066,149.25,202.209608273588,135.543062147672,69.0869893451679
237,132,14,3403,161.19,202.209608273588,135.543062147672,69.0869893451679
237,132,15,3381,159.67,202.209608273588,135.543062147672,69.0869893451679
237,132,16,2901,173.21,202.209608273588,135.543062147672,69.0869893451679
237,132,17,2391,166.03,202.209608273588,135.543062147672,69.0869893451679
237,132,18,2063,144.16,202.209608273588,135.543062147672,69.0869893451679
237,132,19,1500,123.5,202.209608273588,135.543062147672,69.0869893451679
237,132,20,939,116.02,202.209608273588,135.543062147672,69.0869893451679
237,132,21,460,144.13,202.209608273588,135.543062147672,69.0869893451679
237,132,22,202,169.63,202.209608273588,135.543062147672,69.0869893451679
237,132,23,92,113.69,202.209608273588,135.543062147672,69.0869893451679
238,132,0,39,93.41,223.403437235116,149.749491310982,76.328078669011
238,132,1,58,98.48,223.403437235116,149.749491310982,76.328078669011
238,132,2,132,96.85,223.403437235116,149.749491310982,76.328078669011
238,132,3,704,96.98,223.403437235116,149.749491310982,76.328078669011
238,132,4,2337,101.17,223.403437235116,149.749491310982,76.328078669011
238,132,5,3680,106.37,223.403437235116,149.749491310982,76.328078669011
238,132,6,3190,111.25,223.403437235116,149.749491310982,76.328078669011
238,132,7,2297,117.94,223.403437235116,149.749491310982,76.328078669011
238,132,8,1960,121.38,223.403437235116,149.749491310982,76.328078669011
238,132,9,1655,117.39,223.403437235116,149.749491310982,76.328078669011
238,132,10,1331,120.48,223.403437235116,149.749491310982,76.328078669011
238,132,11,1221,121.71,223.403437235116,149.749491310982,76.328078669011
238,132,12,1552,140.57,223.403437235116,149.749491310982,76.328078669011
238,132,13,2368,130,223.403437235116,149.749491310982,76.328078669011
238,132,14,2549,147.84,223.403437235116,149.749491310982,76.328078669011
238,132,15,2419,148.74,223.403437235116,149.749491310982,76.328078669011
238,132,16,2237,146.87,223.403437235116,149.749491310982,76.328078669011
238,132,17,1753,157.57,223.403437235116,149.749491310982,76.328078669011
238,132,18,1629,139.13,223.403437235116,149.749491310982,76.328078669011
238,132,19,1511,115.41,223.403437235116,149.749491310982,76.328078669011
238,132,20,1037,107.45,223.403437235116,149.749491310982,76.328078669011
238,132,21,585,102.41,223.403437235116,149.749491310982,76.328078669011
238,132,22,248,107.68,223.403437235116,149.749491310982,76.328078669011
238,132,23,86,108.85,223.403437235116,149.749491310982,76.328078669011
239,132,0,47,111.37,220.880998592947,148.05867621788,75.4662616016459
239,132,1,38,98.91,220.880998592947,148.05867621788,75.4662616016459
239,132,2,120,98.15,220.880998592947,148.05867621788,75.4662616016459
239,132,3,701,102.43,220.880998592947,148.05867621788,75.4662616016459
239,132,4,2738,106.37,220.880998592947,148.05867621788,75.4662616016459
239,132,5,4449,111.88,220.880998592947,148.05867621788,75.4662616016459
239,132,6,3721,115.07,220.880998592947,148.05867621788,75.4662616016459
239,132,7,2725,137.34,220.880998592947,148.05867621788,75.4662616016459
239,132,8,2375,128.62,220.880998592947,148.05867621788,75.4662616016459
239,132,9,1936,137.45,220.880998592947,148.05867621788,75.4662616016459
239,132,10,1790,126.75,220.880998592947,148.05867621788,75.4662616016459
239,132,11,1773,129.16,220.880998592947,148.05867621788,75.4662616016459
239,132,12,2309,145.8,220.880998592947,148.05867621788,75.4662616016459
239,132,13,3161,151.97,220.880998592947,148.05867621788,75.4662616016459
239,132,14,3426,165.65,220.880998592947,148.05867621788,75.4662616016459
239,132,15,3148,163.9,220.880998592947,148.05867621788,75.4662616016459
239,132,16,2739,153.98,220.880998592947,148.05867621788,75.4662616016459
239,132,17,2279,144.33,220.880998592947,148.05867621788,75.4662616016459
239,132,18,1908,143.88,220.880998592947,148.05867621788,75.4662616016459
239,132,19,1516,121.8,220.880998592947,148.05867621788,75.4662616016459
239,132,20,1073,114.82,220.880998592947,148.05867621788,75.4662616016459
239,132,21,549,139.17,220.880998592947,148.05867621788,75.4662616016459
239,132,22,248,115.14,220.880998592947,148.05867621788,75.4662616016459
239,132,23,86,118.09,220.880998592947,148.05867621788,75.4662616016459
240,132,0,6,120.15,281.035477686445,188.380807138578,96.0186571662212
240,132,1,6,85.65,281.035477686445,188.380807138578,96.0186571662212
240,132,2,14,90.35,281.035477686445,188.380807138578,96.0186571662212
240,132,3,33,88.42,281.035477686445,188.380807138578,96.0186571662212
240,132,4,41,95.57,281.035477686445,188.380807138578,96.0186571662212
240,132,5,44,99.4,281.035477686445,188.380807138578,96.0186571662212
240,132,6,27,110.14,281.035477686445,188.380807138578,96.0186571662212
240,132,7,10,109.12,281.035477686445,188.380807138578,96.0186571662212
240,132,8,27,111.98,281.035477686445,188.380807138578,96.0186571662212
240,132,9,16,108.78,281.035477686445,188.380807138578,96.0186571662212
240,132,10,17,116.03,281.035477686445,188.380807138578,96.0186571662212
240,132,11,11,123.4,281.035477686445,188.380807138578,96.0186571662212
240,132,12,19,109.12,281.035477686445,188.380807138578,96.0186571662212
240,132,13,9,113.77,281.035477686445,188.380807138578,96.0186571662212
240,132,14,16,138.17,281.035477686445,188.380807138578,96.0186571662212
240,132,15,19,133.96,281.035477686445,188.380807138578,96.0186571662212
240,132,16,19,143.04,281.035477686445,188.380807138578,96.0186571662212
240,132,17,18,117.53,281.035477686445,188.380807138578,96.0186571662212
240,132,18,19,118.69,281.035477686445,188.380807138578,96.0186571662212
240,132,19,11,101.64,281.035477686445,188.380807138578,96.0186571662212
240,132,20,8,101.43,281.035477686445,188.380807138578,96.0186571662212
240,132,21,4,115.12,281.035477686445,188.380807138578,96.0186571662212
240,132,22,5,95.32,281.035477686445,188.380807138578,96.0186571662212
241,132,0,18,89.25,266.475009684808,178.620784179755,91.0439237384769
241,132,1,78,89.05,266.475009684808,178.620784179755,91.0439237384769
241,132,2,204,88.87,266.475009684808,178.620784179755,91.0439237384769
241,132,3,284,93.22,266.475009684808,178.620784179755,91.0439237384769
241,132,4,489,96.11,266.475009684808,178.620784179755,91.0439237384769
241,132,5,522,100.7,266.475009684808,178.620784179755,91.0439237384769
241,132,6,320,106.36,266.475009684808,178.620784179755,91.0439237384769
241,132,7,227,112.76,266.475009684808,178.620784179755,91.0439237384769
241,132,8,186,108.39,266.475009684808,178.620784179755,91.0439237384769
241,132,9,200,105.05,266.475009684808,178.620784179755,91.0439237384769
241,132,10,186,109.44,266.475009684808,178.620784179755,91.0439237384769
241,132,11,155,116.27,266.475009684808,178.620784179755,91.0439237384769
241,132,12,158,117.99,266.475009684808,178.620784179755,91.0439237384769
241,132,13,159,121.21,266.475009684808,178.620784179755,91.0439237384769
241,132,14,174,126.6,266.475009684808,178.620784179755,91.0439237384769
241,132,15,166,136.92,266.475009684808,178.620784179755,91.0439237384769
241,132,16,183,141.51,266.475009684808,178.620784179755,91.0439237384769
241,132,17,169,126.17,266.475009684808,178.620784179755,91.0439237384769
241,132,18,155,116.13,266.475009684808,178.620784179755,91.0439237384769
241,132,19,151,107.64,266.475009684808,178.620784179755,91.0439237384769
241,132,20,93,105.83,266.475009684808,178.620784179755,91.0439237384769
241,132,21,40,94.79,266.475009684808,178.620784179755,91.0439237384769
241,132,22,26,96.43,266.475009684808,178.620784179755,91.0439237384769
241,132,23,26,99.97,266.475009684808,178.620784179755,91.0439237384769
242,132,0,16,82.63,225.383582243949,151.076801720636,77.0046155472291
242,132,1,28,74.26,225.383582243949,151.076801720636,77.0046155472291
242,132,2,102,75.93,225.383582243949,151.076801720636,77.0046155472291
242,132,3,204,76.61,225.383582243949,151.076801720636,77.0046155472291
242,132,4,324,80.59,225.383582243949,151.076801720636,77.0046155472291
242,132,5,370,84.09,225.383582243949,151.076801720636,77.0046155472291
242,132,6,255,91.38,225.383582243949,151.076801720636,77.0046155472291
242,132,7,164,90.98,225.383582243949,151.076801720636,77.0046155472291
242,132,8,171,91.76,225.383582243949,151.076801720636,77.0046155472291
242,132,9,155,92.42,225.383582243949,151.076801720636,77.0046155472291
242,132,10,129,97.8,225.383582243949,151.076801720636,77.0046155472291
242,132,11,142,95.4,225.383582243949,151.076801720636,77.0046155472291
242,132,12,188,102.47,225.383582243949,151.076801720636,77.0046155472291
242,132,13,189,104.87,225.383582243949,151.076801720636,77.0046155472291
242,132,14,186,107.14,225.383582243949,151.076801720636,77.0046155472291
242,132,15,194,113.12,225.383582243949,151.076801720636,77.0046155472291
242,132,16,176,113.85,225.383582243949,151.076801720636,77.0046155472291
242,132,17,163,111.37,225.383582243949,151.076801720636,77.0046155472291
242,132,18,143,99.61,225.383582243949,151.076801720636,77.0046155472291
242,132,19,105,88.05,225.383582243949,151.076801720636,77.0046155472291
242,132,20,114,79.12,225.383582243949,151.076801720636,77.0046155472291
242,132,21,48,77.61,225.383582243949,151.076801720636,77.0046155472291
242,132,22,21,78.73,225.383582243949,151.076801720636,77.0046155472291
242,132,23,18,82.5,225.383582243949,151.076801720636,77.0046155472291
243,132,0,50,92.68,260.218692552835,174.427114110985,88.9063887383999
243,132,1,122,85.96,260.218692552835,174.427114110985,88.9063887383999
243,132,2,268,87.91,260.218692552835,174.427114110985,88.9063887383999
243,132,3,643,89.21,260.218692552835,174.427114110985,88.9063887383999
243,132,4,1349,93.27,260.218692552835,174.427114110985,88.9063887383999
243,132,5,1688,97.16,260.218692552835,174.427114110985,88.9063887383999
243,132,6,1178,103.36,260.218692552835,174.427114110985,88.9063887383999
243,132,7,810,107.37,260.218692552835,174.427114110985,88.9063887383999
243,132,8,724,108.63,260.218692552835,174.427114110985,88.9063887383999
243,132,9,702,106.87,260.218692552835,174.427114110985,88.9063887383999
243,132,10,599,107.01,260.218692552835,174.427114110985,88.9063887383999
243,132,11,610,108.74,260.218692552835,174.427114110985,88.9063887383999
243,132,12,622,114.45,260.218692552835,174.427114110985,88.9063887383999
243,132,13,802,118.62,260.218692552835,174.427114110985,88.9063887383999
243,132,14,743,124.25,260.218692552835,174.427114110985,88.9063887383999
243,132,15,824,133.35,260.218692552835,174.427114110985,88.9063887383999
243,132,16,697,135.47,260.218692552835,174.427114110985,88.9063887383999
243,132,17,613,128.42,260.218692552835,174.427114110985,88.9063887383999
243,132,18,559,118.17,260.218692552835,174.427114110985,88.9063887383999
243,132,19,454,105.03,260.218692552835,174.427114110985,88.9063887383999
243,132,20,309,97.23,260.218692552835,174.427114110985,88.9063887383999
243,132,21,163,91.53,260.218692552835,174.427114110985,88.9063887383999
243,132,22,111,98.02,260.218692552835,174.427114110985,88.9063887383999
243,132,23,65,95.46,260.218692552835,174.427114110985,88.9063887383999
244,132,0,64,104.47,249.554496077565,167.278799755681,85.262856492074
244,132,1,130,87.98,249.554496077565,167.278799755681,85.262856492074
244,132,2,367,83.83,249.554496077565,167.278799755681,85.262856492074
244,132,3,747,86.77,249.554496077565,167.278799755681,85.262856492074
244,132,4,1717,90.54,249.554496077565,167.278799755681,85.262856492074
244,132,5,1978,94.61,249.554496077565,167.278799755681,85.262856492074
244,132,6,1474,100.08,249.554496077565,167.278799755681,85.262856492074
244,132,7,1069,105.15,249.554496077565,167.278799755681,85.262856492074
244,132,8,912,107.19,249.554496077565,167.278799755681,85.262856492074
244,132,9,796,102.99,249.554496077565,167.278799755681,85.262856492074
244,132,10,803,104.32,249.554496077565,167.278799755681,85.262856492074
244,132,11,763,109.47,249.554496077565,167.278799755681,85.262856492074
244,132,12,940,112.52,249.554496077565,167.278799755681,85.262856492074
244,132,13,1000,116.51,249.554496077565,167.278799755681,85.262856492074
244,132,14,1199,124.28,249.554496077565,167.278799755681,85.262856492074
244,132,15,1183,132.6,249.554496077565,167.278799755681,85.262856492074
244,132,16,1003,136.33,249.554496077565,167.278799755681,85.262856492074
244,132,17,852,127.74,249.554496077565,167.278799755681,85.262856492074
244,132,18,738,114.57,249.554496077565,167.278799755681,85.262856492074
244,132,19,635,103.44,249.554496077565,167.278799755681,85.262856492074
244,132,20,491,94.37,249.554496077565,167.278799755681,85.262856492074
244,132,21,279,90.91,249.554496077565,167.278799755681,85.262856492074
244,132,22,141,94.52,249.554496077565,167.278799755681,85.262856492074
244,132,23,69,94.21,249.554496077565,167.278799755681,85.262856492074
245,132,0,2,93.86,261.402715005308,175.220775847586,89.310922169115
245,132,1,3,94.66,261.402715005308,175.220775847586,89.310922169115
245,132,2,9,98.04,261.402715005308,175.220775847586,89.310922169115
245,132,3,32,118.58,261.402715005308,175.220775847586,89.310922169115
245,132,4,75,106.81,261.402715005308,175.220775847586,89.310922169115
245,132,5,83,113.1,261.402715005308,175.220775847586,89.310922169115
245,132,6,54,115.95,261.402715005308,175.220775847586,89.310922169115
245,132,7,46,128.14,261.402715005308,175.220775847586,89.310922169115
245,132,8,32,118.73,261.402715005308,175.220775847586,89.310922169115
245,132,9,34,123.77,261.402715005308,175.220775847586,89.310922169115
245,132,10,31,121.39,261.402715005308,175.220775847586,89.310922169115
245,132,11,27,127.37,261.402715005308,175.220775847586,89.310922169115
245,132,12,34,132.18,261.402715005308,175.220775847586,89.310922169115
245,132,13,38,130.83,261.402715005308,175.220775847586,89.310922169115
245,132,14,30,143.82,261.402715005308,175.220775847586,89.310922169115
245,132,15,39,146.52,261.402715005308,175.220775847586,89.310922169115
245,132,16,32,148.21,261.402715005308,175.220775847586,89.310922169115
245,132,17,33,142.01,261.402715005308,175.220775847586,89.310922169115
245,132,18,29,135.03,261.402715005308,175.220775847586,89.310922169115
245,132,19,19,116.17,261.402715005308,175.220775847586,89.310922169115
245,132,20,14,101.77,261.402715005308,175.220775847586,89.310922169115
245,132,21,7,109.14,261.402715005308,175.220775847586,89.310922169115
245,132,22,5,93.76,261.402715005308,175.220775847586,89.310922169115
245,132,23,2,99.78,261.402715005308,175.220775847586,89.310922169115
246,132,0,60,110.76,216.845386853533,145.353566517755,74.0874534054254
246,132,1,53,93.94,216.845386853533,145.353566517755,74.0874534054254
246,132,2,147,90.73,216.845386853533,145.353566517755,74.0874534054254
246,132,3,529,98.65,216.845386853533,145.353566517755,74.0874534054254
246,132,4,1682,101.68,216.845386853533,145.353566517755,74.0874534054254
246,132,5,2563,108.16,216.845386853533,145.353566517755,74.0874534054254
246,132,6,2343,116.94,216.845386853533,145.353566517755,74.0874534054254
246,132,7,1540,128.28,216.845386853533,145.353566517755,74.0874534054254
246,132,8,1509,132.14,216.845386853533,145.353566517755,74.0874534054254
246,132,9,1428,136.5,216.845386853533,145.353566517755,74.0874534054254
246,132,10,1341,135.6,216.845386853533,145.353566517755,74.0874534054254
246,132,11,1409,154.77,216.845386853533,145.353566517755,74.0874534054254
246,132,12,2063,149.95,216.845386853533,145.353566517755,74.0874534054254
246,132,13,3122,155.63,216.845386853533,145.353566517755,74.0874534054254
246,132,14,3536,173,216.845386853533,145.353566517755,74.0874534054254
246,132,15,3405,176.59,216.845386853533,145.353566517755,74.0874534054254
246,132,16,3106,177.21,216.845386853533,145.353566517755,74.0874534054254
246,132,17,2390,168.12,216.845386853533,145.353566517755,74.0874534054254
246,132,18,1878,151.13,216.845386853533,145.353566517755,74.0874534054254
246,132,19,1464,131.82,216.845386853533,145.353566517755,74.0874534054254
246,132,20,1028,126.58,216.845386853533,145.353566517755,74.0874534054254
246,132,21,590,121.71,216.845386853533,145.353566517755,74.0874534054254
246,132,22,378,130.49,216.845386853533,145.353566517755,74.0874534054254
246,132,23,141,121.65,216.845386853533,145.353566517755,74.0874534054254
247,132,0,27,102.87,230.970542346593,154.821795278928,78.913457843986
247,132,1,59,79.14,230.970542346593,154.821795278928,78.913457843986
247,132,2,155,81.41,230.970542346593,154.821795278928,78.913457843986
247,132,3,243,81.45,230.970542346593,154.821795278928,78.913457843986
247,132,4,466,86.33,230.970542346593,154.821795278928,78.913457843986
247,132,5,601,87.06,230.970542346593,154.821795278928,78.913457843986
247,132,6,284,95.05,230.970542346593,154.821795278928,78.913457843986
247,132,7,198,98.89,230.970542346593,154.821795278928,78.913457843986
247,132,8,189,97.99,230.970542346593,154.821795278928,78.913457843986
247,132,9,181,97.42,230.970542346593,154.821795278928,78.913457843986
247,132,10,182,99.96,230.970542346593,154.821795278928,78.913457843986
247,132,11,150,100.63,230.970542346593,154.821795278928,78.913457843986
247,132,12,168,104.69,230.970542346593,154.821795278928,78.913457843986
247,132,13,217,112.36,230.970542346593,154.821795278928,78.913457843986
247,132,14,189,119.7,230.970542346593,154.821795278928,78.913457843986
247,132,15,197,129.2,230.970542346593,154.821795278928,78.913457843986
247,132,16,191,126.59,230.970542346593,154.821795278928,78.913457843986
247,132,17,205,121.44,230.970542346593,154.821795278928,78.913457843986
247,132,18,193,110.86,230.970542346593,154.821795278928,78.913457843986
247,132,19,167,96.47,230.970542346593,154.821795278928,78.913457843986
247,132,20,90,87.64,230.970542346593,154.821795278928,78.913457843986
247,132,21,65,91.26,230.970542346593,154.821795278928,78.913457843986
247,132,22,35,95.79,230.970542346593,154.821795278928,78.913457843986
247,132,23,26,93.17,230.970542346593,154.821795278928,78.913457843986
248,132,0,18,76.36,217.896975904455,146.058456860503,74.4467396044187
248,132,1,30,78.3,217.896975904455,146.058456860503,74.4467396044187
248,132,2,116,70.4,217.896975904455,146.058456860503,74.4467396044187
248,132,3,183,73.9,217.896975904455,146.058456860503,74.4467396044187
248,132,4,292,76.56,217.896975904455,146.058456860503,74.4467396044187
248,132,5,336,82.07,217.896975904455,146.058456860503,74.4467396044187
248,132,6,211,86.27,217.896975904455,146.058456860503,74.4467396044187
248,132,7,132,92.78,217.896975904455,146.058456860503,74.4467396044187
248,132,8,118,90.8,217.896975904455,146.058456860503,74.4467396044187
248,132,9,88,86.06,217.896975904455,146.058456860503,74.4467396044187
248,132,10,111,92.37,217.896975904455,146.058456860503,74.4467396044187
248,132,11,112,90.07,217.896975904455,146.058456860503,74.4467396044187
248,132,12,123,93.48,217.896975904455,146.058456860503,74.4467396044187
248,132,13,136,94.67,217.896975904455,146.058456860503,74.4467396044187
248,132,14,132,95.53,217.896975904455,146.058456860503,74.4467396044187
248,132,15,156,105.17,217.896975904455,146.058456860503,74.4467396044187
248,132,16,107,105.93,217.896975904455,146.058456860503,74.4467396044187
248,132,17,96,102.77,217.896975904455,146.058456860503,74.4467396044187
248,132,18,92,93.54,217.896975904455,146.058456860503,74.4467396044187
248,132,19,80,83.64,217.896975904455,146.058456860503,74.4467396044187
248,132,20,50,86.86,217.896975904455,146.058456860503,74.4467396044187
248,132,21,39,77.16,217.896975904455,146.058456860503,74.4467396044187
248,132,22,29,77.16,217.896975904455,146.058456860503,74.4467396044187
248,132,23,16,78.78,217.896975904455,146.058456860503,74.4467396044187
249,132,0,38,180.43,205.868891980727,137.995915516843,70.3372212042987
249,132,1,29,100.53,205.868891980727,137.995915516843,70.3372212042987
249,132,2,82,95.62,205.868891980727,137.995915516843,70.3372212042987
249,132,3,424,98.13,205.868891980727,137.995915516843,70.3372212042987
249,132,4,2154,111.76,205.868891980727,137.995915516843,70.3372212042987
249,132,5,3888,105.23,205.868891980727,137.995915516843,70.3372212042987
249,132,6,3216,112.3,205.868891980727,137.995915516843,70.3372212042987
249,132,7,1959,120.67,205.868891980727,137.995915516843,70.3372212042987
249,132,8,1562,122.81,205.868891980727,137.995915516843,70.3372212042987
249,132,9,1386,121.56,205.868891980727,137.995915516843,70.3372212042987
249,132,10,1037,125.98,205.868891980727,137.995915516843,70.3372212042987
249,132,11,1179,130.53,205.868891980727,137.995915516843,70.3372212042987
249,132,12,1583,140.04,205.868891980727,137.995915516843,70.3372212042987
249,132,13,2339,147.12,205.868891980727,137.995915516843,70.3372212042987
249,132,14,2562,159.23,205.868891980727,137.995915516843,70.3372212042987
249,132,15,2411,167.79,205.868891980727,137.995915516843,70.3372212042987
249,132,16,2048,168.73,205.868891980727,137.995915516843,70.3372212042987
249,132,17,1656,170.5,205.868891980727,137.995915516843,70.3372212042987
249,132,18,1434,157.51,205.868891980727,137.995915516843,70.3372212042987
249,132,19,1284,128.2,205.868891980727,137.995915516843,70.3372212042987
249,132,20,834,119.31,205.868891980727,137.995915516843,70.3372212042987
249,132,21,438,117.4,205.868891980727,137.995915516843,70.3372212042987
249,132,22,166,121.41,205.868891980727,137.995915516843,70.3372212042987
249,132,23,82,118.61,205.868891980727,137.995915516843,70.3372212042987
250,132,0,12,80,209.950489516553,140.73184994243,71.7317409201342
250,132,1,66,69.68,209.950489516553,140.73184994243,71.7317409201342
250,132,2,124,67.73,209.950489516553,140.73184994243,71.7317409201342
250,132,3,164,73.42,209.950489516553,140.73184994243,71.7317409201342
250,132,4,313,76.49,209.950489516553,140.73184994243,71.7317409201342
250,132,5,361,78.23,209.950489516553,140.73184994243,71.7317409201342
250,132,6,234,83.94,209.950489516553,140.73184994243,71.7317409201342
250,132,7,146,88.47,209.950489516553,140.73184994243,71.7317409201342
250,132,8,126,86.26,209.950489516553,140.73184994243,71.7317409201342
250,132,9,120,83.68,209.950489516553,140.73184994243,71.7317409201342
250,132,10,110,86.27,209.950489516553,140.73184994243,71.7317409201342
250,132,11,100,87.38,209.950489516553,140.73184994243,71.7317409201342
250,132,12,117,90.41,209.950489516553,140.73184994243,71.7317409201342
250,132,13,129,95.47,209.950489516553,140.73184994243,71.7317409201342
250,132,14,138,99.46,209.950489516553,140.73184994243,71.7317409201342
250,132,15,109,101.93,209.950489516553,140.73184994243,71.7317409201342
250,132,16,105,105.52,209.950489516553,140.73184994243,71.7317409201342
250,132,17,94,96.55,209.950489516553,140.73184994243,71.7317409201342
250,132,18,93,94.65,209.950489516553,140.73184994243,71.7317409201342
250,132,19,79,81.98,209.950489516553,140.73184994243,71.7317409201342
250,132,20,54,77.97,209.950489516553,140.73184994243,71.7317409201342
250,132,21,33,77.43,209.950489516553,140.73184994243,71.7317409201342
250,132,22,17,76.05,209.950489516553,140.73184994243,71.7317409201342
250,132,23,13,96.55,209.950489516553,140.73184994243,71.7317409201342
251,132,0,3,96.15,280.43612777013,187.979057075123,95.8138831120305
251,132,2,3,106.15,280.43612777013,187.979057075123,95.8138831120305
251,132,3,28,100.44,280.43612777013,187.979057075123,95.8138831120305
251,132,4,69,96.85,280.43612777013,187.979057075123,95.8138831120305
251,132,5,76,107.81,280.43612777013,187.979057075123,95.8138831120305
251,132,6,53,128.55,280.43612777013,187.979057075123,95.8138831120305
251,132,7,47,133.52,280.43612777013,187.979057075123,95.8138831120305
251,132,8,41,126.77,280.43612777013,187.979057075123,95.8138831120305
251,132,9,35,114.53,280.43612777013,187.979057075123,95.8138831120305
251,132,10,18,112.75,280.43612777013,187.979057075123,95.8138831120305
251,132,11,23,110.97,280.43612777013,187.979057075123,95.8138831120305
251,132,12,31,128.01,280.43612777013,187.979057075123,95.8138831120305
251,132,13,35,120.18,280.43612777013,187.979057075123,95.8138831120305
251,132,14,36,138.79,280.43612777013,187.979057075123,95.8138831120305
251,132,15,51,143.28,280.43612777013,187.979057075123,95.8138831120305
251,132,16,50,139.92,280.43612777013,187.979057075123,95.8138831120305
251,132,17,22,133.02,280.43612777013,187.979057075123,95.8138831120305
251,132,18,26,124.21,280.43612777013,187.979057075123,95.8138831120305
251,132,19,15,110.45,280.43612777013,187.979057075123,95.8138831120305
251,132,20,16,117.67,280.43612777013,187.979057075123,95.8138831120305
251,132,21,11,100.31,280.43612777013,187.979057075123,95.8138831120305
251,132,22,7,108.34,280.43612777013,187.979057075123,95.8138831120305
252,132,0,10,61.26,158.539527328425,106.270583227998,54.1666577015841
252,132,1,22,60.4,158.539527328425,106.270583227998,54.1666577015841
252,132,2,82,70.16,158.539527328425,106.270583227998,54.1666577015841
252,132,3,261,64.83,158.539527328425,106.270583227998,54.1666577015841
252,132,4,577,65.91,158.539527328425,106.270583227998,54.1666577015841
252,132,5,748,69.38,158.539527328425,106.270583227998,54.1666577015841
252,132,6,484,73.35,158.539527328425,106.270583227998,54.1666577015841
252,132,7,343,75.47,158.539527328425,106.270583227998,54.1666577015841
252,132,8,257,73.9,158.539527328425,106.270583227998,54.1666577015841
252,132,9,219,71.6,158.539527328425,106.270583227998,54.1666577015841
252,132,10,172,74.35,158.539527328425,106.270583227998,54.1666577015841
252,132,11,213,78.64,158.539527328425,106.270583227998,54.1666577015841
252,132,12,232,77.15,158.539527328425,106.270583227998,54.1666577015841
252,132,13,329,83.98,158.539527328425,106.270583227998,54.1666577015841
252,132,14,368,88.43,158.539527328425,106.270583227998,54.1666577015841
252,132,15,351,91.77,158.539527328425,106.270583227998,54.1666577015841
252,132,16,364,89.81,158.539527328425,106.270583227998,54.1666577015841
252,132,17,279,86.04,158.539527328425,106.270583227998,54.1666577015841
252,132,18,219,76.1,158.539527328425,106.270583227998,54.1666577015841
252,132,19,165,69.09,158.539527328425,106.270583227998,54.1666577015841
252,132,20,114,64.49,158.539527328425,106.270583227998,54.1666577015841
252,132,21,79,61.79,158.539527328425,106.270583227998,54.1666577015841
252,132,22,47,66.92,158.539527328425,106.270583227998,54.1666577015841
252,132,23,15,75.49,158.539527328425,106.270583227998,54.1666577015841
253,132,3,2,56.56,136.234050180985,91.319005501096,46.5457623584751
253,132,4,2,56.44,136.234050180985,91.319005501096,46.5457623584751
253,132,5,5,60.67,136.234050180985,91.319005501096,46.5457623584751
253,132,9,2,56.93,136.234050180985,91.319005501096,46.5457623584751
253,132,10,2,61.06,136.234050180985,91.319005501096,46.5457623584751
253,132,12,4,70.59,136.234050180985,91.319005501096,46.5457623584751
253,132,13,6,84.31,136.234050180985,91.319005501096,46.5457623584751
253,132,14,5,81.74,136.234050180985,91.319005501096,46.5457623584751
253,132,15,8,79.31,136.234050180985,91.319005501096,46.5457623584751
253,132,16,10,81.71,136.234050180985,91.319005501096,46.5457623584751
253,132,17,5,84.35,136.234050180985,91.319005501096,46.5457623584751
253,132,18,5,88.19,136.234050180985,91.319005501096,46.5457623584751
253,132,19,2,66.02,136.234050180985,91.319005501096,46.5457623584751
253,132,20,2,60.32,136.234050180985,91.319005501096,46.5457623584751
254,132,0,125,91.31,263.324183256836,176.50875465757,89.9674115305936
254,132,1,133,87.92,263.324183256836,176.50875465757,89.9674115305936
254,132,2,215,84.98,263.324183256836,176.50875465757,89.9674115305936
254,132,3,399,88.28,263.324183256836,176.50875465757,89.9674115305936
254,132,4,686,90.11,263.324183256836,176.50875465757,89.9674115305936
254,132,5,642,95.83,263.324183256836,176.50875465757,89.9674115305936
254,132,6,426,98.84,263.324183256836,176.50875465757,89.9674115305936
254,132,7,263,103.28,263.324183256836,176.50875465757,89.9674115305936
254,132,8,243,104.32,263.324183256836,176.50875465757,89.9674115305936
254,132,9,249,100.34,263.324183256836,176.50875465757,89.9674115305936
254,132,10,246,101.45,263.324183256836,176.50875465757,89.9674115305936
254,132,11,204,106.81,263.324183256836,176.50875465757,89.9674115305936
254,132,12,201,106.59,263.324183256836,176.50875465757,89.9674115305936
254,132,13,187,112.57,263.324183256836,176.50875465757,89.9674115305936
254,132,14,182,120.54,263.324183256836,176.50875465757,89.9674115305936
254,132,15,193,121.66,263.324183256836,176.50875465757,89.9674115305936
254,132,16,195,126.75,263.324183256836,176.50875465757,89.9674115305936
254,132,17,160,120.8,263.324183256836,176.50875465757,89.9674115305936
254,132,18,191,109.24,263.324183256836,176.50875465757,89.9674115305936
254,132,19,182,103.12,263.324183256836,176.50875465757,89.9674115305936
254,132,20,108,95.05,263.324183256836,176.50875465757,89.9674115305936
254,132,21,52,95.47,263.324183256836,176.50875465757,89.9674115305936
254,132,22,21,85.89,263.324183256836,176.50875465757,89.9674115305936
254,132,23,33,89.57,263.324183256836,176.50875465757,89.9674115305936
255,132,0,62,84.1,165.847716299687,111.169333195301,56.663575518204
255,132,1,60,78.33,165.847716299687,111.169333195301,56.663575518204
255,132,2,159,78.37,165.847716299687,111.169333195301,56.663575518204
255,132,3,724,80.86,165.847716299687,111.169333195301,56.663575518204
255,132,4,3390,82.6,165.847716299687,111.169333195301,56.663575518204
255,132,5,6350,85.52,165.847716299687,111.169333195301,56.663575518204
255,132,6,5513,89.86,165.847716299687,111.169333195301,56.663575518204
255,132,7,4141,96.18,165.847716299687,111.169333195301,56.663575518204
255,132,8,3341,99.86,165.847716299687,111.169333195301,56.663575518204
255,132,9,3281,94.2,165.847716299687,111.169333195301,56.663575518204
255,132,10,2664,98,165.847716299687,111.169333195301,56.663575518204
255,132,11,2745,100.85,165.847716299687,111.169333195301,56.663575518204
255,132,12,3088,107.51,165.847716299687,111.169333195301,56.663575518204
255,132,13,4648,111.61,165.847716299687,111.169333195301,56.663575518204
255,132,14,5846,121.4,165.847716299687,111.169333195301,56.663575518204
255,132,15,5523,127.84,165.847716299687,111.169333195301,56.663575518204
255,132,16,5061,129.19,165.847716299687,111.169333195301,56.663575518204
255,132,17,4157,122.3,165.847716299687,111.169333195301,56.663575518204
255,132,18,3230,110.52,165.847716299687,111.169333195301,56.663575518204
255,132,19,2732,99.48,165.847716299687,111.169333195301,56.663575518204
255,132,20,1850,90.35,165.847716299687,111.169333195301,56.663575518204
255,132,21,1053,86.36,165.847716299687,111.169333195301,56.663575518204
255,132,22,438,86.71,165.847716299687,111.169333195301,56.663575518204
255,132,23,189,90.29,165.847716299687,111.169333195301,56.663575518204
256,132,0,55,87.23,163.643790122401,109.692020097436,55.9105815055668
256,132,1,67,77.06,163.643790122401,109.692020097436,55.9105815055668
256,132,2,185,75.95,163.643790122401,109.692020097436,55.9105815055668
256,132,3,755,78.39,163.643790122401,109.692020097436,55.9105815055668
256,132,4,2848,82.4,163.643790122401,109.692020097436,55.9105815055668
256,132,5,4852,84.89,163.643790122401,109.692020097436,55.9105815055668
256,132,6,3931,90.68,163.643790122401,109.692020097436,55.9105815055668
256,132,7,2908,97.88,163.643790122401,109.692020097436,55.9105815055668
256,132,8,2311,100,163.643790122401,109.692020097436,55.9105815055668
256,132,9,2174,94.33,163.643790122401,109.692020097436,55.9105815055668
256,132,10,1986,96.48,163.643790122401,109.692020097436,55.9105815055668
256,132,11,1853,100.57,163.643790122401,109.692020097436,55.9105815055668
256,132,12,2057,106.26,163.643790122401,109.692020097436,55.9105815055668
256,132,13,3185,111.16,163.643790122401,109.692020097436,55.9105815055668
256,132,14,3798,121.22,163.643790122401,109.692020097436,55.9105815055668
256,132,15,3543,127.48,163.643790122401,109.692020097436,55.9105815055668
256,132,16,3306,128.33,163.643790122401,109.692020097436,55.9105815055668
256,132,17,2773,122.72,163.643790122401,109.692020097436,55.9105815055668
256,132,18,2247,111.24,163.643790122401,109.692020097436,55.9105815055668
256,132,19,1890,100.12,163.643790122401,109.692020097436,55.9105815055668
256,132,20,1272,91.52,163.643790122401,109.692020097436,55.9105815055668
256,132,21,795,87.22,163.643790122401,109.692020097436,55.9105815055668
256,132,22,307,91.01,163.643790122401,109.692020097436,55.9105815055668
256,132,23,112,88.13,163.643790122401,109.692020097436,55.9105815055668
257,132,0,9,87.49,161.220046669746,108.06736134735,55.082484663292
257,132,1,8,85.01,161.220046669746,108.06736134735,55.082484663292
257,132,2,37,88.28,161.220046669746,108.06736134735,55.082484663292
257,132,3,193,93.55,161.220046669746,108.06736134735,55.082484663292
257,132,4,621,96.86,161.220046669746,108.06736134735,55.082484663292
257,132,5,1034,103.73,161.220046669746,108.06736134735,55.082484663292
257,132,6,960,105.54,161.220046669746,108.06736134735,55.082484663292
257,132,7,675,111.17,161.220046669746,108.06736134735,55.082484663292
257,132,8,557,113.83,161.220046669746,108.06736134735,55.082484663292
257,132,9,459,109.77,161.220046669746,108.06736134735,55.082484663292
257,132,10,367,108.77,161.220046669746,108.06736134735,55.082484663292
257,132,11,338,108.52,161.220046669746,108.06736134735,55.082484663292
257,132,12,450,113.77,161.220046669746,108.06736134735,55.082484663292
257,132,13,586,117.02,161.220046669746,108.06736134735,55.082484663292
257,132,14,582,124.42,161.220046669746,108.06736134735,55.082484663292
257,132,15,527,127.64,161.220046669746,108.06736134735,55.082484663292
257,132,16,566,130.39,161.220046669746,108.06736134735,55.082484663292
257,132,17,442,126.53,161.220046669746,108.06736134735,55.082484663292
257,132,18,328,113.1,161.220046669746,108.06736134735,55.082484663292
257,132,19,287,106.1,161.220046669746,108.06736134735,55.082484663292
257,132,20,183,101.52,161.220046669746,108.06736134735,55.082484663292
257,132,21,83,101.09,161.220046669746,108.06736134735,55.082484663292
257,132,22,39,92.77,161.220046669746,108.06736134735,55.082484663292
257,132,23,15,95.1,161.220046669746,108.06736134735,55.082484663292
258,132,0,236,34.93,80.1324785023011,53.7135777395352,27.3780842352459
258,132,1,262,38.99,80.1324785023011,53.7135777395352,27.3780842352459
258,132,2,539,40.55,80.1324785023011,53.7135777395352,27.3780842352459
258,132,3,1320,40.22,80.1324785023011,53.7135777395352,27.3780842352459
258,132,4,1922,41.6,80.1324785023011,53.7135777395352,27.3780842352459
258,132,5,2620,43.82,80.1324785023011,53.7135777395352,27.3780842352459
258,132,6,1885,45.02,80.1324785023011,53.7135777395352,27.3780842352459
258,132,7,1452,45.35,80.1324785023011,53.7135777395352,27.3780842352459
258,132,8,1130,44.33,80.1324785023011,53.7135777395352,27.3780842352459
258,132,9,984,42.88,80.1324785023011,53.7135777395352,27.3780842352459
258,132,10,1062,41.27,80.1324785023011,53.7135777395352,27.3780842352459
258,132,11,1530,40.91,80.1324785023011,53.7135777395352,27.3780842352459
258,132,12,1263,42.13,80.1324785023011,53.7135777395352,27.3780842352459
258,132,13,1845,41.98,80.1324785023011,53.7135777395352,27.3780842352459
258,132,14,1486,45.1,80.1324785023011,53.7135777395352,27.3780842352459
258,132,15,1208,46.62,80.1324785023011,53.7135777395352,27.3780842352459
258,132,16,1123,45.78,80.1324785023011,53.7135777395352,27.3780842352459
258,132,17,885,45.66,80.1324785023011,53.7135777395352,27.3780842352459
258,132,18,811,45.79,80.1324785023011,53.7135777395352,27.3780842352459
258,132,19,735,43.57,80.1324785023011,53.7135777395352,27.3780842352459
258,132,20,748,41.28,80.1324785023011,53.7135777395352,27.3780842352459
258,132,21,463,42.04,80.1324785023011,53.7135777395352,27.3780842352459
258,132,22,303,40.1,80.1324785023011,53.7135777395352,27.3780842352459
258,132,23,374,37.58,80.1324785023011,53.7135777395352,27.3780842352459
259,132,0,33,95.86,278.348207815249,186.579504073562,95.1005238166541
259,132,1,69,89.59,278.348207815249,186.579504073562,95.1005238166541
259,132,2,170,91.3,278.348207815249,186.579504073562,95.1005238166541
259,132,3,297,93.19,278.348207815249,186.579504073562,95.1005238166541
259,132,4,540,93.35,278.348207815249,186.579504073562,95.1005238166541
259,132,5,612,98.3,278.348207815249,186.579504073562,95.1005238166541
259,132,6,355,103.48,278.348207815249,186.579504073562,95.1005238166541
259,132,7,215,107.18,278.348207815249,186.579504073562,95.1005238166541
259,132,8,204,107.02,278.348207815249,186.579504073562,95.1005238166541
259,132,9,179,104.81,278.348207815249,186.579504073562,95.1005238166541
259,132,10,178,104.92,278.348207815249,186.579504073562,95.1005238166541
259,132,11,188,107.76,278.348207815249,186.579504073562,95.1005238166541
259,132,12,248,111.05,278.348207815249,186.579504073562,95.1005238166541
259,132,13,285,116.53,278.348207815249,186.579504073562,95.1005238166541
259,132,14,278,123.79,278.348207815249,186.579504073562,95.1005238166541
259,132,15,239,129.17,278.348207815249,186.579504073562,95.1005238166541
259,132,16,242,134.44,278.348207815249,186.579504073562,95.1005238166541
259,132,17,212,124.72,278.348207815249,186.579504073562,95.1005238166541
259,132,18,148,113.87,278.348207815249,186.579504073562,95.1005238166541
259,132,19,131,100.78,278.348207815249,186.579504073562,95.1005238166541
259,132,20,76,100.49,278.348207815249,186.579504073562,95.1005238166541
259,132,21,41,93.22,278.348207815249,186.579504073562,95.1005238166541
259,132,22,26,92.85,278.348207815249,186.579504073562,95.1005238166541
259,132,23,23,103.65,278.348207815249,186.579504073562,95.1005238166541
260,132,0,56,72.37,150.014090859294,100.555900453834,51.2538547762707
260,132,1,68,64.21,150.014090859294,100.555900453834,51.2538547762707
260,132,2,145,63.48,150.014090859294,100.555900453834,51.2538547762707
260,132,3,459,65.12,150.014090859294,100.555900453834,51.2538547762707
260,132,4,937,67.33,150.014090859294,100.555900453834,51.2538547762707
260,132,5,1126,70.72,150.014090859294,100.555900453834,51.2538547762707
260,132,6,837,74.57,150.014090859294,100.555900453834,51.2538547762707
260,132,7,711,75.21,150.014090859294,100.555900453834,51.2538547762707
260,132,8,602,77.03,150.014090859294,100.555900453834,51.2538547762707
260,132,9,556,104.23,150.014090859294,100.555900453834,51.2538547762707
260,132,10,568,78.61,150.014090859294,100.555900453834,51.2538547762707
260,132,11,489,128.68,150.014090859294,100.555900453834,51.2538547762707
260,132,12,508,95.7,150.014090859294,100.555900453834,51.2538547762707
260,132,13,604,86.93,150.014090859294,100.555900453834,51.2538547762707
260,132,14,704,132.91,150.014090859294,100.555900453834,51.2538547762707
260,132,15,679,103.25,150.014090859294,100.555900453834,51.2538547762707
260,132,16,636,123.45,150.014090859294,100.555900453834,51.2538547762707
260,132,17,622,95.27,150.014090859294,100.555900453834,51.2538547762707
260,132,18,545,88.68,150.014090859294,100.555900453834,51.2538547762707
260,132,19,405,76.27,150.014090859294,100.555900453834,51.2538547762707
260,132,20,356,71.9,150.014090859294,100.555900453834,51.2538547762707
260,132,21,320,68.03,150.014090859294,100.555900453834,51.2538547762707
260,132,22,231,73.42,150.014090859294,100.555900453834,51.2538547762707
260,132,23,116,73.07,150.014090859294,100.555900453834,51.2538547762707
261,132,0,27,102.42,202.004472626019,135.405557732997,69.016902644447
261,132,1,38,101.79,202.004472626019,135.405557732997,69.016902644447
261,132,2,128,98.89,202.004472626019,135.405557732997,69.016902644447
261,132,3,557,100.53,202.004472626019,135.405557732997,69.016902644447
261,132,4,1561,104.79,202.004472626019,135.405557732997,69.016902644447
261,132,5,2197,110.25,202.004472626019,135.405557732997,69.016902644447
261,132,6,1919,113.44,202.004472626019,135.405557732997,69.016902644447
261,132,7,1621,119.44,202.004472626019,135.405557732997,69.016902644447
261,132,8,1518,123.35,202.004472626019,135.405557732997,69.016902644447
261,132,9,1528,127.36,202.004472626019,135.405557732997,69.016902644447
261,132,10,1544,125.37,202.004472626019,135.405557732997,69.016902644447
261,132,11,1815,140.15,202.004472626019,135.405557732997,69.016902644447
261,132,12,2123,143.9,202.004472626019,135.405557732997,69.016902644447
261,132,13,2759,140.35,202.004472626019,135.405557732997,69.016902644447
261,132,14,3175,153.74,202.004472626019,135.405557732997,69.016902644447
261,132,15,2821,164.2,202.004472626019,135.405557732997,69.016902644447
261,132,16,2533,165.17,202.004472626019,135.405557732997,69.016902644447
261,132,17,1971,170.77,202.004472626019,135.405557732997,69.016902644447
261,132,18,1448,142.31,202.004472626019,135.405557732997,69.016902644447
261,132,19,1119,146.52,202.004472626019,135.405557732997,69.016902644447
261,132,20,676,119.69,202.004472626019,135.405557732997,69.016902644447
261,132,21,355,112.34,202.004472626019,135.405557732997,69.016902644447
261,132,22,226,110.61,202.004472626019,135.405557732997,69.016902644447
261,132,23,92,192.62,202.004472626019,135.405557732997,69.016902644447
262,132,0,28,87.13,196.587606520989,131.774579831461,67.1661747088287
262,132,1,25,76.58,196.587606520989,131.774579831461,67.1661747088287
262,132,2,92,81.3,196.587606520989,131.774579831461,67.1661747088287
262,132,3,505,85.63,196.587606520989,131.774579831461,67.1661747088287
262,132,4,2104,87.74,196.587606520989,131.774579831461,67.1661747088287
262,132,5,3426,93.11,196.587606520989,131.774579831461,67.1661747088287
262,132,6,2769,96.34,196.587606520989,131.774579831461,67.1661747088287
262,132,7,1949,100.19,196.587606520989,131.774579831461,67.1661747088287
262,132,8,1590,102.4,196.587606520989,131.774579831461,67.1661747088287
262,132,9,1345,100.21,196.587606520989,131.774579831461,67.1661747088287
262,132,10,1120,101.75,196.587606520989,131.774579831461,67.1661747088287
262,132,11,1068,104.08,196.587606520989,131.774579831461,67.1661747088287
262,132,12,1322,133.48,196.587606520989,131.774579831461,67.1661747088287
262,132,13,1969,112.37,196.587606520989,131.774579831461,67.1661747088287
262,132,14,2205,117.18,196.587606520989,131.774579831461,67.1661747088287
262,132,15,2207,130.07,196.587606520989,131.774579831461,67.1661747088287
262,132,16,1919,143.26,196.587606520989,131.774579831461,67.1661747088287
262,132,17,1641,126.12,196.587606520989,131.774579831461,67.1661747088287
262,132,18,1383,112.33,196.587606520989,131.774579831461,67.1661747088287
262,132,19,1105,101.59,196.587606520989,131.774579831461,67.1661747088287
262,132,20,737,93.22,196.587606520989,131.774579831461,67.1661747088287
262,132,21,418,87.68,196.587606520989,131.774579831461,67.1661747088287
262,132,22,171,89.9,196.587606520989,131.774579831461,67.1661747088287
262,132,23,76,95.66,196.587606520989,131.774579831461,67.1661747088287
263,132,0,32,84.84,201.251596598887,134.900897628038,68.7596748177934
263,132,1,42,80.51,201.251596598887,134.900897628038,68.7596748177934
263,132,2,145,79.65,201.251596598887,134.900897628038,68.7596748177934
263,132,3,794,84.8,201.251596598887,134.900897628038,68.7596748177934
263,132,4,2853,87.54,201.251596598887,134.900897628038,68.7596748177934
263,132,5,4770,92.54,201.251596598887,134.900897628038,68.7596748177934
263,132,6,3992,95.92,201.251596598887,134.900897628038,68.7596748177934
263,132,7,2685,100.06,201.251596598887,134.900897628038,68.7596748177934
263,132,8,2141,103.97,201.251596598887,134.900897628038,68.7596748177934
263,132,9,1831,100.14,201.251596598887,134.900897628038,68.7596748177934
263,132,10,1470,101.9,201.251596598887,134.900897628038,68.7596748177934
263,132,11,1373,103.93,201.251596598887,134.900897628038,68.7596748177934
263,132,12,1678,109.32,201.251596598887,134.900897628038,68.7596748177934
263,132,13,2575,124.19,201.251596598887,134.900897628038,68.7596748177934
263,132,14,2968,120.35,201.251596598887,134.900897628038,68.7596748177934
263,132,15,2993,129.89,201.251596598887,134.900897628038,68.7596748177934
263,132,16,2743,133.9,201.251596598887,134.900897628038,68.7596748177934
263,132,17,2241,125.73,201.251596598887,134.900897628038,68.7596748177934
263,132,18,1967,114.13,201.251596598887,134.900897628038,68.7596748177934
263,132,19,1583,102.91,201.251596598887,134.900897628038,68.7596748177934
263,132,20,1129,94.23,201.251596598887,134.900897628038,68.7596748177934
263,132,21,613,91.74,201.251596598887,134.900897628038,68.7596748177934
263,132,22,350,91.01,201.251596598887,134.900897628038,68.7596748177934
263,132,23,128,91.71,201.251596598887,134.900897628038,68.7596748177934
