PULocationID,DOLocationID,pickup_hour,num_trips,GCT_Taxi,GCT_UAM_Early,GCT_UAM_Mid,GCT_UAM_Mature
1,6,0,3,93.89,245.462981016122,164.536217516458,83.8649483517593
1,6,23,2,92.6,245.462981016122,164.536217516458,83.8649483517593
1,48,11,2,142.38,94.2473107075306,63.174886700724,32.2005616164994
1,132,14,3,301.27,154.544487131814,103.592669026616,52.8017111896291
1,132,17,2,198.96,154.544487131814,103.592669026616,52.8017111896291
1,132,18,2,209.65,154.544487131814,103.592669026616,52.8017111896291
1,132,20,2,204.14,154.544487131814,103.592669026616,52.8017111896291
1,138,12,2,161.66,2.69111869599446,1.80388296961842,0.919448340086793
1,138,14,2,170.69,2.69111869599446,1.80388296961842,0.919448340086793
1,161,15,2,186.93,85.5847351768901,57.3682782831859,29.2409037224129
1,231,20,2,98.22,124.396608519289,83.3842535151771,42.5013788450609
3,1,1,2,124.27,95.2065336795667,63.8178631647121,32.5282899960482
3,1,2,6,119.86,95.2065336795667,63.8178631647121,32.5282899960482
3,1,3,19,128.5,95.2065336795667,63.8178631647121,32.5282899960482
3,1,4,33,137.85,95.2065336795667,63.8178631647121,32.5282899960482
3,1,5,29,140.48,95.2065336795667,63.8178631647121,32.5282899960482
3,1,6,13,136.02,95.2065336795667,63.8178631647121,32.5282899960482
3,1,7,11,134.88,95.2065336795667,63.8178631647121,32.5282899960482
3,1,8,11,149.24,95.2065336795667,63.8178631647121,32.5282899960482
3,1,9,9,137.42,95.2065336795667,63.8178631647121,32.5282899960482
3,1,10,7,134.68,95.2065336795667,63.8178631647121,32.5282899960482
3,1,11,5,158.02,95.2065336795667,63.8178631647121,32.5282899960482
3,1,12,14,150.8,95.2065336795667,63.8178631647121,32.5282899960482
3,1,13,16,181.48,95.2065336795667,63.8178631647121,32.5282899960482
3,1,14,15,176.07,95.2065336795667,63.8178631647121,32.5282899960482
3,1,15,11,179.93,95.2065336795667,63.8178631647121,32.5282899960482
3,1,16,12,191.66,95.2065336795667,63.8178631647121,32.5282899960482
3,1,17,10,167.66,95.2065336795667,63.8178631647121,32.5282899960482
3,1,18,14,155.22,95.2065336795667,63.8178631647121,32.5282899960482
3,1,19,8,141.08,95.2065336795667,63.8178631647121,32.5282899960482
3,1,20,5,161.44,95.2065336795667,63.8178631647121,32.5282899960482
4,1,0,4,93.38,100.012820329847,67.0395637342371,34.1704071903432
4,1,1,5,116.24,100.012820329847,67.0395637342371,34.1704071903432
4,1,2,52,103.93,100.012820329847,67.0395637342371,34.1704071903432
4,1,3,228,99.66,100.012820329847,67.0395637342371,34.1704071903432
4,1,4,554,102.81,100.012820329847,67.0395637342371,34.1704071903432
4,1,5,608,96.98,100.012820329847,67.0395637342371,34.1704071903432
4,1,6,533,90.89,100.012820329847,67.0395637342371,34.1704071903432
4,1,7,440,93.88,100.012820329847,67.0395637342371,34.1704071903432
4,1,8,307,98.33,100.012820329847,67.0395637342371,34.1704071903432
4,1,9,299,90.51,100.012820329847,67.0395637342371,34.1704071903432
4,1,10,234,91.74,100.012820329847,67.0395637342371,34.1704071903432
4,1,11,250,98.23,100.012820329847,67.0395637342371,34.1704071903432
4,1,12,307,98.78,100.012820329847,67.0395637342371,34.1704071903432
4,1,13,406,108.62,100.012820329847,67.0395637342371,34.1704071903432
4,1,14,494,119.54,100.012820329847,67.0395637342371,34.1704071903432
4,1,15,510,132.44,100.012820329847,67.0395637342371,34.1704071903432
4,1,16,442,136.41,100.012820329847,67.0395637342371,34.1704071903432
4,1,17,357,131.73,100.012820329847,67.0395637342371,34.1704071903432
4,1,18,233,117.3,100.012820329847,67.0395637342371,34.1704071903432
4,1,19,204,106.69,100.012820329847,67.0395637342371,34.1704071903432
4,1,20,124,95.32,100.012820329847,67.0395637342371,34.1704071903432
4,1,21,37,89.02,100.012820329847,67.0395637342371,34.1704071903432
4,1,22,6,88,100.012820329847,67.0395637342371,34.1704071903432
4,1,23,2,150,100.012820329847,67.0395637342371,34.1704071903432
5,1,2,14,69.38,346.900593830349,232.530833475496,118.52215052691
5,1,3,111,69.94,346.900593830349,232.530833475496,118.52215052691
5,1,4,253,70.65,346.900593830349,232.530833475496,118.52215052691
5,1,5,217,72.95,346.900593830349,232.530833475496,118.52215052691
5,1,6,162,77.17,346.900593830349,232.530833475496,118.52215052691
5,1,7,135,75.24,346.900593830349,232.530833475496,118.52215052691
5,1,8,150,75.3,346.900593830349,232.530833475496,118.52215052691
5,1,9,92,73.08,346.900593830349,232.530833475496,118.52215052691
5,1,10,83,70.91,346.900593830349,232.530833475496,118.52215052691
5,1,11,73,71.29,346.900593830349,232.530833475496,118.52215052691
5,1,12,85,73.13,346.900593830349,232.530833475496,118.52215052691
5,1,13,63,69.86,346.900593830349,232.530833475496,118.52215052691
5,1,14,78,76.81,346.900593830349,232.530833475496,118.52215052691
5,1,15,77,78.44,346.900593830349,232.530833475496,118.52215052691
5,1,16,84,76.27,346.900593830349,232.530833475496,118.52215052691
5,1,17,79,71.35,346.900593830349,232.530833475496,118.52215052691
5,1,18,52,72.73,346.900593830349,232.530833475496,118.52215052691
5,1,19,32,72.16,346.900593830349,232.530833475496,118.52215052691
5,1,20,13,71.54,346.900593830349,232.530833475496,118.52215052691
5,1,21,7,72.4,346.900593830349,232.530833475496,118.52215052691
6,1,0,2,75.17,245.462981016122,164.536217516458,83.8649483517593
6,1,1,5,66.74,245.462981016122,164.536217516458,83.8649483517593
6,1,2,23,68.82,245.462981016122,164.536217516458,83.8649483517593
6,1,3,71,69.91,245.462981016122,164.536217516458,83.8649483517593
6,1,4,155,74.67,245.462981016122,164.536217516458,83.8649483517593
6,1,5,195,75.45,245.462981016122,164.536217516458,83.8649483517593
6,1,6,130,76.62,245.462981016122,164.536217516458,83.8649483517593
6,1,7,128,76.32,245.462981016122,164.536217516458,83.8649483517593
6,1,8,83,78.39,245.462981016122,164.536217516458,83.8649483517593
6,1,9,63,75.36,245.462981016122,164.536217516458,83.8649483517593
6,1,10,65,74.27,245.462981016122,164.536217516458,83.8649483517593
6,1,11,62,77.89,245.462981016122,164.536217516458,83.8649483517593
6,1,12,70,80.93,245.462981016122,164.536217516458,83.8649483517593
6,1,13,81,83.15,245.462981016122,164.536217516458,83.8649483517593
6,1,14,96,85.1,245.462981016122,164.536217516458,83.8649483517593
6,1,15,95,89.66,245.462981016122,164.536217516458,83.8649483517593
6,1,16,67,92.44,245.462981016122,164.536217516458,83.8649483517593
6,1,17,72,88.05,245.462981016122,164.536217516458,83.8649483517593
6,1,18,47,79.34,245.462981016122,164.536217516458,83.8649483517593
6,1,19,32,71.05,245.462981016122,164.536217516458,83.8649483517593
6,1,20,22,69.33,245.462981016122,164.536217516458,83.8649483517593
6,1,21,8,65.64,245.462981016122,164.536217516458,83.8649483517593
6,1,22,2,69.93,245.462981016122,164.536217516458,83.8649483517593
7,1,0,5,155.83,40.1379520076878,26.9048586261907,13.7135435173789
7,1,1,15,109.39,40.1379520076878,26.9048586261907,13.7135435173789
7,1,2,65,116.8,40.1379520076878,26.9048586261907,13.7135435173789
7,1,3,175,114.4,40.1379520076878,26.9048586261907,13.7135435173789
7,1,4,287,116.06,40.1379520076878,26.9048586261907,13.7135435173789
7,1,5,260,118.23,40.1379520076878,26.9048586261907,13.7135435173789
7,1,6,263,123.19,40.1379520076878,26.9048586261907,13.7135435173789
7,1,7,164,133.67,40.1379520076878,26.9048586261907,13.7135435173789
7,1,8,128,137.71,40.1379520076878,26.9048586261907,13.7135435173789
7,1,9,108,140.4,40.1379520076878,26.9048586261907,13.7135435173789
7,1,10,78,141.92,40.1379520076878,26.9048586261907,13.7135435173789
7,1,11,117,148.32,40.1379520076878,26.9048586261907,13.7135435173789
7,1,12,147,149.1,40.1379520076878,26.9048586261907,13.7135435173789
7,1,13,203,157.28,40.1379520076878,26.9048586261907,13.7135435173789
7,1,14,232,173.57,40.1379520076878,26.9048586261907,13.7135435173789
7,1,15,181,183.53,40.1379520076878,26.9048586261907,13.7135435173789
7,1,16,146,193.64,40.1379520076878,26.9048586261907,13.7135435173789
7,1,17,113,172.06,40.1379520076878,26.9048586261907,13.7135435173789
7,1,18,97,156.77,40.1379520076878,26.9048586261907,13.7135435173789
7,1,19,99,141.54,40.1379520076878,26.9048586261907,13.7135435173789
7,1,20,88,133.63,40.1379520076878,26.9048586261907,13.7135435173789
7,1,21,25,127.43,40.1379520076878,26.9048586261907,13.7135435173789
7,1,22,3,121.69,40.1379520076878,26.9048586261907,13.7135435173789
7,1,23,5,164.44,40.1379520076878,26.9048586261907,13.7135435173789
8,1,10,2,144.41,39.4240263055734,26.4263073019648,13.4696234692846
8,1,12,2,184.25,39.4240263055734,26.4263073019648,13.4696234692846
8,1,14,2,175.1,39.4240263055734,26.4263073019648,13.4696234692846
9,1,2,7,135.85,74.2978546330804,49.8025727558152,25.3846250691486
9,1,3,14,135.6,74.2978546330804,49.8025727558152,25.3846250691486
9,1,4,26,134.93,74.2978546330804,49.8025727558152,25.3846250691486
9,1,5,15,140.35,74.2978546330804,49.8025727558152,25.3846250691486
9,1,6,10,163,74.2978546330804,49.8025727558152,25.3846250691486
9,1,7,13,171.25,74.2978546330804,49.8025727558152,25.3846250691486
9,1,8,9,181.79,74.2978546330804,49.8025727558152,25.3846250691486
9,1,9,9,176.27,74.2978546330804,49.8025727558152,25.3846250691486
9,1,10,12,156.11,74.2978546330804,49.8025727558152,25.3846250691486
9,1,11,10,164.39,74.2978546330804,49.8025727558152,25.3846250691486
9,1,12,8,166.72,74.2978546330804,49.8025727558152,25.3846250691486
9,1,13,16,183.23,74.2978546330804,49.8025727558152,25.3846250691486
9,1,14,18,203.04,74.2978546330804,49.8025727558152,25.3846250691486
9,1,15,9,215.6,74.2978546330804,49.8025727558152,25.3846250691486
9,1,16,6,214.15,74.2978546330804,49.8025727558152,25.3846250691486
9,1,17,7,172.56,74.2978546330804,49.8025727558152,25.3846250691486
9,1,18,3,151.04,74.2978546330804,49.8025727558152,25.3846250691486
9,1,19,6,181.2,74.2978546330804,49.8025727558152,25.3846250691486
9,1,20,4,138.19,74.2978546330804,49.8025727558152,25.3846250691486
9,1,21,2,145.75,74.2978546330804,49.8025727558152,25.3846250691486
10,1,1,3,167.65,123.343943135339,82.6786416959586,42.1417249058348
10,1,2,14,139.84,123.343943135339,82.6786416959586,42.1417249058348
10,1,3,32,140.2,123.343943135339,82.6786416959586,42.1417249058348
10,1,4,46,134.8,123.343943135339,82.6786416959586,42.1417249058348
10,1,5,45,141.8,123.343943135339,82.6786416959586,42.1417249058348
10,1,6,61,154.63,123.343943135339,82.6786416959586,42.1417249058348
10,1,7,62,167.2,123.343943135339,82.6786416959586,42.1417249058348
10,1,8,42,163.73,123.343943135339,82.6786416959586,42.1417249058348
10,1,9,44,164.93,123.343943135339,82.6786416959586,42.1417249058348
10,1,10,65,176.71,123.343943135339,82.6786416959586,42.1417249058348
10,1,11,70,167.35,123.343943135339,82.6786416959586,42.1417249058348
10,1,12,61,226.35,123.343943135339,82.6786416959586,42.1417249058348
10,1,13,42,189.15,123.343943135339,82.6786416959586,42.1417249058348
10,1,14,33,203.67,123.343943135339,82.6786416959586,42.1417249058348
10,1,15,26,205.8,123.343943135339,82.6786416959586,42.1417249058348
10,1,16,19,238.6,123.343943135339,82.6786416959586,42.1417249058348
10,1,17,17,214.99,123.343943135339,82.6786416959586,42.1417249058348
10,1,18,11,167.06,123.343943135339,82.6786416959586,42.1417249058348
10,1,19,5,154.38,123.343943135339,82.6786416959586,42.1417249058348
10,1,21,2,200.45,123.343943135339,82.6786416959586,42.1417249058348
10,1,22,2,131.87,123.343943135339,82.6786416959586,42.1417249058348
10,1,23,3,177.78,123.343943135339,82.6786416959586,42.1417249058348
11,1,2,9,83.64,212.033113256021,142.127852839419,72.4432907091234
11,1,3,33,77.16,212.033113256021,142.127852839419,72.4432907091234
11,1,4,49,79.43,212.033113256021,142.127852839419,72.4432907091234
11,1,5,56,90.58,212.033113256021,142.127852839419,72.4432907091234
11,1,6,55,93.26,212.033113256021,142.127852839419,72.4432907091234
11,1,7,31,85.01,212.033113256021,142.127852839419,72.4432907091234
11,1,8,29,90.14,212.033113256021,142.127852839419,72.4432907091234
11,1,9,29,102.16,212.033113256021,142.127852839419,72.4432907091234
11,1,10,20,91.63,212.033113256021,142.127852839419,72.4432907091234
11,1,11,19,94.59,212.033113256021,142.127852839419,72.4432907091234
11,1,12,25,95.24,212.033113256021,142.127852839419,72.4432907091234
11,1,13,34,94.41,212.033113256021,142.127852839419,72.4432907091234
11,1,14,54,102.7,212.033113256021,142.127852839419,72.4432907091234
11,1,15,32,102.75,212.033113256021,142.127852839419,72.4432907091234
11,1,16,31,113.45,212.033113256021,142.127852839419,72.4432907091234
11,1,17,33,117.82,212.033113256021,142.127852839419,72.4432907091234
11,1,18,26,95.42,212.033113256021,142.127852839419,72.4432907091234
11,1,19,21,98.41,212.033113256021,142.127852839419,72.4432907091234
11,1,20,4,80.5,212.033113256021,142.127852839419,72.4432907091234
11,1,21,8,82,212.033113256021,142.127852839419,72.4432907091234
11,1,22,2,70.05,212.033113256021,142.127852839419,72.4432907091234
11,1,23,2,79.46,212.033113256021,142.127852839419,72.4432907091234
12,1,3,2,101.11,138.045072756905,92.5329515032398,47.1645168206131
12,1,6,2,80.58,138.045072756905,92.5329515032398,47.1645168206131
12,1,7,2,74.62,138.045072756905,92.5329515032398,47.1645168206131
12,1,8,2,83.25,138.045072756905,92.5329515032398,47.1645168206131
12,1,9,6,88.31,138.045072756905,92.5329515032398,47.1645168206131
12,1,10,4,108.58,138.045072756905,92.5329515032398,47.1645168206131
12,1,11,14,91.29,138.045072756905,92.5329515032398,47.1645168206131
12,1,12,25,102.16,138.045072756905,92.5329515032398,47.1645168206131
12,1,13,47,109.87,138.045072756905,92.5329515032398,47.1645168206131
12,1,14,46,127.93,138.045072756905,92.5329515032398,47.1645168206131
12,1,15,46,153.43,138.045072756905,92.5329515032398,47.1645168206131
12,1,16,37,139.78,138.045072756905,92.5329515032398,47.1645168206131
12,1,17,18,135.07,138.045072756905,92.5329515032398,47.1645168206131
12,1,18,18,119.09,138.045072756905,92.5329515032398,47.1645168206131
12,1,19,3,103.84,138.045072756905,92.5329515032398,47.1645168206131
13,1,0,6,102.91,133.161438579035,89.2594041355897,45.4959730491632
13,1,1,9,98.07,133.161438579035,89.2594041355897,45.4959730491632
13,1,2,37,101.44,133.161438579035,89.2594041355897,45.4959730491632
13,1,3,365,97.43,133.161438579035,89.2594041355897,45.4959730491632
13,1,4,1370,102.22,133.161438579035,89.2594041355897,45.4959730491632
13,1,5,1839,95.1,133.161438579035,89.2594041355897,45.4959730491632
13,1,6,1952,88.04,133.161438579035,89.2594041355897,45.4959730491632
13,1,7,1544,86.55,133.161438579035,89.2594041355897,45.4959730491632
13,1,8,1236,86.09,133.161438579035,89.2594041355897,45.4959730491632
13,1,9,1025,88.61,133.161438579035,89.2594041355897,45.4959730491632
13,1,10,1041,96.15,133.161438579035,89.2594041355897,45.4959730491632
13,1,11,1161,90.31,133.161438579035,89.2594041355897,45.4959730491632
13,1,12,1595,92.99,133.161438579035,89.2594041355897,45.4959730491632
13,1,13,1985,98.43,133.161438579035,89.2594041355897,45.4959730491632
13,1,14,2587,109.25,133.161438579035,89.2594041355897,45.4959730491632
13,1,15,2558,120.93,133.161438579035,89.2594041355897,45.4959730491632
13,1,16,2286,138.52,133.161438579035,89.2594041355897,45.4959730491632
13,1,17,1579,126.97,133.161438579035,89.2594041355897,45.4959730491632
13,1,18,1138,114.77,133.161438579035,89.2594041355897,45.4959730491632
13,1,19,683,102.61,133.161438579035,89.2594041355897,45.4959730491632
13,1,20,375,92.49,133.161438579035,89.2594041355897,45.4959730491632
13,1,21,102,87.7,133.161438579035,89.2594041355897,45.4959730491632
13,1,22,29,92.29,133.161438579035,89.2594041355897,45.4959730491632
13,1,23,16,120.42,133.161438579035,89.2594041355897,45.4959730491632
14,1,0,4,83.32,204.06606907929,136.787465836054,69.7212682451581
14,1,1,10,92.02,204.06606907929,136.787465836054,69.7212682451581
14,1,2,54,81.05,204.06606907929,136.787465836054,69.7212682451581
14,1,3,284,81.8,204.06606907929,136.787465836054,69.7212682451581
14,1,4,491,84.42,204.06606907929,136.787465836054,69.7212682451581
14,1,5,519,87.18,204.06606907929,136.787465836054,69.7212682451581
14,1,6,467,86.86,204.06606907929,136.787465836054,69.7212682451581
14,1,7,355,92.84,204.06606907929,136.787465836054,69.7212682451581
14,1,8,274,87.77,204.06606907929,136.787465836054,69.7212682451581
14,1,9,271,88.02,204.06606907929,136.787465836054,69.7212682451581
14,1,10,217,86.61,204.06606907929,136.787465836054,69.7212682451581
14,1,11,229,89.48,204.06606907929,136.787465836054,69.7212682451581
14,1,12,221,90.92,204.06606907929,136.787465836054,69.7212682451581
14,1,13,275,96.95,204.06606907929,136.787465836054,69.7212682451581
14,1,14,338,98.65,204.06606907929,136.787465836054,69.7212682451581
14,1,15,336,106.06,204.06606907929,136.787465836054,69.7212682451581
14,1,16,245,110.23,204.06606907929,136.787465836054,69.7212682451581
14,1,17,232,101.73,204.06606907929,136.787465836054,69.7212682451581
14,1,18,191,96.31,204.06606907929,136.787465836054,69.7212682451581
14,1,19,113,87.13,204.06606907929,136.787465836054,69.7212682451581
14,1,20,102,88.78,204.06606907929,136.787465836054,69.7212682451581
14,1,21,39,97.56,204.06606907929,136.787465836054,69.7212682451581
14,1,22,10,78.17,204.06606907929,136.787465836054,69.7212682451581
14,1,23,2,72.25,204.06606907929,136.787465836054,69.7212682451581
15,1,2,3,127.64,70.9550400359892,47.561851701311,24.2425181315809
15,1,3,4,128.13,70.9550400359892,47.561851701311,24.2425181315809
15,1,4,11,138.91,70.9550400359892,47.561851701311,24.2425181315809
15,1,5,10,135.28,70.9550400359892,47.561851701311,24.2425181315809
15,1,6,13,163.15,70.9550400359892,47.561851701311,24.2425181315809
15,1,7,8,179.31,70.9550400359892,47.561851701311,24.2425181315809
15,1,8,5,158.59,70.9550400359892,47.561851701311,24.2425181315809
15,1,9,2,204.51,70.9550400359892,47.561851701311,24.2425181315809
15,1,10,4,152.29,70.9550400359892,47.561851701311,24.2425181315809
15,1,11,6,185.97,70.9550400359892,47.561851701311,24.2425181315809
15,1,12,6,192.17,70.9550400359892,47.561851701311,24.2425181315809
15,1,13,9,169.21,70.9550400359892,47.561851701311,24.2425181315809
15,1,14,13,206.87,70.9550400359892,47.561851701311,24.2425181315809
15,1,15,9,209.74,70.9550400359892,47.561851701311,24.2425181315809
15,1,16,8,201.54,70.9550400359892,47.561851701311,24.2425181315809
15,1,17,4,161,70.9550400359892,47.561851701311,24.2425181315809
15,1,18,4,157.03,70.9550400359892,47.561851701311,24.2425181315809
15,1,19,8,173.22,70.9550400359892,47.561851701311,24.2425181315809
15,1,20,5,140.09,70.9550400359892,47.561851701311,24.2425181315809
15,1,21,2,159.97,70.9550400359892,47.561851701311,24.2425181315809
16,1,1,4,166.84,82.0931999468518,55.0278683456148,28.0479848532483
16,1,2,8,141.36,82.0931999468518,55.0278683456148,28.0479848532483
16,1,3,11,137.88,82.0931999468518,55.0278683456148,28.0479848532483
16,1,4,24,142.8,82.0931999468518,55.0278683456148,28.0479848532483
16,1,5,30,150.55,82.0931999468518,55.0278683456148,28.0479848532483
16,1,6,21,162.03,82.0931999468518,55.0278683456148,28.0479848532483
16,1,7,14,162.02,82.0931999468518,55.0278683456148,28.0479848532483
16,1,8,15,170,82.0931999468518,55.0278683456148,28.0479848532483
16,1,9,7,148.52,82.0931999468518,55.0278683456148,28.0479848532483
16,1,10,13,171.28,82.0931999468518,55.0278683456148,28.0479848532483
16,1,11,11,178.38,82.0931999468518,55.0278683456148,28.0479848532483
16,1,12,12,196.1,82.0931999468518,55.0278683456148,28.0479848532483
16,1,13,22,179.24,82.0931999468518,55.0278683456148,28.0479848532483
16,1,14,18,206.49,82.0931999468518,55.0278683456148,28.0479848532483
16,1,15,17,216.64,82.0931999468518,55.0278683456148,28.0479848532483
16,1,16,13,223.94,82.0931999468518,55.0278683456148,28.0479848532483
16,1,17,10,189.84,82.0931999468518,55.0278683456148,28.0479848532483
16,1,18,14,183.17,82.0931999468518,55.0278683456148,28.0479848532483
16,1,19,15,169.12,82.0931999468518,55.0278683456148,28.0479848532483
16,1,20,11,161.79,82.0931999468518,55.0278683456148,28.0479848532483
17,1,0,7,116.46,109.090124640614,73.1241688765552,37.2717614313955
17,1,1,17,128.95,109.090124640614,73.1241688765552,37.2717614313955
17,1,2,86,105.97,109.090124640614,73.1241688765552,37.2717614313955
17,1,3,310,111.12,109.090124640614,73.1241688765552,37.2717614313955
17,1,4,474,113.87,109.090124640614,73.1241688765552,37.2717614313955
17,1,5,547,111.8,109.090124640614,73.1241688765552,37.2717614313955
17,1,6,485,111.73,109.090124640614,73.1241688765552,37.2717614313955
17,1,7,393,118.7,109.090124640614,73.1241688765552,37.2717614313955
17,1,8,273,121.14,109.090124640614,73.1241688765552,37.2717614313955
17,1,9,276,119.38,109.090124640614,73.1241688765552,37.2717614313955
17,1,10,264,119.22,109.090124640614,73.1241688765552,37.2717614313955
17,1,11,288,127.14,109.090124640614,73.1241688765552,37.2717614313955
17,1,12,301,130.36,109.090124640614,73.1241688765552,37.2717614313955
17,1,13,341,135.39,109.090124640614,73.1241688765552,37.2717614313955
17,1,14,441,149.48,109.090124640614,73.1241688765552,37.2717614313955
17,1,15,367,160.54,109.090124640614,73.1241688765552,37.2717614313955
17,1,16,294,160.4,109.090124640614,73.1241688765552,37.2717614313955
17,1,17,242,156.29,109.090124640614,73.1241688765552,37.2717614313955
17,1,18,217,136.58,109.090124640614,73.1241688765552,37.2717614313955
17,1,19,208,124.79,109.090124640614,73.1241688765552,37.2717614313955
17,1,20,124,116.9,109.090124640614,73.1241688765552,37.2717614313955
17,1,21,41,117.24,109.090124640614,73.1241688765552,37.2717614313955
17,1,22,12,114.21,109.090124640614,73.1241688765552,37.2717614313955
17,1,23,5,133.79,109.090124640614,73.1241688765552,37.2717614313955
18,1,2,14,118.42,97.0616287390773,65.0613513801725,33.1621022748262
18,1,3,45,112.07,97.0616287390773,65.0613513801725,33.1621022748262
18,1,4,47,119.69,97.0616287390773,65.0613513801725,33.1621022748262
18,1,5,38,118.35,97.0616287390773,65.0613513801725,33.1621022748262
18,1,6,34,129.7,97.0616287390773,65.0613513801725,33.1621022748262
18,1,7,28,126.8,97.0616287390773,65.0613513801725,33.1621022748262
18,1,8,20,128.03,97.0616287390773,65.0613513801725,33.1621022748262
18,1,9,14,132.79,97.0616287390773,65.0613513801725,33.1621022748262
18,1,10,22,127.15,97.0616287390773,65.0613513801725,33.1621022748262
18,1,11,18,133.59,97.0616287390773,65.0613513801725,33.1621022748262
18,1,12,11,128.01,97.0616287390773,65.0613513801725,33.1621022748262
18,1,13,14,141.37,97.0616287390773,65.0613513801725,33.1621022748262
18,1,14,19,157.24,97.0616287390773,65.0613513801725,33.1621022748262
18,1,15,21,154.49,97.0616287390773,65.0613513801725,33.1621022748262
18,1,16,24,164.87,97.0616287390773,65.0613513801725,33.1621022748262
18,1,17,26,141.95,97.0616287390773,65.0613513801725,33.1621022748262
18,1,18,16,144.21,97.0616287390773,65.0613513801725,33.1621022748262
18,1,19,12,134.71,97.0616287390773,65.0613513801725,33.1621022748262
18,1,20,2,134.62,97.0616287390773,65.0613513801725,33.1621022748262
18,1,21,3,118.92,97.0616287390773,65.0613513801725,33.1621022748262
18,1,23,2,116.88,97.0616287390773,65.0613513801725,33.1621022748262
19,1,2,4,137.94,126.140091973674,84.5529273889298,43.0970578727042
19,1,3,10,132.7,126.140091973674,84.5529273889298,43.0970578727042
19,1,4,11,153.35,126.140091973674,84.5529273889298,43.0970578727042
19,1,5,7,157.52,126.140091973674,84.5529273889298,43.0970578727042
19,1,6,14,161.19,126.140091973674,84.5529273889298,43.0970578727042
19,1,7,6,185.41,126.140091973674,84.5529273889298,43.0970578727042
19,1,8,8,184.97,126.140091973674,84.5529273889298,43.0970578727042
19,1,9,2,173.2,126.140091973674,84.5529273889298,43.0970578727042
19,1,10,3,183.15,126.140091973674,84.5529273889298,43.0970578727042
19,1,11,5,168.97,126.140091973674,84.5529273889298,43.0970578727042
19,1,12,2,222.57,126.140091973674,84.5529273889298,43.0970578727042
19,1,13,5,204.55,126.140091973674,84.5529273889298,43.0970578727042
19,1,14,7,216.06,126.140091973674,84.5529273889298,43.0970578727042
19,1,16,2,212.07,126.140091973674,84.5529273889298,43.0970578727042
19,1,17,8,228.94,126.140091973674,84.5529273889298,43.0970578727042
19,1,18,4,167.61,126.140091973674,84.5529273889298,43.0970578727042
19,1,21,2,145.39,126.140091973674,84.5529273889298,43.0970578727042
20,1,1,8,119.61,86.2243193118518,57.7969977337299,29.4594242106067
20,1,2,9,118.31,86.2243193118518,57.7969977337299,29.4594242106067
20,1,3,42,116.6,86.2243193118518,57.7969977337299,29.4594242106067
20,1,4,48,115.69,86.2243193118518,57.7969977337299,29.4594242106067
20,1,5,50,117.74,86.2243193118518,57.7969977337299,29.4594242106067
20,1,6,41,116.53,86.2243193118518,57.7969977337299,29.4594242106067
20,1,7,38,126.49,86.2243193118518,57.7969977337299,29.4594242106067
20,1,8,26,125.72,86.2243193118518,57.7969977337299,29.4594242106067
20,1,9,19,131.98,86.2243193118518,57.7969977337299,29.4594242106067
20,1,10,31,134.8,86.2243193118518,57.7969977337299,29.4594242106067
20,1,11,43,149.7,86.2243193118518,57.7969977337299,29.4594242106067
20,1,12,46,144.91,86.2243193118518,57.7969977337299,29.4594242106067
20,1,13,63,150.4,86.2243193118518,57.7969977337299,29.4594242106067
20,1,14,76,162.44,86.2243193118518,57.7969977337299,29.4594242106067
20,1,15,78,176.49,86.2243193118518,57.7969977337299,29.4594242106067
20,1,16,59,175.38,86.2243193118518,57.7969977337299,29.4594242106067
20,1,17,46,164.59,86.2243193118518,57.7969977337299,29.4594242106067
20,1,18,41,137.8,86.2243193118518,57.7969977337299,29.4594242106067
20,1,19,22,146.24,86.2243193118518,57.7969977337299,29.4594242106067
20,1,20,10,140.25,86.2243193118518,57.7969977337299,29.4594242106067
20,1,21,3,121.16,86.2243193118518,57.7969977337299,29.4594242106067
20,1,22,2,122.55,86.2243193118518,57.7969977337299,29.4594242106067
21,1,0,4,138.15,205.70063069064,137.883128341723,70.279733006509
21,1,1,5,116.55,205.70063069064,137.883128341723,70.279733006509
21,1,2,17,95.15,205.70063069064,137.883128341723,70.279733006509
21,1,3,50,93.83,205.70063069064,137.883128341723,70.279733006509
21,1,4,85,94.92,205.70063069064,137.883128341723,70.279733006509
21,1,5,68,96.98,205.70063069064,137.883128341723,70.279733006509
21,1,6,75,100.2,205.70063069064,137.883128341723,70.279733006509
21,1,7,59,102.05,205.70063069064,137.883128341723,70.279733006509
21,1,8,41,97.42,205.70063069064,137.883128341723,70.279733006509
21,1,9,32,101.1,205.70063069064,137.883128341723,70.279733006509
21,1,10,47,107.51,205.70063069064,137.883128341723,70.279733006509
21,1,11,34,105.15,205.70063069064,137.883128341723,70.279733006509
21,1,12,33,120.52,205.70063069064,137.883128341723,70.279733006509
21,1,13,46,112.81,205.70063069064,137.883128341723,70.279733006509
21,1,14,58,111.03,205.70063069064,137.883128341723,70.279733006509
21,1,15,51,121.61,205.70063069064,137.883128341723,70.279733006509
21,1,16,47,123.1,205.70063069064,137.883128341723,70.279733006509
21,1,17,32,107.78,205.70063069064,137.883128341723,70.279733006509
21,1,18,32,109.43,205.70063069064,137.883128341723,70.279733006509
21,1,19,27,106.45,205.70063069064,137.883128341723,70.279733006509
21,1,20,20,122.22,205.70063069064,137.883128341723,70.279733006509
21,1,21,7,93.41,205.70063069064,137.883128341723,70.279733006509
21,1,22,5,98.62,205.70063069064,137.883128341723,70.279733006509
22,1,0,3,87.74,199.843262544665,133.956877648643,68.2785030246766
22,1,1,4,80.49,199.843262544665,133.956877648643,68.2785030246766
22,1,2,35,92.97,199.843262544665,133.956877648643,68.2785030246766
22,1,3,85,90.27,199.843262544665,133.956877648643,68.2785030246766
22,1,4,136,91.55,199.843262544665,133.956877648643,68.2785030246766
22,1,5,120,89.68,199.843262544665,133.956877648643,68.2785030246766
22,1,6,112,94.4,199.843262544665,133.956877648643,68.2785030246766
22,1,7,85,95.22,199.843262544665,133.956877648643,68.2785030246766
22,1,8,79,97.64,199.843262544665,133.956877648643,68.2785030246766
22,1,9,51,93.69,199.843262544665,133.956877648643,68.2785030246766
22,1,10,40,99.36,199.843262544665,133.956877648643,68.2785030246766
22,1,11,54,101.31,199.843262544665,133.956877648643,68.2785030246766
22,1,12,64,101.29,199.843262544665,133.956877648643,68.2785030246766
22,1,13,68,106.51,199.843262544665,133.956877648643,68.2785030246766
22,1,14,72,113.32,199.843262544665,133.956877648643,68.2785030246766
22,1,15,80,117.84,199.843262544665,133.956877648643,68.2785030246766
22,1,16,70,115.51,199.843262544665,133.956877648643,68.2785030246766
22,1,17,65,114.13,199.843262544665,133.956877648643,68.2785030246766
22,1,18,51,106.45,199.843262544665,133.956877648643,68.2785030246766
22,1,19,36,100.01,199.843262544665,133.956877648643,68.2785030246766
22,1,20,28,102.84,199.843262544665,133.956877648643,68.2785030246766
22,1,21,20,95.07,199.843262544665,133.956877648643,68.2785030246766
22,1,22,5,92.91,199.843262544665,133.956877648643,68.2785030246766
22,1,23,2,91.04,199.843262544665,133.956877648643,68.2785030246766
23,1,0,6,61.18,299.179900038883,200.543189468218,102.217885404877
23,1,1,9,58.98,299.179900038883,200.543189468218,102.217885404877
23,1,2,53,54.03,299.179900038883,200.543189468218,102.217885404877
23,1,3,285,57.36,299.179900038883,200.543189468218,102.217885404877
23,1,4,654,56.75,299.179900038883,200.543189468218,102.217885404877
23,1,5,628,59.07,299.179900038883,200.543189468218,102.217885404877
23,1,6,496,59.57,299.179900038883,200.543189468218,102.217885404877
23,1,7,488,58.9,299.179900038883,200.543189468218,102.217885404877
23,1,8,417,63.76,299.179900038883,200.543189468218,102.217885404877
23,1,9,389,61,299.179900038883,200.543189468218,102.217885404877
23,1,10,352,58.27,299.179900038883,200.543189468218,102.217885404877
23,1,11,397,56.86,299.179900038883,200.543189468218,102.217885404877
23,1,12,344,56.8,299.179900038883,200.543189468218,102.217885404877
23,1,13,326,59.18,299.179900038883,200.543189468218,102.217885404877
23,1,14,322,61.25,299.179900038883,200.543189468218,102.217885404877
23,1,15,344,62.01,299.179900038883,200.543189468218,102.217885404877
23,1,16,281,62.19,299.179900038883,200.543189468218,102.217885404877
23,1,17,250,62.58,299.179900038883,200.543189468218,102.217885404877
23,1,18,221,60.85,299.179900038883,200.543189468218,102.217885404877
23,1,19,140,59.91,299.179900038883,200.543189468218,102.217885404877
23,1,20,80,58.39,299.179900038883,200.543189468218,102.217885404877
23,1,21,31,55.15,299.179900038883,200.543189468218,102.217885404877
23,1,22,11,60.32,299.179900038883,200.543189468218,102.217885404877
23,1,23,7,77.65,299.179900038883,200.543189468218,102.217885404877
24,1,1,7,118,78.0462085896768,52.3151307773065,26.665288693752
24,1,2,45,103.67,78.0462085896768,52.3151307773065,26.665288693752
24,1,3,180,104.29,78.0462085896768,52.3151307773065,26.665288693752
24,1,4,330,105.15,78.0462085896768,52.3151307773065,26.665288693752
24,1,5,354,109.85,78.0462085896768,52.3151307773065,26.665288693752
24,1,6,283,109.8,78.0462085896768,52.3151307773065,26.665288693752
24,1,7,257,115.1,78.0462085896768,52.3151307773065,26.665288693752
24,1,8,162,117.71,78.0462085896768,52.3151307773065,26.665288693752
24,1,9,140,115.08,78.0462085896768,52.3151307773065,26.665288693752
24,1,10,148,113.38,78.0462085896768,52.3151307773065,26.665288693752
24,1,11,139,117.69,78.0462085896768,52.3151307773065,26.665288693752
24,1,12,186,118.31,78.0462085896768,52.3151307773065,26.665288693752
24,1,13,272,124.26,78.0462085896768,52.3151307773065,26.665288693752
24,1,14,293,134.76,78.0462085896768,52.3151307773065,26.665288693752
24,1,15,264,143.73,78.0462085896768,52.3151307773065,26.665288693752
24,1,16,203,151.7,78.0462085896768,52.3151307773065,26.665288693752
24,1,17,177,148.08,78.0462085896768,52.3151307773065,26.665288693752
24,1,18,136,130.54,78.0462085896768,52.3151307773065,26.665288693752
24,1,19,107,122.79,78.0462085896768,52.3151307773065,26.665288693752
24,1,20,70,111.83,78.0462085896768,52.3151307773065,26.665288693752
24,1,21,15,111.92,78.0462085896768,52.3151307773065,26.665288693752
24,1,22,4,107.99,78.0462085896768,52.3151307773065,26.665288693752
24,1,23,7,120.65,78.0462085896768,52.3151307773065,26.665288693752
25,1,0,3,120,132.116686878034,88.5590969348255,45.1390229009894
25,1,1,12,98.61,132.116686878034,88.5590969348255,45.1390229009894
25,1,2,58,106.58,132.116686878034,88.5590969348255,45.1390229009894
25,1,3,279,100.98,132.116686878034,88.5590969348255,45.1390229009894
25,1,4,844,103.35,132.116686878034,88.5590969348255,45.1390229009894
25,1,5,1010,102.7,132.116686878034,88.5590969348255,45.1390229009894
25,1,6,1023,100.68,132.116686878034,88.5590969348255,45.1390229009894
25,1,7,859,106.31,132.116686878034,88.5590969348255,45.1390229009894
25,1,8,652,106.42,132.116686878034,88.5590969348255,45.1390229009894
25,1,9,629,104.01,132.116686878034,88.5590969348255,45.1390229009894
25,1,10,549,107.92,132.116686878034,88.5590969348255,45.1390229009894
25,1,11,555,113.25,132.116686878034,88.5590969348255,45.1390229009894
25,1,12,665,115.07,132.116686878034,88.5590969348255,45.1390229009894
25,1,13,763,121,132.116686878034,88.5590969348255,45.1390229009894
25,1,14,921,130.86,132.116686878034,88.5590969348255,45.1390229009894
25,1,15,807,142.87,132.116686878034,88.5590969348255,45.1390229009894
25,1,16,608,148.66,132.116686878034,88.5590969348255,45.1390229009894
25,1,17,504,140,132.116686878034,88.5590969348255,45.1390229009894
25,1,18,370,127.52,132.116686878034,88.5590969348255,45.1390229009894
25,1,19,298,114.61,132.116686878034,88.5590969348255,45.1390229009894
25,1,20,185,107.17,132.116686878034,88.5590969348255,45.1390229009894
25,1,21,55,98.1,132.116686878034,88.5590969348255,45.1390229009894
25,1,22,13,95.13,132.116686878034,88.5590969348255,45.1390229009894
25,1,23,5,100.47,132.116686878034,88.5590969348255,45.1390229009894
26,1,0,6,93.94,179.993809119377,120.651596449635,61.4967334094321
26,1,1,5,94.96,179.993809119377,120.651596449635,61.4967334094321
26,1,2,27,105.3,179.993809119377,120.651596449635,61.4967334094321
26,1,3,112,97.94,179.993809119377,120.651596449635,61.4967334094321
26,1,4,237,99.02,179.993809119377,120.651596449635,61.4967334094321
26,1,5,216,104.08,179.993809119377,120.651596449635,61.4967334094321
26,1,6,175,104,179.993809119377,120.651596449635,61.4967334094321
26,1,7,174,104.43,179.993809119377,120.651596449635,61.4967334094321
26,1,8,136,106.92,179.993809119377,120.651596449635,61.4967334094321
26,1,9,181,112.47,179.993809119377,120.651596449635,61.4967334094321
26,1,10,206,113.25,179.993809119377,120.651596449635,61.4967334094321
26,1,11,129,115.48,179.993809119377,120.651596449635,61.4967334094321
26,1,12,128,111.05,179.993809119377,120.651596449635,61.4967334094321
26,1,13,185,115.43,179.993809119377,120.651596449635,61.4967334094321
26,1,14,225,131.19,179.993809119377,120.651596449635,61.4967334094321
26,1,15,206,141.71,179.993809119377,120.651596449635,61.4967334094321
26,1,16,184,128.99,179.993809119377,120.651596449635,61.4967334094321
26,1,17,196,128.5,179.993809119377,120.651596449635,61.4967334094321
26,1,18,231,113.31,179.993809119377,120.651596449635,61.4967334094321
26,1,19,151,107.04,179.993809119377,120.651596449635,61.4967334094321
26,1,20,106,109.16,179.993809119377,120.651596449635,61.4967334094321
26,1,21,44,101.27,179.993809119377,120.651596449635,61.4967334094321
26,1,22,7,88.49,179.993809119377,120.651596449635,61.4967334094321
26,1,23,9,124.78,179.993809119377,120.651596449635,61.4967334094321
27,1,6,2,120.25,232.249053380953,155.678793628641,79.3502742690936
27,1,13,3,175.64,232.249053380953,155.678793628641,79.3502742690936
27,1,18,5,156.98,232.249053380953,155.678793628641,79.3502742690936
28,1,1,3,164.54,86.794136908963,58.1789519971178,29.6541082446466
28,1,2,10,132.83,86.794136908963,58.1789519971178,29.6541082446466
28,1,3,25,127.6,86.794136908963,58.1789519971178,29.6541082446466
28,1,4,29,128.95,86.794136908963,58.1789519971178,29.6541082446466
28,1,5,28,138.15,86.794136908963,58.1789519971178,29.6541082446466
28,1,6,22,149.22,86.794136908963,58.1789519971178,29.6541082446466
28,1,7,21,159.17,86.794136908963,58.1789519971178,29.6541082446466
28,1,8,21,178.38,86.794136908963,58.1789519971178,29.6541082446466
28,1,9,23,159.21,86.794136908963,58.1789519971178,29.6541082446466
28,1,10,15,178.02,86.794136908963,58.1789519971178,29.6541082446466
28,1,11,22,162.26,86.794136908963,58.1789519971178,29.6541082446466
28,1,12,13,180.08,86.794136908963,58.1789519971178,29.6541082446466
28,1,13,18,193.68,86.794136908963,58.1789519971178,29.6541082446466
28,1,14,17,201.82,86.794136908963,58.1789519971178,29.6541082446466
28,1,15,12,234.83,86.794136908963,58.1789519971178,29.6541082446466
28,1,16,14,226.57,86.794136908963,58.1789519971178,29.6541082446466
28,1,17,7,197.18,86.794136908963,58.1789519971178,29.6541082446466
28,1,18,9,172.1,86.794136908963,58.1789519971178,29.6541082446466
28,1,19,12,166.52,86.794136908963,58.1789519971178,29.6541082446466
28,1,20,5,165.11,86.794136908963,58.1789519971178,29.6541082446466
29,1,0,3,102.32,219.160669660403,146.905523044749,74.8784935541846
29,1,2,16,90.91,219.160669660403,146.905523044749,74.8784935541846
29,1,3,28,91.7,219.160669660403,146.905523044749,74.8784935541846
29,1,4,51,104.32,219.160669660403,146.905523044749,74.8784935541846
29,1,5,47,101.05,219.160669660403,146.905523044749,74.8784935541846
29,1,6,45,102.4,219.160669660403,146.905523044749,74.8784935541846
29,1,7,45,109.63,219.160669660403,146.905523044749,74.8784935541846
29,1,8,45,107.66,219.160669660403,146.905523044749,74.8784935541846
29,1,9,31,104.63,219.160669660403,146.905523044749,74.8784935541846
29,1,10,24,104.76,219.160669660403,146.905523044749,74.8784935541846
29,1,11,25,112.55,219.160669660403,146.905523044749,74.8784935541846
29,1,12,37,120.17,219.160669660403,146.905523044749,74.8784935541846
29,1,13,45,131.69,219.160669660403,146.905523044749,74.8784935541846
29,1,14,50,137,219.160669660403,146.905523044749,74.8784935541846
29,1,15,51,138.38,219.160669660403,146.905523044749,74.8784935541846
29,1,16,47,132.5,219.160669660403,146.905523044749,74.8784935541846
29,1,17,47,124.57,219.160669660403,146.905523044749,74.8784935541846
29,1,18,35,112.31,219.160669660403,146.905523044749,74.8784935541846
29,1,19,23,110.67,219.160669660403,146.905523044749,74.8784935541846
29,1,20,22,102.59,219.160669660403,146.905523044749,74.8784935541846
29,1,21,4,101.81,219.160669660403,146.905523044749,74.8784935541846
29,1,22,3,92.55,219.160669660403,146.905523044749,74.8784935541846
29,1,23,2,102.71,219.160669660403,146.905523044749,74.8784935541846
30,1,16,2,158.38,188.239481067891,126.178750351514,64.3139519131147
31,1,5,2,120.65,85.6699592866845,57.4254048307766,29.2700214147698
31,1,6,2,142.72,85.6699592866845,57.4254048307766,29.2700214147698
31,1,12,5,197.34,85.6699592866845,57.4254048307766,29.2700214147698
31,1,13,5,157.18,85.6699592866845,57.4254048307766,29.2700214147698
31,1,14,7,177.02,85.6699592866845,57.4254048307766,29.2700214147698
31,1,15,5,201.55,85.6699592866845,57.4254048307766,29.2700214147698
31,1,16,4,229.66,85.6699592866845,57.4254048307766,29.2700214147698
31,1,18,2,137.28,85.6699592866845,57.4254048307766,29.2700214147698
32,1,1,2,117.66,92.5788022996217,62.0564693279891,31.630498583473
32,1,2,9,120.52,92.5788022996217,62.0564693279891,31.630498583473
32,1,3,22,115.4,92.5788022996217,62.0564693279891,31.630498583473
32,1,4,18,130.54,92.5788022996217,62.0564693279891,31.630498583473
32,1,5,13,126.84,92.5788022996217,62.0564693279891,31.630498583473
32,1,6,22,130.49,92.5788022996217,62.0564693279891,31.630498583473
32,1,7,15,143.9,92.5788022996217,62.0564693279891,31.630498583473
32,1,8,11,141.16,92.5788022996217,62.0564693279891,31.630498583473
32,1,9,8,133.59,92.5788022996217,62.0564693279891,31.630498583473
32,1,10,11,137.85,92.5788022996217,62.0564693279891,31.630498583473
32,1,11,6,149.57,92.5788022996217,62.0564693279891,31.630498583473
32,1,12,9,183.02,92.5788022996217,62.0564693279891,31.630498583473
32,1,13,14,151.91,92.5788022996217,62.0564693279891,31.630498583473
32,1,14,13,160.95,92.5788022996217,62.0564693279891,31.630498583473
32,1,15,9,176.89,92.5788022996217,62.0564693279891,31.630498583473
32,1,16,18,172.35,92.5788022996217,62.0564693279891,31.630498583473
32,1,17,10,168.11,92.5788022996217,62.0564693279891,31.630498583473
32,1,18,11,147.09,92.5788022996217,62.0564693279891,31.630498583473
32,1,19,6,131.68,92.5788022996217,62.0564693279891,31.630498583473
32,1,21,3,126.32,92.5788022996217,62.0564693279891,31.630498583473
33,1,0,3,107.96,129.849594249907,87.0394427521571,44.3644474217076
33,1,1,3,101.62,129.849594249907,87.0394427521571,44.3644474217076
33,1,2,31,96.74,129.849594249907,87.0394427521571,44.3644474217076
33,1,3,230,100.55,129.849594249907,87.0394427521571,44.3644474217076
33,1,4,823,101.91,129.849594249907,87.0394427521571,44.3644474217076
33,1,5,1034,102.78,129.849594249907,87.0394427521571,44.3644474217076
33,1,6,1042,101.05,129.849594249907,87.0394427521571,44.3644474217076
33,1,7,793,101.96,129.849594249907,87.0394427521571,44.3644474217076
33,1,8,577,105.85,129.849594249907,87.0394427521571,44.3644474217076
33,1,9,501,103.47,129.849594249907,87.0394427521571,44.3644474217076
33,1,10,451,106.48,129.849594249907,87.0394427521571,44.3644474217076
33,1,11,446,108.31,129.849594249907,87.0394427521571,44.3644474217076
33,1,12,477,110.63,129.849594249907,87.0394427521571,44.3644474217076
33,1,13,634,119.28,129.849594249907,87.0394427521571,44.3644474217076
33,1,14,893,129.96,129.849594249907,87.0394427521571,44.3644474217076
33,1,15,812,140.2,129.849594249907,87.0394427521571,44.3644474217076
33,1,16,599,145.02,129.849594249907,87.0394427521571,44.3644474217076
33,1,17,452,136.61,129.849594249907,87.0394427521571,44.3644474217076
33,1,18,352,125.87,129.849594249907,87.0394427521571,44.3644474217076
33,1,19,272,117.6,129.849594249907,87.0394427521571,44.3644474217076
33,1,20,191,111.3,129.849594249907,87.0394427521571,44.3644474217076
33,1,21,59,109.21,129.849594249907,87.0394427521571,44.3644474217076
33,1,22,14,97.8,129.849594249907,87.0394427521571,44.3644474217076
33,1,23,5,108.47,129.849594249907,87.0394427521571,44.3644474217076
34,1,1,3,109.65,112.16170226874,75.1830771593762,38.3211974729316
34,1,2,3,102.95,112.16170226874,75.1830771593762,38.3211974729316
34,1,3,14,105.97,112.16170226874,75.1830771593762,38.3211974729316
34,1,4,19,112.85,112.16170226874,75.1830771593762,38.3211974729316
34,1,5,19,95.14,112.16170226874,75.1830771593762,38.3211974729316
34,1,6,18,99.24,112.16170226874,75.1830771593762,38.3211974729316
34,1,7,26,104.18,112.16170226874,75.1830771593762,38.3211974729316
34,1,8,21,100.8,112.16170226874,75.1830771593762,38.3211974729316
34,1,9,23,104.67,112.16170226874,75.1830771593762,38.3211974729316
34,1,10,15,111.94,112.16170226874,75.1830771593762,38.3211974729316
34,1,11,31,114.32,112.16170226874,75.1830771593762,38.3211974729316
34,1,12,25,103.35,112.16170226874,75.1830771593762,38.3211974729316
34,1,13,57,112.66,112.16170226874,75.1830771593762,38.3211974729316
34,1,14,75,133.73,112.16170226874,75.1830771593762,38.3211974729316
34,1,15,54,146.73,112.16170226874,75.1830771593762,38.3211974729316
34,1,16,50,156.61,112.16170226874,75.1830771593762,38.3211974729316
34,1,17,33,144.91,112.16170226874,75.1830771593762,38.3211974729316
34,1,18,21,125.78,112.16170226874,75.1830771593762,38.3211974729316
34,1,19,7,104.5,112.16170226874,75.1830771593762,38.3211974729316
34,1,20,7,86.64,112.16170226874,75.1830771593762,38.3211974729316
34,1,21,2,100.84,112.16170226874,75.1830771593762,38.3211974729316
35,1,1,2,115.68,123.115155414547,82.525283067144,42.0635572313922
35,1,2,11,113.35,123.115155414547,82.525283067144,42.0635572313922
35,1,3,30,124.72,123.115155414547,82.525283067144,42.0635572313922
35,1,4,33,122.58,123.115155414547,82.525283067144,42.0635572313922
35,1,5,42,128.37,123.115155414547,82.525283067144,42.0635572313922
35,1,6,21,131.94,123.115155414547,82.525283067144,42.0635572313922
35,1,7,14,146.85,123.115155414547,82.525283067144,42.0635572313922
35,1,8,11,137.28,123.115155414547,82.525283067144,42.0635572313922
35,1,9,13,144.96,123.115155414547,82.525283067144,42.0635572313922
35,1,10,10,142.91,123.115155414547,82.525283067144,42.0635572313922
35,1,11,14,143.25,123.115155414547,82.525283067144,42.0635572313922
35,1,12,13,166.1,123.115155414547,82.525283067144,42.0635572313922
35,1,13,17,184.65,123.115155414547,82.525283067144,42.0635572313922
35,1,14,17,178.82,123.115155414547,82.525283067144,42.0635572313922
35,1,15,21,212.06,123.115155414547,82.525283067144,42.0635572313922
35,1,16,12,189.28,123.115155414547,82.525283067144,42.0635572313922
35,1,17,13,176.8,123.115155414547,82.525283067144,42.0635572313922
35,1,18,9,163.73,123.115155414547,82.525283067144,42.0635572313922
35,1,19,8,167.99,123.115155414547,82.525283067144,42.0635572313922
35,1,20,2,183.72,123.115155414547,82.525283067144,42.0635572313922
35,1,21,2,143.54,123.115155414547,82.525283067144,42.0635572313922
36,1,0,3,122.82,88.2084336228108,59.1269688051072,30.1373172416607
36,1,1,8,123.42,88.2084336228108,59.1269688051072,30.1373172416607
36,1,2,74,120.52,88.2084336228108,59.1269688051072,30.1373172416607
36,1,3,244,121.23,88.2084336228108,59.1269688051072,30.1373172416607
36,1,4,325,125.14,88.2084336228108,59.1269688051072,30.1373172416607
36,1,5,312,118.42,88.2084336228108,59.1269688051072,30.1373172416607
36,1,6,268,121.32,88.2084336228108,59.1269688051072,30.1373172416607
36,1,7,208,127.11,88.2084336228108,59.1269688051072,30.1373172416607
36,1,8,159,134.11,88.2084336228108,59.1269688051072,30.1373172416607
36,1,9,134,134.82,88.2084336228108,59.1269688051072,30.1373172416607
36,1,10,125,133.27,88.2084336228108,59.1269688051072,30.1373172416607
36,1,11,138,137.31,88.2084336228108,59.1269688051072,30.1373172416607
36,1,12,175,148.15,88.2084336228108,59.1269688051072,30.1373172416607
36,1,13,201,157.6,88.2084336228108,59.1269688051072,30.1373172416607
36,1,14,261,165.73,88.2084336228108,59.1269688051072,30.1373172416607
36,1,15,210,184.18,88.2084336228108,59.1269688051072,30.1373172416607
36,1,16,180,178.38,88.2084336228108,59.1269688051072,30.1373172416607
36,1,17,157,168.79,88.2084336228108,59.1269688051072,30.1373172416607
36,1,18,122,146.62,88.2084336228108,59.1269688051072,30.1373172416607
36,1,19,112,138.72,88.2084336228108,59.1269688051072,30.1373172416607
36,1,20,58,128.59,88.2084336228108,59.1269688051072,30.1373172416607
36,1,21,19,119.93,88.2084336228108,59.1269688051072,30.1373172416607
36,1,22,4,108.71,88.2084336228108,59.1269688051072,30.1373172416607
36,1,23,4,128.2,88.2084336228108,59.1269688051072,30.1373172416607
37,1,0,13,121.21,95.0343008443965,63.7024138243931,32.4694448790931
37,1,1,14,113.03,95.0343008443965,63.7024138243931,32.4694448790931
37,1,2,129,119.75,95.0343008443965,63.7024138243931,32.4694448790931
37,1,3,394,119.64,95.0343008443965,63.7024138243931,32.4694448790931
37,1,4,530,122.06,95.0343008443965,63.7024138243931,32.4694448790931
37,1,5,542,118.01,95.0343008443965,63.7024138243931,32.4694448790931
37,1,6,423,117.79,95.0343008443965,63.7024138243931,32.4694448790931
37,1,7,379,124.76,95.0343008443965,63.7024138243931,32.4694448790931
37,1,8,313,131.23,95.0343008443965,63.7024138243931,32.4694448790931
37,1,9,243,125.55,95.0343008443965,63.7024138243931,32.4694448790931
37,1,10,231,134.49,95.0343008443965,63.7024138243931,32.4694448790931
37,1,11,287,136.47,95.0343008443965,63.7024138243931,32.4694448790931
37,1,12,317,138.89,95.0343008443965,63.7024138243931,32.4694448790931
37,1,13,348,151.8,95.0343008443965,63.7024138243931,32.4694448790931
37,1,14,450,162.56,95.0343008443965,63.7024138243931,32.4694448790931
37,1,15,316,174.64,95.0343008443965,63.7024138243931,32.4694448790931
37,1,16,292,176.35,95.0343008443965,63.7024138243931,32.4694448790931
37,1,17,235,161.03,95.0343008443965,63.7024138243931,32.4694448790931
37,1,18,220,147.15,95.0343008443965,63.7024138243931,32.4694448790931
37,1,19,189,134.1,95.0343008443965,63.7024138243931,32.4694448790931
37,1,20,106,123.94,95.0343008443965,63.7024138243931,32.4694448790931
37,1,21,26,117.32,95.0343008443965,63.7024138243931,32.4694448790931
37,1,22,5,113.8,95.0343008443965,63.7024138243931,32.4694448790931
37,1,23,2,124.18,95.0343008443965,63.7024138243931,32.4694448790931
38,1,1,2,144.82,141.447392266381,94.8135592777982,48.3269542226084
38,1,2,7,152.01,141.447392266381,94.8135592777982,48.3269542226084
38,1,3,13,145.4,141.447392266381,94.8135592777982,48.3269542226084
38,1,4,14,153.23,141.447392266381,94.8135592777982,48.3269542226084
38,1,5,8,165.75,141.447392266381,94.8135592777982,48.3269542226084
38,1,6,5,171.17,141.447392266381,94.8135592777982,48.3269542226084
38,1,7,5,183.99,141.447392266381,94.8135592777982,48.3269542226084
38,1,8,3,159.95,141.447392266381,94.8135592777982,48.3269542226084
38,1,9,2,164.61,141.447392266381,94.8135592777982,48.3269542226084
38,1,10,12,183.55,141.447392266381,94.8135592777982,48.3269542226084
38,1,11,8,175.08,141.447392266381,94.8135592777982,48.3269542226084
38,1,12,8,180.44,141.447392266381,94.8135592777982,48.3269542226084
38,1,13,8,181.55,141.447392266381,94.8135592777982,48.3269542226084
38,1,14,19,208.49,141.447392266381,94.8135592777982,48.3269542226084
38,1,15,8,196.59,141.447392266381,94.8135592777982,48.3269542226084
38,1,16,8,216.5,141.447392266381,94.8135592777982,48.3269542226084
38,1,17,12,209.82,141.447392266381,94.8135592777982,48.3269542226084
38,1,18,8,187.65,141.447392266381,94.8135592777982,48.3269542226084
38,1,19,9,188.74,141.447392266381,94.8135592777982,48.3269542226084
38,1,20,5,177.67,141.447392266381,94.8135592777982,48.3269542226084
39,1,1,4,120.1,148.580257621091,99.5947881240372,50.7639709250719
39,1,2,19,123.01,148.580257621091,99.5947881240372,50.7639709250719
39,1,3,42,127.64,148.580257621091,99.5947881240372,50.7639709250719
39,1,4,51,121.51,148.580257621091,99.5947881240372,50.7639709250719
39,1,5,57,130.34,148.580257621091,99.5947881240372,50.7639709250719
39,1,6,29,144.97,148.580257621091,99.5947881240372,50.7639709250719
39,1,7,25,141.56,148.580257621091,99.5947881240372,50.7639709250719
39,1,8,15,143.97,148.580257621091,99.5947881240372,50.7639709250719
39,1,9,27,141.69,148.580257621091,99.5947881240372,50.7639709250719
39,1,10,18,156.34,148.580257621091,99.5947881240372,50.7639709250719
39,1,11,22,154.23,148.580257621091,99.5947881240372,50.7639709250719
39,1,12,29,149.66,148.580257621091,99.5947881240372,50.7639709250719
39,1,13,29,152.73,148.580257621091,99.5947881240372,50.7639709250719
39,1,14,18,174.29,148.580257621091,99.5947881240372,50.7639709250719
39,1,15,18,172.35,148.580257621091,99.5947881240372,50.7639709250719
39,1,16,23,182.71,148.580257621091,99.5947881240372,50.7639709250719
39,1,17,19,166.71,148.580257621091,99.5947881240372,50.7639709250719
39,1,18,17,159.7,148.580257621091,99.5947881240372,50.7639709250719
39,1,19,13,140.66,148.580257621091,99.5947881240372,50.7639709250719
39,1,20,3,124.52,148.580257621091,99.5947881240372,50.7639709250719
39,1,21,3,117.72,148.580257621091,99.5947881240372,50.7639709250719
40,1,1,2,100.65,142.499542178954,95.518825571552,48.6864320457447
40,1,2,9,94.1,142.499542178954,95.518825571552,48.6864320457447
40,1,3,84,97.92,142.499542178954,95.518825571552,48.6864320457447
40,1,4,345,100.54,142.499542178954,95.518825571552,48.6864320457447
40,1,5,464,101.05,142.499542178954,95.518825571552,48.6864320457447
40,1,6,484,100.88,142.499542178954,95.518825571552,48.6864320457447
40,1,7,371,104.92,142.499542178954,95.518825571552,48.6864320457447
40,1,8,298,112.57,142.499542178954,95.518825571552,48.6864320457447
40,1,9,264,106.06,142.499542178954,95.518825571552,48.6864320457447
40,1,10,172,104.21,142.499542178954,95.518825571552,48.6864320457447
40,1,11,192,108.01,142.499542178954,95.518825571552,48.6864320457447
40,1,12,211,111.71,142.499542178954,95.518825571552,48.6864320457447
40,1,13,320,117.96,142.499542178954,95.518825571552,48.6864320457447
40,1,14,381,128.13,142.499542178954,95.518825571552,48.6864320457447
40,1,15,357,137.61,142.499542178954,95.518825571552,48.6864320457447
40,1,16,266,139.47,142.499542178954,95.518825571552,48.6864320457447
40,1,17,201,135.41,142.499542178954,95.518825571552,48.6864320457447
40,1,18,208,123.24,142.499542178954,95.518825571552,48.6864320457447
40,1,19,175,110.66,142.499542178954,95.518825571552,48.6864320457447
40,1,20,106,107.41,142.499542178954,95.518825571552,48.6864320457447
40,1,21,34,96.4,142.499542178954,95.518825571552,48.6864320457447
40,1,22,7,114.28,142.499542178954,95.518825571552,48.6864320457447
41,1,0,2,108.95,68.4795608367988,45.9025139784114,23.3967452401798
41,1,1,11,116.59,68.4795608367988,45.9025139784114,23.3967452401798
41,1,2,69,111.01,68.4795608367988,45.9025139784114,23.3967452401798
41,1,3,320,110.19,68.4795608367988,45.9025139784114,23.3967452401798
41,1,4,577,456.13,68.4795608367988,45.9025139784114,23.3967452401798
41,1,5,618,116.35,68.4795608367988,45.9025139784114,23.3967452401798
41,1,6,544,118.15,68.4795608367988,45.9025139784114,23.3967452401798
41,1,7,430,126.79,68.4795608367988,45.9025139784114,23.3967452401798
41,1,8,289,125.63,68.4795608367988,45.9025139784114,23.3967452401798
41,1,9,253,122.33,68.4795608367988,45.9025139784114,23.3967452401798
41,1,10,255,124.89,68.4795608367988,45.9025139784114,23.3967452401798
41,1,11,260,125.82,68.4795608367988,45.9025139784114,23.3967452401798
41,1,12,312,128.85,68.4795608367988,45.9025139784114,23.3967452401798
41,1,13,449,132.44,68.4795608367988,45.9025139784114,23.3967452401798
41,1,14,562,140.87,68.4795608367988,45.9025139784114,23.3967452401798
41,1,15,466,150.35,68.4795608367988,45.9025139784114,23.3967452401798
41,1,16,392,157.02,68.4795608367988,45.9025139784114,23.3967452401798
41,1,17,317,150.59,68.4795608367988,45.9025139784114,23.3967452401798
41,1,18,266,135.06,68.4795608367988,45.9025139784114,23.3967452401798
41,1,19,243,126.85,68.4795608367988,45.9025139784114,23.3967452401798
41,1,20,140,120.48,68.4795608367988,45.9025139784114,23.3967452401798
41,1,21,48,119.74,68.4795608367988,45.9025139784114,23.3967452401798
41,1,22,10,113.57,68.4795608367988,45.9025139784114,23.3967452401798
41,1,23,9,128.37,68.4795608367988,45.9025139784114,23.3967452401798
42,1,0,8,107.86,69.2016383845487,46.3865295638512,23.6434504500543
42,1,1,15,114.4,69.2016383845487,46.3865295638512,23.6434504500543
42,1,2,60,115.17,69.2016383845487,46.3865295638512,23.6434504500543
42,1,3,289,109.3,69.2016383845487,46.3865295638512,23.6434504500543
42,1,4,516,111.72,69.2016383845487,46.3865295638512,23.6434504500543
42,1,5,417,111.82,69.2016383845487,46.3865295638512,23.6434504500543
42,1,6,383,116.82,69.2016383845487,46.3865295638512,23.6434504500543
42,1,7,288,122.58,69.2016383845487,46.3865295638512,23.6434504500543
42,1,8,232,121.42,69.2016383845487,46.3865295638512,23.6434504500543
42,1,9,178,120.8,69.2016383845487,46.3865295638512,23.6434504500543
42,1,10,190,123.62,69.2016383845487,46.3865295638512,23.6434504500543
42,1,11,184,122.29,69.2016383845487,46.3865295638512,23.6434504500543
42,1,12,206,125.96,69.2016383845487,46.3865295638512,23.6434504500543
42,1,13,221,130.3,69.2016383845487,46.3865295638512,23.6434504500543
42,1,14,324,140,69.2016383845487,46.3865295638512,23.6434504500543
42,1,15,292,150.11,69.2016383845487,46.3865295638512,23.6434504500543
42,1,16,243,153.75,69.2016383845487,46.3865295638512,23.6434504500543
42,1,17,224,145.12,69.2016383845487,46.3865295638512,23.6434504500543
42,1,18,184,133.64,69.2016383845487,46.3865295638512,23.6434504500543
42,1,19,143,125.13,69.2016383845487,46.3865295638512,23.6434504500543
42,1,20,100,118.79,69.2016383845487,46.3865295638512,23.6434504500543
42,1,21,36,123.76,69.2016383845487,46.3865295638512,23.6434504500543
42,1,22,11,121.36,69.2016383845487,46.3865295638512,23.6434504500543
42,1,23,8,129.82,69.2016383845487,46.3865295638512,23.6434504500543
43,1,0,2,123.63,73.695488905903,49.3988011650807,25.1788206322047
43,1,2,5,105.6,73.695488905903,49.3988011650807,25.1788206322047
43,1,3,39,110.88,73.695488905903,49.3988011650807,25.1788206322047
43,1,4,157,109.32,73.695488905903,49.3988011650807,25.1788206322047
43,1,5,246,108.92,73.695488905903,49.3988011650807,25.1788206322047
43,1,6,260,113.17,73.695488905903,49.3988011650807,25.1788206322047
43,1,7,278,117.33,73.695488905903,49.3988011650807,25.1788206322047
43,1,8,202,120.17,73.695488905903,49.3988011650807,25.1788206322047
43,1,9,248,118.27,73.695488905903,49.3988011650807,25.1788206322047
43,1,10,225,121.52,73.695488905903,49.3988011650807,25.1788206322047
43,1,11,278,127.85,73.695488905903,49.3988011650807,25.1788206322047
43,1,12,343,126.9,73.695488905903,49.3988011650807,25.1788206322047
43,1,13,451,131.98,73.695488905903,49.3988011650807,25.1788206322047
43,1,14,470,139.3,73.695488905903,49.3988011650807,25.1788206322047
43,1,15,427,152.39,73.695488905903,49.3988011650807,25.1788206322047
43,1,16,322,192.86,73.695488905903,49.3988011650807,25.1788206322047
43,1,17,236,148.71,73.695488905903,49.3988011650807,25.1788206322047
43,1,18,164,142.89,73.695488905903,49.3988011650807,25.1788206322047
43,1,19,83,125.33,73.695488905903,49.3988011650807,25.1788206322047
43,1,20,42,121.06,73.695488905903,49.3988011650807,25.1788206322047
43,1,21,19,131.51,73.695488905903,49.3988011650807,25.1788206322047
43,1,22,4,99.6,73.695488905903,49.3988011650807,25.1788206322047
43,1,23,2,162.03,73.695488905903,49.3988011650807,25.1788206322047
44,1,1,3,64.02,393.060527837478,263.472285057736,134.293166039731
44,1,2,11,82.92,393.060527837478,263.472285057736,134.293166039731
44,1,3,78,80.8,393.060527837478,263.472285057736,134.293166039731
44,1,4,179,77.36,393.060527837478,263.472285057736,134.293166039731
44,1,5,233,82.53,393.060527837478,263.472285057736,134.293166039731
44,1,6,144,87.25,393.060527837478,263.472285057736,134.293166039731
44,1,7,127,89,393.060527837478,263.472285057736,134.293166039731
44,1,8,118,86.13,393.060527837478,263.472285057736,134.293166039731
44,1,9,103,85.09,393.060527837478,263.472285057736,134.293166039731
44,1,10,88,86.61,393.060527837478,263.472285057736,134.293166039731
44,1,11,84,81.46,393.060527837478,263.472285057736,134.293166039731
44,1,12,90,81.5,393.060527837478,263.472285057736,134.293166039731
44,1,13,105,82.22,393.060527837478,263.472285057736,134.293166039731
44,1,14,109,85.22,393.060527837478,263.472285057736,134.293166039731
44,1,15,90,83.26,393.060527837478,263.472285057736,134.293166039731
44,1,16,98,85.67,393.060527837478,263.472285057736,134.293166039731
44,1,17,85,86.26,393.060527837478,263.472285057736,134.293166039731
44,1,18,58,85.25,393.060527837478,263.472285057736,134.293166039731
44,1,19,23,79.74,393.060527837478,263.472285057736,134.293166039731
44,1,20,19,80.31,393.060527837478,263.472285057736,134.293166039731
44,1,21,4,84.16,393.060527837478,263.472285057736,134.293166039731
44,1,23,4,87.34,393.060527837478,263.472285057736,134.293166039731
45,1,0,5,120.72,120.809514870386,80.9797898423881,41.275811460713
45,1,1,6,97.94,120.809514870386,80.9797898423881,41.275811460713
45,1,2,25,100.72,120.809514870386,80.9797898423881,41.275811460713
45,1,3,126,100.63,120.809514870386,80.9797898423881,41.275811460713
45,1,4,268,102.52,120.809514870386,80.9797898423881,41.275811460713
45,1,5,379,94.06,120.809514870386,80.9797898423881,41.275811460713
45,1,6,335,84.6,120.809514870386,80.9797898423881,41.275811460713
45,1,7,300,89.57,120.809514870386,80.9797898423881,41.275811460713
45,1,8,249,88.55,120.809514870386,80.9797898423881,41.275811460713
45,1,9,297,83.71,120.809514870386,80.9797898423881,41.275811460713
45,1,10,277,88.28,120.809514870386,80.9797898423881,41.275811460713
45,1,11,350,94.95,120.809514870386,80.9797898423881,41.275811460713
45,1,12,359,94.88,120.809514870386,80.9797898423881,41.275811460713
45,1,13,524,101.32,120.809514870386,80.9797898423881,41.275811460713
45,1,14,584,111.73,120.809514870386,80.9797898423881,41.275811460713
45,1,15,464,121.17,120.809514870386,80.9797898423881,41.275811460713
45,1,16,393,128.11,120.809514870386,80.9797898423881,41.275811460713
45,1,17,306,124.62,120.809514870386,80.9797898423881,41.275811460713
45,1,18,219,111.42,120.809514870386,80.9797898423881,41.275811460713
45,1,19,161,96.54,120.809514870386,80.9797898423881,41.275811460713
45,1,20,73,88.81,120.809514870386,80.9797898423881,41.275811460713
45,1,21,29,87.39,120.809514870386,80.9797898423881,41.275811460713
45,1,22,17,91.03,120.809514870386,80.9797898423881,41.275811460713
45,1,23,2,110.48,120.809514870386,80.9797898423881,41.275811460713
46,1,2,4,137.66,106.276685758273,71.2382934993484,36.3105211434238
46,1,3,5,134.88,106.276685758273,71.2382934993484,36.3105211434238
46,1,4,8,143.08,106.276685758273,71.2382934993484,36.3105211434238
46,1,5,2,134.67,106.276685758273,71.2382934993484,36.3105211434238
46,1,6,5,153.34,106.276685758273,71.2382934993484,36.3105211434238
46,1,7,2,129.17,106.276685758273,71.2382934993484,36.3105211434238
46,1,9,4,164.64,106.276685758273,71.2382934993484,36.3105211434238
46,1,12,6,204.83,106.276685758273,71.2382934993484,36.3105211434238
46,1,13,5,185.55,106.276685758273,71.2382934993484,36.3105211434238
46,1,14,6,189.32,106.276685758273,71.2382934993484,36.3105211434238
46,1,15,9,198.64,106.276685758273,71.2382934993484,36.3105211434238
46,1,17,4,177.94,106.276685758273,71.2382934993484,36.3105211434238
47,1,2,4,102.99,72.8933801319591,48.8611398723059,24.9047719319859
47,1,3,18,107.9,72.8933801319591,48.8611398723059,24.9047719319859
47,1,4,21,114.93,72.8933801319591,48.8611398723059,24.9047719319859
47,1,5,19,115.26,72.8933801319591,48.8611398723059,24.9047719319859
47,1,6,21,115.39,72.8933801319591,48.8611398723059,24.9047719319859
47,1,7,10,113.38,72.8933801319591,48.8611398723059,24.9047719319859
47,1,8,8,114.99,72.8933801319591,48.8611398723059,24.9047719319859
47,1,9,13,127.12,72.8933801319591,48.8611398723059,24.9047719319859
47,1,10,12,127.52,72.8933801319591,48.8611398723059,24.9047719319859
47,1,11,13,132.42,72.8933801319591,48.8611398723059,24.9047719319859
47,1,12,11,135.94,72.8933801319591,48.8611398723059,24.9047719319859
47,1,13,20,130.03,72.8933801319591,48.8611398723059,24.9047719319859
47,1,14,19,166.04,72.8933801319591,48.8611398723059,24.9047719319859
47,1,15,18,154.41,72.8933801319591,48.8611398723059,24.9047719319859
47,1,16,19,158.6,72.8933801319591,48.8611398723059,24.9047719319859
47,1,17,13,147.25,72.8933801319591,48.8611398723059,24.9047719319859
47,1,18,11,147.78,72.8933801319591,48.8611398723059,24.9047719319859
47,1,19,5,122.64,72.8933801319591,48.8611398723059,24.9047719319859
47,1,20,4,116,72.8933801319591,48.8611398723059,24.9047719319859
48,1,0,79,99.74,94.2473107075306,63.174886700724,32.2005616164994
48,1,1,124,91.74,94.2473107075306,63.174886700724,32.2005616164994
48,1,2,394,89.05,94.2473107075306,63.174886700724,32.2005616164994
48,1,3,1724,100.94,94.2473107075306,63.174886700724,32.2005616164994
48,1,4,3653,314.25,94.2473107075306,63.174886700724,32.2005616164994
48,1,5,4263,87.69,94.2473107075306,63.174886700724,32.2005616164994
48,1,6,4180,99.48,94.2473107075306,63.174886700724,32.2005616164994
48,1,7,3625,100.7,94.2473107075306,63.174886700724,32.2005616164994
48,1,8,3092,94.55,94.2473107075306,63.174886700724,32.2005616164994
48,1,9,3057,93.33,94.2473107075306,63.174886700724,32.2005616164994
48,1,10,2916,106.61,94.2473107075306,63.174886700724,32.2005616164994
48,1,11,3359,97.18,94.2473107075306,63.174886700724,32.2005616164994
48,1,12,3626,98.11,94.2473107075306,63.174886700724,32.2005616164994
48,1,13,4323,100.32,94.2473107075306,63.174886700724,32.2005616164994
48,1,14,5167,105.89,94.2473107075306,63.174886700724,32.2005616164994
48,1,15,4739,121.8,94.2473107075306,63.174886700724,32.2005616164994
48,1,16,4064,133.25,94.2473107075306,63.174886700724,32.2005616164994
48,1,17,3182,131.65,94.2473107075306,63.174886700724,32.2005616164994
48,1,18,2517,112.06,94.2473107075306,63.174886700724,32.2005616164994
48,1,19,1619,115.21,94.2473107075306,63.174886700724,32.2005616164994
48,1,20,888,94.82,94.2473107075306,63.174886700724,32.2005616164994
48,1,21,378,93.39,94.2473107075306,63.174886700724,32.2005616164994
48,1,22,144,95.83,94.2473107075306,63.174886700724,32.2005616164994
48,1,23,90,109.81,94.2473107075306,63.174886700724,32.2005616164994
49,1,1,4,95.84,117.953243919789,79.0652037142965,40.299937156739
49,1,2,53,108.25,117.953243919789,79.0652037142965,40.299937156739
49,1,3,257,106.81,117.953243919789,79.0652037142965,40.299937156739
49,1,4,544,109.69,117.953243919789,79.0652037142965,40.299937156739
49,1,5,711,108.76,117.953243919789,79.0652037142965,40.299937156739
49,1,6,617,103.54,117.953243919789,79.0652037142965,40.299937156739
49,1,7,503,107.72,117.953243919789,79.0652037142965,40.299937156739
49,1,8,345,111.59,117.953243919789,79.0652037142965,40.299937156739
49,1,9,308,108.55,117.953243919789,79.0652037142965,40.299937156739
49,1,10,240,111.86,117.953243919789,79.0652037142965,40.299937156739
49,1,11,280,114.25,117.953243919789,79.0652037142965,40.299937156739
49,1,12,337,118.66,117.953243919789,79.0652037142965,40.299937156739
49,1,13,523,125.26,117.953243919789,79.0652037142965,40.299937156739
49,1,14,609,137.87,117.953243919789,79.0652037142965,40.299937156739
49,1,15,505,150,117.953243919789,79.0652037142965,40.299937156739
49,1,16,413,156.52,117.953243919789,79.0652037142965,40.299937156739
49,1,17,318,149.1,117.953243919789,79.0652037142965,40.299937156739
49,1,18,248,132.9,117.953243919789,79.0652037142965,40.299937156739
49,1,19,244,119.58,117.953243919789,79.0652037142965,40.299937156739
49,1,20,165,104.95,117.953243919789,79.0652037142965,40.299937156739
49,1,21,46,110.71,117.953243919789,79.0652037142965,40.299937156739
49,1,22,16,107.45,117.953243919789,79.0652037142965,40.299937156739
49,1,23,7,127.6,117.953243919789,79.0652037142965,40.299937156739
50,1,0,10,111.38,97.857452300368,65.5947996339304,33.4340035675933
50,1,1,14,85.43,97.857452300368,65.5947996339304,33.4340035675933
50,1,2,116,85.54,97.857452300368,65.5947996339304,33.4340035675933
50,1,3,716,84.44,97.857452300368,65.5947996339304,33.4340035675933
50,1,4,1760,86.23,97.857452300368,65.5947996339304,33.4340035675933
50,1,5,2017,85.72,97.857452300368,65.5947996339304,33.4340035675933
50,1,6,1854,86.93,97.857452300368,65.5947996339304,33.4340035675933
50,1,7,1748,90.07,97.857452300368,65.5947996339304,33.4340035675933
50,1,8,1545,95.81,97.857452300368,65.5947996339304,33.4340035675933
50,1,9,1436,95.81,97.857452300368,65.5947996339304,33.4340035675933
50,1,10,1246,95.55,97.857452300368,65.5947996339304,33.4340035675933
50,1,11,1040,92.83,97.857452300368,65.5947996339304,33.4340035675933
50,1,12,1150,94.63,97.857452300368,65.5947996339304,33.4340035675933
50,1,13,1380,97.24,97.857452300368,65.5947996339304,33.4340035675933
50,1,14,1753,103.46,97.857452300368,65.5947996339304,33.4340035675933
50,1,15,1762,115.52,97.857452300368,65.5947996339304,33.4340035675933
50,1,16,1504,126.4,97.857452300368,65.5947996339304,33.4340035675933
50,1,17,1174,122.83,97.857452300368,65.5947996339304,33.4340035675933
50,1,18,955,110.39,97.857452300368,65.5947996339304,33.4340035675933
50,1,19,597,95.02,97.857452300368,65.5947996339304,33.4340035675933
50,1,20,369,89.44,97.857452300368,65.5947996339304,33.4340035675933
50,1,21,166,88.97,97.857452300368,65.5947996339304,33.4340035675933
50,1,22,57,96.11,97.857452300368,65.5947996339304,33.4340035675933
50,1,23,19,102.84,97.857452300368,65.5947996339304,33.4340035675933
51,1,1,3,124.39,109.196808292151,73.1956799631643,37.3082109965768
51,1,2,9,133.9,109.196808292151,73.1956799631643,37.3082109965768
51,1,3,27,131.86,109.196808292151,73.1956799631643,37.3082109965768
51,1,4,41,127.15,109.196808292151,73.1956799631643,37.3082109965768
51,1,5,38,135.52,109.196808292151,73.1956799631643,37.3082109965768
51,1,6,24,140.18,109.196808292151,73.1956799631643,37.3082109965768
51,1,7,16,161.91,109.196808292151,73.1956799631643,37.3082109965768
51,1,8,9,148.56,109.196808292151,73.1956799631643,37.3082109965768
51,1,9,10,151.08,109.196808292151,73.1956799631643,37.3082109965768
51,1,10,14,161.55,109.196808292151,73.1956799631643,37.3082109965768
51,1,11,8,159.95,109.196808292151,73.1956799631643,37.3082109965768
51,1,12,11,165.01,109.196808292151,73.1956799631643,37.3082109965768
51,1,13,12,181.03,109.196808292151,73.1956799631643,37.3082109965768
51,1,14,16,174.37,109.196808292151,73.1956799631643,37.3082109965768
51,1,15,16,187.9,109.196808292151,73.1956799631643,37.3082109965768
51,1,16,9,170.11,109.196808292151,73.1956799631643,37.3082109965768
51,1,17,14,172.88,109.196808292151,73.1956799631643,37.3082109965768
51,1,18,11,150.07,109.196808292151,73.1956799631643,37.3082109965768
51,1,19,5,165.87,109.196808292151,73.1956799631643,37.3082109965768
51,1,20,4,120.25,109.196808292151,73.1956799631643,37.3082109965768
52,1,2,6,97.62,137.308695964514,92.0393509953939,46.9129261269547
52,1,3,67,100.54,137.308695964514,92.0393509953939,46.9129261269547
52,1,4,202,102.3,137.308695964514,92.0393509953939,46.9129261269547
52,1,5,295,103.5,137.308695964514,92.0393509953939,46.9129261269547
52,1,6,300,103.07,137.308695964514,92.0393509953939,46.9129261269547
52,1,7,224,110.69,137.308695964514,92.0393509953939,46.9129261269547
52,1,8,166,107.94,137.308695964514,92.0393509953939,46.9129261269547
52,1,9,127,107.89,137.308695964514,92.0393509953939,46.9129261269547
52,1,10,114,106.22,137.308695964514,92.0393509953939,46.9129261269547
52,1,11,109,114.18,137.308695964514,92.0393509953939,46.9129261269547
52,1,12,150,111.67,137.308695964514,92.0393509953939,46.9129261269547
52,1,13,184,123.95,137.308695964514,92.0393509953939,46.9129261269547
52,1,14,279,129.33,137.308695964514,92.0393509953939,46.9129261269547
52,1,15,238,136.49,137.308695964514,92.0393509953939,46.9129261269547
52,1,16,162,144.6,137.308695964514,92.0393509953939,46.9129261269547
52,1,17,158,132.23,137.308695964514,92.0393509953939,46.9129261269547
52,1,18,110,124.73,137.308695964514,92.0393509953939,46.9129261269547
52,1,19,93,114.86,137.308695964514,92.0393509953939,46.9129261269547
52,1,20,52,107.77,137.308695964514,92.0393509953939,46.9129261269547
52,1,21,8,95.23,137.308695964514,92.0393509953939,46.9129261269547
52,1,22,4,98.58,137.308695964514,92.0393509953939,46.9129261269547
53,1,1,2,138.69,25.3812259190571,17.013281967671,8.67175649865612
53,1,2,4,132.58,25.3812259190571,17.013281967671,8.67175649865612
53,1,3,15,143.41,25.3812259190571,17.013281967671,8.67175649865612
53,1,4,14,134.72,25.3812259190571,17.013281967671,8.67175649865612
53,1,5,26,141.54,25.3812259190571,17.013281967671,8.67175649865612
53,1,6,14,145.87,25.3812259190571,17.013281967671,8.67175649865612
53,1,7,13,164.84,25.3812259190571,17.013281967671,8.67175649865612
53,1,8,4,140.13,25.3812259190571,17.013281967671,8.67175649865612
53,1,9,5,159.11,25.3812259190571,17.013281967671,8.67175649865612
53,1,10,10,147.43,25.3812259190571,17.013281967671,8.67175649865612
53,1,11,9,178.32,25.3812259190571,17.013281967671,8.67175649865612
53,1,12,16,169.75,25.3812259190571,17.013281967671,8.67175649865612
53,1,13,9,187.58,25.3812259190571,17.013281967671,8.67175649865612
53,1,14,12,204.49,25.3812259190571,17.013281967671,8.67175649865612
53,1,15,4,207.63,25.3812259190571,17.013281967671,8.67175649865612
53,1,16,10,207.09,25.3812259190571,17.013281967671,8.67175649865612
53,1,17,8,188.93,25.3812259190571,17.013281967671,8.67175649865612
53,1,18,3,173.24,25.3812259190571,17.013281967671,8.67175649865612
53,1,20,3,145.9,25.3812259190571,17.013281967671,8.67175649865612
54,1,2,3,77.66,140.521534180513,94.1929476206954,48.0106252990739
54,1,3,29,95.25,140.521534180513,94.1929476206954,48.0106252990739
54,1,4,74,98.07,140.521534180513,94.1929476206954,48.0106252990739
54,1,5,93,98.98,140.521534180513,94.1929476206954,48.0106252990739
54,1,6,100,103.53,140.521534180513,94.1929476206954,48.0106252990739
54,1,7,87,102.05,140.521534180513,94.1929476206954,48.0106252990739
54,1,8,53,114.45,140.521534180513,94.1929476206954,48.0106252990739
54,1,9,41,96.72,140.521534180513,94.1929476206954,48.0106252990739
54,1,10,34,97.05,140.521534180513,94.1929476206954,48.0106252990739
54,1,11,36,103.34,140.521534180513,94.1929476206954,48.0106252990739
54,1,12,41,108.4,140.521534180513,94.1929476206954,48.0106252990739
54,1,13,61,112.64,140.521534180513,94.1929476206954,48.0106252990739
54,1,14,86,119.41,140.521534180513,94.1929476206954,48.0106252990739
54,1,15,59,133.11,140.521534180513,94.1929476206954,48.0106252990739
54,1,16,54,131.57,140.521534180513,94.1929476206954,48.0106252990739
54,1,17,46,136.45,140.521534180513,94.1929476206954,48.0106252990739
54,1,18,38,122.56,140.521534180513,94.1929476206954,48.0106252990739
54,1,19,30,104.32,140.521534180513,94.1929476206954,48.0106252990739
54,1,20,17,99.45,140.521534180513,94.1929476206954,48.0106252990739
54,1,21,3,86.07,140.521534180513,94.1929476206954,48.0106252990739
54,1,22,3,97.12,140.521534180513,94.1929476206954,48.0106252990739
55,1,1,4,99.02,230.78950474129,154.70044401577,78.8516044868907
55,1,2,11,88.34,230.78950474129,154.70044401577,78.8516044868907
55,1,3,41,101.04,230.78950474129,154.70044401577,78.8516044868907
55,1,4,66,101.6,230.78950474129,154.70044401577,78.8516044868907
55,1,5,70,99.55,230.78950474129,154.70044401577,78.8516044868907
55,1,6,44,104.39,230.78950474129,154.70044401577,78.8516044868907
55,1,7,35,116.42,230.78950474129,154.70044401577,78.8516044868907
55,1,8,23,109.92,230.78950474129,154.70044401577,78.8516044868907
55,1,9,37,105.61,230.78950474129,154.70044401577,78.8516044868907
55,1,10,21,110.4,230.78950474129,154.70044401577,78.8516044868907
55,1,11,35,143.09,230.78950474129,154.70044401577,78.8516044868907
55,1,12,34,120.64,230.78950474129,154.70044401577,78.8516044868907
55,1,13,48,120.69,230.78950474129,154.70044401577,78.8516044868907
55,1,14,54,132.36,230.78950474129,154.70044401577,78.8516044868907
55,1,15,50,125.83,230.78950474129,154.70044401577,78.8516044868907
55,1,16,49,132.22,230.78950474129,154.70044401577,78.8516044868907
55,1,17,46,122.4,230.78950474129,154.70044401577,78.8516044868907
55,1,18,24,110.61,230.78950474129,154.70044401577,78.8516044868907
55,1,19,25,105.73,230.78950474129,154.70044401577,78.8516044868907
55,1,20,20,109.68,230.78950474129,154.70044401577,78.8516044868907
55,1,21,6,108.67,230.78950474129,154.70044401577,78.8516044868907
55,1,23,2,101.98,230.78950474129,154.70044401577,78.8516044868907
56,1,1,2,124.31,39.5256179203749,26.49440514695,13.5043332878203
56,1,2,8,130.26,39.5256179203749,26.49440514695,13.5043332878203
56,1,3,11,115.23,39.5256179203749,26.49440514695,13.5043332878203
56,1,4,14,122.14,39.5256179203749,26.49440514695,13.5043332878203
56,1,5,17,115.78,39.5256179203749,26.49440514695,13.5043332878203
56,1,6,13,128.45,39.5256179203749,26.49440514695,13.5043332878203
56,1,7,8,128.05,39.5256179203749,26.49440514695,13.5043332878203
56,1,8,5,140.18,39.5256179203749,26.49440514695,13.5043332878203
56,1,9,8,136.61,39.5256179203749,26.49440514695,13.5043332878203
56,1,10,8,145.17,39.5256179203749,26.49440514695,13.5043332878203
56,1,11,11,152.65,39.5256179203749,26.49440514695,13.5043332878203
56,1,12,17,147.44,39.5256179203749,26.49440514695,13.5043332878203
56,1,13,10,164.08,39.5256179203749,26.49440514695,13.5043332878203
56,1,14,7,206.42,39.5256179203749,26.49440514695,13.5043332878203
56,1,15,13,207.5,39.5256179203749,26.49440514695,13.5043332878203
56,1,16,4,191.15,39.5256179203749,26.49440514695,13.5043332878203
56,1,17,5,188.39,39.5256179203749,26.49440514695,13.5043332878203
56,1,18,11,188.43,39.5256179203749,26.49440514695,13.5043332878203
56,1,19,7,141.98,39.5256179203749,26.49440514695,13.5043332878203
56,1,21,2,137.54,39.5256179203749,26.49440514695,13.5043332878203
57,1,4,3,112.83,31.2206122205665,20.9274792559565,10.6668427986546
57,1,7,2,151.03,31.2206122205665,20.9274792559565,10.6668427986546
57,1,8,3,151.93,31.2206122205665,20.9274792559565,10.6668427986546
57,1,10,2,148.43,31.2206122205665,20.9274792559565,10.6668427986546
58,1,2,2,115.9,80.7865956486075,54.1520388085745,27.6015700760186
58,1,3,8,129.24,80.7865956486075,54.1520388085745,27.6015700760186
58,1,4,11,130.13,80.7865956486075,54.1520388085745,27.6015700760186
58,1,5,8,128.28,80.7865956486075,54.1520388085745,27.6015700760186
58,1,6,6,131.89,80.7865956486075,54.1520388085745,27.6015700760186
58,1,7,9,146.56,80.7865956486075,54.1520388085745,27.6015700760186
58,1,8,4,128.52,80.7865956486075,54.1520388085745,27.6015700760186
58,1,9,2,178.18,80.7865956486075,54.1520388085745,27.6015700760186
58,1,10,2,139.77,80.7865956486075,54.1520388085745,27.6015700760186
58,1,11,6,184.45,80.7865956486075,54.1520388085745,27.6015700760186
58,1,12,3,143.73,80.7865956486075,54.1520388085745,27.6015700760186
58,1,13,5,166.22,80.7865956486075,54.1520388085745,27.6015700760186
58,1,14,6,170.51,80.7865956486075,54.1520388085745,27.6015700760186
58,1,15,2,181.18,80.7865956486075,54.1520388085745,27.6015700760186
58,1,16,2,184.47,80.7865956486075,54.1520388085745,27.6015700760186
58,1,17,5,153.44,80.7865956486075,54.1520388085745,27.6015700760186
58,1,18,3,159.77,80.7865956486075,54.1520388085745,27.6015700760186
58,1,19,2,141.04,80.7865956486075,54.1520388085745,27.6015700760186
58,1,20,2,144.34,80.7865956486075,54.1520388085745,27.6015700760186
60,1,1,3,104.47,61.2397075630983,41.0495700921372,20.9231750164346
60,1,2,5,108.46,61.2397075630983,41.0495700921372,20.9231750164346
60,1,3,13,113.27,61.2397075630983,41.0495700921372,20.9231750164346
60,1,4,20,115.51,61.2397075630983,41.0495700921372,20.9231750164346
60,1,5,22,120.65,61.2397075630983,41.0495700921372,20.9231750164346
60,1,6,14,122.74,61.2397075630983,41.0495700921372,20.9231750164346
60,1,7,7,116.55,61.2397075630983,41.0495700921372,20.9231750164346
60,1,8,8,118.8,61.2397075630983,41.0495700921372,20.9231750164346
60,1,9,7,123.97,61.2397075630983,41.0495700921372,20.9231750164346
60,1,10,7,133.74,61.2397075630983,41.0495700921372,20.9231750164346
60,1,11,6,149.14,61.2397075630983,41.0495700921372,20.9231750164346
60,1,12,9,125.13,61.2397075630983,41.0495700921372,20.9231750164346
60,1,13,4,127.06,61.2397075630983,41.0495700921372,20.9231750164346
60,1,14,5,146.77,61.2397075630983,41.0495700921372,20.9231750164346
60,1,15,9,157.66,61.2397075630983,41.0495700921372,20.9231750164346
60,1,16,7,171.52,61.2397075630983,41.0495700921372,20.9231750164346
60,1,17,11,146.96,61.2397075630983,41.0495700921372,20.9231750164346
60,1,18,9,129.85,61.2397075630983,41.0495700921372,20.9231750164346
60,1,19,4,128.66,61.2397075630983,41.0495700921372,20.9231750164346
60,1,20,4,122.34,61.2397075630983,41.0495700921372,20.9231750164346
61,1,0,12,159.25,120.530431651305,80.7927176531321,41.1804598127488
61,1,1,32,110.41,120.530431651305,80.7927176531321,41.1804598127488
61,1,2,154,113.27,120.530431651305,80.7927176531321,41.1804598127488
61,1,3,433,113.83,120.530431651305,80.7927176531321,41.1804598127488
61,1,4,711,117.74,120.530431651305,80.7927176531321,41.1804598127488
61,1,5,669,116.49,120.530431651305,80.7927176531321,41.1804598127488
61,1,6,586,115.12,120.530431651305,80.7927176531321,41.1804598127488
61,1,7,463,123.88,120.530431651305,80.7927176531321,41.1804598127488
61,1,8,358,129.29,120.530431651305,80.7927176531321,41.1804598127488
61,1,9,322,124.63,120.530431651305,80.7927176531321,41.1804598127488
61,1,10,300,126.9,120.530431651305,80.7927176531321,41.1804598127488
61,1,11,348,130.37,120.530431651305,80.7927176531321,41.1804598127488
61,1,12,341,136.43,120.530431651305,80.7927176531321,41.1804598127488
61,1,13,472,144.55,120.530431651305,80.7927176531321,41.1804598127488
61,1,14,531,158.39,120.530431651305,80.7927176531321,41.1804598127488
61,1,15,451,167.49,120.530431651305,80.7927176531321,41.1804598127488
61,1,16,350,168.02,120.530431651305,80.7927176531321,41.1804598127488
61,1,17,336,155.65,120.530431651305,80.7927176531321,41.1804598127488
61,1,18,272,141.22,120.530431651305,80.7927176531321,41.1804598127488
61,1,19,258,127.99,120.530431651305,80.7927176531321,41.1804598127488
61,1,20,133,122.76,120.530431651305,80.7927176531321,41.1804598127488
61,1,21,36,124.17,120.530431651305,80.7927176531321,41.1804598127488
61,1,22,13,132.42,120.530431651305,80.7927176531321,41.1804598127488
61,1,23,8,124.03,120.530431651305,80.7927176531321,41.1804598127488
62,1,0,3,124.92,131.454915163005,88.1155049341112,44.9129217982007
62,1,1,7,109.41,131.454915163005,88.1155049341112,44.9129217982007
62,1,2,37,109.84,131.454915163005,88.1155049341112,44.9129217982007
62,1,3,134,109.44,131.454915163005,88.1155049341112,44.9129217982007
62,1,4,189,115,131.454915163005,88.1155049341112,44.9129217982007
62,1,5,188,116.56,131.454915163005,88.1155049341112,44.9129217982007
62,1,6,155,115.16,131.454915163005,88.1155049341112,44.9129217982007
62,1,7,144,124.41,131.454915163005,88.1155049341112,44.9129217982007
62,1,8,95,130.14,131.454915163005,88.1155049341112,44.9129217982007
62,1,9,101,125.82,131.454915163005,88.1155049341112,44.9129217982007
62,1,10,79,129.54,131.454915163005,88.1155049341112,44.9129217982007
62,1,11,88,129.54,131.454915163005,88.1155049341112,44.9129217982007
62,1,12,114,136.56,131.454915163005,88.1155049341112,44.9129217982007
62,1,13,140,142.69,131.454915163005,88.1155049341112,44.9129217982007
62,1,14,162,164.63,131.454915163005,88.1155049341112,44.9129217982007
62,1,15,148,165.4,131.454915163005,88.1155049341112,44.9129217982007
62,1,16,121,167.69,131.454915163005,88.1155049341112,44.9129217982007
62,1,17,131,157.18,131.454915163005,88.1155049341112,44.9129217982007
62,1,18,93,153.14,131.454915163005,88.1155049341112,44.9129217982007
62,1,19,85,132.71,131.454915163005,88.1155049341112,44.9129217982007
62,1,20,56,126.15,131.454915163005,88.1155049341112,44.9129217982007
62,1,21,9,118.41,131.454915163005,88.1155049341112,44.9129217982007
62,1,22,2,118.31,131.454915163005,88.1155049341112,44.9129217982007
62,1,23,2,99.6,131.454915163005,88.1155049341112,44.9129217982007
63,1,0,2,144.27,98.6607734309795,66.1332735811411,33.7084664819184
63,1,1,5,140.22,98.6607734309795,66.1332735811411,33.7084664819184
63,1,2,5,147.08,98.6607734309795,66.1332735811411,33.7084664819184
63,1,3,31,129.19,98.6607734309795,66.1332735811411,33.7084664819184
63,1,4,19,131.1,98.6607734309795,66.1332735811411,33.7084664819184
63,1,5,12,144.16,98.6607734309795,66.1332735811411,33.7084664819184
63,1,6,15,146.55,98.6607734309795,66.1332735811411,33.7084664819184
63,1,7,18,179.32,98.6607734309795,66.1332735811411,33.7084664819184
63,1,8,6,171.15,98.6607734309795,66.1332735811411,33.7084664819184
63,1,9,2,159.96,98.6607734309795,66.1332735811411,33.7084664819184
63,1,10,12,164.82,98.6607734309795,66.1332735811411,33.7084664819184
63,1,11,14,166.67,98.6607734309795,66.1332735811411,33.7084664819184
63,1,12,20,169.84,98.6607734309795,66.1332735811411,33.7084664819184
63,1,13,13,175.97,98.6607734309795,66.1332735811411,33.7084664819184
63,1,14,13,209.09,98.6607734309795,66.1332735811411,33.7084664819184
63,1,15,7,195.37,98.6607734309795,66.1332735811411,33.7084664819184
63,1,16,13,193.23,98.6607734309795,66.1332735811411,33.7084664819184
63,1,17,9,159.98,98.6607734309795,66.1332735811411,33.7084664819184
63,1,18,11,165.95,98.6607734309795,66.1332735811411,33.7084664819184
63,1,19,3,136.78,98.6607734309795,66.1332735811411,33.7084664819184
63,1,20,2,126.37,98.6607734309795,66.1332735811411,33.7084664819184
63,1,21,2,134.69,98.6607734309795,66.1332735811411,33.7084664819184
64,1,2,5,163.16,109.432165103657,73.3534419172139,37.3886230683258
64,1,3,8,143.5,109.432165103657,73.3534419172139,37.3886230683258
64,1,4,13,156.38,109.432165103657,73.3534419172139,37.3886230683258
64,1,5,15,155.79,109.432165103657,73.3534419172139,37.3886230683258
64,1,6,12,166.06,109.432165103657,73.3534419172139,37.3886230683258
64,1,7,5,201.4,109.432165103657,73.3534419172139,37.3886230683258
64,1,8,3,151.37,109.432165103657,73.3534419172139,37.3886230683258
64,1,9,4,174.05,109.432165103657,73.3534419172139,37.3886230683258
64,1,10,4,183.96,109.432165103657,73.3534419172139,37.3886230683258
64,1,11,5,176.47,109.432165103657,73.3534419172139,37.3886230683258
64,1,12,9,206.78,109.432165103657,73.3534419172139,37.3886230683258
64,1,13,18,178.12,109.432165103657,73.3534419172139,37.3886230683258
64,1,14,18,218.22,109.432165103657,73.3534419172139,37.3886230683258
64,1,15,7,250.7,109.432165103657,73.3534419172139,37.3886230683258
64,1,16,8,223.78,109.432165103657,73.3534419172139,37.3886230683258
64,1,17,7,232.04,109.432165103657,73.3534419172139,37.3886230683258
64,1,18,5,204.52,109.432165103657,73.3534419172139,37.3886230683258
64,1,19,9,162.61,109.432165103657,73.3534419172139,37.3886230683258
64,1,20,2,179.85,109.432165103657,73.3534419172139,37.3886230683258
65,1,0,8,133.23,124.766821181257,83.632410654086,42.6278658030805
65,1,1,14,103.03,124.766821181257,83.632410654086,42.6278658030805
65,1,2,69,102.1,124.766821181257,83.632410654086,42.6278658030805
65,1,3,281,103.57,124.766821181257,83.632410654086,42.6278658030805
65,1,4,686,105.66,124.766821181257,83.632410654086,42.6278658030805
65,1,5,772,98.98,124.766821181257,83.632410654086,42.6278658030805
65,1,6,811,321.37,124.766821181257,83.632410654086,42.6278658030805
65,1,7,675,96.49,124.766821181257,83.632410654086,42.6278658030805
65,1,8,510,97.47,124.766821181257,83.632410654086,42.6278658030805
65,1,9,514,93.81,124.766821181257,83.632410654086,42.6278658030805
65,1,10,432,96.93,124.766821181257,83.632410654086,42.6278658030805
65,1,11,527,105.5,124.766821181257,83.632410654086,42.6278658030805
65,1,12,626,107.37,124.766821181257,83.632410654086,42.6278658030805
65,1,13,718,112.71,124.766821181257,83.632410654086,42.6278658030805
65,1,14,882,123.97,124.766821181257,83.632410654086,42.6278658030805
65,1,15,733,139.02,124.766821181257,83.632410654086,42.6278658030805
65,1,16,619,144.14,124.766821181257,83.632410654086,42.6278658030805
65,1,17,463,137.4,124.766821181257,83.632410654086,42.6278658030805
65,1,18,343,121.71,124.766821181257,83.632410654086,42.6278658030805
65,1,19,240,111.19,124.766821181257,83.632410654086,42.6278658030805
65,1,20,154,101.4,124.766821181257,83.632410654086,42.6278658030805
65,1,21,55,94.92,124.766821181257,83.632410654086,42.6278658030805
65,1,22,11,107.66,124.766821181257,83.632410654086,42.6278658030805
65,1,23,6,112.84,124.766821181257,83.632410654086,42.6278658030805
66,1,0,2,68.51,119.568691070924,80.1480536118466,40.8518712664535
66,1,1,2,111.53,119.568691070924,80.1480536118466,40.8518712664535
66,1,2,16,92.3,119.568691070924,80.1480536118466,40.8518712664535
66,1,3,94,102.7,119.568691070924,80.1480536118466,40.8518712664535
66,1,4,374,108.73,119.568691070924,80.1480536118466,40.8518712664535
66,1,5,491,105.04,119.568691070924,80.1480536118466,40.8518712664535
66,1,6,491,98.12,119.568691070924,80.1480536118466,40.8518712664535
66,1,7,322,96.23,119.568691070924,80.1480536118466,40.8518712664535
66,1,8,256,101.02,119.568691070924,80.1480536118466,40.8518712664535
66,1,9,242,93.88,119.568691070924,80.1480536118466,40.8518712664535
66,1,10,188,103.27,119.568691070924,80.1480536118466,40.8518712664535
66,1,11,216,104.15,119.568691070924,80.1480536118466,40.8518712664535
66,1,12,291,106.01,119.568691070924,80.1480536118466,40.8518712664535
66,1,13,410,119.35,119.568691070924,80.1480536118466,40.8518712664535
66,1,14,561,124.18,119.568691070924,80.1480536118466,40.8518712664535
66,1,15,540,141.43,119.568691070924,80.1480536118466,40.8518712664535
66,1,16,452,147.79,119.568691070924,80.1480536118466,40.8518712664535
66,1,17,331,142.27,119.568691070924,80.1480536118466,40.8518712664535
66,1,18,259,131.84,119.568691070924,80.1480536118466,40.8518712664535
66,1,19,168,115.08,119.568691070924,80.1480536118466,40.8518712664535
66,1,20,91,104.97,119.568691070924,80.1480536118466,40.8518712664535
66,1,21,41,103.21,119.568691070924,80.1480536118466,40.8518712664535
66,1,22,7,143.37,119.568691070924,80.1480536118466,40.8518712664535
66,1,23,8,115.83,119.568691070924,80.1480536118466,40.8518712664535
67,1,1,3,81.1,200.960097819334,134.705503168149,68.660081266087
67,1,2,19,86.21,200.960097819334,134.705503168149,68.660081266087
67,1,3,62,82.99,200.960097819334,134.705503168149,68.660081266087
67,1,4,97,82.73,200.960097819334,134.705503168149,68.660081266087
67,1,5,93,83.78,200.960097819334,134.705503168149,68.660081266087
67,1,6,78,86.48,200.960097819334,134.705503168149,68.660081266087
67,1,7,84,87.42,200.960097819334,134.705503168149,68.660081266087
67,1,8,44,89.28,200.960097819334,134.705503168149,68.660081266087
67,1,9,30,87.83,200.960097819334,134.705503168149,68.660081266087
67,1,10,36,84.52,200.960097819334,134.705503168149,68.660081266087
67,1,11,40,91.19,200.960097819334,134.705503168149,68.660081266087
67,1,12,38,99.68,200.960097819334,134.705503168149,68.660081266087
67,1,13,65,92.35,200.960097819334,134.705503168149,68.660081266087
67,1,14,61,101.08,200.960097819334,134.705503168149,68.660081266087
67,1,15,58,112.78,200.960097819334,134.705503168149,68.660081266087
67,1,16,57,111.21,200.960097819334,134.705503168149,68.660081266087
67,1,17,52,111.04,200.960097819334,134.705503168149,68.660081266087
67,1,18,39,99.62,200.960097819334,134.705503168149,68.660081266087
67,1,19,34,92.89,200.960097819334,134.705503168149,68.660081266087
67,1,20,17,90.18,200.960097819334,134.705503168149,68.660081266087
67,1,21,4,86.6,200.960097819334,134.705503168149,68.660081266087
68,1,0,38,103.99,105.461462296521,70.6918413041045,36.0319916754283
68,1,1,69,96.39,105.461462296521,70.6918413041045,36.0319916754283
68,1,2,233,87.2,105.461462296521,70.6918413041045,36.0319916754283
68,1,3,1250,83.84,105.461462296521,70.6918413041045,36.0319916754283
68,1,4,3418,98.79,105.461462296521,70.6918413041045,36.0319916754283
68,1,5,4199,86.78,105.461462296521,70.6918413041045,36.0319916754283
68,1,6,4303,87,105.461462296521,70.6918413041045,36.0319916754283
68,1,7,3683,87.26,105.461462296521,70.6918413041045,36.0319916754283
68,1,8,3021,90,105.461462296521,70.6918413041045,36.0319916754283
68,1,9,2872,89.3,105.461462296521,70.6918413041045,36.0319916754283
68,1,10,2892,92.3,105.461462296521,70.6918413041045,36.0319916754283
68,1,11,3489,93.72,105.461462296521,70.6918413041045,36.0319916754283
68,1,12,4131,104.21,105.461462296521,70.6918413041045,36.0319916754283
68,1,13,4969,105.65,105.461462296521,70.6918413041045,36.0319916754283
68,1,14,5903,106.18,105.461462296521,70.6918413041045,36.0319916754283
68,1,15,6024,118.58,105.461462296521,70.6918413041045,36.0319916754283
68,1,16,4997,127.42,105.461462296521,70.6918413041045,36.0319916754283
68,1,17,3445,125.06,105.461462296521,70.6918413041045,36.0319916754283
68,1,18,2675,112.09,105.461462296521,70.6918413041045,36.0319916754283
68,1,19,1661,99.15,105.461462296521,70.6918413041045,36.0319916754283
68,1,20,935,116.7,105.461462296521,70.6918413041045,36.0319916754283
68,1,21,325,93.84,105.461462296521,70.6918413041045,36.0319916754283
68,1,22,107,96.99,105.461462296521,70.6918413041045,36.0319916754283
68,1,23,71,106.6,105.461462296521,70.6918413041045,36.0319916754283
69,1,0,2,122.64,66.4799745766677,44.5621719094041,22.7135660587953
69,1,1,8,103.68,66.4799745766677,44.5621719094041,22.7135660587953
69,1,2,14,111.18,66.4799745766677,44.5621719094041,22.7135660587953
69,1,3,42,110.11,66.4799745766677,44.5621719094041,22.7135660587953
69,1,4,72,111.97,66.4799745766677,44.5621719094041,22.7135660587953
69,1,5,57,115.62,66.4799745766677,44.5621719094041,22.7135660587953
69,1,6,39,116.85,66.4799745766677,44.5621719094041,22.7135660587953
69,1,7,28,129.48,66.4799745766677,44.5621719094041,22.7135660587953
69,1,8,26,114.89,66.4799745766677,44.5621719094041,22.7135660587953
69,1,9,17,117.74,66.4799745766677,44.5621719094041,22.7135660587953
69,1,10,20,124.57,66.4799745766677,44.5621719094041,22.7135660587953
69,1,11,27,125.96,66.4799745766677,44.5621719094041,22.7135660587953
69,1,12,30,120.2,66.4799745766677,44.5621719094041,22.7135660587953
69,1,13,28,137.51,66.4799745766677,44.5621719094041,22.7135660587953
69,1,14,40,142.54,66.4799745766677,44.5621719094041,22.7135660587953
69,1,15,43,149.27,66.4799745766677,44.5621719094041,22.7135660587953
69,1,16,37,157.95,66.4799745766677,44.5621719094041,22.7135660587953
69,1,17,33,144.07,66.4799745766677,44.5621719094041,22.7135660587953
69,1,18,28,131.77,66.4799745766677,44.5621719094041,22.7135660587953
69,1,19,24,117.01,66.4799745766677,44.5621719094041,22.7135660587953
69,1,20,11,133.02,66.4799745766677,44.5621719094041,22.7135660587953
69,1,21,8,121.72,66.4799745766677,44.5621719094041,22.7135660587953
69,1,22,2,126.29,66.4799745766677,44.5621719094041,22.7135660587953
69,1,23,4,130.66,66.4799745766677,44.5621719094041,22.7135660587953
70,1,0,6,161.56,15.0430272309908,10.0834870917735,5.13960474430273
70,1,1,6,122.17,15.0430272309908,10.0834870917735,5.13960474430273
70,1,2,15,131.35,15.0430272309908,10.0834870917735,5.13960474430273
70,1,3,48,130.59,15.0430272309908,10.0834870917735,5.13960474430273
70,1,4,68,134.38,15.0430272309908,10.0834870917735,5.13960474430273
70,1,5,70,126.64,15.0430272309908,10.0834870917735,5.13960474430273
70,1,6,76,140.09,15.0430272309908,10.0834870917735,5.13960474430273
70,1,7,70,151.44,15.0430272309908,10.0834870917735,5.13960474430273
70,1,8,37,173.69,15.0430272309908,10.0834870917735,5.13960474430273
70,1,9,37,157.89,15.0430272309908,10.0834870917735,5.13960474430273
70,1,10,53,168.21,15.0430272309908,10.0834870917735,5.13960474430273
70,1,11,72,210.45,15.0430272309908,10.0834870917735,5.13960474430273
70,1,12,64,163.86,15.0430272309908,10.0834870917735,5.13960474430273
70,1,13,67,175.56,15.0430272309908,10.0834870917735,5.13960474430273
70,1,14,72,195.45,15.0430272309908,10.0834870917735,5.13960474430273
70,1,15,49,212.75,15.0430272309908,10.0834870917735,5.13960474430273
70,1,16,48,202.46,15.0430272309908,10.0834870917735,5.13960474430273
70,1,17,49,216.48,15.0430272309908,10.0834870917735,5.13960474430273
70,1,18,35,181.73,15.0430272309908,10.0834870917735,5.13960474430273
70,1,19,27,170.35,15.0430272309908,10.0834870917735,5.13960474430273
70,1,20,23,170.94,15.0430272309908,10.0834870917735,5.13960474430273
70,1,21,10,141.86,15.0430272309908,10.0834870917735,5.13960474430273
70,1,22,2,152.17,15.0430272309908,10.0834870917735,5.13960474430273
70,1,23,10,167.02,15.0430272309908,10.0834870917735,5.13960474430273
71,1,1,8,108.72,149.61003717468,100.28505934914,51.1158056853194
71,1,2,12,127.24,149.61003717468,100.28505934914,51.1158056853194
71,1,3,53,126.37,149.61003717468,100.28505934914,51.1158056853194
71,1,4,64,132.87,149.61003717468,100.28505934914,51.1158056853194
71,1,5,52,122.23,149.61003717468,100.28505934914,51.1158056853194
71,1,6,36,124.44,149.61003717468,100.28505934914,51.1158056853194
71,1,7,34,143.55,149.61003717468,100.28505934914,51.1158056853194
71,1,8,25,148.39,149.61003717468,100.28505934914,51.1158056853194
71,1,9,19,147.05,149.61003717468,100.28505934914,51.1158056853194
71,1,10,21,140.58,149.61003717468,100.28505934914,51.1158056853194
71,1,11,25,143.4,149.61003717468,100.28505934914,51.1158056853194
71,1,12,27,147.06,149.61003717468,100.28505934914,51.1158056853194
71,1,13,36,157.85,149.61003717468,100.28505934914,51.1158056853194
71,1,14,33,166.11,149.61003717468,100.28505934914,51.1158056853194
71,1,15,27,185.51,149.61003717468,100.28505934914,51.1158056853194
71,1,16,28,165.1,149.61003717468,100.28505934914,51.1158056853194
71,1,17,22,152.85,149.61003717468,100.28505934914,51.1158056853194
71,1,18,15,149.41,149.61003717468,100.28505934914,51.1158056853194
71,1,19,20,137,149.61003717468,100.28505934914,51.1158056853194
71,1,20,6,140.5,149.61003717468,100.28505934914,51.1158056853194
71,1,21,4,126.22,149.61003717468,100.28505934914,51.1158056853194
71,1,22,2,133.51,149.61003717468,100.28505934914,51.1158056853194
72,1,1,7,129.15,137.526806152684,92.185552370504,46.9874457127191
72,1,2,14,129.66,137.526806152684,92.185552370504,46.9874457127191
72,1,3,30,117.12,137.526806152684,92.185552370504,46.9874457127191
72,1,4,30,124.45,137.526806152684,92.185552370504,46.9874457127191
72,1,5,34,133.1,137.526806152684,92.185552370504,46.9874457127191
72,1,6,30,134.95,137.526806152684,92.185552370504,46.9874457127191
72,1,7,18,146.1,137.526806152684,92.185552370504,46.9874457127191
72,1,8,11,152.88,137.526806152684,92.185552370504,46.9874457127191
72,1,9,18,142.61,137.526806152684,92.185552370504,46.9874457127191
72,1,10,16,162.71,137.526806152684,92.185552370504,46.9874457127191
72,1,11,21,144.44,137.526806152684,92.185552370504,46.9874457127191
72,1,12,13,150.96,137.526806152684,92.185552370504,46.9874457127191
72,1,13,15,154.64,137.526806152684,92.185552370504,46.9874457127191
72,1,14,24,180.39,137.526806152684,92.185552370504,46.9874457127191
72,1,15,15,172.2,137.526806152684,92.185552370504,46.9874457127191
72,1,16,20,188.81,137.526806152684,92.185552370504,46.9874457127191
72,1,17,12,187.16,137.526806152684,92.185552370504,46.9874457127191
72,1,18,15,173.22,137.526806152684,92.185552370504,46.9874457127191
72,1,19,11,160.46,137.526806152684,92.185552370504,46.9874457127191
72,1,20,18,138.71,137.526806152684,92.185552370504,46.9874457127191
73,1,2,7,136.04,58.7267847228708,39.3651335333935,20.0646091205295
73,1,3,13,125.45,58.7267847228708,39.3651335333935,20.0646091205295
73,1,4,11,149.68,58.7267847228708,39.3651335333935,20.0646091205295
73,1,5,19,152.03,58.7267847228708,39.3651335333935,20.0646091205295
73,1,6,12,153.05,58.7267847228708,39.3651335333935,20.0646091205295
73,1,7,10,167.69,58.7267847228708,39.3651335333935,20.0646091205295
73,1,8,7,177.2,58.7267847228708,39.3651335333935,20.0646091205295
73,1,9,8,150.48,58.7267847228708,39.3651335333935,20.0646091205295
73,1,10,4,157.04,58.7267847228708,39.3651335333935,20.0646091205295
73,1,11,4,152.64,58.7267847228708,39.3651335333935,20.0646091205295
73,1,12,6,199.86,58.7267847228708,39.3651335333935,20.0646091205295
73,1,13,9,175.22,58.7267847228708,39.3651335333935,20.0646091205295
73,1,14,8,181.54,58.7267847228708,39.3651335333935,20.0646091205295
73,1,15,7,213.06,58.7267847228708,39.3651335333935,20.0646091205295
73,1,16,8,188.23,58.7267847228708,39.3651335333935,20.0646091205295
73,1,17,5,175.01,58.7267847228708,39.3651335333935,20.0646091205295
73,1,18,2,157.52,58.7267847228708,39.3651335333935,20.0646091205295
73,1,19,6,141.91,58.7267847228708,39.3651335333935,20.0646091205295
73,1,20,2,144.1,58.7267847228708,39.3651335333935,20.0646091205295
73,1,21,2,154.21,58.7267847228708,39.3651335333935,20.0646091205295
74,1,0,2,144.38,56.9531210691325,38.1762295792232,19.4586187178285
74,1,1,13,118.96,56.9531210691325,38.1762295792232,19.4586187178285
74,1,2,30,109.16,56.9531210691325,38.1762295792232,19.4586187178285
74,1,3,126,111.48,56.9531210691325,38.1762295792232,19.4586187178285
74,1,4,221,114.96,56.9531210691325,38.1762295792232,19.4586187178285
74,1,5,170,116.08,56.9531210691325,38.1762295792232,19.4586187178285
74,1,6,171,116.54,56.9531210691325,38.1762295792232,19.4586187178285
74,1,7,117,123.69,56.9531210691325,38.1762295792232,19.4586187178285
74,1,8,112,128.84,56.9531210691325,38.1762295792232,19.4586187178285
74,1,9,76,126.4,56.9531210691325,38.1762295792232,19.4586187178285
74,1,10,87,132.03,56.9531210691325,38.1762295792232,19.4586187178285
74,1,11,81,129.32,56.9531210691325,38.1762295792232,19.4586187178285
74,1,12,92,134.75,56.9531210691325,38.1762295792232,19.4586187178285
74,1,13,120,141.87,56.9531210691325,38.1762295792232,19.4586187178285
74,1,14,166,153.3,56.9531210691325,38.1762295792232,19.4586187178285
74,1,15,146,157.33,56.9531210691325,38.1762295792232,19.4586187178285
74,1,16,125,162.62,56.9531210691325,38.1762295792232,19.4586187178285
74,1,17,119,154.89,56.9531210691325,38.1762295792232,19.4586187178285
74,1,18,90,141.02,56.9531210691325,38.1762295792232,19.4586187178285
74,1,19,85,129.9,56.9531210691325,38.1762295792232,19.4586187178285
74,1,20,47,126.79,56.9531210691325,38.1762295792232,19.4586187178285
74,1,21,22,125.21,56.9531210691325,38.1762295792232,19.4586187178285
74,1,22,5,105.82,56.9531210691325,38.1762295792232,19.4586187178285
74,1,23,3,122.24,56.9531210691325,38.1762295792232,19.4586187178285
75,1,0,4,128.25,59.2170038540399,39.6937321728416,20.2320975212096
75,1,1,10,111.34,59.2170038540399,39.6937321728416,20.2320975212096
75,1,2,60,109.56,59.2170038540399,39.6937321728416,20.2320975212096
75,1,3,223,114.85,59.2170038540399,39.6937321728416,20.2320975212096
75,1,4,417,113.93,59.2170038540399,39.6937321728416,20.2320975212096
75,1,5,493,114.6,59.2170038540399,39.6937321728416,20.2320975212096
75,1,6,411,115.74,59.2170038540399,39.6937321728416,20.2320975212096
75,1,7,302,120.08,59.2170038540399,39.6937321728416,20.2320975212096
75,1,8,213,124.38,59.2170038540399,39.6937321728416,20.2320975212096
75,1,9,178,126.01,59.2170038540399,39.6937321728416,20.2320975212096
75,1,10,170,125.43,59.2170038540399,39.6937321728416,20.2320975212096
75,1,11,152,129.6,59.2170038540399,39.6937321728416,20.2320975212096
75,1,12,245,133.25,59.2170038540399,39.6937321728416,20.2320975212096
75,1,13,331,139.04,59.2170038540399,39.6937321728416,20.2320975212096
75,1,14,414,146.57,59.2170038540399,39.6937321728416,20.2320975212096
75,1,15,390,163.27,59.2170038540399,39.6937321728416,20.2320975212096
75,1,16,281,165.44,59.2170038540399,39.6937321728416,20.2320975212096
75,1,17,279,162.09,59.2170038540399,39.6937321728416,20.2320975212096
75,1,18,182,141.74,59.2170038540399,39.6937321728416,20.2320975212096
75,1,19,151,130.93,59.2170038540399,39.6937321728416,20.2320975212096
75,1,20,96,122.53,59.2170038540399,39.6937321728416,20.2320975212096
75,1,21,41,122.36,59.2170038540399,39.6937321728416,20.2320975212096
75,1,22,11,124.97,59.2170038540399,39.6937321728416,20.2320975212096
75,1,23,4,119.23,59.2170038540399,39.6937321728416,20.2320975212096
76,1,1,5,123.96,122.895002021957,82.3777121122889,41.9883395638541
76,1,2,17,133.11,122.895002021957,82.3777121122889,41.9883395638541
76,1,3,39,126.74,122.895002021957,82.3777121122889,41.9883395638541
76,1,4,56,130.16,122.895002021957,82.3777121122889,41.9883395638541
76,1,5,53,133.43,122.895002021957,82.3777121122889,41.9883395638541
76,1,6,37,137.92,122.895002021957,82.3777121122889,41.9883395638541
76,1,7,24,151.31,122.895002021957,82.3777121122889,41.9883395638541
76,1,8,14,154.02,122.895002021957,82.3777121122889,41.9883395638541
76,1,9,31,146.29,122.895002021957,82.3777121122889,41.9883395638541
76,1,10,17,147.83,122.895002021957,82.3777121122889,41.9883395638541
76,1,11,29,158.48,122.895002021957,82.3777121122889,41.9883395638541
76,1,12,26,167.46,122.895002021957,82.3777121122889,41.9883395638541
76,1,13,26,346.38,122.895002021957,82.3777121122889,41.9883395638541
76,1,14,35,188.02,122.895002021957,82.3777121122889,41.9883395638541
76,1,15,20,202.33,122.895002021957,82.3777121122889,41.9883395638541
76,1,16,23,162.19,122.895002021957,82.3777121122889,41.9883395638541
76,1,17,25,170.9,122.895002021957,82.3777121122889,41.9883395638541
76,1,18,17,154,122.895002021957,82.3777121122889,41.9883395638541
76,1,19,14,149.65,122.895002021957,82.3777121122889,41.9883395638541
76,1,20,6,131.66,122.895002021957,82.3777121122889,41.9883395638541
76,1,21,5,117.54,122.895002021957,82.3777121122889,41.9883395638541
76,1,22,4,137.84,122.895002021957,82.3777121122889,41.9883395638541
77,1,1,3,124.83,118.166533371389,79.2081737029164,40.3728096883459
77,1,2,7,153.48,118.166533371389,79.2081737029164,40.3728096883459
77,1,3,17,133.56,118.166533371389,79.2081737029164,40.3728096883459
77,1,4,18,126.68,118.166533371389,79.2081737029164,40.3728096883459
77,1,5,13,145.32,118.166533371389,79.2081737029164,40.3728096883459
77,1,6,11,135.6,118.166533371389,79.2081737029164,40.3728096883459
77,1,7,10,141.05,118.166533371389,79.2081737029164,40.3728096883459
77,1,8,10,145.22,118.166533371389,79.2081737029164,40.3728096883459
77,1,9,5,155.91,118.166533371389,79.2081737029164,40.3728096883459
77,1,10,9,157.69,118.166533371389,79.2081737029164,40.3728096883459
77,1,11,8,155.55,118.166533371389,79.2081737029164,40.3728096883459
77,1,12,9,165.15,118.166533371389,79.2081737029164,40.3728096883459
77,1,13,11,163.25,118.166533371389,79.2081737029164,40.3728096883459
77,1,14,8,184.33,118.166533371389,79.2081737029164,40.3728096883459
77,1,15,6,166.85,118.166533371389,79.2081737029164,40.3728096883459
77,1,16,12,172.71,118.166533371389,79.2081737029164,40.3728096883459
77,1,17,7,170.48,118.166533371389,79.2081737029164,40.3728096883459
77,1,18,10,151.64,118.166533371389,79.2081737029164,40.3728096883459
77,1,19,5,147.05,118.166533371389,79.2081737029164,40.3728096883459
78,1,0,2,118.54,72.7044050664437,48.7344680525629,24.8402066600919
78,1,1,4,119.8,72.7044050664437,48.7344680525629,24.8402066600919
78,1,2,11,109.46,72.7044050664437,48.7344680525629,24.8402066600919
78,1,3,34,110.02,72.7044050664437,48.7344680525629,24.8402066600919
78,1,4,31,112.32,72.7044050664437,48.7344680525629,24.8402066600919
78,1,5,26,115.32,72.7044050664437,48.7344680525629,24.8402066600919
78,1,6,28,114.08,72.7044050664437,48.7344680525629,24.8402066600919
78,1,7,9,128.27,72.7044050664437,48.7344680525629,24.8402066600919
78,1,8,14,118.3,72.7044050664437,48.7344680525629,24.8402066600919
78,1,9,9,125.41,72.7044050664437,48.7344680525629,24.8402066600919
78,1,10,11,122.58,72.7044050664437,48.7344680525629,24.8402066600919
78,1,11,13,138.71,72.7044050664437,48.7344680525629,24.8402066600919
78,1,12,12,123.16,72.7044050664437,48.7344680525629,24.8402066600919
78,1,13,18,143.99,72.7044050664437,48.7344680525629,24.8402066600919
78,1,14,13,154.77,72.7044050664437,48.7344680525629,24.8402066600919
78,1,15,23,158.41,72.7044050664437,48.7344680525629,24.8402066600919
78,1,16,15,174.09,72.7044050664437,48.7344680525629,24.8402066600919
78,1,17,21,151.01,72.7044050664437,48.7344680525629,24.8402066600919
78,1,18,19,138.57,72.7044050664437,48.7344680525629,24.8402066600919
78,1,19,11,130.24,72.7044050664437,48.7344680525629,24.8402066600919
78,1,20,6,126.34,72.7044050664437,48.7344680525629,24.8402066600919
78,1,21,2,173.38,72.7044050664437,48.7344680525629,24.8402066600919
79,1,0,22,117.92,103.919294756259,69.6581114406403,35.5050942973455
79,1,1,39,107.31,103.919294756259,69.6581114406403,35.5050942973455
79,1,2,217,92.63,103.919294756259,69.6581114406403,35.5050942973455
79,1,3,966,95.11,103.919294756259,69.6581114406403,35.5050942973455
79,1,4,2756,100.07,103.919294756259,69.6581114406403,35.5050942973455
79,1,5,3013,93.06,103.919294756259,69.6581114406403,35.5050942973455
79,1,6,2908,87.9,103.919294756259,69.6581114406403,35.5050942973455
79,1,7,2445,88.07,103.919294756259,69.6581114406403,35.5050942973455
79,1,8,1867,92.63,103.919294756259,69.6581114406403,35.5050942973455
79,1,9,1771,87.05,103.919294756259,69.6581114406403,35.5050942973455
79,1,10,1585,105.79,103.919294756259,69.6581114406403,35.5050942973455
79,1,11,1710,92.92,103.919294756259,69.6581114406403,35.5050942973455
79,1,12,2008,96.38,103.919294756259,69.6581114406403,35.5050942973455
79,1,13,2665,102.4,103.919294756259,69.6581114406403,35.5050942973455
79,1,14,3258,115.06,103.919294756259,69.6581114406403,35.5050942973455
79,1,15,2954,128.09,103.919294756259,69.6581114406403,35.5050942973455
79,1,16,2614,135.83,103.919294756259,69.6581114406403,35.5050942973455
79,1,17,1912,130.11,103.919294756259,69.6581114406403,35.5050942973455
79,1,18,1548,115.71,103.919294756259,69.6581114406403,35.5050942973455
79,1,19,1075,103.41,103.919294756259,69.6581114406403,35.5050942973455
79,1,20,657,95.64,103.919294756259,69.6581114406403,35.5050942973455
79,1,21,205,94.31,103.919294756259,69.6581114406403,35.5050942973455
79,1,22,74,101.21,103.919294756259,69.6581114406403,35.5050942973455
79,1,23,32,138.06,103.919294756259,69.6581114406403,35.5050942973455
80,1,0,4,124.95,82.4097047376826,55.240024577457,28.1561219655177
80,1,1,20,119.99,82.4097047376826,55.240024577457,28.1561219655177
80,1,2,58,130.48,82.4097047376826,55.240024577457,28.1561219655177
80,1,3,262,114.47,82.4097047376826,55.240024577457,28.1561219655177
80,1,4,493,112.6,82.4097047376826,55.240024577457,28.1561219655177
80,1,5,565,108.15,82.4097047376826,55.240024577457,28.1561219655177
80,1,6,500,106.92,82.4097047376826,55.240024577457,28.1561219655177
80,1,7,428,108.33,82.4097047376826,55.240024577457,28.1561219655177
80,1,8,239,116.86,82.4097047376826,55.240024577457,28.1561219655177
80,1,9,239,113.06,82.4097047376826,55.240024577457,28.1561219655177
80,1,10,211,119.55,82.4097047376826,55.240024577457,28.1561219655177
80,1,11,224,122.03,82.4097047376826,55.240024577457,28.1561219655177
80,1,12,281,128.42,82.4097047376826,55.240024577457,28.1561219655177
80,1,13,442,135.86,82.4097047376826,55.240024577457,28.1561219655177
80,1,14,534,151.18,82.4097047376826,55.240024577457,28.1561219655177
80,1,15,377,161.88,82.4097047376826,55.240024577457,28.1561219655177
80,1,16,323,165.1,82.4097047376826,55.240024577457,28.1561219655177
80,1,17,280,153.25,82.4097047376826,55.240024577457,28.1561219655177
80,1,18,226,141.85,82.4097047376826,55.240024577457,28.1561219655177
80,1,19,170,122.69,82.4097047376826,55.240024577457,28.1561219655177
80,1,20,134,117.46,82.4097047376826,55.240024577457,28.1561219655177
80,1,21,36,117.29,82.4097047376826,55.240024577457,28.1561219655177
80,1,22,5,130.25,82.4097047376826,55.240024577457,28.1561219655177
80,1,23,5,116.6,82.4097047376826,55.240024577457,28.1561219655177
81,1,1,2,159.49,114.228782456279,76.5686610627128,39.027436647773
81,1,2,2,124.74,114.228782456279,76.5686610627128,39.027436647773
81,1,3,21,131.13,114.228782456279,76.5686610627128,39.027436647773
81,1,4,27,134.77,114.228782456279,76.5686610627128,39.027436647773
81,1,5,24,135.93,114.228782456279,76.5686610627128,39.027436647773
81,1,6,16,137.98,114.228782456279,76.5686610627128,39.027436647773
81,1,7,9,167.19,114.228782456279,76.5686610627128,39.027436647773
81,1,8,7,139.78,114.228782456279,76.5686610627128,39.027436647773
81,1,9,7,151.06,114.228782456279,76.5686610627128,39.027436647773
81,1,10,8,163.38,114.228782456279,76.5686610627128,39.027436647773
81,1,11,9,153.65,114.228782456279,76.5686610627128,39.027436647773
81,1,12,9,171.64,114.228782456279,76.5686610627128,39.027436647773
81,1,13,13,164.3,114.228782456279,76.5686610627128,39.027436647773
81,1,14,9,190.21,114.228782456279,76.5686610627128,39.027436647773
81,1,15,10,191.42,114.228782456279,76.5686610627128,39.027436647773
81,1,16,16,189.99,114.228782456279,76.5686610627128,39.027436647773
81,1,17,7,178.72,114.228782456279,76.5686610627128,39.027436647773
81,1,18,9,157.16,114.228782456279,76.5686610627128,39.027436647773
81,1,19,10,155.26,114.228782456279,76.5686610627128,39.027436647773
81,1,20,3,142.68,114.228782456279,76.5686610627128,39.027436647773
81,1,21,2,135.24,114.228782456279,76.5686610627128,39.027436647773
82,1,1,4,123.71,39.7118616175558,26.6192461040001,13.5679653596718
82,1,2,12,113.82,39.7118616175558,26.6192461040001,13.5679653596718
82,1,3,45,112.77,39.7118616175558,26.6192461040001,13.5679653596718
82,1,4,63,121.07,39.7118616175558,26.6192461040001,13.5679653596718
82,1,5,53,121.11,39.7118616175558,26.6192461040001,13.5679653596718
82,1,6,54,125.54,39.7118616175558,26.6192461040001,13.5679653596718
82,1,7,31,134.3,39.7118616175558,26.6192461040001,13.5679653596718
82,1,8,24,137.33,39.7118616175558,26.6192461040001,13.5679653596718
82,1,9,15,145.86,39.7118616175558,26.6192461040001,13.5679653596718
82,1,10,31,141.82,39.7118616175558,26.6192461040001,13.5679653596718
82,1,11,28,150.72,39.7118616175558,26.6192461040001,13.5679653596718
82,1,12,32,144.98,39.7118616175558,26.6192461040001,13.5679653596718
82,1,13,37,170.06,39.7118616175558,26.6192461040001,13.5679653596718
82,1,14,44,182.7,39.7118616175558,26.6192461040001,13.5679653596718
82,1,15,33,204.76,39.7118616175558,26.6192461040001,13.5679653596718
82,1,16,23,176.53,39.7118616175558,26.6192461040001,13.5679653596718
82,1,17,28,178.16,39.7118616175558,26.6192461040001,13.5679653596718
82,1,18,18,156.68,39.7118616175558,26.6192461040001,13.5679653596718
82,1,19,19,145,39.7118616175558,26.6192461040001,13.5679653596718
82,1,20,14,130.24,39.7118616175558,26.6192461040001,13.5679653596718
82,1,21,6,111.28,39.7118616175558,26.6192461040001,13.5679653596718
83,1,1,6,109.35,43.3986818756104,29.0905574903941,14.8276053642217
83,1,2,5,102.34,43.3986818756104,29.0905574903941,14.8276053642217
83,1,3,24,115.65,43.3986818756104,29.0905574903941,14.8276053642217
83,1,4,37,111.82,43.3986818756104,29.0905574903941,14.8276053642217
83,1,5,40,115.65,43.3986818756104,29.0905574903941,14.8276053642217
83,1,6,31,119.07,43.3986818756104,29.0905574903941,14.8276053642217
83,1,7,19,141.71,43.3986818756104,29.0905574903941,14.8276053642217
83,1,8,12,118.37,43.3986818756104,29.0905574903941,14.8276053642217
83,1,9,12,132.69,43.3986818756104,29.0905574903941,14.8276053642217
83,1,10,8,151.08,43.3986818756104,29.0905574903941,14.8276053642217
83,1,11,6,136.65,43.3986818756104,29.0905574903941,14.8276053642217
83,1,12,18,161.53,43.3986818756104,29.0905574903941,14.8276053642217
83,1,13,24,155.13,43.3986818756104,29.0905574903941,14.8276053642217
83,1,14,21,165.34,43.3986818756104,29.0905574903941,14.8276053642217
83,1,15,18,211.48,43.3986818756104,29.0905574903941,14.8276053642217
83,1,16,15,183.44,43.3986818756104,29.0905574903941,14.8276053642217
83,1,17,15,157.56,43.3986818756104,29.0905574903941,14.8276053642217
83,1,18,6,128.42,43.3986818756104,29.0905574903941,14.8276053642217
83,1,19,12,129.45,43.3986818756104,29.0905574903941,14.8276053642217
83,1,20,7,119.52,43.3986818756104,29.0905574903941,14.8276053642217
83,1,21,2,111.44,43.3986818756104,29.0905574903941,14.8276053642217
84,1,1,2,85.39,364.351412008571,244.228286198209,124.484401776178
84,1,2,19,77.91,364.351412008571,244.228286198209,124.484401776178
84,1,3,110,78.03,364.351412008571,244.228286198209,124.484401776178
84,1,4,255,81.42,364.351412008571,244.228286198209,124.484401776178
84,1,5,287,81.11,364.351412008571,244.228286198209,124.484401776178
84,1,6,206,88.14,364.351412008571,244.228286198209,124.484401776178
84,1,7,208,86.11,364.351412008571,244.228286198209,124.484401776178
84,1,8,185,84.59,364.351412008571,244.228286198209,124.484401776178
84,1,9,135,82.31,364.351412008571,244.228286198209,124.484401776178
84,1,10,102,81.23,364.351412008571,244.228286198209,124.484401776178
84,1,11,118,81.79,364.351412008571,244.228286198209,124.484401776178
84,1,12,103,89.41,364.351412008571,244.228286198209,124.484401776178
84,1,13,130,81.06,364.351412008571,244.228286198209,124.484401776178
84,1,14,121,86.72,364.351412008571,244.228286198209,124.484401776178
84,1,15,131,86.13,364.351412008571,244.228286198209,124.484401776178
84,1,16,137,82.35,364.351412008571,244.228286198209,124.484401776178
84,1,17,106,83.47,364.351412008571,244.228286198209,124.484401776178
84,1,18,80,83.03,364.351412008571,244.228286198209,124.484401776178
84,1,19,41,81.86,364.351412008571,244.228286198209,124.484401776178
84,1,20,18,83.92,364.351412008571,244.228286198209,124.484401776178
84,1,21,10,86.36,364.351412008571,244.228286198209,124.484401776178
84,1,22,6,91.69,364.351412008571,244.228286198209,124.484401776178
85,1,1,5,108.1,151.95308696258,101.855628352897,51.9163327083122
85,1,2,37,116.61,151.95308696258,101.855628352897,51.9163327083122
85,1,3,80,110.21,151.95308696258,101.855628352897,51.9163327083122
85,1,4,85,114.02,151.95308696258,101.855628352897,51.9163327083122
85,1,5,92,118.31,151.95308696258,101.855628352897,51.9163327083122
85,1,6,62,118.29,151.95308696258,101.855628352897,51.9163327083122
85,1,7,66,135.22,151.95308696258,101.855628352897,51.9163327083122
85,1,8,50,133.73,151.95308696258,101.855628352897,51.9163327083122
85,1,9,27,123.46,151.95308696258,101.855628352897,51.9163327083122
85,1,10,38,128.32,151.95308696258,101.855628352897,51.9163327083122
85,1,11,47,138.1,151.95308696258,101.855628352897,51.9163327083122
85,1,12,36,133.32,151.95308696258,101.855628352897,51.9163327083122
85,1,13,50,138.11,151.95308696258,101.855628352897,51.9163327083122
85,1,14,63,156.78,151.95308696258,101.855628352897,51.9163327083122
85,1,15,47,158.02,151.95308696258,101.855628352897,51.9163327083122
85,1,16,41,178.89,151.95308696258,101.855628352897,51.9163327083122
85,1,17,35,152.27,151.95308696258,101.855628352897,51.9163327083122
85,1,18,35,143.23,151.95308696258,101.855628352897,51.9163327083122
85,1,19,21,130.34,151.95308696258,101.855628352897,51.9163327083122
85,1,20,18,117.73,151.95308696258,101.855628352897,51.9163327083122
85,1,21,14,128.22,151.95308696258,101.855628352897,51.9163327083122
86,1,2,6,163.66,208.030879200233,139.44511652444,71.0758863413003
86,1,3,10,149.76,208.030879200233,139.44511652444,71.0758863413003
86,1,4,16,163.87,208.030879200233,139.44511652444,71.0758863413003
86,1,5,13,184.71,208.030879200233,139.44511652444,71.0758863413003
86,1,6,9,179.5,208.030879200233,139.44511652444,71.0758863413003
86,1,7,8,192.64,208.030879200233,139.44511652444,71.0758863413003
86,1,8,5,185.59,208.030879200233,139.44511652444,71.0758863413003
86,1,9,12,194.73,208.030879200233,139.44511652444,71.0758863413003
86,1,10,9,199.35,208.030879200233,139.44511652444,71.0758863413003
86,1,11,12,193.27,208.030879200233,139.44511652444,71.0758863413003
86,1,12,11,199.57,208.030879200233,139.44511652444,71.0758863413003
86,1,13,5,190.38,208.030879200233,139.44511652444,71.0758863413003
86,1,14,8,218.08,208.030879200233,139.44511652444,71.0758863413003
86,1,15,6,234.94,208.030879200233,139.44511652444,71.0758863413003
86,1,16,5,194.74,208.030879200233,139.44511652444,71.0758863413003
86,1,17,13,196.73,208.030879200233,139.44511652444,71.0758863413003
86,1,18,10,186.24,208.030879200233,139.44511652444,71.0758863413003
86,1,19,9,165.03,208.030879200233,139.44511652444,71.0758863413003
86,1,20,3,180.26,208.030879200233,139.44511652444,71.0758863413003
86,1,21,2,145.98,208.030879200233,139.44511652444,71.0758863413003
87,1,0,15,107.71,130.38753414263,87.4000290810341,44.5482401106613
87,1,1,27,103.33,130.38753414263,87.4000290810341,44.5482401106613
87,1,2,179,101.36,130.38753414263,87.4000290810341,44.5482401106613
87,1,3,1054,101.95,130.38753414263,87.4000290810341,44.5482401106613
87,1,4,2525,104.73,130.38753414263,87.4000290810341,44.5482401106613
87,1,5,2841,98.22,130.38753414263,87.4000290810341,44.5482401106613
87,1,6,2875,90.54,130.38753414263,87.4000290810341,44.5482401106613
87,1,7,2421,90.41,130.38753414263,87.4000290810341,44.5482401106613
87,1,8,1945,91.26,130.38753414263,87.4000290810341,44.5482401106613
87,1,9,1844,90.42,130.38753414263,87.4000290810341,44.5482401106613
87,1,10,1674,91.47,130.38753414263,87.4000290810341,44.5482401106613
87,1,11,1997,97.12,130.38753414263,87.4000290810341,44.5482401106613
87,1,12,2210,100.06,130.38753414263,87.4000290810341,44.5482401106613
87,1,13,2837,105.46,130.38753414263,87.4000290810341,44.5482401106613
87,1,14,3428,116.73,130.38753414263,87.4000290810341,44.5482401106613
87,1,15,3090,129.59,130.38753414263,87.4000290810341,44.5482401106613
87,1,16,2634,135.24,130.38753414263,87.4000290810341,44.5482401106613
87,1,17,1909,129.32,130.38753414263,87.4000290810341,44.5482401106613
87,1,18,1417,117.21,130.38753414263,87.4000290810341,44.5482401106613
87,1,19,901,105.07,130.38753414263,87.4000290810341,44.5482401106613
87,1,20,496,94.66,130.38753414263,87.4000290810341,44.5482401106613
87,1,21,162,95.2,130.38753414263,87.4000290810341,44.5482401106613
87,1,22,53,107.19,130.38753414263,87.4000290810341,44.5482401106613
87,1,23,23,120.72,130.38753414263,87.4000290810341,44.5482401106613
88,1,0,6,109.93,135.129326509002,90.5784985063686,46.1683221705073
88,1,1,11,91.19,135.129326509002,90.5784985063686,46.1683221705073
88,1,2,35,98.31,135.129326509002,90.5784985063686,46.1683221705073
88,1,3,221,102.42,135.129326509002,90.5784985063686,46.1683221705073
88,1,4,451,103.98,135.129326509002,90.5784985063686,46.1683221705073
88,1,5,554,100.92,135.129326509002,90.5784985063686,46.1683221705073
88,1,6,513,91.78,135.129326509002,90.5784985063686,46.1683221705073
88,1,7,503,92.21,135.129326509002,90.5784985063686,46.1683221705073
88,1,8,433,92.65,135.129326509002,90.5784985063686,46.1683221705073
88,1,9,427,93.15,135.129326509002,90.5784985063686,46.1683221705073
88,1,10,458,92.3,135.129326509002,90.5784985063686,46.1683221705073
88,1,11,569,101.06,135.129326509002,90.5784985063686,46.1683221705073
88,1,12,671,127.83,135.129326509002,90.5784985063686,46.1683221705073
88,1,13,832,108.67,135.129326509002,90.5784985063686,46.1683221705073
88,1,14,1066,120.12,135.129326509002,90.5784985063686,46.1683221705073
88,1,15,1049,133.9,135.129326509002,90.5784985063686,46.1683221705073
88,1,16,837,143.62,135.129326509002,90.5784985063686,46.1683221705073
88,1,17,654,158.87,135.129326509002,90.5784985063686,46.1683221705073
88,1,18,445,121.47,135.129326509002,90.5784985063686,46.1683221705073
88,1,19,253,104.8,135.129326509002,90.5784985063686,46.1683221705073
88,1,20,120,103.01,135.129326509002,90.5784985063686,46.1683221705073
88,1,21,48,95.52,135.129326509002,90.5784985063686,46.1683221705073
88,1,22,17,91,135.129326509002,90.5784985063686,46.1683221705073
88,1,23,6,133.78,135.129326509002,90.5784985063686,46.1683221705073
89,1,0,2,179.09,163.006603600745,109.264907790351,55.6928801865822
89,1,1,14,108.01,163.006603600745,109.264907790351,55.6928801865822
89,1,2,52,105.89,163.006603600745,109.264907790351,55.6928801865822
89,1,3,227,107.96,163.006603600745,109.264907790351,55.6928801865822
89,1,4,377,106.84,163.006603600745,109.264907790351,55.6928801865822
89,1,5,412,109.67,163.006603600745,109.264907790351,55.6928801865822
89,1,6,354,111.63,163.006603600745,109.264907790351,55.6928801865822
89,1,7,280,124.9,163.006603600745,109.264907790351,55.6928801865822
89,1,8,220,126.55,163.006603600745,109.264907790351,55.6928801865822
89,1,9,186,122.7,163.006603600745,109.264907790351,55.6928801865822
89,1,10,173,122.67,163.006603600745,109.264907790351,55.6928801865822
89,1,11,168,121.37,163.006603600745,109.264907790351,55.6928801865822
89,1,12,196,126.89,163.006603600745,109.264907790351,55.6928801865822
89,1,13,241,133.89,163.006603600745,109.264907790351,55.6928801865822
89,1,14,306,144.18,163.006603600745,109.264907790351,55.6928801865822
89,1,15,247,151.04,163.006603600745,109.264907790351,55.6928801865822
89,1,16,177,166.12,163.006603600745,109.264907790351,55.6928801865822
89,1,17,174,144.21,163.006603600745,109.264907790351,55.6928801865822
89,1,18,140,132.82,163.006603600745,109.264907790351,55.6928801865822
89,1,19,92,124.32,163.006603600745,109.264907790351,55.6928801865822
89,1,20,78,116.27,163.006603600745,109.264907790351,55.6928801865822
89,1,21,20,126.55,163.006603600745,109.264907790351,55.6928801865822
89,1,22,8,126.13,163.006603600745,109.264907790351,55.6928801865822
89,1,23,7,101.71,163.006603600745,109.264907790351,55.6928801865822
90,1,0,18,191.03,105.291341504425,70.577807686748,35.9738681596801
90,1,1,30,91.41,105.291341504425,70.577807686748,35.9738681596801
90,1,2,108,91.71,105.291341504425,70.577807686748,35.9738681596801
90,1,3,826,88.41,105.291341504425,70.577807686748,35.9738681596801
90,1,4,2651,90.25,105.291341504425,70.577807686748,35.9738681596801
90,1,5,3400,88.32,105.291341504425,70.577807686748,35.9738681596801
90,1,6,3576,83.49,105.291341504425,70.577807686748,35.9738681596801
90,1,7,2860,84.83,105.291341504425,70.577807686748,35.9738681596801
90,1,8,2314,87.82,105.291341504425,70.577807686748,35.9738681596801
90,1,9,2044,86.71,105.291341504425,70.577807686748,35.9738681596801
90,1,10,1869,89.44,105.291341504425,70.577807686748,35.9738681596801
90,1,11,2167,92.88,105.291341504425,70.577807686748,35.9738681596801
90,1,12,2392,97.02,105.291341504425,70.577807686748,35.9738681596801
90,1,13,2890,102.44,105.291341504425,70.577807686748,35.9738681596801
90,1,14,3392,112.9,105.291341504425,70.577807686748,35.9738681596801
90,1,15,3212,126.45,105.291341504425,70.577807686748,35.9738681596801
90,1,16,2618,142.89,105.291341504425,70.577807686748,35.9738681596801
90,1,17,2006,128.7,105.291341504425,70.577807686748,35.9738681596801
90,1,18,1533,115.91,105.291341504425,70.577807686748,35.9738681596801
90,1,19,983,121.4,105.291341504425,70.577807686748,35.9738681596801
90,1,20,537,93.83,105.291341504425,70.577807686748,35.9738681596801
90,1,21,199,94.81,105.291341504425,70.577807686748,35.9738681596801
90,1,22,58,90.29,105.291341504425,70.577807686748,35.9738681596801
90,1,23,31,141.78,105.291341504425,70.577807686748,35.9738681596801
91,1,0,2,98.83,165.840070658074,111.164208247554,56.6609633062266
91,1,1,2,126.64,165.840070658074,111.164208247554,56.6609633062266
91,1,2,15,114.09,165.840070658074,111.164208247554,56.6609633062266
91,1,3,35,116.86,165.840070658074,111.164208247554,56.6609633062266
91,1,4,57,119.73,165.840070658074,111.164208247554,56.6609633062266
91,1,5,43,119.35,165.840070658074,111.164208247554,56.6609633062266
91,1,6,39,135.11,165.840070658074,111.164208247554,56.6609633062266
91,1,7,37,146.28,165.840070658074,111.164208247554,56.6609633062266
91,1,8,31,135.99,165.840070658074,111.164208247554,56.6609633062266
91,1,9,31,131.91,165.840070658074,111.164208247554,56.6609633062266
91,1,10,19,146.68,165.840070658074,111.164208247554,56.6609633062266
91,1,11,24,154.15,165.840070658074,111.164208247554,56.6609633062266
91,1,12,43,151.17,165.840070658074,111.164208247554,56.6609633062266
91,1,13,30,159.7,165.840070658074,111.164208247554,56.6609633062266
91,1,14,38,157.35,165.840070658074,111.164208247554,56.6609633062266
91,1,15,31,170,165.840070658074,111.164208247554,56.6609633062266
91,1,16,28,167.27,165.840070658074,111.164208247554,56.6609633062266
91,1,17,37,158.5,165.840070658074,111.164208247554,56.6609633062266
91,1,18,30,140.12,165.840070658074,111.164208247554,56.6609633062266
91,1,19,25,143.03,165.840070658074,111.164208247554,56.6609633062266
91,1,20,7,138.39,165.840070658074,111.164208247554,56.6609633062266
91,1,21,2,127.66,165.840070658074,111.164208247554,56.6609633062266
91,1,23,4,110.36,165.840070658074,111.164208247554,56.6609633062266
92,1,0,8,135.36,39.9052330175258,26.7488648293786,13.6340326843823
92,1,1,15,145.2,39.9052330175258,26.7488648293786,13.6340326843823
92,1,2,32,153.55,39.9052330175258,26.7488648293786,13.6340326843823
92,1,3,77,126.71,39.9052330175258,26.7488648293786,13.6340326843823
92,1,4,115,134.61,39.9052330175258,26.7488648293786,13.6340326843823
92,1,5,101,135.89,39.9052330175258,26.7488648293786,13.6340326843823
92,1,6,136,149.65,39.9052330175258,26.7488648293786,13.6340326843823
92,1,7,106,153.56,39.9052330175258,26.7488648293786,13.6340326843823
92,1,8,87,169.31,39.9052330175258,26.7488648293786,13.6340326843823
92,1,9,92,163.16,39.9052330175258,26.7488648293786,13.6340326843823
92,1,10,95,166.81,39.9052330175258,26.7488648293786,13.6340326843823
92,1,11,109,177.16,39.9052330175258,26.7488648293786,13.6340326843823
92,1,12,131,174.94,39.9052330175258,26.7488648293786,13.6340326843823
92,1,13,123,177.53,39.9052330175258,26.7488648293786,13.6340326843823
92,1,14,133,195.73,39.9052330175258,26.7488648293786,13.6340326843823
92,1,15,99,212.88,39.9052330175258,26.7488648293786,13.6340326843823
92,1,16,76,202.39,39.9052330175258,26.7488648293786,13.6340326843823
92,1,17,72,182.22,39.9052330175258,26.7488648293786,13.6340326843823
92,1,18,52,181.89,39.9052330175258,26.7488648293786,13.6340326843823
92,1,19,32,156.5,39.9052330175258,26.7488648293786,13.6340326843823
92,1,20,28,149.61,39.9052330175258,26.7488648293786,13.6340326843823
92,1,21,10,143.23,39.9052330175258,26.7488648293786,13.6340326843823
92,1,22,6,192.8,39.9052330175258,26.7488648293786,13.6340326843823
92,1,23,8,167.08,39.9052330175258,26.7488648293786,13.6340326843823
93,1,0,3,256.44,46.6965530682016,31.3011525448468,15.9543569260764
93,1,2,2,159.22,46.6965530682016,31.3011525448468,15.9543569260764
93,1,5,4,171.2,46.6965530682016,31.3011525448468,15.9543569260764
93,1,11,5,164.52,46.6965530682016,31.3011525448468,15.9543569260764
93,1,12,5,175.01,46.6965530682016,31.3011525448468,15.9543569260764
93,1,13,7,190.43,46.6965530682016,31.3011525448468,15.9543569260764
93,1,14,15,211.46,46.6965530682016,31.3011525448468,15.9543569260764
93,1,15,23,210.29,46.6965530682016,31.3011525448468,15.9543569260764
93,1,16,24,211.44,46.6965530682016,31.3011525448468,15.9543569260764
93,1,17,15,197.24,46.6965530682016,31.3011525448468,15.9543569260764
93,1,18,12,183.06,46.6965530682016,31.3011525448468,15.9543569260764
93,1,19,10,181,46.6965530682016,31.3011525448468,15.9543569260764
93,1,21,2,162.4,46.6965530682016,31.3011525448468,15.9543569260764
93,1,22,5,177.44,46.6965530682016,31.3011525448468,15.9543569260764
93,1,23,3,202.02,46.6965530682016,31.3011525448468,15.9543569260764
94,1,2,6,101.57,88.4972682157338,59.3205774348514,30.2360005466439
94,1,3,16,105.61,88.4972682157338,59.3205774348514,30.2360005466439
94,1,4,19,103.09,88.4972682157338,59.3205774348514,30.2360005466439
94,1,5,15,106.95,88.4972682157338,59.3205774348514,30.2360005466439
94,1,6,15,122.75,88.4972682157338,59.3205774348514,30.2360005466439
94,1,7,5,104.16,88.4972682157338,59.3205774348514,30.2360005466439
94,1,8,6,112.72,88.4972682157338,59.3205774348514,30.2360005466439
94,1,9,11,125.38,88.4972682157338,59.3205774348514,30.2360005466439
94,1,10,5,127.79,88.4972682157338,59.3205774348514,30.2360005466439
94,1,11,9,130.51,88.4972682157338,59.3205774348514,30.2360005466439
94,1,12,4,150.45,88.4972682157338,59.3205774348514,30.2360005466439
94,1,13,9,133.11,88.4972682157338,59.3205774348514,30.2360005466439
94,1,14,10,131.46,88.4972682157338,59.3205774348514,30.2360005466439
94,1,15,6,164.77,88.4972682157338,59.3205774348514,30.2360005466439
94,1,16,7,158.64,88.4972682157338,59.3205774348514,30.2360005466439
94,1,17,15,147.9,88.4972682157338,59.3205774348514,30.2360005466439
94,1,18,10,129.51,88.4972682157338,59.3205774348514,30.2360005466439
94,1,19,5,110.36,88.4972682157338,59.3205774348514,30.2360005466439
94,1,20,2,119.65,88.4972682157338,59.3205774348514,30.2360005466439
95,1,0,4,128.19,62.4577313379559,41.8660232449937,21.3393253481334
95,1,1,11,135.37,62.4577313379559,41.8660232449937,21.3393253481334
95,1,2,19,120.47,62.4577313379559,41.8660232449937,21.3393253481334
95,1,3,71,125.96,62.4577313379559,41.8660232449937,21.3393253481334
95,1,4,128,129.92,62.4577313379559,41.8660232449937,21.3393253481334
95,1,5,129,133.84,62.4577313379559,41.8660232449937,21.3393253481334
95,1,6,108,137.25,62.4577313379559,41.8660232449937,21.3393253481334
95,1,7,79,149.51,62.4577313379559,41.8660232449937,21.3393253481334
95,1,8,41,160.98,62.4577313379559,41.8660232449937,21.3393253481334
95,1,9,39,155.95,62.4577313379559,41.8660232449937,21.3393253481334
95,1,10,27,159.75,62.4577313379559,41.8660232449937,21.3393253481334
95,1,11,49,163.22,62.4577313379559,41.8660232449937,21.3393253481334
95,1,12,53,172.63,62.4577313379559,41.8660232449937,21.3393253481334
95,1,13,79,172.07,62.4577313379559,41.8660232449937,21.3393253481334
95,1,14,94,198.29,62.4577313379559,41.8660232449937,21.3393253481334
95,1,15,68,202.58,62.4577313379559,41.8660232449937,21.3393253481334
95,1,16,47,196.73,62.4577313379559,41.8660232449937,21.3393253481334
95,1,17,43,177.84,62.4577313379559,41.8660232449937,21.3393253481334
95,1,18,53,169.47,62.4577313379559,41.8660232449937,21.3393253481334
95,1,19,39,156.17,62.4577313379559,41.8660232449937,21.3393253481334
95,1,20,25,142.78,62.4577313379559,41.8660232449937,21.3393253481334
95,1,21,11,135.86,62.4577313379559,41.8660232449937,21.3393253481334
95,1,22,4,155.43,62.4577313379559,41.8660232449937,21.3393253481334
96,1,12,2,209.39,84.6808234747292,56.7623774999935,28.9320730062598
97,1,0,5,141.98,122.007681544494,81.7829325879696,41.6851774100095
97,1,1,9,100.55,122.007681544494,81.7829325879696,41.6851774100095
97,1,2,44,105.58,122.007681544494,81.7829325879696,41.6851774100095
97,1,3,201,106.44,122.007681544494,81.7829325879696,41.6851774100095
97,1,4,507,107.65,122.007681544494,81.7829325879696,41.6851774100095
97,1,5,636,102.15,122.007681544494,81.7829325879696,41.6851774100095
97,1,6,614,99.71,122.007681544494,81.7829325879696,41.6851774100095
97,1,7,500,99.61,122.007681544494,81.7829325879696,41.6851774100095
97,1,8,332,107.01,122.007681544494,81.7829325879696,41.6851774100095
97,1,9,311,99.24,122.007681544494,81.7829325879696,41.6851774100095
97,1,10,250,102.61,122.007681544494,81.7829325879696,41.6851774100095
97,1,11,283,108.82,122.007681544494,81.7829325879696,41.6851774100095
97,1,12,341,111.4,122.007681544494,81.7829325879696,41.6851774100095
97,1,13,454,118.59,122.007681544494,81.7829325879696,41.6851774100095
97,1,14,581,131.35,122.007681544494,81.7829325879696,41.6851774100095
97,1,15,504,142.59,122.007681544494,81.7829325879696,41.6851774100095
97,1,16,467,148.62,122.007681544494,81.7829325879696,41.6851774100095
97,1,17,307,139.11,122.007681544494,81.7829325879696,41.6851774100095
97,1,18,269,129.27,122.007681544494,81.7829325879696,41.6851774100095
97,1,19,172,114.76,122.007681544494,81.7829325879696,41.6851774100095
97,1,20,125,102.82,122.007681544494,81.7829325879696,41.6851774100095
97,1,21,57,97.69,122.007681544494,81.7829325879696,41.6851774100095
97,1,22,14,112.38,122.007681544494,81.7829325879696,41.6851774100095
97,1,23,6,157.32,122.007681544494,81.7829325879696,41.6851774100095
98,1,1,3,120.56,89.7307775831263,60.1474107306164,30.6574416900682
98,1,2,3,116.85,89.7307775831263,60.1474107306164,30.6574416900682
98,1,4,12,131.52,89.7307775831263,60.1474107306164,30.6574416900682
98,1,5,7,153.17,89.7307775831263,60.1474107306164,30.6574416900682
98,1,6,8,150.27,89.7307775831263,60.1474107306164,30.6574416900682
98,1,7,3,161.61,89.7307775831263,60.1474107306164,30.6574416900682
98,1,8,8,187.98,89.7307775831263,60.1474107306164,30.6574416900682
98,1,9,6,184.19,89.7307775831263,60.1474107306164,30.6574416900682
98,1,10,3,164.78,89.7307775831263,60.1474107306164,30.6574416900682
98,1,11,5,170.5,89.7307775831263,60.1474107306164,30.6574416900682
98,1,12,8,185.49,89.7307775831263,60.1474107306164,30.6574416900682
98,1,13,9,216.61,89.7307775831263,60.1474107306164,30.6574416900682
98,1,14,7,233.42,89.7307775831263,60.1474107306164,30.6574416900682
98,1,16,6,249.61,89.7307775831263,60.1474107306164,30.6574416900682
98,1,17,4,161.73,89.7307775831263,60.1474107306164,30.6574416900682
98,1,18,4,169.51,89.7307775831263,60.1474107306164,30.6574416900682
98,1,19,4,174.92,89.7307775831263,60.1474107306164,30.6574416900682
98,1,20,5,132.91,89.7307775831263,60.1474107306164,30.6574416900682
99,1,3,3,55.19,328.622694717455,220.278980378408,112.277318582248
99,1,4,2,52.26,328.622694717455,220.278980378408,112.277318582248
99,1,5,2,63.02,328.622694717455,220.278980378408,112.277318582248
99,1,6,6,67.54,328.622694717455,220.278980378408,112.277318582248
99,1,7,5,74.55,328.622694717455,220.278980378408,112.277318582248
99,1,8,7,68.18,328.622694717455,220.278980378408,112.277318582248
99,1,9,3,66.17,328.622694717455,220.278980378408,112.277318582248
99,1,10,3,64.62,328.622694717455,220.278980378408,112.277318582248
99,1,13,2,70.23,328.622694717455,220.278980378408,112.277318582248
99,1,15,2,67.23,328.622694717455,220.278980378408,112.277318582248
99,1,16,3,67.64,328.622694717455,220.278980378408,112.277318582248
100,1,0,88,105.85,95.3923725600952,63.9424327692328,32.591783758133
100,1,1,123,93.05,95.3923725600952,63.9424327692328,32.591783758133
100,1,2,200,87.74,95.3923725600952,63.9424327692328,32.591783758133
100,1,3,599,89,95.3923725600952,63.9424327692328,32.591783758133
100,1,4,1212,93.89,95.3923725600952,63.9424327692328,32.591783758133
100,1,5,1503,104.33,95.3923725600952,63.9424327692328,32.591783758133
100,1,6,1731,103.74,95.3923725600952,63.9424327692328,32.591783758133
100,1,7,1752,92.38,95.3923725600952,63.9424327692328,32.591783758133
100,1,8,1538,97.14,95.3923725600952,63.9424327692328,32.591783758133
100,1,9,1660,112.29,95.3923725600952,63.9424327692328,32.591783758133
100,1,10,1747,98.02,95.3923725600952,63.9424327692328,32.591783758133
100,1,11,2213,100.82,95.3923725600952,63.9424327692328,32.591783758133
100,1,12,2462,120.72,95.3923725600952,63.9424327692328,32.591783758133
100,1,13,3044,106.64,95.3923725600952,63.9424327692328,32.591783758133
100,1,14,3500,127.59,95.3923725600952,63.9424327692328,32.591783758133
100,1,15,3258,138.19,95.3923725600952,63.9424327692328,32.591783758133
100,1,16,2761,134.82,95.3923725600952,63.9424327692328,32.591783758133
100,1,17,1835,132.62,95.3923725600952,63.9424327692328,32.591783758133
100,1,18,1428,144.26,95.3923725600952,63.9424327692328,32.591783758133
100,1,19,831,104.44,95.3923725600952,63.9424327692328,32.591783758133
100,1,20,446,97.35,95.3923725600952,63.9424327692328,32.591783758133
100,1,21,192,96.84,95.3923725600952,63.9424327692328,32.591783758133
100,1,22,81,109.39,95.3923725600952,63.9424327692328,32.591783758133
100,1,23,57,111.74,95.3923725600952,63.9424327692328,32.591783758133
101,1,2,2,239.84,134.833569152264,90.3802494808786,46.0672736321705
101,1,3,5,138.83,134.833569152264,90.3802494808786,46.0672736321705
101,1,4,4,150.6,134.833569152264,90.3802494808786,46.0672736321705
101,1,5,9,157.56,134.833569152264,90.3802494808786,46.0672736321705
101,1,6,14,172.03,134.833569152264,90.3802494808786,46.0672736321705
101,1,7,7,187.51,134.833569152264,90.3802494808786,46.0672736321705
101,1,8,3,181.87,134.833569152264,90.3802494808786,46.0672736321705
101,1,9,3,193.37,134.833569152264,90.3802494808786,46.0672736321705
101,1,10,2,179.33,134.833569152264,90.3802494808786,46.0672736321705
101,1,11,6,206.55,134.833569152264,90.3802494808786,46.0672736321705
101,1,12,6,203.79,134.833569152264,90.3802494808786,46.0672736321705
101,1,13,3,202,134.833569152264,90.3802494808786,46.0672736321705
101,1,14,9,212.86,134.833569152264,90.3802494808786,46.0672736321705
101,1,15,6,226.13,134.833569152264,90.3802494808786,46.0672736321705
101,1,16,9,237.63,134.833569152264,90.3802494808786,46.0672736321705
101,1,17,4,211.09,134.833569152264,90.3802494808786,46.0672736321705
101,1,18,3,223.28,134.833569152264,90.3802494808786,46.0672736321705
101,1,19,3,193.75,134.833569152264,90.3802494808786,46.0672736321705
102,1,2,6,143.84,77.736243522724,52.1073581858244,26.5593859453082
102,1,3,25,131.39,77.736243522724,52.1073581858244,26.5593859453082
102,1,4,21,128.05,77.736243522724,52.1073581858244,26.5593859453082
102,1,5,11,123.56,77.736243522724,52.1073581858244,26.5593859453082
102,1,6,15,131.89,77.736243522724,52.1073581858244,26.5593859453082
102,1,7,10,147.32,77.736243522724,52.1073581858244,26.5593859453082
102,1,8,10,141.12,77.736243522724,52.1073581858244,26.5593859453082
102,1,9,6,153.43,77.736243522724,52.1073581858244,26.5593859453082
102,1,10,9,173.16,77.736243522724,52.1073581858244,26.5593859453082
102,1,11,10,150.88,77.736243522724,52.1073581858244,26.5593859453082
102,1,12,11,163.33,77.736243522724,52.1073581858244,26.5593859453082
102,1,13,14,179.9,77.736243522724,52.1073581858244,26.5593859453082
102,1,14,11,200.53,77.736243522724,52.1073581858244,26.5593859453082
102,1,15,8,193.47,77.736243522724,52.1073581858244,26.5593859453082
102,1,16,10,202.24,77.736243522724,52.1073581858244,26.5593859453082
102,1,17,7,170.46,77.736243522724,52.1073581858244,26.5593859453082
102,1,18,12,169.52,77.736243522724,52.1073581858244,26.5593859453082
102,1,19,10,132.8,77.736243522724,52.1073581858244,26.5593859453082
106,1,1,2,90.77,144.131650834957,96.6128438374548,49.2440587297095
106,1,2,4,106.99,144.131650834957,96.6128438374548,49.2440587297095
106,1,3,46,94.42,144.131650834957,96.6128438374548,49.2440587297095
106,1,4,132,94.77,144.131650834957,96.6128438374548,49.2440587297095
106,1,5,170,96.68,144.131650834957,96.6128438374548,49.2440587297095
106,1,6,141,98.87,144.131650834957,96.6128438374548,49.2440587297095
106,1,7,142,102.32,144.131650834957,96.6128438374548,49.2440587297095
106,1,8,135,108.75,144.131650834957,96.6128438374548,49.2440587297095
106,1,9,121,104.59,144.131650834957,96.6128438374548,49.2440587297095
106,1,10,84,107.59,144.131650834957,96.6128438374548,49.2440587297095
106,1,11,105,107.46,144.131650834957,96.6128438374548,49.2440587297095
106,1,12,114,113.91,144.131650834957,96.6128438374548,49.2440587297095
106,1,13,105,118.82,144.131650834957,96.6128438374548,49.2440587297095
106,1,14,155,120.8,144.131650834957,96.6128438374548,49.2440587297095
106,1,15,127,131.18,144.131650834957,96.6128438374548,49.2440587297095
106,1,16,94,139.94,144.131650834957,96.6128438374548,49.2440587297095
106,1,17,82,132.91,144.131650834957,96.6128438374548,49.2440587297095
106,1,18,73,114.27,144.131650834957,96.6128438374548,49.2440587297095
106,1,19,57,109.59,144.131650834957,96.6128438374548,49.2440587297095
106,1,20,27,96.89,144.131650834957,96.6128438374548,49.2440587297095
106,1,21,10,105.49,144.131650834957,96.6128438374548,49.2440587297095
106,1,22,4,108.11,144.131650834957,96.6128438374548,49.2440587297095
107,1,0,12,121.98,98.0059973862069,65.6943708460676,33.4847555217178
107,1,1,19,98.18,98.0059973862069,65.6943708460676,33.4847555217178
107,1,2,103,87.45,98.0059973862069,65.6943708460676,33.4847555217178
107,1,3,654,92.02,98.0059973862069,65.6943708460676,33.4847555217178
107,1,4,1837,96.15,98.0059973862069,65.6943708460676,33.4847555217178
107,1,5,2281,93.54,98.0059973862069,65.6943708460676,33.4847555217178
107,1,6,2226,103.24,98.0059973862069,65.6943708460676,33.4847555217178
107,1,7,1751,90.94,98.0059973862069,65.6943708460676,33.4847555217178
107,1,8,1296,93.59,98.0059973862069,65.6943708460676,33.4847555217178
107,1,9,1301,92.64,98.0059973862069,65.6943708460676,33.4847555217178
107,1,10,1097,94.1,98.0059973862069,65.6943708460676,33.4847555217178
107,1,11,1255,100.43,98.0059973862069,65.6943708460676,33.4847555217178
107,1,12,1482,103.57,98.0059973862069,65.6943708460676,33.4847555217178
107,1,13,1892,110.18,98.0059973862069,65.6943708460676,33.4847555217178
107,1,14,2386,123.38,98.0059973862069,65.6943708460676,33.4847555217178
107,1,15,2175,136.78,98.0059973862069,65.6943708460676,33.4847555217178
107,1,16,1773,141.98,98.0059973862069,65.6943708460676,33.4847555217178
107,1,17,1287,138.19,98.0059973862069,65.6943708460676,33.4847555217178
107,1,18,968,120.46,98.0059973862069,65.6943708460676,33.4847555217178
107,1,19,682,109.13,98.0059973862069,65.6943708460676,33.4847555217178
107,1,20,410,99.81,98.0059973862069,65.6943708460676,33.4847555217178
107,1,21,125,95.54,98.0059973862069,65.6943708460676,33.4847555217178
107,1,22,43,119.12,98.0059973862069,65.6943708460676,33.4847555217178
107,1,23,20,116.72,98.0059973862069,65.6943708460676,33.4847555217178
108,1,0,2,89.1,217.581486567014,145.84698129692,74.3389494322286
108,1,2,17,93.1,217.581486567014,145.84698129692,74.3389494322286
108,1,3,16,106.47,217.581486567014,145.84698129692,74.3389494322286
108,1,4,33,96.19,217.581486567014,145.84698129692,74.3389494322286
108,1,5,31,98.55,217.581486567014,145.84698129692,74.3389494322286
108,1,6,24,95.38,217.581486567014,145.84698129692,74.3389494322286
108,1,7,26,97.38,217.581486567014,145.84698129692,74.3389494322286
108,1,8,17,96.74,217.581486567014,145.84698129692,74.3389494322286
108,1,9,15,102.56,217.581486567014,145.84698129692,74.3389494322286
108,1,10,9,104.64,217.581486567014,145.84698129692,74.3389494322286
108,1,11,23,110.67,217.581486567014,145.84698129692,74.3389494322286
108,1,12,22,108.48,217.581486567014,145.84698129692,74.3389494322286
108,1,13,30,117.27,217.581486567014,145.84698129692,74.3389494322286
108,1,14,28,111,217.581486567014,145.84698129692,74.3389494322286
108,1,15,24,141.88,217.581486567014,145.84698129692,74.3389494322286
108,1,16,18,112,217.581486567014,145.84698129692,74.3389494322286
108,1,17,21,116.36,217.581486567014,145.84698129692,74.3389494322286
108,1,18,13,106.71,217.581486567014,145.84698129692,74.3389494322286
108,1,19,7,109.96,217.581486567014,145.84698129692,74.3389494322286
108,1,20,7,94.45,217.581486567014,145.84698129692,74.3389494322286
108,1,21,5,88.68,217.581486567014,145.84698129692,74.3389494322286
109,1,0,2,76.85,326.161271789291,218.629064710343,111.4363481602
109,1,1,3,78.76,326.161271789291,218.629064710343,111.4363481602
109,1,2,23,79.34,326.161271789291,218.629064710343,111.4363481602
109,1,3,158,81.61,326.161271789291,218.629064710343,111.4363481602
109,1,4,287,82.6,326.161271789291,218.629064710343,111.4363481602
109,1,5,323,87.04,326.161271789291,218.629064710343,111.4363481602
109,1,6,256,86.23,326.161271789291,218.629064710343,111.4363481602
109,1,7,206,89.85,326.161271789291,218.629064710343,111.4363481602
109,1,8,198,88.4,326.161271789291,218.629064710343,111.4363481602
109,1,9,136,87.57,326.161271789291,218.629064710343,111.4363481602
109,1,10,115,88.62,326.161271789291,218.629064710343,111.4363481602
109,1,11,119,89.4,326.161271789291,218.629064710343,111.4363481602
109,1,12,109,87.24,326.161271789291,218.629064710343,111.4363481602
109,1,13,111,90.02,326.161271789291,218.629064710343,111.4363481602
109,1,14,155,91.62,326.161271789291,218.629064710343,111.4363481602
109,1,15,138,98.35,326.161271789291,218.629064710343,111.4363481602
109,1,16,128,96.44,326.161271789291,218.629064710343,111.4363481602
109,1,17,100,94,326.161271789291,218.629064710343,111.4363481602
109,1,18,67,88.24,326.161271789291,218.629064710343,111.4363481602
109,1,19,32,85.1,326.161271789291,218.629064710343,111.4363481602
109,1,20,20,85.9,326.161271789291,218.629064710343,111.4363481602
109,1,21,12,91.88,326.161271789291,218.629064710343,111.4363481602
109,1,22,4,77.38,326.161271789291,218.629064710343,111.4363481602
109,1,23,2,82.32,326.161271789291,218.629064710343,111.4363481602
111,1,4,2,97.12,161.83277711784,108.478080511067,55.2918303135819
111,1,8,2,102.37,161.83277711784,108.478080511067,55.2918303135819
111,1,10,2,109.8,161.83277711784,108.478080511067,55.2918303135819
111,1,11,2,120.88,161.83277711784,108.478080511067,55.2918303135819
111,1,12,4,101.66,161.83277711784,108.478080511067,55.2918303135819
111,1,13,2,96.82,161.83277711784,108.478080511067,55.2918303135819
111,1,16,2,208.86,161.83277711784,108.478080511067,55.2918303135819
111,1,17,2,164.43,161.83277711784,108.478080511067,55.2918303135819
112,1,0,2,118.89,78.7278757916969,52.7720589159657,26.8981872939966
112,1,1,4,109.75,78.7278757916969,52.7720589159657,26.8981872939966
112,1,2,52,104.27,78.7278757916969,52.7720589159657,26.8981872939966
112,1,3,257,106.95,78.7278757916969,52.7720589159657,26.8981872939966
112,1,4,617,110.38,78.7278757916969,52.7720589159657,26.8981872939966
112,1,5,726,108.49,78.7278757916969,52.7720589159657,26.8981872939966
112,1,6,585,108.18,78.7278757916969,52.7720589159657,26.8981872939966
112,1,7,474,111.62,78.7278757916969,52.7720589159657,26.8981872939966
112,1,8,327,119.44,78.7278757916969,52.7720589159657,26.8981872939966
112,1,9,278,117.79,78.7278757916969,52.7720589159657,26.8981872939966
112,1,10,243,120.03,78.7278757916969,52.7720589159657,26.8981872939966
112,1,11,292,126.75,78.7278757916969,52.7720589159657,26.8981872939966
112,1,12,410,128.11,78.7278757916969,52.7720589159657,26.8981872939966
112,1,13,608,139.88,78.7278757916969,52.7720589159657,26.8981872939966
112,1,14,725,153.14,78.7278757916969,52.7720589159657,26.8981872939966
112,1,15,567,164.3,78.7278757916969,52.7720589159657,26.8981872939966
112,1,16,438,166.97,78.7278757916969,52.7720589159657,26.8981872939966
112,1,17,347,160.3,78.7278757916969,52.7720589159657,26.8981872939966
112,1,18,259,140.63,78.7278757916969,52.7720589159657,26.8981872939966
112,1,19,263,127.19,78.7278757916969,52.7720589159657,26.8981872939966
112,1,20,157,117.3,78.7278757916969,52.7720589159657,26.8981872939966
112,1,21,45,112.77,78.7278757916969,52.7720589159657,26.8981872939966
112,1,22,7,105.16,78.7278757916969,52.7720589159657,26.8981872939966
112,1,23,5,113.2,78.7278757916969,52.7720589159657,26.8981872939966
113,1,0,7,114.88,107.375005739483,71.974508038025,36.6857734446731
113,1,1,14,98.81,107.375005739483,71.974508038025,36.6857734446731
113,1,2,59,88.72,107.375005739483,71.974508038025,36.6857734446731
113,1,3,345,91.53,107.375005739483,71.974508038025,36.6857734446731
113,1,4,1434,97.05,107.375005739483,71.974508038025,36.6857734446731
113,1,5,2067,90.81,107.375005739483,71.974508038025,36.6857734446731
113,1,6,2283,85.68,107.375005739483,71.974508038025,36.6857734446731
113,1,7,1736,86.56,107.375005739483,71.974508038025,36.6857734446731
113,1,8,1341,89.93,107.375005739483,71.974508038025,36.6857734446731
113,1,9,1206,83.14,107.375005739483,71.974508038025,36.6857734446731
113,1,10,1139,87.2,107.375005739483,71.974508038025,36.6857734446731
113,1,11,1222,89.81,107.375005739483,71.974508038025,36.6857734446731
113,1,12,1532,92.44,107.375005739483,71.974508038025,36.6857734446731
113,1,13,1884,97.19,107.375005739483,71.974508038025,36.6857734446731
113,1,14,2287,109.07,107.375005739483,71.974508038025,36.6857734446731
113,1,15,2185,133.86,107.375005739483,71.974508038025,36.6857734446731
113,1,16,1840,135.56,107.375005739483,71.974508038025,36.6857734446731
113,1,17,1334,127.46,107.375005739483,71.974508038025,36.6857734446731
113,1,18,1018,132.37,107.375005739483,71.974508038025,36.6857734446731
113,1,19,729,100.34,107.375005739483,71.974508038025,36.6857734446731
113,1,20,408,92.37,107.375005739483,71.974508038025,36.6857734446731
113,1,21,133,90.23,107.375005739483,71.974508038025,36.6857734446731
113,1,22,36,99.82,107.375005739483,71.974508038025,36.6857734446731
113,1,23,20,122.29,107.375005739483,71.974508038025,36.6857734446731
114,1,0,17,121.1,111.601152985377,74.8073355366101,38.129680053469
114,1,1,19,101.73,111.601152985377,74.8073355366101,38.129680053469
114,1,2,51,94.4,111.601152985377,74.8073355366101,38.129680053469
114,1,3,294,90.49,111.601152985377,74.8073355366101,38.129680053469
114,1,4,1020,97.33,111.601152985377,74.8073355366101,38.129680053469
114,1,5,1216,88.87,111.601152985377,74.8073355366101,38.129680053469
114,1,6,1320,83.07,111.601152985377,74.8073355366101,38.129680053469
114,1,7,934,81.12,111.601152985377,74.8073355366101,38.129680053469
114,1,8,770,82.87,111.601152985377,74.8073355366101,38.129680053469
114,1,9,788,76.82,111.601152985377,74.8073355366101,38.129680053469
114,1,10,649,78.37,111.601152985377,74.8073355366101,38.129680053469
114,1,11,765,83.6,111.601152985377,74.8073355366101,38.129680053469
114,1,12,938,86.67,111.601152985377,74.8073355366101,38.129680053469
114,1,13,1220,91.7,111.601152985377,74.8073355366101,38.129680053469
114,1,14,1550,102.8,111.601152985377,74.8073355366101,38.129680053469
114,1,15,1493,120.31,111.601152985377,74.8073355366101,38.129680053469
114,1,16,1274,126.58,111.601152985377,74.8073355366101,38.129680053469
114,1,17,964,122.36,111.601152985377,74.8073355366101,38.129680053469
114,1,18,756,131.39,111.601152985377,74.8073355366101,38.129680053469
114,1,19,610,95.71,111.601152985377,74.8073355366101,38.129680053469
114,1,20,335,87.93,111.601152985377,74.8073355366101,38.129680053469
114,1,21,131,84.34,111.601152985377,74.8073355366101,38.129680053469
114,1,22,41,92.01,111.601152985377,74.8073355366101,38.129680053469
114,1,23,21,132.17,111.601152985377,74.8073355366101,38.129680053469
115,1,0,3,61.88,240.55501943978,161.246363257602,82.188092874781
115,1,1,7,59.55,240.55501943978,161.246363257602,82.188092874781
115,1,2,33,67.81,240.55501943978,161.246363257602,82.188092874781
115,1,3,113,67.64,240.55501943978,161.246363257602,82.188092874781
115,1,4,232,68.81,240.55501943978,161.246363257602,82.188092874781
115,1,5,253,70.86,240.55501943978,161.246363257602,82.188092874781
115,1,6,186,71.81,240.55501943978,161.246363257602,82.188092874781
115,1,7,148,75.33,240.55501943978,161.246363257602,82.188092874781
115,1,8,121,77.53,240.55501943978,161.246363257602,82.188092874781
115,1,9,85,71.23,240.55501943978,161.246363257602,82.188092874781
115,1,10,77,74.66,240.55501943978,161.246363257602,82.188092874781
115,1,11,109,72.25,240.55501943978,161.246363257602,82.188092874781
115,1,12,93,76.17,240.55501943978,161.246363257602,82.188092874781
115,1,13,98,77.86,240.55501943978,161.246363257602,82.188092874781
115,1,14,111,78.08,240.55501943978,161.246363257602,82.188092874781
115,1,15,107,82.21,240.55501943978,161.246363257602,82.188092874781
115,1,16,105,82.97,240.55501943978,161.246363257602,82.188092874781
115,1,17,99,82.25,240.55501943978,161.246363257602,82.188092874781
115,1,18,78,76.3,240.55501943978,161.246363257602,82.188092874781
115,1,19,42,84.98,240.55501943978,161.246363257602,82.188092874781
115,1,20,26,83.21,240.55501943978,161.246363257602,82.188092874781
115,1,21,8,68.18,240.55501943978,161.246363257602,82.188092874781
115,1,22,2,61.86,240.55501943978,161.246363257602,82.188092874781
116,1,1,8,103.42,79.950097963876,53.5913262952773,27.3157720512576
116,1,2,62,106.88,79.950097963876,53.5913262952773,27.3157720512576
116,1,3,216,105.01,79.950097963876,53.5913262952773,27.3157720512576
116,1,4,401,107.65,79.950097963876,53.5913262952773,27.3157720512576
116,1,5,399,107.88,79.950097963876,53.5913262952773,27.3157720512576
116,1,6,316,111.29,79.950097963876,53.5913262952773,27.3157720512576
116,1,7,293,408.84,79.950097963876,53.5913262952773,27.3157720512576
116,1,8,193,114.56,79.950097963876,53.5913262952773,27.3157720512576
116,1,9,159,112.31,79.950097963876,53.5913262952773,27.3157720512576
116,1,10,143,116.07,79.950097963876,53.5913262952773,27.3157720512576
116,1,11,161,115.58,79.950097963876,53.5913262952773,27.3157720512576
116,1,12,169,114.69,79.950097963876,53.5913262952773,27.3157720512576
116,1,13,211,118.79,79.950097963876,53.5913262952773,27.3157720512576
116,1,14,278,125.77,79.950097963876,53.5913262952773,27.3157720512576
116,1,15,235,129.12,79.950097963876,53.5913262952773,27.3157720512576
116,1,16,207,134.75,79.950097963876,53.5913262952773,27.3157720512576
116,1,17,165,129.35,79.950097963876,53.5913262952773,27.3157720512576
116,1,18,182,121.64,79.950097963876,53.5913262952773,27.3157720512576
116,1,19,123,115.08,79.950097963876,53.5913262952773,27.3157720512576
116,1,20,81,112.92,79.950097963876,53.5913262952773,27.3157720512576
116,1,21,32,110.9,79.950097963876,53.5913262952773,27.3157720512576
116,1,22,5,105.1,79.950097963876,53.5913262952773,27.3157720512576
117,1,0,2,165.45,205.252366640829,137.582652600333,70.1265789902508
117,1,1,4,170.6,205.252366640829,137.582652600333,70.1265789902508
117,1,2,6,179.9,205.252366640829,137.582652600333,70.1265789902508
117,1,3,10,139.51,205.252366640829,137.582652600333,70.1265789902508
117,1,4,18,142.03,205.252366640829,137.582652600333,70.1265789902508
117,1,5,17,150.14,205.252366640829,137.582652600333,70.1265789902508
117,1,6,12,152.28,205.252366640829,137.582652600333,70.1265789902508
117,1,7,5,141.62,205.252366640829,137.582652600333,70.1265789902508
117,1,8,5,171.64,205.252366640829,137.582652600333,70.1265789902508
117,1,9,3,143.58,205.252366640829,137.582652600333,70.1265789902508
117,1,10,5,160.99,205.252366640829,137.582652600333,70.1265789902508
117,1,11,11,183.49,205.252366640829,137.582652600333,70.1265789902508
117,1,12,8,143.25,205.252366640829,137.582652600333,70.1265789902508
117,1,13,5,165.39,205.252366640829,137.582652600333,70.1265789902508
117,1,14,13,181.42,205.252366640829,137.582652600333,70.1265789902508
117,1,15,10,207.62,205.252366640829,137.582652600333,70.1265789902508
117,1,16,10,201.26,205.252366640829,137.582652600333,70.1265789902508
117,1,17,7,184.43,205.252366640829,137.582652600333,70.1265789902508
117,1,18,11,177.62,205.252366640829,137.582652600333,70.1265789902508
117,1,19,4,164.09,205.252366640829,137.582652600333,70.1265789902508
117,1,20,2,138.79,205.252366640829,137.582652600333,70.1265789902508
118,1,2,32,65.37,289.795630057921,194.252822259163,99.0116531900865
118,1,3,173,70.41,289.795630057921,194.252822259163,99.0116531900865
118,1,4,437,68.85,289.795630057921,194.252822259163,99.0116531900865
118,1,5,486,71.36,289.795630057921,194.252822259163,99.0116531900865
118,1,6,372,74.82,289.795630057921,194.252822259163,99.0116531900865
118,1,7,309,74.38,289.795630057921,194.252822259163,99.0116531900865
118,1,8,227,73.11,289.795630057921,194.252822259163,99.0116531900865
118,1,9,182,74.43,289.795630057921,194.252822259163,99.0116531900865
118,1,10,162,75.53,289.795630057921,194.252822259163,99.0116531900865
118,1,11,179,73.39,289.795630057921,194.252822259163,99.0116531900865
118,1,12,165,73.81,289.795630057921,194.252822259163,99.0116531900865
118,1,13,208,78.21,289.795630057921,194.252822259163,99.0116531900865
118,1,14,224,79.89,289.795630057921,194.252822259163,99.0116531900865
118,1,15,220,80.84,289.795630057921,194.252822259163,99.0116531900865
118,1,16,234,81.74,289.795630057921,194.252822259163,99.0116531900865
118,1,17,190,80.89,289.795630057921,194.252822259163,99.0116531900865
118,1,18,131,74.04,289.795630057921,194.252822259163,99.0116531900865
118,1,19,86,80.04,289.795630057921,194.252822259163,99.0116531900865
118,1,20,52,74.11,289.795630057921,194.252822259163,99.0116531900865
118,1,21,22,74.06,289.795630057921,194.252822259163,99.0116531900865
118,1,22,7,71.14,289.795630057921,194.252822259163,99.0116531900865
118,1,23,5,73.9,289.795630057921,194.252822259163,99.0116531900865
119,1,0,4,125.66,76.9240058575432,51.5629073989888,26.2818766053753
119,1,1,2,93.46,76.9240058575432,51.5629073989888,26.2818766053753
119,1,2,9,97.32,76.9240058575432,51.5629073989888,26.2818766053753
119,1,3,30,113.43,76.9240058575432,51.5629073989888,26.2818766053753
119,1,4,80,102.55,76.9240058575432,51.5629073989888,26.2818766053753
119,1,5,36,106,76.9240058575432,51.5629073989888,26.2818766053753
119,1,6,31,108.3,76.9240058575432,51.5629073989888,26.2818766053753
119,1,7,28,114.14,76.9240058575432,51.5629073989888,26.2818766053753
119,1,8,17,120.49,76.9240058575432,51.5629073989888,26.2818766053753
119,1,9,19,118.65,76.9240058575432,51.5629073989888,26.2818766053753
119,1,10,18,107.76,76.9240058575432,51.5629073989888,26.2818766053753
119,1,11,18,115.96,76.9240058575432,51.5629073989888,26.2818766053753
119,1,12,25,122.32,76.9240058575432,51.5629073989888,26.2818766053753
119,1,13,24,115,76.9240058575432,51.5629073989888,26.2818766053753
119,1,14,25,132.87,76.9240058575432,51.5629073989888,26.2818766053753
119,1,15,32,136.69,76.9240058575432,51.5629073989888,26.2818766053753
119,1,16,36,143.75,76.9240058575432,51.5629073989888,26.2818766053753
119,1,17,27,133.45,76.9240058575432,51.5629073989888,26.2818766053753
119,1,18,27,228.89,76.9240058575432,51.5629073989888,26.2818766053753
119,1,19,20,113.63,76.9240058575432,51.5629073989888,26.2818766053753
119,1,20,13,132.38,76.9240058575432,51.5629073989888,26.2818766053753
119,1,21,4,116.13,76.9240058575432,51.5629073989888,26.2818766053753
119,1,22,3,156.15,76.9240058575432,51.5629073989888,26.2818766053753
119,1,23,2,99.12,76.9240058575432,51.5629073989888,26.2818766053753
120,1,2,2,103.24,86.571751918552,58.0298851805934,29.5781281287944
120,1,3,2,90.54,86.571751918552,58.0298851805934,29.5781281287944
120,1,4,5,98.13,86.571751918552,58.0298851805934,29.5781281287944
120,1,5,6,97.43,86.571751918552,58.0298851805934,29.5781281287944
120,1,6,10,113.86,86.571751918552,58.0298851805934,29.5781281287944
120,1,7,6,105.06,86.571751918552,58.0298851805934,29.5781281287944
120,1,8,4,110.94,86.571751918552,58.0298851805934,29.5781281287944
120,1,9,4,96.56,86.571751918552,58.0298851805934,29.5781281287944
120,1,10,5,95.73,86.571751918552,58.0298851805934,29.5781281287944
120,1,11,6,96.6,86.571751918552,58.0298851805934,29.5781281287944
120,1,12,7,110.18,86.571751918552,58.0298851805934,29.5781281287944
120,1,13,4,115.13,86.571751918552,58.0298851805934,29.5781281287944
120,1,14,6,112.83,86.571751918552,58.0298851805934,29.5781281287944
120,1,15,11,115.21,86.571751918552,58.0298851805934,29.5781281287944
120,1,16,3,115.7,86.571751918552,58.0298851805934,29.5781281287944
120,1,17,7,130.58,86.571751918552,58.0298851805934,29.5781281287944
120,1,19,5,166.26,86.571751918552,58.0298851805934,29.5781281287944
120,1,20,2,105.32,86.571751918552,58.0298851805934,29.5781281287944
121,1,1,3,118.91,77.116741728033,51.6921001227912,26.347726794912
121,1,2,9,133.39,77.116741728033,51.6921001227912,26.347726794912
121,1,3,15,133.04,77.116741728033,51.6921001227912,26.347726794912
121,1,4,26,134.91,77.116741728033,51.6921001227912,26.347726794912
121,1,5,16,139.22,77.116741728033,51.6921001227912,26.347726794912
121,1,6,9,143.78,77.116741728033,51.6921001227912,26.347726794912
121,1,7,6,173.28,77.116741728033,51.6921001227912,26.347726794912
121,1,8,7,157.51,77.116741728033,51.6921001227912,26.347726794912
121,1,9,11,145.87,77.116741728033,51.6921001227912,26.347726794912
121,1,10,11,168.79,77.116741728033,51.6921001227912,26.347726794912
121,1,11,15,172.92,77.116741728033,51.6921001227912,26.347726794912
121,1,12,9,193.17,77.116741728033,51.6921001227912,26.347726794912
121,1,13,18,174.99,77.116741728033,51.6921001227912,26.347726794912
121,1,14,20,202.11,77.116741728033,51.6921001227912,26.347726794912
121,1,15,18,209.04,77.116741728033,51.6921001227912,26.347726794912
121,1,16,10,217.73,77.116741728033,51.6921001227912,26.347726794912
121,1,17,7,210.43,77.116741728033,51.6921001227912,26.347726794912
121,1,18,9,175.56,77.116741728033,51.6921001227912,26.347726794912
121,1,19,9,151.31,77.116741728033,51.6921001227912,26.347726794912
121,1,20,2,155.23,77.116741728033,51.6921001227912,26.347726794912
122,1,3,7,144.18,114.621529075579,76.831922931832,39.1616225637368
122,1,4,8,146.09,114.621529075579,76.831922931832,39.1616225637368
122,1,5,8,152.13,114.621529075579,76.831922931832,39.1616225637368
122,1,6,2,153.06,114.621529075579,76.831922931832,39.1616225637368
122,1,8,2,213.43,114.621529075579,76.831922931832,39.1616225637368
122,1,9,2,138.67,114.621529075579,76.831922931832,39.1616225637368
122,1,11,2,188.28,114.621529075579,76.831922931832,39.1616225637368
122,1,12,5,182.86,114.621529075579,76.831922931832,39.1616225637368
122,1,14,4,195.35,114.621529075579,76.831922931832,39.1616225637368
122,1,15,4,230.04,114.621529075579,76.831922931832,39.1616225637368
122,1,17,3,195.88,114.621529075579,76.831922931832,39.1616225637368
122,1,19,2,156.38,114.621529075579,76.831922931832,39.1616225637368
123,1,1,3,86.33,201.044472725886,134.762060486568,68.6889088194349
123,1,2,22,100.73,201.044472725886,134.762060486568,68.6889088194349
123,1,3,95,100.3,201.044472725886,134.762060486568,68.6889088194349
123,1,4,155,102.94,201.044472725886,134.762060486568,68.6889088194349
123,1,5,180,113.27,201.044472725886,134.762060486568,68.6889088194349
123,1,6,135,107.86,201.044472725886,134.762060486568,68.6889088194349
123,1,7,93,115.26,201.044472725886,134.762060486568,68.6889088194349
123,1,8,67,113.77,201.044472725886,134.762060486568,68.6889088194349
123,1,9,51,115.39,201.044472725886,134.762060486568,68.6889088194349
123,1,10,36,116.8,201.044472725886,134.762060486568,68.6889088194349
123,1,11,44,119.89,201.044472725886,134.762060486568,68.6889088194349
123,1,12,53,128.68,201.044472725886,134.762060486568,68.6889088194349
123,1,13,61,124.65,201.044472725886,134.762060486568,68.6889088194349
123,1,14,64,134.39,201.044472725886,134.762060486568,68.6889088194349
123,1,15,69,132.49,201.044472725886,134.762060486568,68.6889088194349
123,1,16,53,129.47,201.044472725886,134.762060486568,68.6889088194349
123,1,17,58,139.67,201.044472725886,134.762060486568,68.6889088194349
123,1,18,84,118.14,201.044472725886,134.762060486568,68.6889088194349
123,1,19,55,110.23,201.044472725886,134.762060486568,68.6889088194349
123,1,20,33,112.99,201.044472725886,134.762060486568,68.6889088194349
123,1,21,19,110.73,201.044472725886,134.762060486568,68.6889088194349
123,1,23,2,93.39,201.044472725886,134.762060486568,68.6889088194349
124,1,1,2,110.04,127.871780115978,85.7136947505633,43.6887069108381
124,1,2,2,116.64,127.871780115978,85.7136947505633,43.6887069108381
124,1,3,5,153.93,127.871780115978,85.7136947505633,43.6887069108381
124,1,4,16,141.87,127.871780115978,85.7136947505633,43.6887069108381
124,1,5,9,136.33,127.871780115978,85.7136947505633,43.6887069108381
124,1,6,6,148.05,127.871780115978,85.7136947505633,43.6887069108381
124,1,7,3,158.53,127.871780115978,85.7136947505633,43.6887069108381
124,1,8,6,168.13,127.871780115978,85.7136947505633,43.6887069108381
124,1,9,3,147.1,127.871780115978,85.7136947505633,43.6887069108381
124,1,10,4,162.49,127.871780115978,85.7136947505633,43.6887069108381
124,1,11,5,169.91,127.871780115978,85.7136947505633,43.6887069108381
124,1,12,8,172.48,127.871780115978,85.7136947505633,43.6887069108381
124,1,13,8,153.72,127.871780115978,85.7136947505633,43.6887069108381
124,1,14,10,168.91,127.871780115978,85.7136947505633,43.6887069108381
124,1,15,13,176.02,127.871780115978,85.7136947505633,43.6887069108381
124,1,16,6,200.85,127.871780115978,85.7136947505633,43.6887069108381
124,1,17,7,166.71,127.871780115978,85.7136947505633,43.6887069108381
124,1,18,5,204.57,127.871780115978,85.7136947505633,43.6887069108381
124,1,19,4,145.17,127.871780115978,85.7136947505633,43.6887069108381
124,1,20,6,157.76,127.871780115978,85.7136947505633,43.6887069108381
124,1,21,2,180.96,127.871780115978,85.7136947505633,43.6887069108381
124,1,22,2,233.36,127.871780115978,85.7136947505633,43.6887069108381
125,1,0,6,111.42,119.81566440328,80.3136022325184,40.9362522418516
125,1,1,7,92.55,119.81566440328,80.3136022325184,40.9362522418516
125,1,2,53,90.9,119.81566440328,80.3136022325184,40.9362522418516
125,1,3,314,136.91,119.81566440328,80.3136022325184,40.9362522418516
125,1,4,1112,98.41,119.81566440328,80.3136022325184,40.9362522418516
125,1,5,1488,86.92,119.81566440328,80.3136022325184,40.9362522418516
125,1,6,1792,80.67,119.81566440328,80.3136022325184,40.9362522418516
125,1,7,1536,78.06,119.81566440328,80.3136022325184,40.9362522418516
125,1,8,1326,80.02,119.81566440328,80.3136022325184,40.9362522418516
125,1,9,1276,76.18,119.81566440328,80.3136022325184,40.9362522418516
125,1,10,1233,79.32,119.81566440328,80.3136022325184,40.9362522418516
125,1,11,1437,77.87,119.81566440328,80.3136022325184,40.9362522418516
125,1,12,1766,81.77,119.81566440328,80.3136022325184,40.9362522418516
125,1,13,2117,83.89,119.81566440328,80.3136022325184,40.9362522418516
125,1,14,2637,93.99,119.81566440328,80.3136022325184,40.9362522418516
125,1,15,2566,106.12,119.81566440328,80.3136022325184,40.9362522418516
125,1,16,2134,126,119.81566440328,80.3136022325184,40.9362522418516
125,1,17,1520,113.93,119.81566440328,80.3136022325184,40.9362522418516
125,1,18,1118,102.5,119.81566440328,80.3136022325184,40.9362522418516
125,1,19,648,89.27,119.81566440328,80.3136022325184,40.9362522418516
125,1,20,321,83.11,119.81566440328,80.3136022325184,40.9362522418516
125,1,21,104,79.16,119.81566440328,80.3136022325184,40.9362522418516
125,1,22,38,73.53,119.81566440328,80.3136022325184,40.9362522418516
125,1,23,13,112.39,119.81566440328,80.3136022325184,40.9362522418516
126,1,1,4,112.69,38.4014186310329,25.740843456966,13.1202390551687
126,1,2,13,123.7,38.4014186310329,25.740843456966,13.1202390551687
126,1,3,22,118.27,38.4014186310329,25.740843456966,13.1202390551687
126,1,4,27,117.38,38.4014186310329,25.740843456966,13.1202390551687
126,1,5,22,120.89,38.4014186310329,25.740843456966,13.1202390551687
126,1,6,21,124.17,38.4014186310329,25.740843456966,13.1202390551687
126,1,7,3,115.97,38.4014186310329,25.740843456966,13.1202390551687
126,1,8,3,124.34,38.4014186310329,25.740843456966,13.1202390551687
126,1,9,8,131,38.4014186310329,25.740843456966,13.1202390551687
126,1,10,4,133.49,38.4014186310329,25.740843456966,13.1202390551687
126,1,11,11,137.71,38.4014186310329,25.740843456966,13.1202390551687
126,1,12,10,145.94,38.4014186310329,25.740843456966,13.1202390551687
126,1,13,15,149.62,38.4014186310329,25.740843456966,13.1202390551687
126,1,14,16,172.83,38.4014186310329,25.740843456966,13.1202390551687
126,1,15,12,195.58,38.4014186310329,25.740843456966,13.1202390551687
126,1,16,14,168.18,38.4014186310329,25.740843456966,13.1202390551687
126,1,17,8,176.69,38.4014186310329,25.740843456966,13.1202390551687
126,1,18,9,148.18,38.4014186310329,25.740843456966,13.1202390551687
126,1,19,5,124.88,38.4014186310329,25.740843456966,13.1202390551687
126,1,20,3,147.49,38.4014186310329,25.740843456966,13.1202390551687
127,1,1,8,116.72,101.230807167636,67.8559921278181,34.5865449021132
127,1,2,21,107.69,101.230807167636,67.8559921278181,34.5865449021132
127,1,3,85,109.62,101.230807167636,67.8559921278181,34.5865449021132
127,1,4,141,111.91,101.230807167636,67.8559921278181,34.5865449021132
127,1,5,140,111.79,101.230807167636,67.8559921278181,34.5865449021132
127,1,6,128,115.3,101.230807167636,67.8559921278181,34.5865449021132
127,1,7,86,114.45,101.230807167636,67.8559921278181,34.5865449021132
127,1,8,74,116.74,101.230807167636,67.8559921278181,34.5865449021132
127,1,9,57,113.23,101.230807167636,67.8559921278181,34.5865449021132
127,1,10,57,115.66,101.230807167636,67.8559921278181,34.5865449021132
127,1,11,62,123.27,101.230807167636,67.8559921278181,34.5865449021132
127,1,12,58,122.35,101.230807167636,67.8559921278181,34.5865449021132
127,1,13,83,121.03,101.230807167636,67.8559921278181,34.5865449021132
127,1,14,118,129.85,101.230807167636,67.8559921278181,34.5865449021132
127,1,15,91,354.03,101.230807167636,67.8559921278181,34.5865449021132
127,1,16,92,138.31,101.230807167636,67.8559921278181,34.5865449021132
127,1,17,53,131.09,101.230807167636,67.8559921278181,34.5865449021132
127,1,18,66,121.67,101.230807167636,67.8559921278181,34.5865449021132
127,1,19,33,116.09,101.230807167636,67.8559921278181,34.5865449021132
127,1,20,14,114.34,101.230807167636,67.8559921278181,34.5865449021132
127,1,21,11,112.38,101.230807167636,67.8559921278181,34.5865449021132
127,1,22,3,113.02,101.230807167636,67.8559921278181,34.5865449021132
127,1,23,3,128.21,101.230807167636,67.8559921278181,34.5865449021132
128,1,3,4,116.59,108.929982640881,73.0168241405283,37.2170472725397
128,1,4,12,110.36,108.929982640881,73.0168241405283,37.2170472725397
128,1,5,5,107.55,108.929982640881,73.0168241405283,37.2170472725397
128,1,6,4,114.95,108.929982640881,73.0168241405283,37.2170472725397
128,1,7,8,110.94,108.929982640881,73.0168241405283,37.2170472725397
128,1,8,3,122,108.929982640881,73.0168241405283,37.2170472725397
128,1,9,2,108.05,108.929982640881,73.0168241405283,37.2170472725397
128,1,10,4,111.54,108.929982640881,73.0168241405283,37.2170472725397
128,1,11,4,130.89,108.929982640881,73.0168241405283,37.2170472725397
128,1,12,16,120.03,108.929982640881,73.0168241405283,37.2170472725397
128,1,13,8,113.85,108.929982640881,73.0168241405283,37.2170472725397
128,1,14,17,139.86,108.929982640881,73.0168241405283,37.2170472725397
128,1,15,18,160.73,108.929982640881,73.0168241405283,37.2170472725397
128,1,16,8,136.73,108.929982640881,73.0168241405283,37.2170472725397
128,1,17,10,134.84,108.929982640881,73.0168241405283,37.2170472725397
128,1,18,7,126.47,108.929982640881,73.0168241405283,37.2170472725397
128,1,20,2,100.09,108.929982640881,73.0168241405283,37.2170472725397
129,1,0,2,109.51,22.6551960339547,15.1859976893051,7.74038039227512
129,1,1,7,124.16,22.6551960339547,15.1859976893051,7.74038039227512
129,1,2,27,126.16,22.6551960339547,15.1859976893051,7.74038039227512
129,1,3,72,121.65,22.6551960339547,15.1859976893051,7.74038039227512
129,1,4,133,118.87,22.6551960339547,15.1859976893051,7.74038039227512
129,1,5,99,118.29,22.6551960339547,15.1859976893051,7.74038039227512
129,1,6,107,134.24,22.6551960339547,15.1859976893051,7.74038039227512
129,1,7,69,136.68,22.6551960339547,15.1859976893051,7.74038039227512
129,1,8,41,135.22,22.6551960339547,15.1859976893051,7.74038039227512
129,1,9,45,141.43,22.6551960339547,15.1859976893051,7.74038039227512
129,1,10,47,145.12,22.6551960339547,15.1859976893051,7.74038039227512
129,1,11,75,149.56,22.6551960339547,15.1859976893051,7.74038039227512
129,1,12,97,149.36,22.6551960339547,15.1859976893051,7.74038039227512
129,1,13,84,167.86,22.6551960339547,15.1859976893051,7.74038039227512
129,1,14,84,181.49,22.6551960339547,15.1859976893051,7.74038039227512
129,1,15,64,191.49,22.6551960339547,15.1859976893051,7.74038039227512
129,1,16,48,192.4,22.6551960339547,15.1859976893051,7.74038039227512
129,1,17,59,176.14,22.6551960339547,15.1859976893051,7.74038039227512
129,1,18,47,159.66,22.6551960339547,15.1859976893051,7.74038039227512
129,1,19,37,151.76,22.6551960339547,15.1859976893051,7.74038039227512
129,1,20,20,140.65,22.6551960339547,15.1859976893051,7.74038039227512
129,1,21,6,131.5,22.6551960339547,15.1859976893051,7.74038039227512
129,1,22,5,166.42,22.6551960339547,15.1859976893051,7.74038039227512
130,1,0,9,158.86,100.164536966159,67.1412608674253,34.2222427372586
130,1,1,5,121.55,100.164536966159,67.1412608674253,34.2222427372586
130,1,2,15,130.38,100.164536966159,67.1412608674253,34.2222427372586
130,1,3,19,138.41,100.164536966159,67.1412608674253,34.2222427372586
130,1,4,35,141.01,100.164536966159,67.1412608674253,34.2222427372586
130,1,5,20,148.67,100.164536966159,67.1412608674253,34.2222427372586
130,1,6,34,159.29,100.164536966159,67.1412608674253,34.2222427372586
130,1,7,26,163.98,100.164536966159,67.1412608674253,34.2222427372586
130,1,8,27,164.65,100.164536966159,67.1412608674253,34.2222427372586
130,1,9,21,162.99,100.164536966159,67.1412608674253,34.2222427372586
130,1,10,32,168.97,100.164536966159,67.1412608674253,34.2222427372586
130,1,11,28,172.63,100.164536966159,67.1412608674253,34.2222427372586
130,1,12,35,199.08,100.164536966159,67.1412608674253,34.2222427372586
130,1,13,22,177.63,100.164536966159,67.1412608674253,34.2222427372586
130,1,14,27,214.62,100.164536966159,67.1412608674253,34.2222427372586
130,1,15,25,216.55,100.164536966159,67.1412608674253,34.2222427372586
130,1,16,18,208.29,100.164536966159,67.1412608674253,34.2222427372586
130,1,17,10,209.5,100.164536966159,67.1412608674253,34.2222427372586
130,1,18,17,171.84,100.164536966159,67.1412608674253,34.2222427372586
130,1,19,21,162.43,100.164536966159,67.1412608674253,34.2222427372586
130,1,20,14,147.7,100.164536966159,67.1412608674253,34.2222427372586
130,1,22,5,176.98,100.164536966159,67.1412608674253,34.2222427372586
130,1,23,2,164.39,100.164536966159,67.1412608674253,34.2222427372586
131,1,2,5,148.01,98.6259444353431,66.109927367475,33.6965667978679
131,1,3,8,146.53,98.6259444353431,66.109927367475,33.6965667978679
131,1,4,16,146.32,98.6259444353431,66.109927367475,33.6965667978679
131,1,5,13,145.12,98.6259444353431,66.109927367475,33.6965667978679
131,1,6,7,157.09,98.6259444353431,66.109927367475,33.6965667978679
131,1,7,14,164.21,98.6259444353431,66.109927367475,33.6965667978679
131,1,8,4,165.47,98.6259444353431,66.109927367475,33.6965667978679
131,1,9,7,176.95,98.6259444353431,66.109927367475,33.6965667978679
131,1,10,6,185.56,98.6259444353431,66.109927367475,33.6965667978679
131,1,11,7,169.43,98.6259444353431,66.109927367475,33.6965667978679
131,1,12,11,169.61,98.6259444353431,66.109927367475,33.6965667978679
131,1,13,12,196.7,98.6259444353431,66.109927367475,33.6965667978679
131,1,14,16,206.88,98.6259444353431,66.109927367475,33.6965667978679
131,1,15,8,231.28,98.6259444353431,66.109927367475,33.6965667978679
131,1,16,8,221.34,98.6259444353431,66.109927367475,33.6965667978679
131,1,17,7,208.71,98.6259444353431,66.109927367475,33.6965667978679
131,1,18,5,201.76,98.6259444353431,66.109927367475,33.6965667978679
131,1,19,5,175.52,98.6259444353431,66.109927367475,33.6965667978679
131,1,20,6,157.21,98.6259444353431,66.109927367475,33.6965667978679
131,1,21,2,146.78,98.6259444353431,66.109927367475,33.6965667978679
132,1,0,407,170.71,154.544487131814,103.592669026616,52.8017111896291
132,1,1,264,164.56,154.544487131814,103.592669026616,52.8017111896291
132,1,2,196,157.4,154.544487131814,103.592669026616,52.8017111896291
132,1,3,169,154.91,154.544487131814,103.592669026616,52.8017111896291
132,1,4,199,151.96,154.544487131814,103.592669026616,52.8017111896291
132,1,5,240,166.91,154.544487131814,103.592669026616,52.8017111896291
132,1,6,397,176.58,154.544487131814,103.592669026616,52.8017111896291
132,1,7,500,181.84,154.544487131814,103.592669026616,52.8017111896291
132,1,8,471,179.71,154.544487131814,103.592669026616,52.8017111896291
132,1,9,481,177.44,154.544487131814,103.592669026616,52.8017111896291
132,1,10,575,213.18,154.544487131814,103.592669026616,52.8017111896291
132,1,11,609,190.25,154.544487131814,103.592669026616,52.8017111896291
132,1,12,701,190.2,154.544487131814,103.592669026616,52.8017111896291
132,1,13,841,206.92,154.544487131814,103.592669026616,52.8017111896291
132,1,14,1079,219.13,154.544487131814,103.592669026616,52.8017111896291
132,1,15,1112,219.47,154.544487131814,103.592669026616,52.8017111896291
132,1,16,1138,216.4,154.544487131814,103.592669026616,52.8017111896291
132,1,17,975,210.34,154.544487131814,103.592669026616,52.8017111896291
132,1,18,787,192.76,154.544487131814,103.592669026616,52.8017111896291
132,1,19,672,181.14,154.544487131814,103.592669026616,52.8017111896291
132,1,20,546,181.69,154.544487131814,103.592669026616,52.8017111896291
132,1,21,455,176.44,154.544487131814,103.592669026616,52.8017111896291
132,1,22,443,173.22,154.544487131814,103.592669026616,52.8017111896291
132,1,23,485,177.39,154.544487131814,103.592669026616,52.8017111896291
133,1,1,3,107.72,166.126716440969,111.356349696702,56.7588987817846
133,1,2,14,97.69,166.126716440969,111.356349696702,56.7588987817846
133,1,3,55,97.9,166.126716440969,111.356349696702,56.7588987817846
133,1,4,124,99.64,166.126716440969,111.356349696702,56.7588987817846
133,1,5,144,103.82,166.126716440969,111.356349696702,56.7588987817846
133,1,6,108,108.84,166.126716440969,111.356349696702,56.7588987817846
133,1,7,80,110.15,166.126716440969,111.356349696702,56.7588987817846
133,1,8,76,116.74,166.126716440969,111.356349696702,56.7588987817846
133,1,9,59,117.05,166.126716440969,111.356349696702,56.7588987817846
133,1,10,55,114.74,166.126716440969,111.356349696702,56.7588987817846
133,1,11,55,114.55,166.126716440969,111.356349696702,56.7588987817846
133,1,12,63,120.39,166.126716440969,111.356349696702,56.7588987817846
133,1,13,60,125.21,166.126716440969,111.356349696702,56.7588987817846
133,1,14,85,139.94,166.126716440969,111.356349696702,56.7588987817846
133,1,15,61,138.09,166.126716440969,111.356349696702,56.7588987817846
133,1,16,58,144.72,166.126716440969,111.356349696702,56.7588987817846
133,1,17,57,130.67,166.126716440969,111.356349696702,56.7588987817846
133,1,18,40,119.5,166.126716440969,111.356349696702,56.7588987817846
133,1,19,39,112.69,166.126716440969,111.356349696702,56.7588987817846
133,1,20,24,109.87,166.126716440969,111.356349696702,56.7588987817846
133,1,21,4,101.71,166.126716440969,111.356349696702,56.7588987817846
134,1,2,13,114.44,81.5079595113608,54.6355760040374,27.8480314480846
134,1,3,22,125.17,81.5079595113608,54.6355760040374,27.8480314480846
134,1,4,27,132.31,81.5079595113608,54.6355760040374,27.8480314480846
134,1,5,38,131.94,81.5079595113608,54.6355760040374,27.8480314480846
134,1,6,17,151.09,81.5079595113608,54.6355760040374,27.8480314480846
134,1,7,10,149.98,81.5079595113608,54.6355760040374,27.8480314480846
134,1,8,6,176.25,81.5079595113608,54.6355760040374,27.8480314480846
134,1,9,14,162.59,81.5079595113608,54.6355760040374,27.8480314480846
134,1,10,11,168.75,81.5079595113608,54.6355760040374,27.8480314480846
134,1,11,11,162.58,81.5079595113608,54.6355760040374,27.8480314480846
134,1,12,6,177.08,81.5079595113608,54.6355760040374,27.8480314480846
134,1,13,13,189.05,81.5079595113608,54.6355760040374,27.8480314480846
134,1,14,18,220.37,81.5079595113608,54.6355760040374,27.8480314480846
134,1,15,13,204.23,81.5079595113608,54.6355760040374,27.8480314480846
134,1,16,14,208.4,81.5079595113608,54.6355760040374,27.8480314480846
134,1,17,7,179.27,81.5079595113608,54.6355760040374,27.8480314480846
134,1,18,12,182.05,81.5079595113608,54.6355760040374,27.8480314480846
134,1,19,8,145.66,81.5079595113608,54.6355760040374,27.8480314480846
134,1,20,6,149.88,81.5079595113608,54.6355760040374,27.8480314480846
135,1,0,2,125.47,66.6317199120866,44.6638882798817,22.7654114110551
135,1,1,2,123.07,66.6317199120866,44.6638882798817,22.7654114110551
135,1,2,6,131.59,66.6317199120866,44.6638882798817,22.7654114110551
135,1,3,18,129.23,66.6317199120866,44.6638882798817,22.7654114110551
135,1,4,21,133.09,66.6317199120866,44.6638882798817,22.7654114110551
135,1,5,35,130.05,66.6317199120866,44.6638882798817,22.7654114110551
135,1,6,15,142.24,66.6317199120866,44.6638882798817,22.7654114110551
135,1,7,5,151.12,66.6317199120866,44.6638882798817,22.7654114110551
135,1,8,10,181.57,66.6317199120866,44.6638882798817,22.7654114110551
135,1,9,10,162.82,66.6317199120866,44.6638882798817,22.7654114110551
135,1,10,19,162.51,66.6317199120866,44.6638882798817,22.7654114110551
135,1,11,12,179.79,66.6317199120866,44.6638882798817,22.7654114110551
135,1,12,20,163.31,66.6317199120866,44.6638882798817,22.7654114110551
135,1,13,20,187,66.6317199120866,44.6638882798817,22.7654114110551
135,1,14,12,179.9,66.6317199120866,44.6638882798817,22.7654114110551
135,1,15,17,195.89,66.6317199120866,44.6638882798817,22.7654114110551
135,1,16,19,215.61,66.6317199120866,44.6638882798817,22.7654114110551
135,1,17,19,224.81,66.6317199120866,44.6638882798817,22.7654114110551
135,1,18,7,155.57,66.6317199120866,44.6638882798817,22.7654114110551
135,1,19,14,167.95,66.6317199120866,44.6638882798817,22.7654114110551
135,1,20,10,159,66.6317199120866,44.6638882798817,22.7654114110551
135,1,22,2,137.41,66.6317199120866,44.6638882798817,22.7654114110551
136,1,1,2,106.99,97.0615279407834,65.0612838140983,33.1620678360539
136,1,2,7,110.56,97.0615279407834,65.0612838140983,33.1620678360539
136,1,3,23,106.78,97.0615279407834,65.0612838140983,33.1620678360539
136,1,4,67,109.09,97.0615279407834,65.0612838140983,33.1620678360539
136,1,5,59,116.75,97.0615279407834,65.0612838140983,33.1620678360539
136,1,6,20,111.94,97.0615279407834,65.0612838140983,33.1620678360539
136,1,7,21,118.97,97.0615279407834,65.0612838140983,33.1620678360539
136,1,8,2,109.16,97.0615279407834,65.0612838140983,33.1620678360539
136,1,9,10,128.08,97.0615279407834,65.0612838140983,33.1620678360539
136,1,10,9,119.81,97.0615279407834,65.0612838140983,33.1620678360539
136,1,11,13,134.91,97.0615279407834,65.0612838140983,33.1620678360539
136,1,12,16,132.33,97.0615279407834,65.0612838140983,33.1620678360539
136,1,13,10,125.87,97.0615279407834,65.0612838140983,33.1620678360539
136,1,14,21,144.08,97.0615279407834,65.0612838140983,33.1620678360539
136,1,15,13,166.37,97.0615279407834,65.0612838140983,33.1620678360539
136,1,16,18,142.18,97.0615279407834,65.0612838140983,33.1620678360539
136,1,17,20,135.15,97.0615279407834,65.0612838140983,33.1620678360539
136,1,18,11,128.77,97.0615279407834,65.0612838140983,33.1620678360539
136,1,19,9,131.53,97.0615279407834,65.0612838140983,33.1620678360539
136,1,20,4,115.81,97.0615279407834,65.0612838140983,33.1620678360539
136,1,21,3,115.41,97.0615279407834,65.0612838140983,33.1620678360539
137,1,0,5,159.11,90.8813634953139,60.9186596298818,31.0505511834038
137,1,1,10,99.77,90.8813634953139,60.9186596298818,31.0505511834038
137,1,2,86,88.23,90.8813634953139,60.9186596298818,31.0505511834038
137,1,3,381,91.09,90.8813634953139,60.9186596298818,31.0505511834038
137,1,4,937,94.91,90.8813634953139,60.9186596298818,31.0505511834038
137,1,5,946,92.27,90.8813634953139,60.9186596298818,31.0505511834038
137,1,6,816,90.73,90.8813634953139,60.9186596298818,31.0505511834038
137,1,7,625,93.34,90.8813634953139,60.9186596298818,31.0505511834038
137,1,8,495,94.67,90.8813634953139,60.9186596298818,31.0505511834038
137,1,9,446,95.02,90.8813634953139,60.9186596298818,31.0505511834038
137,1,10,336,100.34,90.8813634953139,60.9186596298818,31.0505511834038
137,1,11,384,102.32,90.8813634953139,60.9186596298818,31.0505511834038
137,1,12,507,110.31,90.8813634953139,60.9186596298818,31.0505511834038
137,1,13,624,117.75,90.8813634953139,60.9186596298818,31.0505511834038
137,1,14,808,125.63,90.8813634953139,60.9186596298818,31.0505511834038
137,1,15,765,138.76,90.8813634953139,60.9186596298818,31.0505511834038
137,1,16,706,147.13,90.8813634953139,60.9186596298818,31.0505511834038
137,1,17,507,141.92,90.8813634953139,60.9186596298818,31.0505511834038
137,1,18,415,125.3,90.8813634953139,60.9186596298818,31.0505511834038
137,1,19,285,114.14,90.8813634953139,60.9186596298818,31.0505511834038
137,1,20,187,109.31,90.8813634953139,60.9186596298818,31.0505511834038
137,1,21,73,101.23,90.8813634953139,60.9186596298818,31.0505511834038
137,1,22,14,88.2,90.8813634953139,60.9186596298818,31.0505511834038
137,1,23,8,127.27,90.8813634953139,60.9186596298818,31.0505511834038
138,1,0,180,148.8,2.69111869599446,1.80388296961842,0.919448340086793
138,1,1,71,135.8,2.69111869599446,1.80388296961842,0.919448340086793
138,1,2,58,134.86,2.69111869599446,1.80388296961842,0.919448340086793
138,1,3,65,127.46,2.69111869599446,1.80388296961842,0.919448340086793
138,1,4,147,124.98,2.69111869599446,1.80388296961842,0.919448340086793
138,1,5,213,131.27,2.69111869599446,1.80388296961842,0.919448340086793
138,1,6,256,169.9,2.69111869599446,1.80388296961842,0.919448340086793
138,1,7,253,146.23,2.69111869599446,1.80388296961842,0.919448340086793
138,1,8,293,157.54,2.69111869599446,1.80388296961842,0.919448340086793
138,1,9,341,153.17,2.69111869599446,1.80388296961842,0.919448340086793
138,1,10,423,162.36,2.69111869599446,1.80388296961842,0.919448340086793
138,1,11,484,164.37,2.69111869599446,1.80388296961842,0.919448340086793
138,1,12,562,172.34,2.69111869599446,1.80388296961842,0.919448340086793
138,1,13,645,178.18,2.69111869599446,1.80388296961842,0.919448340086793
138,1,14,715,190.63,2.69111869599446,1.80388296961842,0.919448340086793
138,1,15,781,205.64,2.69111869599446,1.80388296961842,0.919448340086793
138,1,16,712,220.83,2.69111869599446,1.80388296961842,0.919448340086793
138,1,17,770,188.54,2.69111869599446,1.80388296961842,0.919448340086793
138,1,18,737,174.8,2.69111869599446,1.80388296961842,0.919448340086793
138,1,19,565,157.98,2.69111869599446,1.80388296961842,0.919448340086793
138,1,20,365,150.06,2.69111869599446,1.80388296961842,0.919448340086793
138,1,21,272,145.94,2.69111869599446,1.80388296961842,0.919448340086793
138,1,22,202,152.93,2.69111869599446,1.80388296961842,0.919448340086793
138,1,23,200,150.83,2.69111869599446,1.80388296961842,0.919448340086793
139,1,2,8,143.14,148.45804436322,99.5128673916431,50.7222155103986
139,1,3,14,146.58,148.45804436322,99.5128673916431,50.7222155103986
139,1,4,9,153.08,148.45804436322,99.5128673916431,50.7222155103986
139,1,5,11,152.71,148.45804436322,99.5128673916431,50.7222155103986
139,1,6,4,168.05,148.45804436322,99.5128673916431,50.7222155103986
139,1,7,6,175.04,148.45804436322,99.5128673916431,50.7222155103986
139,1,8,6,153.03,148.45804436322,99.5128673916431,50.7222155103986
139,1,9,4,186.68,148.45804436322,99.5128673916431,50.7222155103986
139,1,11,5,178.96,148.45804436322,99.5128673916431,50.7222155103986
139,1,12,5,182.97,148.45804436322,99.5128673916431,50.7222155103986
139,1,13,5,198.5,148.45804436322,99.5128673916431,50.7222155103986
139,1,14,12,208.49,148.45804436322,99.5128673916431,50.7222155103986
139,1,15,10,230.3,148.45804436322,99.5128673916431,50.7222155103986
139,1,16,7,192.34,148.45804436322,99.5128673916431,50.7222155103986
139,1,17,3,175.51,148.45804436322,99.5128673916431,50.7222155103986
139,1,18,7,178.59,148.45804436322,99.5128673916431,50.7222155103986
139,1,19,5,167.66,148.45804436322,99.5128673916431,50.7222155103986
139,1,20,3,160.28,148.45804436322,99.5128673916431,50.7222155103986
140,1,0,2,97.88,65.9076521312631,44.1785386219045,22.5180262176114
140,1,1,7,115.69,65.9076521312631,44.1785386219045,22.5180262176114
140,1,2,50,108.17,65.9076521312631,44.1785386219045,22.5180262176114
140,1,3,315,102.75,65.9076521312631,44.1785386219045,22.5180262176114
140,1,4,734,105.48,65.9076521312631,44.1785386219045,22.5180262176114
140,1,5,846,105.67,65.9076521312631,44.1785386219045,22.5180262176114
140,1,6,724,105.65,65.9076521312631,44.1785386219045,22.5180262176114
140,1,7,603,111.56,65.9076521312631,44.1785386219045,22.5180262176114
140,1,8,412,114.68,65.9076521312631,44.1785386219045,22.5180262176114
140,1,9,334,116.59,65.9076521312631,44.1785386219045,22.5180262176114
140,1,10,320,117.32,65.9076521312631,44.1785386219045,22.5180262176114
140,1,11,396,125.58,65.9076521312631,44.1785386219045,22.5180262176114
140,1,12,443,126.28,65.9076521312631,44.1785386219045,22.5180262176114
140,1,13,635,135.99,65.9076521312631,44.1785386219045,22.5180262176114
140,1,14,684,172.26,65.9076521312631,44.1785386219045,22.5180262176114
140,1,15,729,161.47,65.9076521312631,44.1785386219045,22.5180262176114
140,1,16,571,166.37,65.9076521312631,44.1785386219045,22.5180262176114
140,1,17,455,159,65.9076521312631,44.1785386219045,22.5180262176114
140,1,18,320,141.5,65.9076521312631,44.1785386219045,22.5180262176114
140,1,19,280,129.03,65.9076521312631,44.1785386219045,22.5180262176114
140,1,20,139,121.35,65.9076521312631,44.1785386219045,22.5180262176114
140,1,21,56,114.77,65.9076521312631,44.1785386219045,22.5180262176114
140,1,22,8,145.25,65.9076521312631,44.1785386219045,22.5180262176114
140,1,23,7,125.44,65.9076521312631,44.1785386219045,22.5180262176114
141,1,0,6,118.96,69.5204438500143,46.6002279602209,23.7523736114404
141,1,1,13,113.06,69.5204438500143,46.6002279602209,23.7523736114404
141,1,2,66,98.94,69.5204438500143,46.6002279602209,23.7523736114404
141,1,3,454,102.24,69.5204438500143,46.6002279602209,23.7523736114404
141,1,4,1120,107.31,69.5204438500143,46.6002279602209,23.7523736114404
141,1,5,1444,106.82,69.5204438500143,46.6002279602209,23.7523736114404
141,1,6,1203,108.63,69.5204438500143,46.6002279602209,23.7523736114404
141,1,7,995,114.42,69.5204438500143,46.6002279602209,23.7523736114404
141,1,8,658,118.72,69.5204438500143,46.6002279602209,23.7523736114404
141,1,9,588,117.51,69.5204438500143,46.6002279602209,23.7523736114404
141,1,10,478,122.19,69.5204438500143,46.6002279602209,23.7523736114404
141,1,11,565,125.13,69.5204438500143,46.6002279602209,23.7523736114404
141,1,12,584,129.82,69.5204438500143,46.6002279602209,23.7523736114404
141,1,13,914,137.8,69.5204438500143,46.6002279602209,23.7523736114404
141,1,14,1078,150.08,69.5204438500143,46.6002279602209,23.7523736114404
141,1,15,958,164.3,69.5204438500143,46.6002279602209,23.7523736114404
141,1,16,849,165.47,69.5204438500143,46.6002279602209,23.7523736114404
141,1,17,642,158.53,69.5204438500143,46.6002279602209,23.7523736114404
141,1,18,511,142.81,69.5204438500143,46.6002279602209,23.7523736114404
141,1,19,384,167.54,69.5204438500143,46.6002279602209,23.7523736114404
141,1,20,239,120.23,69.5204438500143,46.6002279602209,23.7523736114404
141,1,21,75,113.75,69.5204438500143,46.6002279602209,23.7523736114404
141,1,22,16,112.88,69.5204438500143,46.6002279602209,23.7523736114404
141,1,23,7,147.09,69.5204438500143,46.6002279602209,23.7523736114404
142,1,0,13,119.51,86.3522158143031,57.8827280001017,29.5031213641574
142,1,1,18,104.69,86.3522158143031,57.8827280001017,29.5031213641574
142,1,2,103,90.34,86.3522158143031,57.8827280001017,29.5031213641574
142,1,3,598,90.81,86.3522158143031,57.8827280001017,29.5031213641574
142,1,4,1890,95.18,86.3522158143031,57.8827280001017,29.5031213641574
142,1,5,2616,97.4,86.3522158143031,57.8827280001017,29.5031213641574
142,1,6,2626,113.2,86.3522158143031,57.8827280001017,29.5031213641574
142,1,7,2142,103.57,86.3522158143031,57.8827280001017,29.5031213641574
142,1,8,1676,106.94,86.3522158143031,57.8827280001017,29.5031213641574
142,1,9,1584,105.67,86.3522158143031,57.8827280001017,29.5031213641574
142,1,10,1419,105.65,86.3522158143031,57.8827280001017,29.5031213641574
142,1,11,1435,107.86,86.3522158143031,57.8827280001017,29.5031213641574
142,1,12,1709,113.67,86.3522158143031,57.8827280001017,29.5031213641574
142,1,13,2125,114.36,86.3522158143031,57.8827280001017,29.5031213641574
142,1,14,2664,131.11,86.3522158143031,57.8827280001017,29.5031213641574
142,1,15,2490,132.52,86.3522158143031,57.8827280001017,29.5031213641574
142,1,16,2123,143.1,86.3522158143031,57.8827280001017,29.5031213641574
142,1,17,1568,140.38,86.3522158143031,57.8827280001017,29.5031213641574
142,1,18,1246,123.9,86.3522158143031,57.8827280001017,29.5031213641574
142,1,19,846,112.33,86.3522158143031,57.8827280001017,29.5031213641574
142,1,20,470,102.18,86.3522158143031,57.8827280001017,29.5031213641574
142,1,21,164,102.18,86.3522158143031,57.8827280001017,29.5031213641574
142,1,22,50,100.87,86.3522158143031,57.8827280001017,29.5031213641574
142,1,23,19,104.27,86.3522158143031,57.8827280001017,29.5031213641574
143,1,0,8,102.55,91.1918682434246,61.1267939748797,31.1566383194577
143,1,1,5,87.51,91.1918682434246,61.1267939748797,31.1566383194577
143,1,2,83,92.03,91.1918682434246,61.1267939748797,31.1566383194577
143,1,3,537,91.27,91.1918682434246,61.1267939748797,31.1566383194577
143,1,4,1692,95.02,91.1918682434246,61.1267939748797,31.1566383194577
143,1,5,2351,94.78,91.1918682434246,61.1267939748797,31.1566383194577
143,1,6,2254,96.45,91.1918682434246,61.1267939748797,31.1566383194577
143,1,7,1825,99.4,91.1918682434246,61.1267939748797,31.1566383194577
143,1,8,1342,105.52,91.1918682434246,61.1267939748797,31.1566383194577
143,1,9,1089,102.88,91.1918682434246,61.1267939748797,31.1566383194577
143,1,10,929,99.82,91.1918682434246,61.1267939748797,31.1566383194577
143,1,11,913,102.37,91.1918682434246,61.1267939748797,31.1566383194577
143,1,12,1070,103.27,91.1918682434246,61.1267939748797,31.1566383194577
143,1,13,1296,108.59,91.1918682434246,61.1267939748797,31.1566383194577
143,1,14,1754,113.8,91.1918682434246,61.1267939748797,31.1566383194577
143,1,15,1671,126.58,91.1918682434246,61.1267939748797,31.1566383194577
143,1,16,1367,136.36,91.1918682434246,61.1267939748797,31.1566383194577
143,1,17,1127,150.48,91.1918682434246,61.1267939748797,31.1566383194577
143,1,18,904,121.22,91.1918682434246,61.1267939748797,31.1566383194577
143,1,19,604,107.34,91.1918682434246,61.1267939748797,31.1566383194577
143,1,20,393,100.88,91.1918682434246,61.1267939748797,31.1566383194577
143,1,21,159,96.8,91.1918682434246,61.1267939748797,31.1566383194577
143,1,22,37,100.29,91.1918682434246,61.1267939748797,31.1566383194577
143,1,23,10,100.93,91.1918682434246,61.1267939748797,31.1566383194577
144,1,0,9,130.88,115.141128495107,77.1802154635979,39.3391490416682
144,1,1,5,92.87,115.141128495107,77.1802154635979,39.3391490416682
144,1,2,78,94.01,115.141128495107,77.1802154635979,39.3391490416682
144,1,3,394,98.42,115.141128495107,77.1802154635979,39.3391490416682
144,1,4,1160,101.73,115.141128495107,77.1802154635979,39.3391490416682
144,1,5,1508,91.4,115.141128495107,77.1802154635979,39.3391490416682
144,1,6,1608,84.32,115.141128495107,77.1802154635979,39.3391490416682
144,1,7,1300,83.12,115.141128495107,77.1802154635979,39.3391490416682
144,1,8,1237,86.32,115.141128495107,77.1802154635979,39.3391490416682
144,1,9,1117,84.11,115.141128495107,77.1802154635979,39.3391490416682
144,1,10,1050,102.53,115.141128495107,77.1802154635979,39.3391490416682
144,1,11,1262,85.92,115.141128495107,77.1802154635979,39.3391490416682
144,1,12,1567,90.92,115.141128495107,77.1802154635979,39.3391490416682
144,1,13,2101,97.67,115.141128495107,77.1802154635979,39.3391490416682
144,1,14,2614,106.78,115.141128495107,77.1802154635979,39.3391490416682
144,1,15,2339,123.39,115.141128495107,77.1802154635979,39.3391490416682
144,1,16,1966,132.92,115.141128495107,77.1802154635979,39.3391490416682
144,1,17,1524,127.49,115.141128495107,77.1802154635979,39.3391490416682
144,1,18,1108,110.29,115.141128495107,77.1802154635979,39.3391490416682
144,1,19,750,98.47,115.141128495107,77.1802154635979,39.3391490416682
144,1,20,431,91.61,115.141128495107,77.1802154635979,39.3391490416682
144,1,21,140,89.31,115.141128495107,77.1802154635979,39.3391490416682
144,1,22,43,101.54,115.141128495107,77.1802154635979,39.3391490416682
144,1,23,15,144.05,115.141128495107,77.1802154635979,39.3391490416682
145,1,0,14,120.33,68.7608880217821,46.091090319781,23.4928635621398
145,1,1,16,110.26,68.7608880217821,46.091090319781,23.4928635621398
145,1,2,113,109.97,68.7608880217821,46.091090319781,23.4928635621398
145,1,3,430,105.38,68.7608880217821,46.091090319781,23.4928635621398
145,1,4,767,107.21,68.7608880217821,46.091090319781,23.4928635621398
145,1,5,922,107.8,68.7608880217821,46.091090319781,23.4928635621398
145,1,6,817,108.98,68.7608880217821,46.091090319781,23.4928635621398
145,1,7,670,115.14,68.7608880217821,46.091090319781,23.4928635621398
145,1,8,441,122.75,68.7608880217821,46.091090319781,23.4928635621398
145,1,9,336,119.54,68.7608880217821,46.091090319781,23.4928635621398
145,1,10,354,121.9,68.7608880217821,46.091090319781,23.4928635621398
145,1,11,386,127.09,68.7608880217821,46.091090319781,23.4928635621398
145,1,12,438,133.83,68.7608880217821,46.091090319781,23.4928635621398
145,1,13,548,143.72,68.7608880217821,46.091090319781,23.4928635621398
145,1,14,694,150.75,68.7608880217821,46.091090319781,23.4928635621398
145,1,15,636,165.04,68.7608880217821,46.091090319781,23.4928635621398
145,1,16,514,165.65,68.7608880217821,46.091090319781,23.4928635621398
145,1,17,395,158.95,68.7608880217821,46.091090319781,23.4928635621398
145,1,18,305,140.99,68.7608880217821,46.091090319781,23.4928635621398
145,1,19,251,128.13,68.7608880217821,46.091090319781,23.4928635621398
145,1,20,216,119.6,68.7608880217821,46.091090319781,23.4928635621398
145,1,21,104,118.21,68.7608880217821,46.091090319781,23.4928635621398
145,1,22,34,129.94,68.7608880217821,46.091090319781,23.4928635621398
145,1,23,8,129.15,68.7608880217821,46.091090319781,23.4928635621398
146,1,0,4,145.11,54.399527125667,36.4645307854113,18.5861571218128
146,1,1,8,108.91,54.399527125667,36.4645307854113,18.5861571218128
146,1,2,47,113.79,54.399527125667,36.4645307854113,18.5861571218128
146,1,3,145,113.18,54.399527125667,36.4645307854113,18.5861571218128
146,1,4,264,109.24,54.399527125667,36.4645307854113,18.5861571218128
146,1,5,279,111.59,54.399527125667,36.4645307854113,18.5861571218128
146,1,6,243,114.19,54.399527125667,36.4645307854113,18.5861571218128
146,1,7,178,131.76,54.399527125667,36.4645307854113,18.5861571218128
146,1,8,135,128.09,54.399527125667,36.4645307854113,18.5861571218128
146,1,9,121,130.85,54.399527125667,36.4645307854113,18.5861571218128
146,1,10,113,134.08,54.399527125667,36.4645307854113,18.5861571218128
146,1,11,180,137.88,54.399527125667,36.4645307854113,18.5861571218128
146,1,12,159,143.72,54.399527125667,36.4645307854113,18.5861571218128
146,1,13,180,157.54,54.399527125667,36.4645307854113,18.5861571218128
146,1,14,211,162.18,54.399527125667,36.4645307854113,18.5861571218128
146,1,15,186,175.82,54.399527125667,36.4645307854113,18.5861571218128
146,1,16,160,177.25,54.399527125667,36.4645307854113,18.5861571218128
146,1,17,114,156.58,54.399527125667,36.4645307854113,18.5861571218128
146,1,18,98,147.61,54.399527125667,36.4645307854113,18.5861571218128
146,1,19,59,133.15,54.399527125667,36.4645307854113,18.5861571218128
146,1,20,61,126.34,54.399527125667,36.4645307854113,18.5861571218128
146,1,21,24,123.64,54.399527125667,36.4645307854113,18.5861571218128
146,1,22,4,231.1,54.399527125667,36.4645307854113,18.5861571218128
146,1,23,4,128.93,54.399527125667,36.4645307854113,18.5861571218128
147,1,2,4,118.61,49.5476886573374,33.2122963903301,16.9284766810671
147,1,3,14,118.83,49.5476886573374,33.2122963903301,16.9284766810671
147,1,4,25,125.6,49.5476886573374,33.2122963903301,16.9284766810671
147,1,5,19,124.15,49.5476886573374,33.2122963903301,16.9284766810671
147,1,6,10,123.43,49.5476886573374,33.2122963903301,16.9284766810671
147,1,7,10,134.56,49.5476886573374,33.2122963903301,16.9284766810671
147,1,8,3,148.24,49.5476886573374,33.2122963903301,16.9284766810671
147,1,9,8,161.79,49.5476886573374,33.2122963903301,16.9284766810671
147,1,10,5,168.06,49.5476886573374,33.2122963903301,16.9284766810671
147,1,11,4,121.11,49.5476886573374,33.2122963903301,16.9284766810671
147,1,12,9,143.75,49.5476886573374,33.2122963903301,16.9284766810671
147,1,13,8,158.6,49.5476886573374,33.2122963903301,16.9284766810671
147,1,14,11,161.56,49.5476886573374,33.2122963903301,16.9284766810671
147,1,15,9,173.6,49.5476886573374,33.2122963903301,16.9284766810671
147,1,16,5,167.93,49.5476886573374,33.2122963903301,16.9284766810671
147,1,17,9,165.91,49.5476886573374,33.2122963903301,16.9284766810671
147,1,18,2,143.57,49.5476886573374,33.2122963903301,16.9284766810671
147,1,19,5,163.09,49.5476886573374,33.2122963903301,16.9284766810671
147,1,20,3,132.3,49.5476886573374,33.2122963903301,16.9284766810671
148,1,0,12,123.94,112.146129535444,75.1726386051703,38.3158768886702
148,1,1,29,112.43,112.146129535444,75.1726386051703,38.3158768886702
148,1,2,139,105.73,112.146129535444,75.1726386051703,38.3158768886702
148,1,3,660,99.32,112.146129535444,75.1726386051703,38.3158768886702
148,1,4,1602,104.11,112.146129535444,75.1726386051703,38.3158768886702
148,1,5,1955,94.03,112.146129535444,75.1726386051703,38.3158768886702
148,1,6,1988,85.98,112.146129535444,75.1726386051703,38.3158768886702
148,1,7,1684,87.4,112.146129535444,75.1726386051703,38.3158768886702
148,1,8,1479,91.2,112.146129535444,75.1726386051703,38.3158768886702
148,1,9,1551,83.75,112.146129535444,75.1726386051703,38.3158768886702
148,1,10,1489,87.33,112.146129535444,75.1726386051703,38.3158768886702
148,1,11,1790,91.47,112.146129535444,75.1726386051703,38.3158768886702
148,1,12,1958,95.97,112.146129535444,75.1726386051703,38.3158768886702
148,1,13,2463,102.01,112.146129535444,75.1726386051703,38.3158768886702
148,1,14,3006,114.73,112.146129535444,75.1726386051703,38.3158768886702
148,1,15,2478,127.2,112.146129535444,75.1726386051703,38.3158768886702
148,1,16,2037,134.35,112.146129535444,75.1726386051703,38.3158768886702
148,1,17,1586,127.51,112.146129535444,75.1726386051703,38.3158768886702
148,1,18,1113,114.26,112.146129535444,75.1726386051703,38.3158768886702
148,1,19,786,103.5,112.146129535444,75.1726386051703,38.3158768886702
148,1,20,427,97.54,112.146129535444,75.1726386051703,38.3158768886702
148,1,21,168,86.41,112.146129535444,75.1726386051703,38.3158768886702
148,1,22,48,93.94,112.146129535444,75.1726386051703,38.3158768886702
148,1,23,29,143.14,112.146129535444,75.1726386051703,38.3158768886702
149,1,1,2,91.96,191.718661483659,128.510878737221,65.5026496331006
149,1,2,9,102.09,191.718661483659,128.510878737221,65.5026496331006
149,1,3,60,104.15,191.718661483659,128.510878737221,65.5026496331006
149,1,4,77,110.34,191.718661483659,128.510878737221,65.5026496331006
149,1,5,75,114.8,191.718661483659,128.510878737221,65.5026496331006
149,1,6,62,111.51,191.718661483659,128.510878737221,65.5026496331006
149,1,7,47,121.3,191.718661483659,128.510878737221,65.5026496331006
149,1,8,35,112.11,191.718661483659,128.510878737221,65.5026496331006
149,1,9,36,117.98,191.718661483659,128.510878737221,65.5026496331006
149,1,10,40,122.16,191.718661483659,128.510878737221,65.5026496331006
149,1,11,27,118.8,191.718661483659,128.510878737221,65.5026496331006
149,1,12,27,138.56,191.718661483659,128.510878737221,65.5026496331006
149,1,13,46,141.41,191.718661483659,128.510878737221,65.5026496331006
149,1,14,39,145.5,191.718661483659,128.510878737221,65.5026496331006
149,1,15,48,152.78,191.718661483659,128.510878737221,65.5026496331006
149,1,16,27,157.84,191.718661483659,128.510878737221,65.5026496331006
149,1,17,37,141.75,191.718661483659,128.510878737221,65.5026496331006
149,1,18,45,121.44,191.718661483659,128.510878737221,65.5026496331006
149,1,19,33,122.47,191.718661483659,128.510878737221,65.5026496331006
149,1,20,22,126.27,191.718661483659,128.510878737221,65.5026496331006
149,1,21,3,108.44,191.718661483659,128.510878737221,65.5026496331006
150,1,0,3,98.69,215.517427074144,144.463422194525,73.6337423087436
150,1,1,3,116.8,215.517427074144,144.463422194525,73.6337423087436
150,1,2,4,87.11,215.517427074144,144.463422194525,73.6337423087436
150,1,3,9,95.33,215.517427074144,144.463422194525,73.6337423087436
150,1,4,29,104.02,215.517427074144,144.463422194525,73.6337423087436
150,1,5,42,99.08,215.517427074144,144.463422194525,73.6337423087436
150,1,6,27,107.75,215.517427074144,144.463422194525,73.6337423087436
150,1,7,16,109.43,215.517427074144,144.463422194525,73.6337423087436
150,1,8,12,108.12,215.517427074144,144.463422194525,73.6337423087436
150,1,9,5,108.6,215.517427074144,144.463422194525,73.6337423087436
150,1,10,16,110.15,215.517427074144,144.463422194525,73.6337423087436
150,1,11,27,119.93,215.517427074144,144.463422194525,73.6337423087436
150,1,12,12,116.34,215.517427074144,144.463422194525,73.6337423087436
150,1,13,20,119.42,215.517427074144,144.463422194525,73.6337423087436
150,1,14,25,127.2,215.517427074144,144.463422194525,73.6337423087436
150,1,15,26,141.6,215.517427074144,144.463422194525,73.6337423087436
150,1,16,13,139.85,215.517427074144,144.463422194525,73.6337423087436
150,1,17,16,125.09,215.517427074144,144.463422194525,73.6337423087436
150,1,18,14,124.36,215.517427074144,144.463422194525,73.6337423087436
150,1,19,13,133.61,215.517427074144,144.463422194525,73.6337423087436
150,1,20,7,111.78,215.517427074144,144.463422194525,73.6337423087436
150,1,21,4,117.82,215.517427074144,144.463422194525,73.6337423087436
150,1,22,2,95,215.517427074144,144.463422194525,73.6337423087436
151,1,0,4,139.72,78.7730333851193,52.8023284889298,26.9136158495547
151,1,1,4,95.32,78.7730333851193,52.8023284889298,26.9136158495547
151,1,2,77,104.56,78.7730333851193,52.8023284889298,26.9136158495547
151,1,3,314,101.07,78.7730333851193,52.8023284889298,26.9136158495547
151,1,4,795,105.63,78.7730333851193,52.8023284889298,26.9136158495547
151,1,5,946,106.21,78.7730333851193,52.8023284889298,26.9136158495547
151,1,6,786,107.34,78.7730333851193,52.8023284889298,26.9136158495547
151,1,7,673,114.63,78.7730333851193,52.8023284889298,26.9136158495547
151,1,8,499,119.02,78.7730333851193,52.8023284889298,26.9136158495547
151,1,9,423,112.36,78.7730333851193,52.8023284889298,26.9136158495547
151,1,10,382,112.74,78.7730333851193,52.8023284889298,26.9136158495547
151,1,11,385,114.94,78.7730333851193,52.8023284889298,26.9136158495547
151,1,12,418,116.73,78.7730333851193,52.8023284889298,26.9136158495547
151,1,13,612,119.31,78.7730333851193,52.8023284889298,26.9136158495547
151,1,14,754,130.14,78.7730333851193,52.8023284889298,26.9136158495547
151,1,15,632,138.71,78.7730333851193,52.8023284889298,26.9136158495547
151,1,16,522,147.18,78.7730333851193,52.8023284889298,26.9136158495547
151,1,17,469,142.49,78.7730333851193,52.8023284889298,26.9136158495547
151,1,18,333,129.85,78.7730333851193,52.8023284889298,26.9136158495547
151,1,19,305,119.23,78.7730333851193,52.8023284889298,26.9136158495547
151,1,20,190,111.53,78.7730333851193,52.8023284889298,26.9136158495547
151,1,21,54,110.07,78.7730333851193,52.8023284889298,26.9136158495547
151,1,22,15,101.43,78.7730333851193,52.8023284889298,26.9136158495547
151,1,23,5,117.2,78.7730333851193,52.8023284889298,26.9136158495547
152,1,2,39,101.65,77.3920451286781,51.8766386630796,26.441787029089
152,1,3,109,102.32,77.3920451286781,51.8766386630796,26.441787029089
152,1,4,159,107.89,77.3920451286781,51.8766386630796,26.441787029089
152,1,5,165,110.67,77.3920451286781,51.8766386630796,26.441787029089
152,1,6,110,109.05,77.3920451286781,51.8766386630796,26.441787029089
152,1,7,85,113.09,77.3920451286781,51.8766386630796,26.441787029089
152,1,8,76,112.77,77.3920451286781,51.8766386630796,26.441787029089
152,1,9,75,111.83,77.3920451286781,51.8766386630796,26.441787029089
152,1,10,58,113.28,77.3920451286781,51.8766386630796,26.441787029089
152,1,11,68,109.62,77.3920451286781,51.8766386630796,26.441787029089
152,1,12,103,116.64,77.3920451286781,51.8766386630796,26.441787029089
152,1,13,123,123.46,77.3920451286781,51.8766386630796,26.441787029089
152,1,14,131,129.39,77.3920451286781,51.8766386630796,26.441787029089
152,1,15,166,135.86,77.3920451286781,51.8766386630796,26.441787029089
152,1,16,141,146.29,77.3920451286781,51.8766386630796,26.441787029089
152,1,17,127,138.85,77.3920451286781,51.8766386630796,26.441787029089
152,1,18,105,125.46,77.3920451286781,51.8766386630796,26.441787029089
152,1,19,69,118.21,77.3920451286781,51.8766386630796,26.441787029089
152,1,20,47,109.78,77.3920451286781,51.8766386630796,26.441787029089
152,1,21,21,101.91,77.3920451286781,51.8766386630796,26.441787029089
152,1,22,3,105.97,77.3920451286781,51.8766386630796,26.441787029089
153,1,2,2,114.68,108.946388263002,73.0278209881937,37.2226524218218
153,1,3,7,112.97,108.946388263002,73.0278209881937,37.2226524218218
153,1,4,12,112.21,108.946388263002,73.0278209881937,37.2226524218218
153,1,5,20,114.37,108.946388263002,73.0278209881937,37.2226524218218
153,1,6,8,123.05,108.946388263002,73.0278209881937,37.2226524218218
153,1,7,8,122.92,108.946388263002,73.0278209881937,37.2226524218218
153,1,8,7,114.23,108.946388263002,73.0278209881937,37.2226524218218
153,1,9,6,117.42,108.946388263002,73.0278209881937,37.2226524218218
153,1,10,3,126.06,108.946388263002,73.0278209881937,37.2226524218218
153,1,11,2,130.24,108.946388263002,73.0278209881937,37.2226524218218
153,1,12,10,118.37,108.946388263002,73.0278209881937,37.2226524218218
153,1,13,5,116.46,108.946388263002,73.0278209881937,37.2226524218218
153,1,14,9,142.39,108.946388263002,73.0278209881937,37.2226524218218
153,1,15,5,142.51,108.946388263002,73.0278209881937,37.2226524218218
153,1,16,4,137.49,108.946388263002,73.0278209881937,37.2226524218218
153,1,17,6,134.86,108.946388263002,73.0278209881937,37.2226524218218
153,1,18,7,128.02,108.946388263002,73.0278209881937,37.2226524218218
153,1,19,4,120.9,108.946388263002,73.0278209881937,37.2226524218218
153,1,20,5,110.28,108.946388263002,73.0278209881937,37.2226524218218
154,1,5,4,122.85,195.604186511713,131.115383858665,66.830179163005
154,1,8,2,140.48,195.604186511713,131.115383858665,66.830179163005
154,1,12,2,147.71,195.604186511713,131.115383858665,66.830179163005
154,1,13,3,155.62,195.604186511713,131.115383858665,66.830179163005
154,1,14,4,261.65,195.604186511713,131.115383858665,66.830179163005
155,1,2,15,109.66,175.145423080635,117.4016762516,59.8402325267113
155,1,3,25,115.71,175.145423080635,117.4016762516,59.8402325267113
155,1,4,52,121.44,175.145423080635,117.4016762516,59.8402325267113
155,1,5,63,119.55,175.145423080635,117.4016762516,59.8402325267113
155,1,6,33,136.93,175.145423080635,117.4016762516,59.8402325267113
155,1,7,42,137.28,175.145423080635,117.4016762516,59.8402325267113
155,1,8,21,135.75,175.145423080635,117.4016762516,59.8402325267113
155,1,9,16,135.33,175.145423080635,117.4016762516,59.8402325267113
155,1,10,29,144.91,175.145423080635,117.4016762516,59.8402325267113
155,1,11,29,140.45,175.145423080635,117.4016762516,59.8402325267113
155,1,12,37,139.86,175.145423080635,117.4016762516,59.8402325267113
155,1,13,28,151.52,175.145423080635,117.4016762516,59.8402325267113
155,1,14,31,156.6,175.145423080635,117.4016762516,59.8402325267113
155,1,15,28,160.54,175.145423080635,117.4016762516,59.8402325267113
155,1,16,40,162.92,175.145423080635,117.4016762516,59.8402325267113
155,1,17,30,162.37,175.145423080635,117.4016762516,59.8402325267113
155,1,18,20,142.67,175.145423080635,117.4016762516,59.8402325267113
155,1,19,22,133.74,175.145423080635,117.4016762516,59.8402325267113
155,1,20,6,115.47,175.145423080635,117.4016762516,59.8402325267113
155,1,21,4,119.35,175.145423080635,117.4016762516,59.8402325267113
156,1,0,6,55.24,281.56126184097,188.733245358214,96.1982967223812
156,1,1,11,49.68,281.56126184097,188.733245358214,96.1982967223812
156,1,2,47,53.12,281.56126184097,188.733245358214,96.1982967223812
156,1,3,211,52.28,281.56126184097,188.733245358214,96.1982967223812
156,1,4,358,52.31,281.56126184097,188.733245358214,96.1982967223812
156,1,5,356,56.09,281.56126184097,188.733245358214,96.1982967223812
156,1,6,257,56.12,281.56126184097,188.733245358214,96.1982967223812
156,1,7,208,56.54,281.56126184097,188.733245358214,96.1982967223812
156,1,8,135,54.79,281.56126184097,188.733245358214,96.1982967223812
156,1,9,131,53.82,281.56126184097,188.733245358214,96.1982967223812
156,1,10,170,54.04,281.56126184097,188.733245358214,96.1982967223812
156,1,11,192,53.01,281.56126184097,188.733245358214,96.1982967223812
156,1,12,168,52.86,281.56126184097,188.733245358214,96.1982967223812
156,1,13,150,54.12,281.56126184097,188.733245358214,96.1982967223812
156,1,14,151,55.35,281.56126184097,188.733245358214,96.1982967223812
156,1,15,140,56.11,281.56126184097,188.733245358214,96.1982967223812
156,1,16,133,58.96,281.56126184097,188.733245358214,96.1982967223812
156,1,17,130,54.08,281.56126184097,188.733245358214,96.1982967223812
156,1,18,136,54.8,281.56126184097,188.733245358214,96.1982967223812
156,1,19,89,52.51,281.56126184097,188.733245358214,96.1982967223812
156,1,20,42,54.21,281.56126184097,188.733245358214,96.1982967223812
156,1,21,11,51.99,281.56126184097,188.733245358214,96.1982967223812
156,1,22,14,66.05,281.56126184097,188.733245358214,96.1982967223812
156,1,23,3,57.97,281.56126184097,188.733245358214,96.1982967223812
157,1,0,3,106.7,60.4938700689978,40.5496279841531,20.6683519768764
157,1,1,5,128.54,60.4938700689978,40.5496279841531,20.6683519768764
157,1,2,16,126.42,60.4938700689978,40.5496279841531,20.6683519768764
157,1,3,19,118.39,60.4938700689978,40.5496279841531,20.6683519768764
157,1,4,34,110.7,60.4938700689978,40.5496279841531,20.6683519768764
157,1,5,33,116.44,60.4938700689978,40.5496279841531,20.6683519768764
157,1,6,24,118.31,60.4938700689978,40.5496279841531,20.6683519768764
157,1,7,25,132.83,60.4938700689978,40.5496279841531,20.6683519768764
157,1,8,12,135.29,60.4938700689978,40.5496279841531,20.6683519768764
157,1,9,11,137.02,60.4938700689978,40.5496279841531,20.6683519768764
157,1,10,14,151.8,60.4938700689978,40.5496279841531,20.6683519768764
157,1,11,20,143.69,60.4938700689978,40.5496279841531,20.6683519768764
157,1,12,21,142.88,60.4938700689978,40.5496279841531,20.6683519768764
157,1,13,24,165.47,60.4938700689978,40.5496279841531,20.6683519768764
157,1,14,18,185.4,60.4938700689978,40.5496279841531,20.6683519768764
157,1,15,23,188.67,60.4938700689978,40.5496279841531,20.6683519768764
157,1,16,19,176.7,60.4938700689978,40.5496279841531,20.6683519768764
157,1,17,10,154.67,60.4938700689978,40.5496279841531,20.6683519768764
157,1,18,13,163.28,60.4938700689978,40.5496279841531,20.6683519768764
157,1,19,4,130.82,60.4938700689978,40.5496279841531,20.6683519768764
157,1,21,4,126.51,60.4938700689978,40.5496279841531,20.6683519768764
157,1,23,2,100.52,60.4938700689978,40.5496279841531,20.6683519768764
158,1,0,9,109.18,117.070679713873,78.4736123649385,39.9984000319154
158,1,1,8,87.86,117.070679713873,78.4736123649385,39.9984000319154
158,1,2,40,84.7,117.070679713873,78.4736123649385,39.9984000319154
158,1,3,306,92.32,117.070679713873,78.4736123649385,39.9984000319154
158,1,4,1371,95.68,117.070679713873,78.4736123649385,39.9984000319154
158,1,5,2195,90.32,117.070679713873,78.4736123649385,39.9984000319154
158,1,6,2435,85.85,117.070679713873,78.4736123649385,39.9984000319154
158,1,7,1790,85.53,117.070679713873,78.4736123649385,39.9984000319154
158,1,8,1453,87.73,117.070679713873,78.4736123649385,39.9984000319154
158,1,9,1284,89.13,117.070679713873,78.4736123649385,39.9984000319154
158,1,10,1144,87.76,117.070679713873,78.4736123649385,39.9984000319154
158,1,11,1293,91.79,117.070679713873,78.4736123649385,39.9984000319154
158,1,12,1544,94.42,117.070679713873,78.4736123649385,39.9984000319154
158,1,13,1901,115.02,117.070679713873,78.4736123649385,39.9984000319154
158,1,14,2455,110.03,117.070679713873,78.4736123649385,39.9984000319154
158,1,15,2358,124.91,117.070679713873,78.4736123649385,39.9984000319154
158,1,16,1992,130.08,117.070679713873,78.4736123649385,39.9984000319154
158,1,17,1466,125.27,117.070679713873,78.4736123649385,39.9984000319154
158,1,18,1178,112.38,117.070679713873,78.4736123649385,39.9984000319154
158,1,19,712,101.36,117.070679713873,78.4736123649385,39.9984000319154
158,1,20,424,93.58,117.070679713873,78.4736123649385,39.9984000319154
158,1,21,142,88.8,117.070679713873,78.4736123649385,39.9984000319154
158,1,22,35,105.97,117.070679713873,78.4736123649385,39.9984000319154
158,1,23,19,104.2,117.070679713873,78.4736123649385,39.9984000319154
159,1,1,4,120.11,53.7733622441549,36.0448063906405,18.3722214593747
159,1,2,13,114.61,53.7733622441549,36.0448063906405,18.3722214593747
159,1,3,35,121.04,53.7733622441549,36.0448063906405,18.3722214593747
159,1,4,27,135.1,53.7733622441549,36.0448063906405,18.3722214593747
159,1,5,30,123.82,53.7733622441549,36.0448063906405,18.3722214593747
159,1,6,25,117.21,53.7733622441549,36.0448063906405,18.3722214593747
159,1,7,20,133.59,53.7733622441549,36.0448063906405,18.3722214593747
159,1,8,15,119.93,53.7733622441549,36.0448063906405,18.3722214593747
159,1,9,15,161.28,53.7733622441549,36.0448063906405,18.3722214593747
159,1,10,13,132.76,53.7733622441549,36.0448063906405,18.3722214593747
159,1,11,18,134.59,53.7733622441549,36.0448063906405,18.3722214593747
159,1,12,16,135.02,53.7733622441549,36.0448063906405,18.3722214593747
159,1,13,19,146.5,53.7733622441549,36.0448063906405,18.3722214593747
159,1,14,21,156.78,53.7733622441549,36.0448063906405,18.3722214593747
159,1,15,23,166.6,53.7733622441549,36.0448063906405,18.3722214593747
159,1,16,20,166.28,53.7733622441549,36.0448063906405,18.3722214593747
159,1,17,21,155.69,53.7733622441549,36.0448063906405,18.3722214593747
159,1,18,17,140.67,53.7733622441549,36.0448063906405,18.3722214593747
159,1,19,14,127.61,53.7733622441549,36.0448063906405,18.3722214593747
159,1,20,9,119.9,53.7733622441549,36.0448063906405,18.3722214593747
160,1,2,10,121.17,62.2417616367208,41.7212566590414,21.2655370817128
160,1,3,23,120.37,62.2417616367208,41.7212566590414,21.2655370817128
160,1,4,35,117.77,62.2417616367208,41.7212566590414,21.2655370817128
160,1,5,24,130.08,62.2417616367208,41.7212566590414,21.2655370817128
160,1,6,30,127.61,62.2417616367208,41.7212566590414,21.2655370817128
160,1,7,9,138.01,62.2417616367208,41.7212566590414,21.2655370817128
160,1,8,8,139.87,62.2417616367208,41.7212566590414,21.2655370817128
160,1,9,5,139.14,62.2417616367208,41.7212566590414,21.2655370817128
160,1,10,6,130.49,62.2417616367208,41.7212566590414,21.2655370817128
160,1,11,9,166.31,62.2417616367208,41.7212566590414,21.2655370817128
160,1,12,16,143.04,62.2417616367208,41.7212566590414,21.2655370817128
160,1,13,18,163.16,62.2417616367208,41.7212566590414,21.2655370817128
160,1,14,13,194.63,62.2417616367208,41.7212566590414,21.2655370817128
160,1,15,23,204.58,62.2417616367208,41.7212566590414,21.2655370817128
160,1,16,14,185.91,62.2417616367208,41.7212566590414,21.2655370817128
160,1,17,9,175.9,62.2417616367208,41.7212566590414,21.2655370817128
160,1,18,9,163.64,62.2417616367208,41.7212566590414,21.2655370817128
160,1,19,3,156.59,62.2417616367208,41.7212566590414,21.2655370817128
160,1,20,3,115.27,62.2417616367208,41.7212566590414,21.2655370817128
160,1,21,2,157.62,62.2417616367208,41.7212566590414,21.2655370817128
160,1,23,2,144.06,62.2417616367208,41.7212566590414,21.2655370817128
161,1,0,55,113.91,85.5847351768901,57.3682782831859,29.2409037224129
161,1,1,53,97.57,85.5847351768901,57.3682782831859,29.2409037224129
161,1,2,138,98.11,85.5847351768901,57.3682782831859,29.2409037224129
161,1,3,603,99.77,85.5847351768901,57.3682782831859,29.2409037224129
161,1,4,1448,105.51,85.5847351768901,57.3682782831859,29.2409037224129
161,1,5,2037,104.3,85.5847351768901,57.3682782831859,29.2409037224129
161,1,6,2249,105.53,85.5847351768901,57.3682782831859,29.2409037224129
161,1,7,2260,108.72,85.5847351768901,57.3682782831859,29.2409037224129
161,1,8,1784,113.3,85.5847351768901,57.3682782831859,29.2409037224129
161,1,9,2183,115.1,85.5847351768901,57.3682782831859,29.2409037224129
161,1,10,2411,117.92,85.5847351768901,57.3682782831859,29.2409037224129
161,1,11,3208,122.45,85.5847351768901,57.3682782831859,29.2409037224129
161,1,12,4057,136.58,85.5847351768901,57.3682782831859,29.2409037224129
161,1,13,5078,134.7,85.5847351768901,57.3682782831859,29.2409037224129
161,1,14,6079,145.07,85.5847351768901,57.3682782831859,29.2409037224129
161,1,15,5975,156.42,85.5847351768901,57.3682782831859,29.2409037224129
161,1,16,4758,166.57,85.5847351768901,57.3682782831859,29.2409037224129
161,1,17,3348,977.93,85.5847351768901,57.3682782831859,29.2409037224129
161,1,18,2158,155.14,85.5847351768901,57.3682782831859,29.2409037224129
161,1,19,1156,120.25,85.5847351768901,57.3682782831859,29.2409037224129
161,1,20,574,115.2,85.5847351768901,57.3682782831859,29.2409037224129
161,1,21,194,117.46,85.5847351768901,57.3682782831859,29.2409037224129
161,1,22,91,124.56,85.5847351768901,57.3682782831859,29.2409037224129
161,1,23,64,122.53,85.5847351768901,57.3682782831859,29.2409037224129
162,1,0,15,108.25,81.7839405922205,54.8205687999482,27.9423232186667
162,1,1,46,93.64,81.7839405922205,54.8205687999482,27.9423232186667
162,1,2,137,95.89,81.7839405922205,54.8205687999482,27.9423232186667
162,1,3,549,100.72,81.7839405922205,54.8205687999482,27.9423232186667
162,1,4,1389,102.19,81.7839405922205,54.8205687999482,27.9423232186667
162,1,5,1881,102.97,81.7839405922205,54.8205687999482,27.9423232186667
162,1,6,1981,103.54,81.7839405922205,54.8205687999482,27.9423232186667
162,1,7,1764,106.45,81.7839405922205,54.8205687999482,27.9423232186667
162,1,8,1447,112.3,81.7839405922205,54.8205687999482,27.9423232186667
162,1,9,1584,117.49,81.7839405922205,54.8205687999482,27.9423232186667
162,1,10,1710,119.95,81.7839405922205,54.8205687999482,27.9423232186667
162,1,11,2177,123.3,81.7839405922205,54.8205687999482,27.9423232186667
162,1,12,2653,132.04,81.7839405922205,54.8205687999482,27.9423232186667
162,1,13,3330,134.54,81.7839405922205,54.8205687999482,27.9423232186667
162,1,14,3861,143.12,81.7839405922205,54.8205687999482,27.9423232186667
162,1,15,3434,418.6,81.7839405922205,54.8205687999482,27.9423232186667
162,1,16,2727,162.62,81.7839405922205,54.8205687999482,27.9423232186667
162,1,17,1991,157.3,81.7839405922205,54.8205687999482,27.9423232186667
162,1,18,1212,140.36,81.7839405922205,54.8205687999482,27.9423232186667
162,1,19,670,124.07,81.7839405922205,54.8205687999482,27.9423232186667
162,1,20,326,117.17,81.7839405922205,54.8205687999482,27.9423232186667
162,1,21,134,115.07,81.7839405922205,54.8205687999482,27.9423232186667
162,1,22,42,119.94,81.7839405922205,54.8205687999482,27.9423232186667
162,1,23,25,122.73,81.7839405922205,54.8205687999482,27.9423232186667
163,1,0,45,115.74,84.1532628313956,56.4087484826755,28.7518264944541
163,1,1,41,100.18,84.1532628313956,56.4087484826755,28.7518264944541
163,1,2,144,97.22,84.1532628313956,56.4087484826755,28.7518264944541
163,1,3,756,101.08,84.1532628313956,56.4087484826755,28.7518264944541
163,1,4,1961,104.73,84.1532628313956,56.4087484826755,28.7518264944541
163,1,5,2650,105.98,84.1532628313956,56.4087484826755,28.7518264944541
163,1,6,3011,116.61,84.1532628313956,56.4087484826755,28.7518264944541
163,1,7,2684,107.65,84.1532628313956,56.4087484826755,28.7518264944541
163,1,8,2264,113.91,84.1532628313956,56.4087484826755,28.7518264944541
163,1,9,2457,117.52,84.1532628313956,56.4087484826755,28.7518264944541
163,1,10,2446,117.41,84.1532628313956,56.4087484826755,28.7518264944541
163,1,11,2934,124.19,84.1532628313956,56.4087484826755,28.7518264944541
163,1,12,3439,131.64,84.1532628313956,56.4087484826755,28.7518264944541
163,1,13,4310,125.88,84.1532628313956,56.4087484826755,28.7518264944541
163,1,14,5061,140.17,84.1532628313956,56.4087484826755,28.7518264944541
163,1,15,4489,155.16,84.1532628313956,56.4087484826755,28.7518264944541
163,1,16,3597,161.35,84.1532628313956,56.4087484826755,28.7518264944541
163,1,17,2371,150.92,84.1532628313956,56.4087484826755,28.7518264944541
163,1,18,1603,136.55,84.1532628313956,56.4087484826755,28.7518264944541
163,1,19,962,119.23,84.1532628313956,56.4087484826755,28.7518264944541
163,1,20,538,112.17,84.1532628313956,56.4087484826755,28.7518264944541
163,1,21,195,115.58,84.1532628313956,56.4087484826755,28.7518264944541
163,1,22,77,113.44,84.1532628313956,56.4087484826755,28.7518264944541
163,1,23,36,125.02,84.1532628313956,56.4087484826755,28.7518264944541
164,1,0,51,116.83,94.120991981748,63.0902140333599,32.1574035265513
164,1,1,65,88.35,94.120991981748,63.0902140333599,32.1574035265513
164,1,2,240,91.22,94.120991981748,63.0902140333599,32.1574035265513
164,1,3,1066,110.61,94.120991981748,63.0902140333599,32.1574035265513
164,1,4,2732,95.16,94.120991981748,63.0902140333599,32.1574035265513
164,1,5,3435,93.16,94.120991981748,63.0902140333599,32.1574035265513
164,1,6,3789,98.55,94.120991981748,63.0902140333599,32.1574035265513
164,1,7,3383,93.74,94.120991981748,63.0902140333599,32.1574035265513
164,1,8,2804,96.74,94.120991981748,63.0902140333599,32.1574035265513
164,1,9,2922,96.25,94.120991981748,63.0902140333599,32.1574035265513
164,1,10,2814,100.7,94.120991981748,63.0902140333599,32.1574035265513
164,1,11,3445,104.82,94.120991981748,63.0902140333599,32.1574035265513
164,1,12,3968,108.57,94.120991981748,63.0902140333599,32.1574035265513
164,1,13,4720,116,94.120991981748,63.0902140333599,32.1574035265513
164,1,14,5722,123.27,94.120991981748,63.0902140333599,32.1574035265513
164,1,15,4787,136.97,94.120991981748,63.0902140333599,32.1574035265513
164,1,16,3841,143.41,94.120991981748,63.0902140333599,32.1574035265513
164,1,17,2758,139.27,94.120991981748,63.0902140333599,32.1574035265513
164,1,18,2029,123.75,94.120991981748,63.0902140333599,32.1574035265513
164,1,19,1301,109.55,94.120991981748,63.0902140333599,32.1574035265513
164,1,20,736,103.98,94.120991981748,63.0902140333599,32.1574035265513
164,1,21,231,104.9,94.120991981748,63.0902140333599,32.1574035265513
164,1,22,100,103.61,94.120991981748,63.0902140333599,32.1574035265513
164,1,23,59,122.46,94.120991981748,63.0902140333599,32.1574035265513
165,1,1,3,109.58,178.157857778054,119.420940454198,60.8694617785777
165,1,2,30,115.17,178.157857778054,119.420940454198,60.8694617785777
165,1,3,94,108.67,178.157857778054,119.420940454198,60.8694617785777
165,1,4,162,111.33,178.157857778054,119.420940454198,60.8694617785777
165,1,5,134,119.05,178.157857778054,119.420940454198,60.8694617785777
165,1,6,154,117.56,178.157857778054,119.420940454198,60.8694617785777
165,1,7,110,124.59,178.157857778054,119.420940454198,60.8694617785777
165,1,8,102,128.84,178.157857778054,119.420940454198,60.8694617785777
165,1,9,94,135.5,178.157857778054,119.420940454198,60.8694617785777
165,1,10,77,136.15,178.157857778054,119.420940454198,60.8694617785777
165,1,11,58,130.53,178.157857778054,119.420940454198,60.8694617785777
165,1,12,75,140.44,178.157857778054,119.420940454198,60.8694617785777
165,1,13,105,135.01,178.157857778054,119.420940454198,60.8694617785777
165,1,14,96,157.1,178.157857778054,119.420940454198,60.8694617785777
165,1,15,92,150.19,178.157857778054,119.420940454198,60.8694617785777
165,1,16,104,151.72,178.157857778054,119.420940454198,60.8694617785777
165,1,17,105,148.29,178.157857778054,119.420940454198,60.8694617785777
165,1,18,101,136.09,178.157857778054,119.420940454198,60.8694617785777
165,1,19,63,124.57,178.157857778054,119.420940454198,60.8694617785777
165,1,20,39,120.92,178.157857778054,119.420940454198,60.8694617785777
165,1,21,12,118.37,178.157857778054,119.420940454198,60.8694617785777
166,1,0,10,134.67,78.3988986819761,52.5515423677721,26.7857888858886
166,1,1,21,102.63,78.3988986819761,52.5515423677721,26.7857888858886
166,1,2,123,103.17,78.3988986819761,52.5515423677721,26.7857888858886
166,1,3,470,104.4,78.3988986819761,52.5515423677721,26.7857888858886
166,1,4,677,107.72,78.3988986819761,52.5515423677721,26.7857888858886
166,1,5,873,111.18,78.3988986819761,52.5515423677721,26.7857888858886
166,1,6,750,114.15,78.3988986819761,52.5515423677721,26.7857888858886
166,1,7,678,115.36,78.3988986819761,52.5515423677721,26.7857888858886
166,1,8,460,119.39,78.3988986819761,52.5515423677721,26.7857888858886
166,1,9,463,115.15,78.3988986819761,52.5515423677721,26.7857888858886
166,1,10,359,116.32,78.3988986819761,52.5515423677721,26.7857888858886
166,1,11,450,120.58,78.3988986819761,52.5515423677721,26.7857888858886
166,1,12,589,123.81,78.3988986819761,52.5515423677721,26.7857888858886
166,1,13,793,129.9,78.3988986819761,52.5515423677721,26.7857888858886
166,1,14,977,135.85,78.3988986819761,52.5515423677721,26.7857888858886
166,1,15,963,145.85,78.3988986819761,52.5515423677721,26.7857888858886
166,1,16,855,150.43,78.3988986819761,52.5515423677721,26.7857888858886
166,1,17,636,146.61,78.3988986819761,52.5515423677721,26.7857888858886
166,1,18,471,130.06,78.3988986819761,52.5515423677721,26.7857888858886
166,1,19,366,121.62,78.3988986819761,52.5515423677721,26.7857888858886
166,1,20,252,113.25,78.3988986819761,52.5515423677721,26.7857888858886
166,1,21,77,118.87,78.3988986819761,52.5515423677721,26.7857888858886
166,1,22,23,114.27,78.3988986819761,52.5515423677721,26.7857888858886
166,1,23,8,109.31,78.3988986819761,52.5515423677721,26.7857888858886
167,1,2,10,126.69,58.2498367100275,39.045430653308,19.901654933719
167,1,3,28,121.24,58.2498367100275,39.045430653308,19.901654933719
167,1,4,42,121.31,58.2498367100275,39.045430653308,19.901654933719
167,1,5,31,122.76,58.2498367100275,39.045430653308,19.901654933719
167,1,6,36,130.65,58.2498367100275,39.045430653308,19.901654933719
167,1,7,22,123.14,58.2498367100275,39.045430653308,19.901654933719
167,1,8,17,143.68,58.2498367100275,39.045430653308,19.901654933719
167,1,9,14,128.99,58.2498367100275,39.045430653308,19.901654933719
167,1,10,15,129.08,58.2498367100275,39.045430653308,19.901654933719
167,1,11,16,149.14,58.2498367100275,39.045430653308,19.901654933719
167,1,12,12,127.09,58.2498367100275,39.045430653308,19.901654933719
167,1,13,20,141.82,58.2498367100275,39.045430653308,19.901654933719
167,1,14,20,157.23,58.2498367100275,39.045430653308,19.901654933719
167,1,15,13,160.2,58.2498367100275,39.045430653308,19.901654933719
167,1,16,18,168.42,58.2498367100275,39.045430653308,19.901654933719
167,1,17,17,150.32,58.2498367100275,39.045430653308,19.901654933719
167,1,18,18,144.25,58.2498367100275,39.045430653308,19.901654933719
167,1,19,4,150.04,58.2498367100275,39.045430653308,19.901654933719
167,1,20,8,117.31,58.2498367100275,39.045430653308,19.901654933719
168,1,0,2,117.57,47.1247768550741,31.5881951035695,16.1006639806896
168,1,1,8,109.68,47.1247768550741,31.5881951035695,16.1006639806896
168,1,2,27,108.24,47.1247768550741,31.5881951035695,16.1006639806896
168,1,3,75,115.77,47.1247768550741,31.5881951035695,16.1006639806896
168,1,4,110,116.75,47.1247768550741,31.5881951035695,16.1006639806896
168,1,5,116,117.76,47.1247768550741,31.5881951035695,16.1006639806896
168,1,6,73,120.34,47.1247768550741,31.5881951035695,16.1006639806896
168,1,7,83,123.64,47.1247768550741,31.5881951035695,16.1006639806896
168,1,8,47,158.17,47.1247768550741,31.5881951035695,16.1006639806896
168,1,9,47,120.34,47.1247768550741,31.5881951035695,16.1006639806896
168,1,10,61,126.71,47.1247768550741,31.5881951035695,16.1006639806896
168,1,11,68,131.96,47.1247768550741,31.5881951035695,16.1006639806896
168,1,12,60,137.8,47.1247768550741,31.5881951035695,16.1006639806896
168,1,13,68,139.62,47.1247768550741,31.5881951035695,16.1006639806896
168,1,14,78,152.17,47.1247768550741,31.5881951035695,16.1006639806896
168,1,15,50,171,47.1247768550741,31.5881951035695,16.1006639806896
168,1,16,55,162.47,47.1247768550741,31.5881951035695,16.1006639806896
168,1,17,57,152.89,47.1247768550741,31.5881951035695,16.1006639806896
168,1,18,44,153.8,47.1247768550741,31.5881951035695,16.1006639806896
168,1,19,31,131.07,47.1247768550741,31.5881951035695,16.1006639806896
168,1,20,18,121.4,47.1247768550741,31.5881951035695,16.1006639806896
168,1,21,11,123.45,47.1247768550741,31.5881951035695,16.1006639806896
168,1,23,2,103.57,47.1247768550741,31.5881951035695,16.1006639806896
169,1,1,3,92.8,80.4273816287149,53.9112541661517,27.4788409170195
169,1,2,15,111.03,80.4273816287149,53.9112541661517,27.4788409170195
169,1,3,39,105.23,80.4273816287149,53.9112541661517,27.4788409170195
169,1,4,54,106.41,80.4273816287149,53.9112541661517,27.4788409170195
169,1,5,45,107.71,80.4273816287149,53.9112541661517,27.4788409170195
169,1,6,41,111.64,80.4273816287149,53.9112541661517,27.4788409170195
169,1,7,42,108.25,80.4273816287149,53.9112541661517,27.4788409170195
169,1,8,17,113.76,80.4273816287149,53.9112541661517,27.4788409170195
169,1,9,19,110.01,80.4273816287149,53.9112541661517,27.4788409170195
169,1,10,17,115,80.4273816287149,53.9112541661517,27.4788409170195
169,1,11,17,122.58,80.4273816287149,53.9112541661517,27.4788409170195
169,1,12,15,117.34,80.4273816287149,53.9112541661517,27.4788409170195
169,1,13,20,137.88,80.4273816287149,53.9112541661517,27.4788409170195
169,1,14,26,126.01,80.4273816287149,53.9112541661517,27.4788409170195
169,1,15,23,149.39,80.4273816287149,53.9112541661517,27.4788409170195
169,1,16,27,143.26,80.4273816287149,53.9112541661517,27.4788409170195
169,1,17,24,147.23,80.4273816287149,53.9112541661517,27.4788409170195
169,1,18,41,131.47,80.4273816287149,53.9112541661517,27.4788409170195
169,1,19,20,118.72,80.4273816287149,53.9112541661517,27.4788409170195
169,1,20,11,109.39,80.4273816287149,53.9112541661517,27.4788409170195
169,1,21,5,118.2,80.4273816287149,53.9112541661517,27.4788409170195
170,1,0,26,122.41,89.3679595386081,59.9042102755229,30.5334811790427
170,1,1,38,95.51,89.3679595386081,59.9042102755229,30.5334811790427
170,1,2,156,89.93,89.3679595386081,59.9042102755229,30.5334811790427
170,1,3,783,90.57,89.3679595386081,59.9042102755229,30.5334811790427
170,1,4,1985,94.9,89.3679595386081,59.9042102755229,30.5334811790427
170,1,5,2310,94.44,89.3679595386081,59.9042102755229,30.5334811790427
170,1,6,2303,107.17,89.3679595386081,59.9042102755229,30.5334811790427
170,1,7,2001,97.35,89.3679595386081,59.9042102755229,30.5334811790427
170,1,8,1483,98.76,89.3679595386081,59.9042102755229,30.5334811790427
170,1,9,1516,100.58,89.3679595386081,59.9042102755229,30.5334811790427
170,1,10,1509,106.8,89.3679595386081,59.9042102755229,30.5334811790427
170,1,11,1821,110.35,89.3679595386081,59.9042102755229,30.5334811790427
170,1,12,2062,128.45,89.3679595386081,59.9042102755229,30.5334811790427
170,1,13,2763,129.89,89.3679595386081,59.9042102755229,30.5334811790427
170,1,14,3381,138.36,89.3679595386081,59.9042102755229,30.5334811790427
170,1,15,3040,143.31,89.3679595386081,59.9042102755229,30.5334811790427
170,1,16,2551,157.22,89.3679595386081,59.9042102755229,30.5334811790427
170,1,17,1908,143.68,89.3679595386081,59.9042102755229,30.5334811790427
170,1,18,1376,129.77,89.3679595386081,59.9042102755229,30.5334811790427
170,1,19,876,115.17,89.3679595386081,59.9042102755229,30.5334811790427
170,1,20,524,106.75,89.3679595386081,59.9042102755229,30.5334811790427
170,1,21,163,104.75,89.3679595386081,59.9042102755229,30.5334811790427
170,1,22,47,116.81,89.3679595386081,59.9042102755229,30.5334811790427
170,1,23,28,136.45,89.3679595386081,59.9042102755229,30.5334811790427
171,1,0,2,165.07,52.5069395452392,35.1959109694491,17.9395351382179
171,1,1,2,117.15,52.5069395452392,35.1959109694491,17.9395351382179
171,1,2,3,126.42,52.5069395452392,35.1959109694491,17.9395351382179
171,1,3,14,125.83,52.5069395452392,35.1959109694491,17.9395351382179
171,1,4,23,132.5,52.5069395452392,35.1959109694491,17.9395351382179
171,1,5,17,140.94,52.5069395452392,35.1959109694491,17.9395351382179
171,1,6,28,151.6,52.5069395452392,35.1959109694491,17.9395351382179
171,1,7,11,174.8,52.5069395452392,35.1959109694491,17.9395351382179
171,1,8,10,166.38,52.5069395452392,35.1959109694491,17.9395351382179
171,1,9,5,144.79,52.5069395452392,35.1959109694491,17.9395351382179
171,1,10,9,166.07,52.5069395452392,35.1959109694491,17.9395351382179
171,1,11,6,168.13,52.5069395452392,35.1959109694491,17.9395351382179
171,1,12,11,190.4,52.5069395452392,35.1959109694491,17.9395351382179
171,1,13,16,180.33,52.5069395452392,35.1959109694491,17.9395351382179
171,1,14,18,195.04,52.5069395452392,35.1959109694491,17.9395351382179
171,1,15,15,218.5,52.5069395452392,35.1959109694491,17.9395351382179
171,1,16,8,188.85,52.5069395452392,35.1959109694491,17.9395351382179
171,1,17,8,187.02,52.5069395452392,35.1959109694491,17.9395351382179
171,1,18,5,154.32,52.5069395452392,35.1959109694491,17.9395351382179
171,1,19,8,175.77,52.5069395452392,35.1959109694491,17.9395351382179
171,1,20,6,135.02,52.5069395452392,35.1959109694491,17.9395351382179
171,1,21,6,143.58,52.5069395452392,35.1959109694491,17.9395351382179
172,1,0,2,65.73,285.843943966197,191.603968734884,97.66151905331
172,1,1,3,80.62,285.843943966197,191.603968734884,97.66151905331
172,1,2,19,77.53,285.843943966197,191.603968734884,97.66151905331
172,1,3,109,84.61,285.843943966197,191.603968734884,97.66151905331
172,1,4,229,80.78,285.843943966197,191.603968734884,97.66151905331
172,1,5,192,80.22,285.843943966197,191.603968734884,97.66151905331
172,1,6,160,84.42,285.843943966197,191.603968734884,97.66151905331
172,1,7,127,86.43,285.843943966197,191.603968734884,97.66151905331
172,1,8,106,86.67,285.843943966197,191.603968734884,97.66151905331
172,1,9,68,80.96,285.843943966197,191.603968734884,97.66151905331
172,1,10,70,85.02,285.843943966197,191.603968734884,97.66151905331
172,1,11,68,84.01,285.843943966197,191.603968734884,97.66151905331
172,1,12,85,86.02,285.843943966197,191.603968734884,97.66151905331
172,1,13,81,87.2,285.843943966197,191.603968734884,97.66151905331
172,1,14,119,91.58,285.843943966197,191.603968734884,97.66151905331
172,1,15,110,92.57,285.843943966197,191.603968734884,97.66151905331
172,1,16,78,98.49,285.843943966197,191.603968734884,97.66151905331
172,1,17,64,92.49,285.843943966197,191.603968734884,97.66151905331
172,1,18,57,89.14,285.843943966197,191.603968734884,97.66151905331
172,1,19,31,82.91,285.843943966197,191.603968734884,97.66151905331
172,1,20,14,78.54,285.843943966197,191.603968734884,97.66151905331
172,1,21,4,83.95,285.843943966197,191.603968734884,97.66151905331
173,1,1,2,128.24,27.2299683598958,18.2525119612062,9.30339834002387
173,1,2,9,130.24,27.2299683598958,18.2525119612062,9.30339834002387
173,1,3,9,120.32,27.2299683598958,18.2525119612062,9.30339834002387
173,1,4,13,119.96,27.2299683598958,18.2525119612062,9.30339834002387
173,1,5,4,123.01,27.2299683598958,18.2525119612062,9.30339834002387
173,1,6,11,133.52,27.2299683598958,18.2525119612062,9.30339834002387
173,1,7,5,142.72,27.2299683598958,18.2525119612062,9.30339834002387
173,1,8,2,108,27.2299683598958,18.2525119612062,9.30339834002387
173,1,9,2,171.8,27.2299683598958,18.2525119612062,9.30339834002387
173,1,10,3,127.76,27.2299683598958,18.2525119612062,9.30339834002387
173,1,11,3,162.42,27.2299683598958,18.2525119612062,9.30339834002387
173,1,12,3,166.26,27.2299683598958,18.2525119612062,9.30339834002387
173,1,13,8,159.01,27.2299683598958,18.2525119612062,9.30339834002387
173,1,14,4,160.96,27.2299683598958,18.2525119612062,9.30339834002387
173,1,15,4,213.32,27.2299683598958,18.2525119612062,9.30339834002387
173,1,16,5,206.5,27.2299683598958,18.2525119612062,9.30339834002387
173,1,17,7,183.61,27.2299683598958,18.2525119612062,9.30339834002387
173,1,19,4,147.83,27.2299683598958,18.2525119612062,9.30339834002387
173,1,20,2,123.5,27.2299683598958,18.2525119612062,9.30339834002387
173,1,22,2,138.63,27.2299683598958,18.2525119612062,9.30339834002387
174,1,1,2,106.89,106.285028023045,71.2438854003568,36.3133713638575
174,1,2,11,113.84,106.285028023045,71.2438854003568,36.3133713638575
174,1,3,19,119.33,106.285028023045,71.2438854003568,36.3133713638575
174,1,4,41,124.72,106.285028023045,71.2438854003568,36.3133713638575
174,1,5,34,127.05,106.285028023045,71.2438854003568,36.3133713638575
174,1,6,27,125.16,106.285028023045,71.2438854003568,36.3133713638575
174,1,7,23,128.43,106.285028023045,71.2438854003568,36.3133713638575
174,1,8,21,129.32,106.285028023045,71.2438854003568,36.3133713638575
174,1,9,11,129.29,106.285028023045,71.2438854003568,36.3133713638575
174,1,10,11,124.57,106.285028023045,71.2438854003568,36.3133713638575
174,1,11,16,137.41,106.285028023045,71.2438854003568,36.3133713638575
174,1,12,28,145.98,106.285028023045,71.2438854003568,36.3133713638575
174,1,13,33,151.23,106.285028023045,71.2438854003568,36.3133713638575
174,1,14,29,164.48,106.285028023045,71.2438854003568,36.3133713638575
174,1,15,31,177.61,106.285028023045,71.2438854003568,36.3133713638575
174,1,16,29,170.14,106.285028023045,71.2438854003568,36.3133713638575
174,1,17,22,171.21,106.285028023045,71.2438854003568,36.3133713638575
174,1,18,18,142.86,106.285028023045,71.2438854003568,36.3133713638575
174,1,19,10,138.8,106.285028023045,71.2438854003568,36.3133713638575
174,1,20,4,132.6,106.285028023045,71.2438854003568,36.3133713638575
174,1,21,3,118.27,106.285028023045,71.2438854003568,36.3133713638575
174,1,22,3,136.18,106.285028023045,71.2438854003568,36.3133713638575
175,1,2,3,148.34,102.444830757861,68.6697639181081,35.0013285296508
175,1,3,3,123.46,102.444830757861,68.6697639181081,35.0013285296508
175,1,4,9,147.09,102.444830757861,68.6697639181081,35.0013285296508
175,1,5,14,154.06,102.444830757861,68.6697639181081,35.0013285296508
175,1,6,14,174.49,102.444830757861,68.6697639181081,35.0013285296508
175,1,7,5,201.15,102.444830757861,68.6697639181081,35.0013285296508
175,1,8,5,208.4,102.444830757861,68.6697639181081,35.0013285296508
175,1,9,9,151.51,102.444830757861,68.6697639181081,35.0013285296508
175,1,10,6,182.63,102.444830757861,68.6697639181081,35.0013285296508
175,1,11,3,209.45,102.444830757861,68.6697639181081,35.0013285296508
175,1,12,6,185.39,102.444830757861,68.6697639181081,35.0013285296508
175,1,13,11,187.48,102.444830757861,68.6697639181081,35.0013285296508
175,1,14,3,251.45,102.444830757861,68.6697639181081,35.0013285296508
175,1,15,9,209.09,102.444830757861,68.6697639181081,35.0013285296508
175,1,16,6,203.17,102.444830757861,68.6697639181081,35.0013285296508
175,1,17,4,187.99,102.444830757861,68.6697639181081,35.0013285296508
175,1,18,3,182.34,102.444830757861,68.6697639181081,35.0013285296508
175,1,19,4,159.2,102.444830757861,68.6697639181081,35.0013285296508
175,1,20,9,156.01,102.444830757861,68.6697639181081,35.0013285296508
175,1,21,3,200.19,102.444830757861,68.6697639181081,35.0013285296508
176,1,1,2,73.49,302.922479026425,203.051876471927,103.496575951994
176,1,2,20,76.14,302.922479026425,203.051876471927,103.496575951994
176,1,3,98,79.61,302.922479026425,203.051876471927,103.496575951994
176,1,4,189,81.47,302.922479026425,203.051876471927,103.496575951994
176,1,5,164,82.28,302.922479026425,203.051876471927,103.496575951994
176,1,6,164,84.59,302.922479026425,203.051876471927,103.496575951994
176,1,7,131,89.28,302.922479026425,203.051876471927,103.496575951994
176,1,8,116,89.59,302.922479026425,203.051876471927,103.496575951994
176,1,9,73,82.17,302.922479026425,203.051876471927,103.496575951994
176,1,10,81,84.2,302.922479026425,203.051876471927,103.496575951994
176,1,11,88,85.28,302.922479026425,203.051876471927,103.496575951994
176,1,12,82,85.53,302.922479026425,203.051876471927,103.496575951994
176,1,13,91,88.69,302.922479026425,203.051876471927,103.496575951994
176,1,14,91,94.62,302.922479026425,203.051876471927,103.496575951994
176,1,15,89,102.44,302.922479026425,203.051876471927,103.496575951994
176,1,16,73,94.4,302.922479026425,203.051876471927,103.496575951994
176,1,17,52,93.56,302.922479026425,203.051876471927,103.496575951994
176,1,18,38,88.61,302.922479026425,203.051876471927,103.496575951994
176,1,19,28,87.54,302.922479026425,203.051876471927,103.496575951994
176,1,20,12,85.62,302.922479026425,203.051876471927,103.496575951994
176,1,21,4,80.75,302.922479026425,203.051876471927,103.496575951994
177,1,1,4,129.07,110.892893378824,74.3325822512081,37.8876958851136
177,1,2,30,130.98,110.892893378824,74.3325822512081,37.8876958851136
177,1,3,79,122.9,110.892893378824,74.3325822512081,37.8876958851136
177,1,4,82,135.32,110.892893378824,74.3325822512081,37.8876958851136
177,1,5,85,131.57,110.892893378824,74.3325822512081,37.8876958851136
177,1,6,67,127.17,110.892893378824,74.3325822512081,37.8876958851136
177,1,7,30,149.96,110.892893378824,74.3325822512081,37.8876958851136
177,1,8,38,140.4,110.892893378824,74.3325822512081,37.8876958851136
177,1,9,28,134.16,110.892893378824,74.3325822512081,37.8876958851136
177,1,10,47,148.71,110.892893378824,74.3325822512081,37.8876958851136
177,1,11,51,153.51,110.892893378824,74.3325822512081,37.8876958851136
177,1,12,34,142.67,110.892893378824,74.3325822512081,37.8876958851136
177,1,13,49,170.31,110.892893378824,74.3325822512081,37.8876958851136
177,1,14,53,173.05,110.892893378824,74.3325822512081,37.8876958851136
177,1,15,43,184.35,110.892893378824,74.3325822512081,37.8876958851136
177,1,16,33,168.75,110.892893378824,74.3325822512081,37.8876958851136
177,1,17,30,166.78,110.892893378824,74.3325822512081,37.8876958851136
177,1,18,31,158.68,110.892893378824,74.3325822512081,37.8876958851136
177,1,19,23,136.27,110.892893378824,74.3325822512081,37.8876958851136
177,1,20,14,141.29,110.892893378824,74.3325822512081,37.8876958851136
178,1,2,6,99.12,185.957050424635,124.648814948504,63.5341360434436
178,1,3,53,103.08,185.957050424635,124.648814948504,63.5341360434436
178,1,4,95,107.22,185.957050424635,124.648814948504,63.5341360434436
178,1,5,110,114.31,185.957050424635,124.648814948504,63.5341360434436
178,1,6,67,113.77,185.957050424635,124.648814948504,63.5341360434436
178,1,7,49,119.65,185.957050424635,124.648814948504,63.5341360434436
178,1,8,42,126.35,185.957050424635,124.648814948504,63.5341360434436
178,1,9,36,114.51,185.957050424635,124.648814948504,63.5341360434436
178,1,10,34,124.29,185.957050424635,124.648814948504,63.5341360434436
178,1,11,24,118.03,185.957050424635,124.648814948504,63.5341360434436
178,1,12,37,120.7,185.957050424635,124.648814948504,63.5341360434436
178,1,13,51,127.32,185.957050424635,124.648814948504,63.5341360434436
178,1,14,36,142.1,185.957050424635,124.648814948504,63.5341360434436
178,1,15,35,146.02,185.957050424635,124.648814948504,63.5341360434436
178,1,16,33,137.97,185.957050424635,124.648814948504,63.5341360434436
178,1,17,56,138.16,185.957050424635,124.648814948504,63.5341360434436
178,1,18,63,121.18,185.957050424635,124.648814948504,63.5341360434436
178,1,19,32,132.74,185.957050424635,124.648814948504,63.5341360434436
178,1,20,18,110.6,185.957050424635,124.648814948504,63.5341360434436
178,1,21,7,122.53,185.957050424635,124.648814948504,63.5341360434436
178,1,22,4,160.47,185.957050424635,124.648814948504,63.5341360434436
179,1,1,3,110.06,43.9611248195144,29.4675684521924,15.0197697722561
179,1,2,27,117.35,43.9611248195144,29.4675684521924,15.0197697722561
179,1,3,76,115.27,43.9611248195144,29.4675684521924,15.0197697722561
179,1,4,125,119.53,43.9611248195144,29.4675684521924,15.0197697722561
179,1,5,152,124.25,43.9611248195144,29.4675684521924,15.0197697722561
179,1,6,104,129.93,43.9611248195144,29.4675684521924,15.0197697722561
179,1,7,75,132.39,43.9611248195144,29.4675684521924,15.0197697722561
179,1,8,39,135.29,43.9611248195144,29.4675684521924,15.0197697722561
179,1,9,33,140.75,43.9611248195144,29.4675684521924,15.0197697722561
179,1,10,39,145.76,43.9611248195144,29.4675684521924,15.0197697722561
179,1,11,35,143.84,43.9611248195144,29.4675684521924,15.0197697722561
179,1,12,57,151.07,43.9611248195144,29.4675684521924,15.0197697722561
179,1,13,72,157.66,43.9611248195144,29.4675684521924,15.0197697722561
179,1,14,103,177.92,43.9611248195144,29.4675684521924,15.0197697722561
179,1,15,82,183.05,43.9611248195144,29.4675684521924,15.0197697722561
179,1,16,66,191.94,43.9611248195144,29.4675684521924,15.0197697722561
179,1,17,42,171.21,43.9611248195144,29.4675684521924,15.0197697722561
179,1,18,57,157.37,43.9611248195144,29.4675684521924,15.0197697722561
179,1,19,53,143.42,43.9611248195144,29.4675684521924,15.0197697722561
179,1,20,45,133.21,43.9611248195144,29.4675684521924,15.0197697722561
179,1,21,19,134.1,43.9611248195144,29.4675684521924,15.0197697722561
179,1,22,3,161.46,43.9611248195144,29.4675684521924,15.0197697722561
180,1,2,2,120.19,109.500715590245,73.3993919734117,37.4120440460774
180,1,3,11,123.79,109.500715590245,73.3993919734117,37.4120440460774
180,1,4,4,135.49,109.500715590245,73.3993919734117,37.4120440460774
180,1,5,10,135.01,109.500715590245,73.3993919734117,37.4120440460774
180,1,6,8,129.71,109.500715590245,73.3993919734117,37.4120440460774
180,1,7,6,151.12,109.500715590245,73.3993919734117,37.4120440460774
180,1,8,3,204.53,109.500715590245,73.3993919734117,37.4120440460774
180,1,9,4,156.91,109.500715590245,73.3993919734117,37.4120440460774
180,1,10,5,152.26,109.500715590245,73.3993919734117,37.4120440460774
180,1,11,2,162.3,109.500715590245,73.3993919734117,37.4120440460774
180,1,12,2,157.87,109.500715590245,73.3993919734117,37.4120440460774
180,1,13,4,175.12,109.500715590245,73.3993919734117,37.4120440460774
180,1,14,3,156.2,109.500715590245,73.3993919734117,37.4120440460774
180,1,15,2,215.09,109.500715590245,73.3993919734117,37.4120440460774
180,1,16,6,182.66,109.500715590245,73.3993919734117,37.4120440460774
180,1,17,6,150.93,109.500715590245,73.3993919734117,37.4120440460774
180,1,18,2,156.84,109.500715590245,73.3993919734117,37.4120440460774
180,1,20,2,141.43,109.500715590245,73.3993919734117,37.4120440460774
180,1,21,2,151.28,109.500715590245,73.3993919734117,37.4120440460774
181,1,0,4,109.65,142.056342635465,95.221744617883,48.5350083700834
181,1,1,9,96.29,142.056342635465,95.221744617883,48.5350083700834
181,1,2,78,101.07,142.056342635465,95.221744617883,48.5350083700834
181,1,3,416,101.12,142.056342635465,95.221744617883,48.5350083700834
181,1,4,1116,101.38,142.056342635465,95.221744617883,48.5350083700834
181,1,5,1496,103.76,142.056342635465,95.221744617883,48.5350083700834
181,1,6,1395,104.84,142.056342635465,95.221744617883,48.5350083700834
181,1,7,1146,573.11,142.056342635465,95.221744617883,48.5350083700834
181,1,8,828,112.8,142.056342635465,95.221744617883,48.5350083700834
181,1,9,713,548.3,142.056342635465,95.221744617883,48.5350083700834
181,1,10,590,113.9,142.056342635465,95.221744617883,48.5350083700834
181,1,11,653,117.6,142.056342635465,95.221744617883,48.5350083700834
181,1,12,777,118.27,142.056342635465,95.221744617883,48.5350083700834
181,1,13,971,124.9,142.056342635465,95.221744617883,48.5350083700834
181,1,14,1226,133.24,142.056342635465,95.221744617883,48.5350083700834
181,1,15,1102,141.59,142.056342635465,95.221744617883,48.5350083700834
181,1,16,910,142.8,142.056342635465,95.221744617883,48.5350083700834
181,1,17,632,135.28,142.056342635465,95.221744617883,48.5350083700834
181,1,18,533,124.22,142.056342635465,95.221744617883,48.5350083700834
181,1,19,433,115.19,142.056342635465,95.221744617883,48.5350083700834
181,1,20,291,108.71,142.056342635465,95.221744617883,48.5350083700834
181,1,21,74,103.72,142.056342635465,95.221744617883,48.5350083700834
181,1,22,18,128.73,142.056342635465,95.221744617883,48.5350083700834
181,1,23,15,124.08,142.056342635465,95.221744617883,48.5350083700834
182,1,2,12,117.38,65.7400956898467,44.0662239136864,22.4607788386086
182,1,3,21,113.05,65.7400956898467,44.0662239136864,22.4607788386086
182,1,4,27,115.98,65.7400956898467,44.0662239136864,22.4607788386086
182,1,5,27,115.39,65.7400956898467,44.0662239136864,22.4607788386086
182,1,6,10,122.66,65.7400956898467,44.0662239136864,22.4607788386086
182,1,7,15,127.78,65.7400956898467,44.0662239136864,22.4607788386086
182,1,8,13,128.05,65.7400956898467,44.0662239136864,22.4607788386086
182,1,9,9,136.78,65.7400956898467,44.0662239136864,22.4607788386086
182,1,10,9,141.96,65.7400956898467,44.0662239136864,22.4607788386086
182,1,11,4,153.9,65.7400956898467,44.0662239136864,22.4607788386086
182,1,12,10,141.59,65.7400956898467,44.0662239136864,22.4607788386086
182,1,13,11,154.33,65.7400956898467,44.0662239136864,22.4607788386086
182,1,14,12,180.25,65.7400956898467,44.0662239136864,22.4607788386086
182,1,15,10,194.2,65.7400956898467,44.0662239136864,22.4607788386086
182,1,16,17,173,65.7400956898467,44.0662239136864,22.4607788386086
182,1,17,10,152.02,65.7400956898467,44.0662239136864,22.4607788386086
182,1,18,11,138.52,65.7400956898467,44.0662239136864,22.4607788386086
182,1,19,7,124.87,65.7400956898467,44.0662239136864,22.4607788386086
182,1,21,2,167.72,65.7400956898467,44.0662239136864,22.4607788386086
183,1,2,5,131.71,83.7931723772502,56.1673763578704,28.6287978926916
183,1,3,9,117.67,83.7931723772502,56.1673763578704,28.6287978926916
183,1,4,24,121.87,83.7931723772502,56.1673763578704,28.6287978926916
183,1,5,14,131.6,83.7931723772502,56.1673763578704,28.6287978926916
183,1,6,17,153.23,83.7931723772502,56.1673763578704,28.6287978926916
183,1,7,10,143.19,83.7931723772502,56.1673763578704,28.6287978926916
183,1,8,5,152.9,83.7931723772502,56.1673763578704,28.6287978926916
183,1,10,5,141.88,83.7931723772502,56.1673763578704,28.6287978926916
183,1,11,6,158.75,83.7931723772502,56.1673763578704,28.6287978926916
183,1,12,10,179.81,83.7931723772502,56.1673763578704,28.6287978926916
183,1,13,9,162.5,83.7931723772502,56.1673763578704,28.6287978926916
183,1,14,8,192.58,83.7931723772502,56.1673763578704,28.6287978926916
183,1,15,3,197.15,83.7931723772502,56.1673763578704,28.6287978926916
183,1,16,2,168.02,83.7931723772502,56.1673763578704,28.6287978926916
183,1,17,4,188.02,83.7931723772502,56.1673763578704,28.6287978926916
183,1,18,3,160.5,83.7931723772502,56.1673763578704,28.6287978926916
183,1,19,6,138.94,83.7931723772502,56.1673763578704,28.6287978926916
184,1,16,2,186.66,110.391943511381,73.9967906951321,37.7165412181816
185,1,1,3,112.91,83.6134950004177,56.0469368690525,28.5674092716227
185,1,2,8,118.11,83.6134950004177,56.0469368690525,28.5674092716227
185,1,3,28,120.22,83.6134950004177,56.0469368690525,28.5674092716227
185,1,4,46,125.34,83.6134950004177,56.0469368690525,28.5674092716227
185,1,5,31,122.1,83.6134950004177,56.0469368690525,28.5674092716227
185,1,6,30,126.96,83.6134950004177,56.0469368690525,28.5674092716227
185,1,7,29,140.52,83.6134950004177,56.0469368690525,28.5674092716227
185,1,8,20,137.98,83.6134950004177,56.0469368690525,28.5674092716227
185,1,9,13,136.9,83.6134950004177,56.0469368690525,28.5674092716227
185,1,10,18,144.34,83.6134950004177,56.0469368690525,28.5674092716227
185,1,11,17,158.21,83.6134950004177,56.0469368690525,28.5674092716227
185,1,12,28,155.91,83.6134950004177,56.0469368690525,28.5674092716227
185,1,13,35,158.43,83.6134950004177,56.0469368690525,28.5674092716227
185,1,14,28,174.04,83.6134950004177,56.0469368690525,28.5674092716227
185,1,15,29,181.33,83.6134950004177,56.0469368690525,28.5674092716227
185,1,16,36,189.42,83.6134950004177,56.0469368690525,28.5674092716227
185,1,17,27,162.76,83.6134950004177,56.0469368690525,28.5674092716227
185,1,18,14,150.05,83.6134950004177,56.0469368690525,28.5674092716227
185,1,19,12,131.96,83.6134950004177,56.0469368690525,28.5674092716227
185,1,20,10,128.95,83.6134950004177,56.0469368690525,28.5674092716227
185,1,21,5,128.29,83.6134950004177,56.0469368690525,28.5674092716227
186,1,0,46,195.62,99.7015078051554,66.8308879287605,34.0640440691246
186,1,1,135,93.53,99.7015078051554,66.8308879287605,34.0640440691246
186,1,2,273,84.26,99.7015078051554,66.8308879287605,34.0640440691246
186,1,3,836,86.81,99.7015078051554,66.8308879287605,34.0640440691246
186,1,4,1767,102.37,99.7015078051554,66.8308879287605,34.0640440691246
186,1,5,2081,88.74,99.7015078051554,66.8308879287605,34.0640440691246
186,1,6,2109,86.78,99.7015078051554,66.8308879287605,34.0640440691246
186,1,7,2037,87.67,99.7015078051554,66.8308879287605,34.0640440691246
186,1,8,1650,91.49,99.7015078051554,66.8308879287605,34.0640440691246
186,1,9,1777,91.03,99.7015078051554,66.8308879287605,34.0640440691246
186,1,10,1760,95.4,99.7015078051554,66.8308879287605,34.0640440691246
186,1,11,2117,97.17,99.7015078051554,66.8308879287605,34.0640440691246
186,1,12,2295,114.65,99.7015078051554,66.8308879287605,34.0640440691246
186,1,13,2569,107.07,99.7015078051554,66.8308879287605,34.0640440691246
186,1,14,3018,115.56,99.7015078051554,66.8308879287605,34.0640440691246
186,1,15,2640,136.75,99.7015078051554,66.8308879287605,34.0640440691246
186,1,16,2397,148.65,99.7015078051554,66.8308879287605,34.0640440691246
186,1,17,1912,129.67,99.7015078051554,66.8308879287605,34.0640440691246
186,1,18,1639,136.68,99.7015078051554,66.8308879287605,34.0640440691246
186,1,19,927,101.76,99.7015078051554,66.8308879287605,34.0640440691246
186,1,20,592,125.21,99.7015078051554,66.8308879287605,34.0640440691246
186,1,21,188,95.97,99.7015078051554,66.8308879287605,34.0640440691246
186,1,22,77,95.51,99.7015078051554,66.8308879287605,34.0640440691246
186,1,23,51,118.76,99.7015078051554,66.8308879287605,34.0640440691246
187,1,0,6,53.59,266.010295417558,178.309281698025,90.8851493364878
187,1,1,4,56.85,266.010295417558,178.309281698025,90.8851493364878
187,1,2,14,56.53,266.010295417558,178.309281698025,90.8851493364878
187,1,3,79,56.01,266.010295417558,178.309281698025,90.8851493364878
187,1,4,169,55.52,266.010295417558,178.309281698025,90.8851493364878
187,1,5,129,57.07,266.010295417558,178.309281698025,90.8851493364878
187,1,6,117,62.04,266.010295417558,178.309281698025,90.8851493364878
187,1,7,91,63.95,266.010295417558,178.309281698025,90.8851493364878
187,1,8,83,61.86,266.010295417558,178.309281698025,90.8851493364878
187,1,9,78,57.92,266.010295417558,178.309281698025,90.8851493364878
187,1,10,59,57.02,266.010295417558,178.309281698025,90.8851493364878
187,1,11,67,57.58,266.010295417558,178.309281698025,90.8851493364878
187,1,12,61,58.26,266.010295417558,178.309281698025,90.8851493364878
187,1,13,73,59,266.010295417558,178.309281698025,90.8851493364878
187,1,14,79,61.15,266.010295417558,178.309281698025,90.8851493364878
187,1,15,74,61.18,266.010295417558,178.309281698025,90.8851493364878
187,1,16,63,63.57,266.010295417558,178.309281698025,90.8851493364878
187,1,17,47,65.15,266.010295417558,178.309281698025,90.8851493364878
187,1,18,44,59.18,266.010295417558,178.309281698025,90.8851493364878
187,1,19,39,63.5,266.010295417558,178.309281698025,90.8851493364878
187,1,20,20,59.15,266.010295417558,178.309281698025,90.8851493364878
187,1,21,5,60.34,266.010295417558,178.309281698025,90.8851493364878
187,1,22,5,58.56,266.010295417558,178.309281698025,90.8851493364878
188,1,0,3,114.37,138.391351819123,92.7650657180458,47.2828266184816
188,1,1,12,102.67,138.391351819123,92.7650657180458,47.2828266184816
188,1,2,59,112.65,138.391351819123,92.7650657180458,47.2828266184816
188,1,3,246,109.41,138.391351819123,92.7650657180458,47.2828266184816
188,1,4,352,112.57,138.391351819123,92.7650657180458,47.2828266184816
188,1,5,332,112.73,138.391351819123,92.7650657180458,47.2828266184816
188,1,6,286,116.58,138.391351819123,92.7650657180458,47.2828266184816
188,1,7,281,127.37,138.391351819123,92.7650657180458,47.2828266184816
188,1,8,197,131.77,138.391351819123,92.7650657180458,47.2828266184816
188,1,9,166,132.31,138.391351819123,92.7650657180458,47.2828266184816
188,1,10,158,128.72,138.391351819123,92.7650657180458,47.2828266184816
188,1,11,146,134.61,138.391351819123,92.7650657180458,47.2828266184816
188,1,12,172,137.22,138.391351819123,92.7650657180458,47.2828266184816
188,1,13,232,141.93,138.391351819123,92.7650657180458,47.2828266184816
188,1,14,276,158.51,138.391351819123,92.7650657180458,47.2828266184816
188,1,15,215,157.44,138.391351819123,92.7650657180458,47.2828266184816
188,1,16,212,165.58,138.391351819123,92.7650657180458,47.2828266184816
188,1,17,182,154.5,138.391351819123,92.7650657180458,47.2828266184816
188,1,18,133,140,138.391351819123,92.7650657180458,47.2828266184816
188,1,19,112,130.4,138.391351819123,92.7650657180458,47.2828266184816
188,1,20,74,117.77,138.391351819123,92.7650657180458,47.2828266184816
188,1,21,22,117.15,138.391351819123,92.7650657180458,47.2828266184816
188,1,22,2,108.71,138.391351819123,92.7650657180458,47.2828266184816
188,1,23,3,106.9,138.391351819123,92.7650657180458,47.2828266184816
189,1,0,5,106.22,129.265264117858,86.6477605958077,44.1648050310634
189,1,2,38,107.13,129.265264117858,86.6477605958077,44.1648050310634
189,1,3,179,103.26,129.265264117858,86.6477605958077,44.1648050310634
189,1,4,431,107.86,129.265264117858,86.6477605958077,44.1648050310634
189,1,5,526,107.98,129.265264117858,86.6477605958077,44.1648050310634
189,1,6,488,107.06,129.265264117858,86.6477605958077,44.1648050310634
189,1,7,405,110.33,129.265264117858,86.6477605958077,44.1648050310634
189,1,8,263,113.79,129.265264117858,86.6477605958077,44.1648050310634
189,1,9,260,111.39,129.265264117858,86.6477605958077,44.1648050310634
189,1,10,214,117.29,129.265264117858,86.6477605958077,44.1648050310634
189,1,11,214,118.57,129.265264117858,86.6477605958077,44.1648050310634
189,1,12,250,121.77,129.265264117858,86.6477605958077,44.1648050310634
189,1,13,337,129.62,129.265264117858,86.6477605958077,44.1648050310634
189,1,14,459,144.27,129.265264117858,86.6477605958077,44.1648050310634
189,1,15,357,151.11,129.265264117858,86.6477605958077,44.1648050310634
189,1,16,318,155.01,129.265264117858,86.6477605958077,44.1648050310634
189,1,17,235,146.73,129.265264117858,86.6477605958077,44.1648050310634
189,1,18,180,133.17,129.265264117858,86.6477605958077,44.1648050310634
189,1,19,129,119.28,129.265264117858,86.6477605958077,44.1648050310634
189,1,20,82,110.78,129.265264117858,86.6477605958077,44.1648050310634
189,1,21,36,108.35,129.265264117858,86.6477605958077,44.1648050310634
189,1,22,7,108.94,129.265264117858,86.6477605958077,44.1648050310634
189,1,23,3,171.7,129.265264117858,86.6477605958077,44.1648050310634
190,1,2,2,82.55,143.976863758996,96.5090885587826,49.191174135555
190,1,3,8,100.62,143.976863758996,96.5090885587826,49.191174135555
190,1,4,20,109.79,143.976863758996,96.5090885587826,49.191174135555
190,1,5,25,103.18,143.976863758996,96.5090885587826,49.191174135555
190,1,6,25,112.5,143.976863758996,96.5090885587826,49.191174135555
190,1,7,27,119.31,143.976863758996,96.5090885587826,49.191174135555
190,1,8,14,128.9,143.976863758996,96.5090885587826,49.191174135555
190,1,9,13,114.12,143.976863758996,96.5090885587826,49.191174135555
190,1,10,10,112,143.976863758996,96.5090885587826,49.191174135555
190,1,11,16,117.69,143.976863758996,96.5090885587826,49.191174135555
190,1,12,17,123.57,143.976863758996,96.5090885587826,49.191174135555
190,1,13,29,145.96,143.976863758996,96.5090885587826,49.191174135555
190,1,14,36,145.21,143.976863758996,96.5090885587826,49.191174135555
190,1,15,19,156.95,143.976863758996,96.5090885587826,49.191174135555
190,1,16,37,175.49,143.976863758996,96.5090885587826,49.191174135555
190,1,17,19,147.87,143.976863758996,96.5090885587826,49.191174135555
190,1,18,12,130.47,143.976863758996,96.5090885587826,49.191174135555
190,1,19,10,107.63,143.976863758996,96.5090885587826,49.191174135555
191,1,2,10,143.63,124.686004495862,83.5782384458279,42.6002539525333
191,1,3,8,167.62,124.686004495862,83.5782384458279,42.6002539525333
191,1,4,9,137.29,124.686004495862,83.5782384458279,42.6002539525333
191,1,5,8,147.1,124.686004495862,83.5782384458279,42.6002539525333
191,1,6,10,172.33,124.686004495862,83.5782384458279,42.6002539525333
191,1,7,10,173.57,124.686004495862,83.5782384458279,42.6002539525333
191,1,8,5,196.68,124.686004495862,83.5782384458279,42.6002539525333
191,1,9,4,169.1,124.686004495862,83.5782384458279,42.6002539525333
191,1,10,8,190.81,124.686004495862,83.5782384458279,42.6002539525333
191,1,11,13,184.52,124.686004495862,83.5782384458279,42.6002539525333
191,1,12,8,202.45,124.686004495862,83.5782384458279,42.6002539525333
191,1,13,10,218.92,124.686004495862,83.5782384458279,42.6002539525333
191,1,14,9,215.68,124.686004495862,83.5782384458279,42.6002539525333
191,1,15,9,251.36,124.686004495862,83.5782384458279,42.6002539525333
191,1,16,7,223.66,124.686004495862,83.5782384458279,42.6002539525333
191,1,17,5,181.97,124.686004495862,83.5782384458279,42.6002539525333
191,1,18,5,213.77,124.686004495862,83.5782384458279,42.6002539525333
191,1,19,4,158.62,124.686004495862,83.5782384458279,42.6002539525333
191,1,22,2,150.67,124.686004495862,83.5782384458279,42.6002539525333
192,1,2,3,125.28,58.8081432155278,39.4196689203151,20.0924060850918
192,1,3,8,113.52,58.8081432155278,39.4196689203151,20.0924060850918
192,1,4,15,124.12,58.8081432155278,39.4196689203151,20.0924060850918
192,1,5,12,134.1,58.8081432155278,39.4196689203151,20.0924060850918
192,1,6,10,142.3,58.8081432155278,39.4196689203151,20.0924060850918
192,1,7,10,145.55,58.8081432155278,39.4196689203151,20.0924060850918
192,1,8,5,152.36,58.8081432155278,39.4196689203151,20.0924060850918
192,1,9,3,182.24,58.8081432155278,39.4196689203151,20.0924060850918
192,1,10,6,157.13,58.8081432155278,39.4196689203151,20.0924060850918
192,1,11,6,161.91,58.8081432155278,39.4196689203151,20.0924060850918
192,1,12,10,139.46,58.8081432155278,39.4196689203151,20.0924060850918
192,1,13,12,154.3,58.8081432155278,39.4196689203151,20.0924060850918
192,1,14,13,175.77,58.8081432155278,39.4196689203151,20.0924060850918
192,1,15,8,215.28,58.8081432155278,39.4196689203151,20.0924060850918
192,1,16,6,177.85,58.8081432155278,39.4196689203151,20.0924060850918
192,1,17,6,182.7,58.8081432155278,39.4196689203151,20.0924060850918
192,1,18,6,163.34,58.8081432155278,39.4196689203151,20.0924060850918
192,1,19,6,155.62,58.8081432155278,39.4196689203151,20.0924060850918
192,1,20,2,143.96,58.8081432155278,39.4196689203151,20.0924060850918
193,1,1,2,113.91,57.3262232659811,38.4263236013948,19.5860929151152
193,1,2,17,103.92,57.3262232659811,38.4263236013948,19.5860929151152
193,1,3,45,111.28,57.3262232659811,38.4263236013948,19.5860929151152
193,1,4,64,111.78,57.3262232659811,38.4263236013948,19.5860929151152
193,1,5,65,113.66,57.3262232659811,38.4263236013948,19.5860929151152
193,1,6,43,119.42,57.3262232659811,38.4263236013948,19.5860929151152
193,1,7,50,122.85,57.3262232659811,38.4263236013948,19.5860929151152
193,1,8,45,123.78,57.3262232659811,38.4263236013948,19.5860929151152
193,1,9,37,126.77,57.3262232659811,38.4263236013948,19.5860929151152
193,1,10,44,136.63,57.3262232659811,38.4263236013948,19.5860929151152
193,1,11,55,136.19,57.3262232659811,38.4263236013948,19.5860929151152
193,1,12,45,143.01,57.3262232659811,38.4263236013948,19.5860929151152
193,1,13,39,156.16,57.3262232659811,38.4263236013948,19.5860929151152
193,1,14,45,153.05,57.3262232659811,38.4263236013948,19.5860929151152
193,1,15,48,169.77,57.3262232659811,38.4263236013948,19.5860929151152
193,1,16,38,169.62,57.3262232659811,38.4263236013948,19.5860929151152
193,1,17,36,163.24,57.3262232659811,38.4263236013948,19.5860929151152
193,1,18,29,146.62,57.3262232659811,38.4263236013948,19.5860929151152
193,1,19,15,133.92,57.3262232659811,38.4263236013948,19.5860929151152
193,1,20,8,125.4,57.3262232659811,38.4263236013948,19.5860929151152
193,1,21,2,122.32,57.3262232659811,38.4263236013948,19.5860929151152
194,1,2,4,151.44,43.2551311875431,28.9943340715359,14.778559797388
194,1,3,3,130.73,43.2551311875431,28.9943340715359,14.778559797388
194,1,4,2,124.02,43.2551311875431,28.9943340715359,14.778559797388
194,1,6,2,157.85,43.2551311875431,28.9943340715359,14.778559797388
194,1,8,2,129.39,43.2551311875431,28.9943340715359,14.778559797388
194,1,9,2,162.22,43.2551311875431,28.9943340715359,14.778559797388
194,1,10,2,133.61,43.2551311875431,28.9943340715359,14.778559797388
194,1,11,4,136.28,43.2551311875431,28.9943340715359,14.778559797388
194,1,12,5,161.26,43.2551311875431,28.9943340715359,14.778559797388
194,1,13,2,148.76,43.2551311875431,28.9943340715359,14.778559797388
194,1,14,8,158.24,43.2551311875431,28.9943340715359,14.778559797388
194,1,15,8,190.17,43.2551311875431,28.9943340715359,14.778559797388
194,1,16,4,189.1,43.2551311875431,28.9943340715359,14.778559797388
194,1,17,4,182.37,43.2551311875431,28.9943340715359,14.778559797388
195,1,2,10,91.43,152.691108383,102.350331270866,52.1684853060272
195,1,3,35,93.28,152.691108383,102.350331270866,52.1684853060272
195,1,4,69,100.29,152.691108383,102.350331270866,52.1684853060272
195,1,5,87,97.06,152.691108383,102.350331270866,52.1684853060272
195,1,6,90,104.31,152.691108383,102.350331270866,52.1684853060272
195,1,7,209,115.21,152.691108383,102.350331270866,52.1684853060272
195,1,8,231,166.7,152.691108383,102.350331270866,52.1684853060272
195,1,9,239,122.82,152.691108383,102.350331270866,52.1684853060272
195,1,10,170,128.2,152.691108383,102.350331270866,52.1684853060272
195,1,11,111,118.24,152.691108383,102.350331270866,52.1684853060272
195,1,12,70,113.86,152.691108383,102.350331270866,52.1684853060272
195,1,13,78,118.8,152.691108383,102.350331270866,52.1684853060272
195,1,14,96,131.4,152.691108383,102.350331270866,52.1684853060272
195,1,15,78,139.68,152.691108383,102.350331270866,52.1684853060272
195,1,16,84,138.97,152.691108383,102.350331270866,52.1684853060272
195,1,17,66,128.66,152.691108383,102.350331270866,52.1684853060272
195,1,18,52,131.16,152.691108383,102.350331270866,52.1684853060272
195,1,19,36,109.92,152.691108383,102.350331270866,52.1684853060272
195,1,20,18,102.49,152.691108383,102.350331270866,52.1684853060272
195,1,21,7,95.15,152.691108383,102.350331270866,52.1684853060272
195,1,22,2,95.77,152.691108383,102.350331270866,52.1684853060272
195,1,23,2,96.67,152.691108383,102.350331270866,52.1684853060272
196,1,0,2,123.16,54.4444951794882,36.494673308142,18.6015209192196
196,1,1,3,148.15,54.4444951794882,36.494673308142,18.6015209192196
196,1,2,13,123.14,54.4444951794882,36.494673308142,18.6015209192196
196,1,3,25,115.28,54.4444951794882,36.494673308142,18.6015209192196
196,1,4,36,115.96,54.4444951794882,36.494673308142,18.6015209192196
196,1,5,37,121.77,54.4444951794882,36.494673308142,18.6015209192196
196,1,6,36,126.23,54.4444951794882,36.494673308142,18.6015209192196
196,1,7,16,152.05,54.4444951794882,36.494673308142,18.6015209192196
196,1,8,15,133.07,54.4444951794882,36.494673308142,18.6015209192196
196,1,9,19,135.31,54.4444951794882,36.494673308142,18.6015209192196
196,1,10,10,142.25,54.4444951794882,36.494673308142,18.6015209192196
196,1,11,21,149.8,54.4444951794882,36.494673308142,18.6015209192196
196,1,12,23,157.62,54.4444951794882,36.494673308142,18.6015209192196
196,1,13,26,169.25,54.4444951794882,36.494673308142,18.6015209192196
196,1,14,20,179.66,54.4444951794882,36.494673308142,18.6015209192196
196,1,15,18,190.19,54.4444951794882,36.494673308142,18.6015209192196
196,1,16,17,186.33,54.4444951794882,36.494673308142,18.6015209192196
196,1,17,14,191.47,54.4444951794882,36.494673308142,18.6015209192196
196,1,18,15,167.98,54.4444951794882,36.494673308142,18.6015209192196
196,1,19,9,160.31,54.4444951794882,36.494673308142,18.6015209192196
196,1,20,6,157.76,54.4444951794882,36.494673308142,18.6015209192196
196,1,21,4,120.73,54.4444951794882,36.494673308142,18.6015209192196
197,1,0,3,139.96,93.8670623855504,62.9200025615491,32.0706458721713
197,1,1,3,144.29,93.8670623855504,62.9200025615491,32.0706458721713
197,1,2,11,149.44,93.8670623855504,62.9200025615491,32.0706458721713
197,1,3,15,136.44,93.8670623855504,62.9200025615491,32.0706458721713
197,1,4,25,130.55,93.8670623855504,62.9200025615491,32.0706458721713
197,1,5,17,149.75,93.8670623855504,62.9200025615491,32.0706458721713
197,1,6,13,140.84,93.8670623855504,62.9200025615491,32.0706458721713
197,1,7,7,141.89,93.8670623855504,62.9200025615491,32.0706458721713
197,1,8,8,189.37,93.8670623855504,62.9200025615491,32.0706458721713
197,1,9,10,171.15,93.8670623855504,62.9200025615491,32.0706458721713
197,1,10,14,176.61,93.8670623855504,62.9200025615491,32.0706458721713
197,1,11,7,160.61,93.8670623855504,62.9200025615491,32.0706458721713
197,1,12,12,170.32,93.8670623855504,62.9200025615491,32.0706458721713
197,1,13,12,184.47,93.8670623855504,62.9200025615491,32.0706458721713
197,1,14,10,196.26,93.8670623855504,62.9200025615491,32.0706458721713
197,1,15,15,225.47,93.8670623855504,62.9200025615491,32.0706458721713
197,1,16,17,200.18,93.8670623855504,62.9200025615491,32.0706458721713
197,1,17,13,208.06,93.8670623855504,62.9200025615491,32.0706458721713
197,1,18,2,148.88,93.8670623855504,62.9200025615491,32.0706458721713
197,1,19,2,145.85,93.8670623855504,62.9200025615491,32.0706458721713
197,1,20,3,129.55,93.8670623855504,62.9200025615491,32.0706458721713
197,1,21,3,165.26,93.8670623855504,62.9200025615491,32.0706458721713
197,1,22,3,179.95,93.8670623855504,62.9200025615491,32.0706458721713
198,1,0,3,133.97,77.8128112570256,52.1586822809431,26.5855460980775
198,1,1,16,120.45,77.8128112570256,52.1586822809431,26.5855460980775
198,1,2,37,120.63,77.8128112570256,52.1586822809431,26.5855460980775
198,1,3,142,124.19,77.8128112570256,52.1586822809431,26.5855460980775
198,1,4,182,125.21,77.8128112570256,52.1586822809431,26.5855460980775
198,1,5,172,119.64,77.8128112570256,52.1586822809431,26.5855460980775
198,1,6,137,124.34,77.8128112570256,52.1586822809431,26.5855460980775
198,1,7,118,132.03,77.8128112570256,52.1586822809431,26.5855460980775
198,1,8,75,134.98,77.8128112570256,52.1586822809431,26.5855460980775
198,1,9,63,135.86,77.8128112570256,52.1586822809431,26.5855460980775
198,1,10,49,137.35,77.8128112570256,52.1586822809431,26.5855460980775
198,1,11,64,139.84,77.8128112570256,52.1586822809431,26.5855460980775
198,1,12,97,152.52,77.8128112570256,52.1586822809431,26.5855460980775
198,1,13,134,159.44,77.8128112570256,52.1586822809431,26.5855460980775
198,1,14,108,179.65,77.8128112570256,52.1586822809431,26.5855460980775
198,1,15,101,188.4,77.8128112570256,52.1586822809431,26.5855460980775
198,1,16,71,184.8,77.8128112570256,52.1586822809431,26.5855460980775
198,1,17,57,174.15,77.8128112570256,52.1586822809431,26.5855460980775
198,1,18,56,146.67,77.8128112570256,52.1586822809431,26.5855460980775
198,1,19,59,139.32,77.8128112570256,52.1586822809431,26.5855460980775
198,1,20,30,135.44,77.8128112570256,52.1586822809431,26.5855460980775
198,1,21,8,147.05,77.8128112570256,52.1586822809431,26.5855460980775
198,1,22,2,119.91,77.8128112570256,52.1586822809431,26.5855460980775
198,1,23,2,116.2,77.8128112570256,52.1586822809431,26.5855460980775
200,1,1,3,107,132.597146275691,88.8811535302175,45.3031767884834
200,1,2,11,115.74,132.597146275691,88.8811535302175,45.3031767884834
200,1,3,73,117.8,132.597146275691,88.8811535302175,45.3031767884834
200,1,4,194,121.11,132.597146275691,88.8811535302175,45.3031767884834
200,1,5,192,121.05,132.597146275691,88.8811535302175,45.3031767884834
200,1,6,198,122.68,132.597146275691,88.8811535302175,45.3031767884834
200,1,7,168,129.89,132.597146275691,88.8811535302175,45.3031767884834
200,1,8,151,126.92,132.597146275691,88.8811535302175,45.3031767884834
200,1,9,121,125.17,132.597146275691,88.8811535302175,45.3031767884834
200,1,10,83,121.71,132.597146275691,88.8811535302175,45.3031767884834
200,1,11,68,122.29,132.597146275691,88.8811535302175,45.3031767884834
200,1,12,109,125.47,132.597146275691,88.8811535302175,45.3031767884834
200,1,13,177,133.57,132.597146275691,88.8811535302175,45.3031767884834
200,1,14,160,136.45,132.597146275691,88.8811535302175,45.3031767884834
200,1,15,153,149.89,132.597146275691,88.8811535302175,45.3031767884834
200,1,16,128,148.55,132.597146275691,88.8811535302175,45.3031767884834
200,1,17,122,144.88,132.597146275691,88.8811535302175,45.3031767884834
200,1,18,97,131.31,132.597146275691,88.8811535302175,45.3031767884834
200,1,19,91,123.01,132.597146275691,88.8811535302175,45.3031767884834
200,1,20,47,122.31,132.597146275691,88.8811535302175,45.3031767884834
200,1,21,17,118.1,132.597146275691,88.8811535302175,45.3031767884834
200,1,22,7,153.18,132.597146275691,88.8811535302175,45.3031767884834
200,1,23,3,130.14,132.597146275691,88.8811535302175,45.3031767884834
201,1,2,4,148.28,212.191293850701,142.233882826611,72.4973347337993
201,1,3,12,120.79,212.191293850701,142.233882826611,72.4973347337993
201,1,4,8,128.41,212.191293850701,142.233882826611,72.4973347337993
201,1,5,14,146.68,212.191293850701,142.233882826611,72.4973347337993
201,1,6,17,138.78,212.191293850701,142.233882826611,72.4973347337993
201,1,7,16,137.99,212.191293850701,142.233882826611,72.4973347337993
201,1,8,13,145.25,212.191293850701,142.233882826611,72.4973347337993
201,1,9,5,139.55,212.191293850701,142.233882826611,72.4973347337993
201,1,10,7,136.69,212.191293850701,142.233882826611,72.4973347337993
201,1,11,12,150.99,212.191293850701,142.233882826611,72.4973347337993
201,1,12,14,168.23,212.191293850701,142.233882826611,72.4973347337993
201,1,13,11,158.55,212.191293850701,142.233882826611,72.4973347337993
201,1,14,19,176.42,212.191293850701,142.233882826611,72.4973347337993
201,1,15,17,161.75,212.191293850701,142.233882826611,72.4973347337993
201,1,16,12,165.48,212.191293850701,142.233882826611,72.4973347337993
201,1,17,7,184.1,212.191293850701,142.233882826611,72.4973347337993
201,1,18,8,148.8,212.191293850701,142.233882826611,72.4973347337993
201,1,19,2,142.74,212.191293850701,142.233882826611,72.4973347337993
202,1,1,7,116.45,62.9874038036355,42.2210678373179,21.520293385732
202,1,2,23,120.9,62.9874038036355,42.2210678373179,21.520293385732
202,1,3,81,118.08,62.9874038036355,42.2210678373179,21.520293385732
202,1,4,127,125.74,62.9874038036355,42.2210678373179,21.520293385732
202,1,5,129,119.58,62.9874038036355,42.2210678373179,21.520293385732
202,1,6,107,123.49,62.9874038036355,42.2210678373179,21.520293385732
202,1,7,98,132.29,62.9874038036355,42.2210678373179,21.520293385732
202,1,8,66,135.09,62.9874038036355,42.2210678373179,21.520293385732
202,1,9,47,135.94,62.9874038036355,42.2210678373179,21.520293385732
202,1,10,51,138.91,62.9874038036355,42.2210678373179,21.520293385732
202,1,11,64,145.11,62.9874038036355,42.2210678373179,21.520293385732
202,1,12,92,159.22,62.9874038036355,42.2210678373179,21.520293385732
202,1,13,119,158.21,62.9874038036355,42.2210678373179,21.520293385732
202,1,14,130,175.36,62.9874038036355,42.2210678373179,21.520293385732
202,1,15,88,179.78,62.9874038036355,42.2210678373179,21.520293385732
202,1,16,84,174,62.9874038036355,42.2210678373179,21.520293385732
202,1,17,57,193.01,62.9874038036355,42.2210678373179,21.520293385732
202,1,18,74,158.09,62.9874038036355,42.2210678373179,21.520293385732
202,1,19,66,141.23,62.9874038036355,42.2210678373179,21.520293385732
202,1,20,33,132.98,62.9874038036355,42.2210678373179,21.520293385732
202,1,21,13,128.99,62.9874038036355,42.2210678373179,21.520293385732
202,1,22,2,127.43,62.9874038036355,42.2210678373179,21.520293385732
202,1,23,2,157.55,62.9874038036355,42.2210678373179,21.520293385732
203,1,3,10,139.9,166.081271509748,111.325887518424,56.7433720543169
203,1,4,10,142.58,166.081271509748,111.325887518424,56.7433720543169
203,1,5,9,161.8,166.081271509748,111.325887518424,56.7433720543169
203,1,6,5,160,166.081271509748,111.325887518424,56.7433720543169
203,1,7,4,195.43,166.081271509748,111.325887518424,56.7433720543169
203,1,8,2,222.3,166.081271509748,111.325887518424,56.7433720543169
203,1,9,5,166.45,166.081271509748,111.325887518424,56.7433720543169
203,1,10,4,190.33,166.081271509748,111.325887518424,56.7433720543169
203,1,11,7,183.02,166.081271509748,111.325887518424,56.7433720543169
203,1,12,6,172.92,166.081271509748,111.325887518424,56.7433720543169
203,1,13,5,185.68,166.081271509748,111.325887518424,56.7433720543169
203,1,14,9,202.96,166.081271509748,111.325887518424,56.7433720543169
203,1,15,4,191.87,166.081271509748,111.325887518424,56.7433720543169
203,1,16,3,201.29,166.081271509748,111.325887518424,56.7433720543169
203,1,17,4,203.29,166.081271509748,111.325887518424,56.7433720543169
203,1,18,5,190.25,166.081271509748,111.325887518424,56.7433720543169
203,1,19,2,179.95,166.081271509748,111.325887518424,56.7433720543169
204,1,0,2,65.77,367.191698707434,246.132157927292,125.45481489639
204,1,1,2,71.71,367.191698707434,246.132157927292,125.45481489639
204,1,2,16,65.78,367.191698707434,246.132157927292,125.45481489639
204,1,3,101,68.67,367.191698707434,246.132157927292,125.45481489639
204,1,4,254,72.09,367.191698707434,246.132157927292,125.45481489639
204,1,5,223,73.31,367.191698707434,246.132157927292,125.45481489639
204,1,6,192,76.61,367.191698707434,246.132157927292,125.45481489639
204,1,7,144,76.31,367.191698707434,246.132157927292,125.45481489639
204,1,8,131,75.68,367.191698707434,246.132157927292,125.45481489639
204,1,9,98,74.43,367.191698707434,246.132157927292,125.45481489639
204,1,10,69,77.09,367.191698707434,246.132157927292,125.45481489639
204,1,11,91,73.04,367.191698707434,246.132157927292,125.45481489639
204,1,12,79,74.23,367.191698707434,246.132157927292,125.45481489639
204,1,13,87,72.44,367.191698707434,246.132157927292,125.45481489639
204,1,14,97,76.75,367.191698707434,246.132157927292,125.45481489639
204,1,15,86,76.05,367.191698707434,246.132157927292,125.45481489639
204,1,16,90,77.71,367.191698707434,246.132157927292,125.45481489639
204,1,17,82,74.78,367.191698707434,246.132157927292,125.45481489639
204,1,18,54,74.45,367.191698707434,246.132157927292,125.45481489639
204,1,19,41,71.55,367.191698707434,246.132157927292,125.45481489639
204,1,20,17,71.38,367.191698707434,246.132157927292,125.45481489639
204,1,21,6,68.63,367.191698707434,246.132157927292,125.45481489639
204,1,22,4,69.11,367.191698707434,246.132157927292,125.45481489639
205,1,1,6,141.07,127.14952611396,85.2295608861161,43.4419414135509
205,1,2,5,156.66,127.14952611396,85.2295608861161,43.4419414135509
205,1,3,10,144.14,127.14952611396,85.2295608861161,43.4419414135509
205,1,4,26,154,127.14952611396,85.2295608861161,43.4419414135509
205,1,5,16,162.84,127.14952611396,85.2295608861161,43.4419414135509
205,1,6,9,160.37,127.14952611396,85.2295608861161,43.4419414135509
205,1,7,8,162.45,127.14952611396,85.2295608861161,43.4419414135509
205,1,8,5,173.38,127.14952611396,85.2295608861161,43.4419414135509
205,1,9,7,169.17,127.14952611396,85.2295608861161,43.4419414135509
205,1,10,13,189.84,127.14952611396,85.2295608861161,43.4419414135509
205,1,11,8,180.26,127.14952611396,85.2295608861161,43.4419414135509
205,1,12,8,179.67,127.14952611396,85.2295608861161,43.4419414135509
205,1,13,13,210.65,127.14952611396,85.2295608861161,43.4419414135509
205,1,14,14,227.18,127.14952611396,85.2295608861161,43.4419414135509
205,1,15,11,235.91,127.14952611396,85.2295608861161,43.4419414135509
205,1,16,7,210.92,127.14952611396,85.2295608861161,43.4419414135509
205,1,17,7,221.8,127.14952611396,85.2295608861161,43.4419414135509
205,1,18,5,207.93,127.14952611396,85.2295608861161,43.4419414135509
205,1,19,12,172.51,127.14952611396,85.2295608861161,43.4419414135509
205,1,20,5,177.56,127.14952611396,85.2295608861161,43.4419414135509
206,1,0,8,67.18,234.49310911442,157.183005957329,80.1169789567276
206,1,1,9,74.5,234.49310911442,157.183005957329,80.1169789567276
206,1,2,44,72.18,234.49310911442,157.183005957329,80.1169789567276
206,1,3,172,76.2,234.49310911442,157.183005957329,80.1169789567276
206,1,4,287,73.93,234.49310911442,157.183005957329,80.1169789567276
206,1,5,292,75.57,234.49310911442,157.183005957329,80.1169789567276
206,1,6,261,78.57,234.49310911442,157.183005957329,80.1169789567276
206,1,7,209,82.49,234.49310911442,157.183005957329,80.1169789567276
206,1,8,161,80.49,234.49310911442,157.183005957329,80.1169789567276
206,1,9,155,79.24,234.49310911442,157.183005957329,80.1169789567276
206,1,10,168,76.75,234.49310911442,157.183005957329,80.1169789567276
206,1,11,156,73.31,234.49310911442,157.183005957329,80.1169789567276
206,1,12,175,78.74,234.49310911442,157.183005957329,80.1169789567276
206,1,13,186,101.46,234.49310911442,157.183005957329,80.1169789567276
206,1,14,190,85.09,234.49310911442,157.183005957329,80.1169789567276
206,1,15,188,93.25,234.49310911442,157.183005957329,80.1169789567276
206,1,16,153,88.81,234.49310911442,157.183005957329,80.1169789567276
206,1,17,135,87.95,234.49310911442,157.183005957329,80.1169789567276
206,1,18,126,83.19,234.49310911442,157.183005957329,80.1169789567276
206,1,19,73,76.41,234.49310911442,157.183005957329,80.1169789567276
206,1,20,48,78.1,234.49310911442,157.183005957329,80.1169789567276
206,1,21,19,74.87,234.49310911442,157.183005957329,80.1169789567276
206,1,22,4,93.24,234.49310911442,157.183005957329,80.1169789567276
206,1,23,6,71.93,234.49310911442,157.183005957329,80.1169789567276
207,1,10,2,111.74,24.5179244609116,16.4346026250194,8.37680068943526
207,1,15,2,189.17,24.5179244609116,16.4346026250194,8.37680068943526
208,1,1,3,127.25,63.6956437324367,42.6958079325317,21.7622708309813
208,1,2,11,118.36,63.6956437324367,42.6958079325317,21.7622708309813
208,1,3,34,133.01,63.6956437324367,42.6958079325317,21.7622708309813
208,1,4,51,127.02,63.6956437324367,42.6958079325317,21.7622708309813
208,1,5,47,134.87,63.6956437324367,42.6958079325317,21.7622708309813
208,1,6,31,134.6,63.6956437324367,42.6958079325317,21.7622708309813
208,1,7,27,140.07,63.6956437324367,42.6958079325317,21.7622708309813
208,1,8,13,146.01,63.6956437324367,42.6958079325317,21.7622708309813
208,1,9,12,143.67,63.6956437324367,42.6958079325317,21.7622708309813
208,1,10,12,154.82,63.6956437324367,42.6958079325317,21.7622708309813
208,1,11,4,146.69,63.6956437324367,42.6958079325317,21.7622708309813
208,1,12,17,158.11,63.6956437324367,42.6958079325317,21.7622708309813
208,1,13,14,173.78,63.6956437324367,42.6958079325317,21.7622708309813
208,1,14,19,189.34,63.6956437324367,42.6958079325317,21.7622708309813
208,1,15,25,200.7,63.6956437324367,42.6958079325317,21.7622708309813
208,1,16,18,189.15,63.6956437324367,42.6958079325317,21.7622708309813
208,1,17,21,187.74,63.6956437324367,42.6958079325317,21.7622708309813
208,1,18,10,141,63.6956437324367,42.6958079325317,21.7622708309813
208,1,19,3,158.84,63.6956437324367,42.6958079325317,21.7622708309813
208,1,20,10,149.81,63.6956437324367,42.6958079325317,21.7622708309813
208,1,23,4,481.95,63.6956437324367,42.6958079325317,21.7622708309813
209,1,0,4,95.39,126.491571800017,84.7885277263838,43.2171445650475
209,1,1,9,102.84,126.491571800017,84.7885277263838,43.2171445650475
209,1,2,41,96.41,126.491571800017,84.7885277263838,43.2171445650475
209,1,3,244,104.2,126.491571800017,84.7885277263838,43.2171445650475
209,1,4,634,107.01,126.491571800017,84.7885277263838,43.2171445650475
209,1,5,866,100.16,126.491571800017,84.7885277263838,43.2171445650475
209,1,6,906,91,126.491571800017,84.7885277263838,43.2171445650475
209,1,7,738,92.13,126.491571800017,84.7885277263838,43.2171445650475
209,1,8,624,90.75,126.491571800017,84.7885277263838,43.2171445650475
209,1,9,566,89.56,126.491571800017,84.7885277263838,43.2171445650475
209,1,10,552,91.49,126.491571800017,84.7885277263838,43.2171445650475
209,1,11,562,96.07,126.491571800017,84.7885277263838,43.2171445650475
209,1,12,635,97.26,126.491571800017,84.7885277263838,43.2171445650475
209,1,13,778,106.33,126.491571800017,84.7885277263838,43.2171445650475
209,1,14,984,115.5,126.491571800017,84.7885277263838,43.2171445650475
209,1,15,912,144.04,126.491571800017,84.7885277263838,43.2171445650475
209,1,16,720,130.54,126.491571800017,84.7885277263838,43.2171445650475
209,1,17,507,125.52,126.491571800017,84.7885277263838,43.2171445650475
209,1,18,420,117.42,126.491571800017,84.7885277263838,43.2171445650475
209,1,19,250,105.4,126.491571800017,84.7885277263838,43.2171445650475
209,1,20,125,93.25,126.491571800017,84.7885277263838,43.2171445650475
209,1,21,43,94.58,126.491571800017,84.7885277263838,43.2171445650475
209,1,22,20,99.65,126.491571800017,84.7885277263838,43.2171445650475
209,1,23,8,125.3,126.491571800017,84.7885277263838,43.2171445650475
210,1,1,4,87.48,203.047735844679,136.104867189608,69.3733442373424
210,1,2,19,102.01,203.047735844679,136.104867189608,69.3733442373424
210,1,3,45,101.14,203.047735844679,136.104867189608,69.3733442373424
210,1,4,58,103.61,203.047735844679,136.104867189608,69.3733442373424
210,1,5,72,103.27,203.047735844679,136.104867189608,69.3733442373424
210,1,6,50,101.22,203.047735844679,136.104867189608,69.3733442373424
210,1,7,50,101.97,203.047735844679,136.104867189608,69.3733442373424
210,1,8,28,108.24,203.047735844679,136.104867189608,69.3733442373424
210,1,9,28,101.58,203.047735844679,136.104867189608,69.3733442373424
210,1,10,26,115.94,203.047735844679,136.104867189608,69.3733442373424
210,1,11,28,128.21,203.047735844679,136.104867189608,69.3733442373424
210,1,12,33,125.46,203.047735844679,136.104867189608,69.3733442373424
210,1,13,36,122.15,203.047735844679,136.104867189608,69.3733442373424
210,1,14,54,131.23,203.047735844679,136.104867189608,69.3733442373424
210,1,15,36,135.27,203.047735844679,136.104867189608,69.3733442373424
210,1,16,55,150.65,203.047735844679,136.104867189608,69.3733442373424
210,1,17,31,129,203.047735844679,136.104867189608,69.3733442373424
210,1,18,24,122.22,203.047735844679,136.104867189608,69.3733442373424
210,1,19,17,110.44,203.047735844679,136.104867189608,69.3733442373424
210,1,20,10,113.42,203.047735844679,136.104867189608,69.3733442373424
210,1,21,8,96.58,203.047735844679,136.104867189608,69.3733442373424
210,1,22,2,105.75,203.047735844679,136.104867189608,69.3733442373424
211,1,0,10,131.51,116.770341591069,78.2722928075144,39.895786427808
211,1,1,11,97.14,116.770341591069,78.2722928075144,39.895786427808
211,1,2,45,90.42,116.770341591069,78.2722928075144,39.895786427808
211,1,3,269,94.17,116.770341591069,78.2722928075144,39.895786427808
211,1,4,1030,101.17,116.770341591069,78.2722928075144,39.895786427808
211,1,5,1386,92.08,116.770341591069,78.2722928075144,39.895786427808
211,1,6,1684,82.92,116.770341591069,78.2722928075144,39.895786427808
211,1,7,1389,81.36,116.770341591069,78.2722928075144,39.895786427808
211,1,8,1141,80.65,116.770341591069,78.2722928075144,39.895786427808
211,1,9,1069,78.36,116.770341591069,78.2722928075144,39.895786427808
211,1,10,1050,90.75,116.770341591069,78.2722928075144,39.895786427808
211,1,11,1195,85.38,116.770341591069,78.2722928075144,39.895786427808
211,1,12,1489,86.93,116.770341591069,78.2722928075144,39.895786427808
211,1,13,1854,91.81,116.770341591069,78.2722928075144,39.895786427808
211,1,14,2344,101.34,116.770341591069,78.2722928075144,39.895786427808
211,1,15,2230,116.5,116.770341591069,78.2722928075144,39.895786427808
211,1,16,1751,123.02,116.770341591069,78.2722928075144,39.895786427808
211,1,17,1371,120.18,116.770341591069,78.2722928075144,39.895786427808
211,1,18,1084,108.96,116.770341591069,78.2722928075144,39.895786427808
211,1,19,741,94.93,116.770341591069,78.2722928075144,39.895786427808
211,1,20,395,88.58,116.770341591069,78.2722928075144,39.895786427808
211,1,21,149,82.63,116.770341591069,78.2722928075144,39.895786427808
211,1,22,38,86.14,116.770341591069,78.2722928075144,39.895786427808
211,1,23,20,144.76,116.770341591069,78.2722928075144,39.895786427808
212,1,2,3,116.28,54.1516115908543,36.2983505972917,18.5014542332689
212,1,3,14,109.14,54.1516115908543,36.2983505972917,18.5014542332689
212,1,4,19,129.46,54.1516115908543,36.2983505972917,18.5014542332689
212,1,5,17,115.07,54.1516115908543,36.2983505972917,18.5014542332689
212,1,6,15,121.56,54.1516115908543,36.2983505972917,18.5014542332689
212,1,7,6,107.99,54.1516115908543,36.2983505972917,18.5014542332689
212,1,8,2,161.33,54.1516115908543,36.2983505972917,18.5014542332689
212,1,9,8,128.2,54.1516115908543,36.2983505972917,18.5014542332689
212,1,10,7,136.91,54.1516115908543,36.2983505972917,18.5014542332689
212,1,11,7,153.81,54.1516115908543,36.2983505972917,18.5014542332689
212,1,12,10,137.69,54.1516115908543,36.2983505972917,18.5014542332689
212,1,13,5,149.99,54.1516115908543,36.2983505972917,18.5014542332689
212,1,14,4,153.16,54.1516115908543,36.2983505972917,18.5014542332689
212,1,15,4,154.65,54.1516115908543,36.2983505972917,18.5014542332689
212,1,16,6,169.79,54.1516115908543,36.2983505972917,18.5014542332689
212,1,17,12,157.28,54.1516115908543,36.2983505972917,18.5014542332689
212,1,18,9,154.02,54.1516115908543,36.2983505972917,18.5014542332689
212,1,19,2,131.25,54.1516115908543,36.2983505972917,18.5014542332689
212,1,22,2,118.6,54.1516115908543,36.2983505972917,18.5014542332689
213,1,1,3,116.93,45.2260164340832,30.3154375726924,15.4519329827217
213,1,2,10,115.81,45.2260164340832,30.3154375726924,15.4519329827217
213,1,3,26,117.99,45.2260164340832,30.3154375726924,15.4519329827217
213,1,4,37,121.06,45.2260164340832,30.3154375726924,15.4519329827217
213,1,5,37,127.96,45.2260164340832,30.3154375726924,15.4519329827217
213,1,6,25,127.8,45.2260164340832,30.3154375726924,15.4519329827217
213,1,7,11,129.51,45.2260164340832,30.3154375726924,15.4519329827217
213,1,8,7,130.63,45.2260164340832,30.3154375726924,15.4519329827217
213,1,9,10,134.95,45.2260164340832,30.3154375726924,15.4519329827217
213,1,10,15,139.02,45.2260164340832,30.3154375726924,15.4519329827217
213,1,11,12,137.15,45.2260164340832,30.3154375726924,15.4519329827217
213,1,12,14,156.46,45.2260164340832,30.3154375726924,15.4519329827217
213,1,13,15,147.71,45.2260164340832,30.3154375726924,15.4519329827217
213,1,14,9,210.32,45.2260164340832,30.3154375726924,15.4519329827217
213,1,15,16,178.51,45.2260164340832,30.3154375726924,15.4519329827217
213,1,16,17,179.73,45.2260164340832,30.3154375726924,15.4519329827217
213,1,17,14,158.14,45.2260164340832,30.3154375726924,15.4519329827217
213,1,18,17,159.27,45.2260164340832,30.3154375726924,15.4519329827217
213,1,19,10,134.71,45.2260164340832,30.3154375726924,15.4519329827217
213,1,20,5,134.89,45.2260164340832,30.3154375726924,15.4519329827217
213,1,21,3,137.43,45.2260164340832,30.3154375726924,15.4519329827217
214,1,1,3,95.93,263.556204472084,176.664280729088,90.0466839616249
214,1,2,28,77.87,263.556204472084,176.664280729088,90.0466839616249
214,1,3,129,75.26,263.556204472084,176.664280729088,90.0466839616249
214,1,4,200,75.7,263.556204472084,176.664280729088,90.0466839616249
214,1,5,202,79.52,263.556204472084,176.664280729088,90.0466839616249
214,1,6,172,77.52,263.556204472084,176.664280729088,90.0466839616249
214,1,7,137,85.77,263.556204472084,176.664280729088,90.0466839616249
214,1,8,105,79.99,263.556204472084,176.664280729088,90.0466839616249
214,1,9,87,77.28,263.556204472084,176.664280729088,90.0466839616249
214,1,10,85,77.58,263.556204472084,176.664280729088,90.0466839616249
214,1,11,103,89.47,263.556204472084,176.664280729088,90.0466839616249
214,1,12,98,82.59,263.556204472084,176.664280729088,90.0466839616249
214,1,13,101,84.15,263.556204472084,176.664280729088,90.0466839616249
214,1,14,138,90.39,263.556204472084,176.664280729088,90.0466839616249
214,1,15,125,94.85,263.556204472084,176.664280729088,90.0466839616249
214,1,16,111,95.16,263.556204472084,176.664280729088,90.0466839616249
214,1,17,98,91.87,263.556204472084,176.664280729088,90.0466839616249
214,1,18,70,83.73,263.556204472084,176.664280729088,90.0466839616249
214,1,19,56,78.96,263.556204472084,176.664280729088,90.0466839616249
214,1,20,18,84.49,263.556204472084,176.664280729088,90.0466839616249
214,1,21,7,80.08,263.556204472084,176.664280729088,90.0466839616249
214,1,22,4,78.3,263.556204472084,176.664280729088,90.0466839616249
215,1,1,2,147.35,109.9118614533,73.6749870341187,37.552516252629
215,1,2,6,139.7,109.9118614533,73.6749870341187,37.552516252629
215,1,3,11,128.86,109.9118614533,73.6749870341187,37.552516252629
215,1,4,10,139.96,109.9118614533,73.6749870341187,37.552516252629
215,1,5,11,146.93,109.9118614533,73.6749870341187,37.552516252629
215,1,6,3,137.42,109.9118614533,73.6749870341187,37.552516252629
215,1,7,7,176.98,109.9118614533,73.6749870341187,37.552516252629
215,1,8,3,169.26,109.9118614533,73.6749870341187,37.552516252629
215,1,9,5,182.18,109.9118614533,73.6749870341187,37.552516252629
215,1,10,4,162.75,109.9118614533,73.6749870341187,37.552516252629
215,1,11,3,168.08,109.9118614533,73.6749870341187,37.552516252629
215,1,12,4,161.99,109.9118614533,73.6749870341187,37.552516252629
215,1,13,3,164.83,109.9118614533,73.6749870341187,37.552516252629
215,1,14,2,196.47,109.9118614533,73.6749870341187,37.552516252629
215,1,15,9,222.31,109.9118614533,73.6749870341187,37.552516252629
215,1,16,13,241.57,109.9118614533,73.6749870341187,37.552516252629
215,1,17,5,271.13,109.9118614533,73.6749870341187,37.552516252629
215,1,18,6,188.85,109.9118614533,73.6749870341187,37.552516252629
215,1,19,7,173.04,109.9118614533,73.6749870341187,37.552516252629
216,1,1,7,139.73,115.382467166666,77.3419871164741,39.4216048773378
216,1,2,8,131.07,115.382467166666,77.3419871164741,39.4216048773378
216,1,3,31,133.21,115.382467166666,77.3419871164741,39.4216048773378
216,1,4,48,140.22,115.382467166666,77.3419871164741,39.4216048773378
216,1,5,33,146.61,115.382467166666,77.3419871164741,39.4216048773378
216,1,6,23,141.69,115.382467166666,77.3419871164741,39.4216048773378
216,1,7,50,166.28,115.382467166666,77.3419871164741,39.4216048773378
216,1,8,24,160.61,115.382467166666,77.3419871164741,39.4216048773378
216,1,9,36,159.78,115.382467166666,77.3419871164741,39.4216048773378
216,1,10,27,169.52,115.382467166666,77.3419871164741,39.4216048773378
216,1,11,44,164.42,115.382467166666,77.3419871164741,39.4216048773378
216,1,12,40,168.95,115.382467166666,77.3419871164741,39.4216048773378
216,1,13,40,184.54,115.382467166666,77.3419871164741,39.4216048773378
216,1,14,25,188.37,115.382467166666,77.3419871164741,39.4216048773378
216,1,15,31,207.08,115.382467166666,77.3419871164741,39.4216048773378
216,1,16,37,199.4,115.382467166666,77.3419871164741,39.4216048773378
216,1,17,17,179.58,115.382467166666,77.3419871164741,39.4216048773378
216,1,18,15,167.58,115.382467166666,77.3419871164741,39.4216048773378
216,1,19,15,170.67,115.382467166666,77.3419871164741,39.4216048773378
216,1,20,5,162.73,115.382467166666,77.3419871164741,39.4216048773378
216,1,21,11,165.96,115.382467166666,77.3419871164741,39.4216048773378
216,1,22,2,104.08,115.382467166666,77.3419871164741,39.4216048773378
216,1,23,3,197.78,115.382467166666,77.3419871164741,39.4216048773378
217,1,0,2,101.11,102.920359781228,68.9885156357817,35.163797904134
217,1,2,10,97.68,102.920359781228,68.9885156357817,35.163797904134
217,1,3,40,104.41,102.920359781228,68.9885156357817,35.163797904134
217,1,4,50,105.64,102.920359781228,68.9885156357817,35.163797904134
217,1,5,37,102.54,102.920359781228,68.9885156357817,35.163797904134
217,1,6,35,105.84,102.920359781228,68.9885156357817,35.163797904134
217,1,7,34,111.46,102.920359781228,68.9885156357817,35.163797904134
217,1,8,30,111.39,102.920359781228,68.9885156357817,35.163797904134
217,1,9,31,105.91,102.920359781228,68.9885156357817,35.163797904134
217,1,10,45,107.96,102.920359781228,68.9885156357817,35.163797904134
217,1,11,29,130.8,102.920359781228,68.9885156357817,35.163797904134
217,1,12,28,115.32,102.920359781228,68.9885156357817,35.163797904134
217,1,13,44,125.78,102.920359781228,68.9885156357817,35.163797904134
217,1,14,53,140.64,102.920359781228,68.9885156357817,35.163797904134
217,1,15,35,159.19,102.920359781228,68.9885156357817,35.163797904134
217,1,16,31,146.81,102.920359781228,68.9885156357817,35.163797904134
217,1,17,37,213.35,102.920359781228,68.9885156357817,35.163797904134
217,1,18,28,136.27,102.920359781228,68.9885156357817,35.163797904134
217,1,19,45,117.86,102.920359781228,68.9885156357817,35.163797904134
217,1,20,24,112.98,102.920359781228,68.9885156357817,35.163797904134
217,1,21,16,105.62,102.920359781228,68.9885156357817,35.163797904134
217,1,22,6,114.29,102.920359781228,68.9885156357817,35.163797904134
217,1,23,3,147.13,102.920359781228,68.9885156357817,35.163797904134
218,1,2,5,135.29,137.499281706898,92.1671024674674,46.9780417031423
218,1,3,5,125.13,137.499281706898,92.1671024674674,46.9780417031423
218,1,4,18,140.78,137.499281706898,92.1671024674674,46.9780417031423
218,1,5,8,160.49,137.499281706898,92.1671024674674,46.9780417031423
218,1,6,11,167.92,137.499281706898,92.1671024674674,46.9780417031423
218,1,7,5,164.55,137.499281706898,92.1671024674674,46.9780417031423
218,1,8,4,179.53,137.499281706898,92.1671024674674,46.9780417031423
218,1,9,7,158.63,137.499281706898,92.1671024674674,46.9780417031423
218,1,10,8,169.81,137.499281706898,92.1671024674674,46.9780417031423
218,1,11,6,212.98,137.499281706898,92.1671024674674,46.9780417031423
218,1,12,6,181.07,137.499281706898,92.1671024674674,46.9780417031423
218,1,13,8,181.68,137.499281706898,92.1671024674674,46.9780417031423
218,1,14,4,180.78,137.499281706898,92.1671024674674,46.9780417031423
218,1,16,7,215.6,137.499281706898,92.1671024674674,46.9780417031423
218,1,17,2,173.26,137.499281706898,92.1671024674674,46.9780417031423
218,1,18,4,192.05,137.499281706898,92.1671024674674,46.9780417031423
218,1,19,2,175.11,137.499281706898,92.1671024674674,46.9780417031423
218,1,20,3,172.24,137.499281706898,92.1671024674674,46.9780417031423
219,1,0,2,151.91,150.019546255724,100.559557258986,51.2557186684876
219,1,1,3,134.08,150.019546255724,100.559557258986,51.2557186684876
219,1,2,8,142.3,150.019546255724,100.559557258986,51.2557186684876
219,1,3,9,165.27,150.019546255724,100.559557258986,51.2557186684876
219,1,4,16,143.03,150.019546255724,100.559557258986,51.2557186684876
219,1,5,12,152.57,150.019546255724,100.559557258986,51.2557186684876
219,1,6,10,169.42,150.019546255724,100.559557258986,51.2557186684876
219,1,7,12,175.63,150.019546255724,100.559557258986,51.2557186684876
219,1,8,16,173.34,150.019546255724,100.559557258986,51.2557186684876
219,1,9,9,165.92,150.019546255724,100.559557258986,51.2557186684876
219,1,10,14,182.02,150.019546255724,100.559557258986,51.2557186684876
219,1,11,14,172.17,150.019546255724,100.559557258986,51.2557186684876
219,1,12,13,181.34,150.019546255724,100.559557258986,51.2557186684876
219,1,13,9,169.96,150.019546255724,100.559557258986,51.2557186684876
219,1,14,8,210.72,150.019546255724,100.559557258986,51.2557186684876
219,1,15,14,190.93,150.019546255724,100.559557258986,51.2557186684876
219,1,16,11,223.79,150.019546255724,100.559557258986,51.2557186684876
219,1,17,11,193.52,150.019546255724,100.559557258986,51.2557186684876
219,1,18,6,190.88,150.019546255724,100.559557258986,51.2557186684876
219,1,19,4,183.14,150.019546255724,100.559557258986,51.2557186684876
220,1,1,2,110.71,115.588415963123,77.4800365927365,39.4919693987271
220,1,2,20,121.59,115.588415963123,77.4800365927365,39.4919693987271
220,1,3,83,114.52,115.588415963123,77.4800365927365,39.4919693987271
220,1,4,156,116.23,115.588415963123,77.4800365927365,39.4919693987271
220,1,5,190,117.92,115.588415963123,77.4800365927365,39.4919693987271
220,1,6,185,121.01,115.588415963123,77.4800365927365,39.4919693987271
220,1,7,130,121.33,115.588415963123,77.4800365927365,39.4919693987271
220,1,8,86,119.24,115.588415963123,77.4800365927365,39.4919693987271
220,1,9,85,126.38,115.588415963123,77.4800365927365,39.4919693987271
220,1,10,73,119.72,115.588415963123,77.4800365927365,39.4919693987271
220,1,11,67,121.22,115.588415963123,77.4800365927365,39.4919693987271
220,1,12,98,124.18,115.588415963123,77.4800365927365,39.4919693987271
220,1,13,118,127.55,115.588415963123,77.4800365927365,39.4919693987271
220,1,14,132,134.95,115.588415963123,77.4800365927365,39.4919693987271
220,1,15,120,143.47,115.588415963123,77.4800365927365,39.4919693987271
220,1,16,101,148.58,115.588415963123,77.4800365927365,39.4919693987271
220,1,17,86,134.94,115.588415963123,77.4800365927365,39.4919693987271
220,1,18,81,126.76,115.588415963123,77.4800365927365,39.4919693987271
220,1,19,61,119.74,115.588415963123,77.4800365927365,39.4919693987271
220,1,20,53,119.3,115.588415963123,77.4800365927365,39.4919693987271
220,1,21,16,119.06,115.588415963123,77.4800365927365,39.4919693987271
220,1,22,4,110.26,115.588415963123,77.4800365927365,39.4919693987271
221,1,0,3,85.77,231.970425035284,155.492026345447,79.2550780333022
221,1,1,12,78.49,231.970425035284,155.492026345447,79.2550780333022
221,1,2,36,73.6,231.970425035284,155.492026345447,79.2550780333022
221,1,3,167,69.04,231.970425035284,155.492026345447,79.2550780333022
221,1,4,244,71.32,231.970425035284,155.492026345447,79.2550780333022
221,1,5,261,73.11,231.970425035284,155.492026345447,79.2550780333022
221,1,6,206,73.98,231.970425035284,155.492026345447,79.2550780333022
221,1,7,179,77.29,231.970425035284,155.492026345447,79.2550780333022
221,1,8,128,78.88,231.970425035284,155.492026345447,79.2550780333022
221,1,9,131,85.24,231.970425035284,155.492026345447,79.2550780333022
221,1,10,120,77.16,231.970425035284,155.492026345447,79.2550780333022
221,1,11,131,81.31,231.970425035284,155.492026345447,79.2550780333022
221,1,12,115,80.99,231.970425035284,155.492026345447,79.2550780333022
221,1,13,113,82.18,231.970425035284,155.492026345447,79.2550780333022
221,1,14,152,87.42,231.970425035284,155.492026345447,79.2550780333022
221,1,15,98,89.83,231.970425035284,155.492026345447,79.2550780333022
221,1,16,109,90.43,231.970425035284,155.492026345447,79.2550780333022
221,1,17,107,89.53,231.970425035284,155.492026345447,79.2550780333022
221,1,18,74,78.05,231.970425035284,155.492026345447,79.2550780333022
221,1,19,39,78.21,231.970425035284,155.492026345447,79.2550780333022
221,1,20,29,72.82,231.970425035284,155.492026345447,79.2550780333022
221,1,21,11,76.11,231.970425035284,155.492026345447,79.2550780333022
221,1,22,4,71.87,231.970425035284,155.492026345447,79.2550780333022
221,1,23,2,68.63,231.970425035284,155.492026345447,79.2550780333022
222,1,2,2,127.06,137.246464348626,91.9976365395282,46.891664056272
222,1,3,4,138.12,137.246464348626,91.9976365395282,46.891664056272
222,1,4,9,119.33,137.246464348626,91.9976365395282,46.891664056272
222,1,5,7,131.96,137.246464348626,91.9976365395282,46.891664056272
222,1,6,8,133.62,137.246464348626,91.9976365395282,46.891664056272
222,1,7,2,149.83,137.246464348626,91.9976365395282,46.891664056272
222,1,8,6,136.09,137.246464348626,91.9976365395282,46.891664056272
222,1,10,2,137.77,137.246464348626,91.9976365395282,46.891664056272
222,1,12,4,159.69,137.246464348626,91.9976365395282,46.891664056272
222,1,13,5,155.76,137.246464348626,91.9976365395282,46.891664056272
222,1,14,2,132.48,137.246464348626,91.9976365395282,46.891664056272
222,1,15,3,176.14,137.246464348626,91.9976365395282,46.891664056272
222,1,16,3,168.62,137.246464348626,91.9976365395282,46.891664056272
222,1,17,2,133.11,137.246464348626,91.9976365395282,46.891664056272
222,1,20,2,108.26,137.246464348626,91.9976365395282,46.891664056272
223,1,1,6,120.52,25.2064178922068,16.8961064513858,8.61203154101653
223,1,2,22,121.19,25.2064178922068,16.8961064513858,8.61203154101653
223,1,3,73,118.01,25.2064178922068,16.8961064513858,8.61203154101653
223,1,4,113,122.2,25.2064178922068,16.8961064513858,8.61203154101653
223,1,5,145,125.29,25.2064178922068,16.8961064513858,8.61203154101653
223,1,6,110,129.44,25.2064178922068,16.8961064513858,8.61203154101653
223,1,7,82,133.45,25.2064178922068,16.8961064513858,8.61203154101653
223,1,8,40,134.57,25.2064178922068,16.8961064513858,8.61203154101653
223,1,9,34,144.09,25.2064178922068,16.8961064513858,8.61203154101653
223,1,10,40,145.02,25.2064178922068,16.8961064513858,8.61203154101653
223,1,11,82,155.41,25.2064178922068,16.8961064513858,8.61203154101653
223,1,12,81,158.42,25.2064178922068,16.8961064513858,8.61203154101653
223,1,13,100,168.54,25.2064178922068,16.8961064513858,8.61203154101653
223,1,14,110,169.73,25.2064178922068,16.8961064513858,8.61203154101653
223,1,15,70,184.14,25.2064178922068,16.8961064513858,8.61203154101653
223,1,16,70,191.11,25.2064178922068,16.8961064513858,8.61203154101653
223,1,17,60,179.6,25.2064178922068,16.8961064513858,8.61203154101653
223,1,18,59,161.7,25.2064178922068,16.8961064513858,8.61203154101653
223,1,19,58,149.46,25.2064178922068,16.8961064513858,8.61203154101653
223,1,20,68,136.11,25.2064178922068,16.8961064513858,8.61203154101653
223,1,21,18,136.39,25.2064178922068,16.8961064513858,8.61203154101653
223,1,22,3,168.35,25.2064178922068,16.8961064513858,8.61203154101653
223,1,23,2,120.96,25.2064178922068,16.8961064513858,8.61203154101653
224,1,0,4,91.71,95.1990476025069,63.8128451746333,32.5257323009393
224,1,1,11,105.88,95.1990476025069,63.8128451746333,32.5257323009393
224,1,2,75,93.07,95.1990476025069,63.8128451746333,32.5257323009393
224,1,3,327,94.06,95.1990476025069,63.8128451746333,32.5257323009393
224,1,4,662,99.19,95.1990476025069,63.8128451746333,32.5257323009393
224,1,5,748,97.66,95.1990476025069,63.8128451746333,32.5257323009393
224,1,6,685,93.12,95.1990476025069,63.8128451746333,32.5257323009393
224,1,7,501,95.45,95.1990476025069,63.8128451746333,32.5257323009393
224,1,8,388,98.92,95.1990476025069,63.8128451746333,32.5257323009393
224,1,9,315,93.37,95.1990476025069,63.8128451746333,32.5257323009393
224,1,10,263,96.74,95.1990476025069,63.8128451746333,32.5257323009393
224,1,11,272,101.21,95.1990476025069,63.8128451746333,32.5257323009393
224,1,12,392,106.66,95.1990476025069,63.8128451746333,32.5257323009393
224,1,13,479,110.63,95.1990476025069,63.8128451746333,32.5257323009393
224,1,14,557,122.62,95.1990476025069,63.8128451746333,32.5257323009393
224,1,15,550,138.5,95.1990476025069,63.8128451746333,32.5257323009393
224,1,16,513,143.98,95.1990476025069,63.8128451746333,32.5257323009393
224,1,17,418,139.1,95.1990476025069,63.8128451746333,32.5257323009393
224,1,18,317,120.99,95.1990476025069,63.8128451746333,32.5257323009393
224,1,19,278,110.11,95.1990476025069,63.8128451746333,32.5257323009393
224,1,20,137,105.11,95.1990476025069,63.8128451746333,32.5257323009393
224,1,21,59,103.17,95.1990476025069,63.8128451746333,32.5257323009393
224,1,22,10,106.47,95.1990476025069,63.8128451746333,32.5257323009393
224,1,23,5,118.91,95.1990476025069,63.8128451746333,32.5257323009393
225,1,0,7,106.68,104.878943152656,70.3013730707044,35.8329680274961
225,1,1,15,114.56,104.878943152656,70.3013730707044,35.8329680274961
225,1,2,100,124.99,104.878943152656,70.3013730707044,35.8329680274961
225,1,3,254,122.84,104.878943152656,70.3013730707044,35.8329680274961
225,1,4,396,122.66,104.878943152656,70.3013730707044,35.8329680274961
225,1,5,397,123.54,104.878943152656,70.3013730707044,35.8329680274961
225,1,6,300,120.5,104.878943152656,70.3013730707044,35.8329680274961
225,1,7,274,128.25,104.878943152656,70.3013730707044,35.8329680274961
225,1,8,196,132.19,104.878943152656,70.3013730707044,35.8329680274961
225,1,9,170,126.75,104.878943152656,70.3013730707044,35.8329680274961
225,1,10,208,133.69,104.878943152656,70.3013730707044,35.8329680274961
225,1,11,201,136.22,104.878943152656,70.3013730707044,35.8329680274961
225,1,12,198,149.48,104.878943152656,70.3013730707044,35.8329680274961
225,1,13,246,146.28,104.878943152656,70.3013730707044,35.8329680274961
225,1,14,319,159.81,104.878943152656,70.3013730707044,35.8329680274961
225,1,15,266,175.62,104.878943152656,70.3013730707044,35.8329680274961
225,1,16,236,170.99,104.878943152656,70.3013730707044,35.8329680274961
225,1,17,171,157.6,104.878943152656,70.3013730707044,35.8329680274961
225,1,18,150,147.71,104.878943152656,70.3013730707044,35.8329680274961
225,1,19,118,132.86,104.878943152656,70.3013730707044,35.8329680274961
225,1,20,83,128.74,104.878943152656,70.3013730707044,35.8329680274961
225,1,21,20,117.81,104.878943152656,70.3013730707044,35.8329680274961
225,1,22,7,121.22,104.878943152656,70.3013730707044,35.8329680274961
225,1,23,5,134.56,104.878943152656,70.3013730707044,35.8329680274961
226,1,0,7,117.33,58.1328479683366,38.9670119647948,19.8616845286541
226,1,1,15,96.85,58.1328479683366,38.9670119647948,19.8616845286541
226,1,2,48,102.46,58.1328479683366,38.9670119647948,19.8616845286541
226,1,3,111,107.01,58.1328479683366,38.9670119647948,19.8616845286541
226,1,4,159,109.05,58.1328479683366,38.9670119647948,19.8616845286541
226,1,5,164,110.38,58.1328479683366,38.9670119647948,19.8616845286541
226,1,6,130,112.98,58.1328479683366,38.9670119647948,19.8616845286541
226,1,7,95,115.35,58.1328479683366,38.9670119647948,19.8616845286541
226,1,8,76,124.8,58.1328479683366,38.9670119647948,19.8616845286541
226,1,9,73,122.6,58.1328479683366,38.9670119647948,19.8616845286541
226,1,10,64,132.6,58.1328479683366,38.9670119647948,19.8616845286541
226,1,11,73,134.81,58.1328479683366,38.9670119647948,19.8616845286541
226,1,12,91,139.47,58.1328479683366,38.9670119647948,19.8616845286541
226,1,13,128,146.31,58.1328479683366,38.9670119647948,19.8616845286541
226,1,14,147,160.56,58.1328479683366,38.9670119647948,19.8616845286541
226,1,15,121,176.1,58.1328479683366,38.9670119647948,19.8616845286541
226,1,16,90,176.17,58.1328479683366,38.9670119647948,19.8616845286541
226,1,17,79,167.82,58.1328479683366,38.9670119647948,19.8616845286541
226,1,18,72,143.55,58.1328479683366,38.9670119647948,19.8616845286541
226,1,19,51,122.64,58.1328479683366,38.9670119647948,19.8616845286541
226,1,20,45,123.22,58.1328479683366,38.9670119647948,19.8616845286541
226,1,21,20,112.04,58.1328479683366,38.9670119647948,19.8616845286541
226,1,22,3,130.91,58.1328479683366,38.9670119647948,19.8616845286541
226,1,23,6,122.4,58.1328479683366,38.9670119647948,19.8616845286541
227,1,0,4,84,177.418344273973,118.925237378075,60.6167993951567
227,1,1,7,83.3,177.418344273973,118.925237378075,60.6167993951567
227,1,2,30,93.55,177.418344273973,118.925237378075,60.6167993951567
227,1,3,88,90.96,177.418344273973,118.925237378075,60.6167993951567
227,1,4,124,93.11,177.418344273973,118.925237378075,60.6167993951567
227,1,5,110,94.36,177.418344273973,118.925237378075,60.6167993951567
227,1,6,106,95.94,177.418344273973,118.925237378075,60.6167993951567
227,1,7,85,103.07,177.418344273973,118.925237378075,60.6167993951567
227,1,8,82,108.78,177.418344273973,118.925237378075,60.6167993951567
227,1,9,72,98.67,177.418344273973,118.925237378075,60.6167993951567
227,1,10,77,101.24,177.418344273973,118.925237378075,60.6167993951567
227,1,11,88,110.98,177.418344273973,118.925237378075,60.6167993951567
227,1,12,79,102.02,177.418344273973,118.925237378075,60.6167993951567
227,1,13,94,103.23,177.418344273973,118.925237378075,60.6167993951567
227,1,14,91,108.34,177.418344273973,118.925237378075,60.6167993951567
227,1,15,77,114.11,177.418344273973,118.925237378075,60.6167993951567
227,1,16,77,132.1,177.418344273973,118.925237378075,60.6167993951567
227,1,17,74,119.37,177.418344273973,118.925237378075,60.6167993951567
227,1,18,56,102.68,177.418344273973,118.925237378075,60.6167993951567
227,1,19,35,97.56,177.418344273973,118.925237378075,60.6167993951567
227,1,20,27,92.6,177.418344273973,118.925237378075,60.6167993951567
227,1,21,3,82.02,177.418344273973,118.925237378075,60.6167993951567
227,1,22,3,85.1,177.418344273973,118.925237378075,60.6167993951567
227,1,23,5,141.71,177.418344273973,118.925237378075,60.6167993951567
228,1,0,3,84.85,171.956883344986,115.264367133407,58.7508351799476
228,1,1,5,81.35,171.956883344986,115.264367133407,58.7508351799476
228,1,2,41,94.12,171.956883344986,115.264367133407,58.7508351799476
228,1,3,139,91.05,171.956883344986,115.264367133407,58.7508351799476
228,1,4,220,91.68,171.956883344986,115.264367133407,58.7508351799476
228,1,5,270,99.28,171.956883344986,115.264367133407,58.7508351799476
228,1,6,234,95.08,171.956883344986,115.264367133407,58.7508351799476
228,1,7,217,97.23,171.956883344986,115.264367133407,58.7508351799476
228,1,8,149,102.5,171.956883344986,115.264367133407,58.7508351799476
228,1,9,165,96.32,171.956883344986,115.264367133407,58.7508351799476
228,1,10,168,99.72,171.956883344986,115.264367133407,58.7508351799476
228,1,11,173,102.05,171.956883344986,115.264367133407,58.7508351799476
228,1,12,160,103.27,171.956883344986,115.264367133407,58.7508351799476
228,1,13,224,113.72,171.956883344986,115.264367133407,58.7508351799476
228,1,14,270,115.77,171.956883344986,115.264367133407,58.7508351799476
228,1,15,236,121.79,171.956883344986,115.264367133407,58.7508351799476
228,1,16,206,121.37,171.956883344986,115.264367133407,58.7508351799476
228,1,17,170,120.6,171.956883344986,115.264367133407,58.7508351799476
228,1,18,125,104.64,171.956883344986,115.264367133407,58.7508351799476
228,1,19,87,102.61,171.956883344986,115.264367133407,58.7508351799476
228,1,20,34,92.71,171.956883344986,115.264367133407,58.7508351799476
228,1,21,8,107.19,171.956883344986,115.264367133407,58.7508351799476
228,1,22,3,86.9,171.956883344986,115.264367133407,58.7508351799476
229,1,0,11,104.53,76.2023570946684,51.0791792322105,26.0353178942569
229,1,1,19,94.93,76.2023570946684,51.0791792322105,26.0353178942569
229,1,2,95,97.9,76.2023570946684,51.0791792322105,26.0353178942569
229,1,3,457,101.79,76.2023570946684,51.0791792322105,26.0353178942569
229,1,4,1092,101.49,76.2023570946684,51.0791792322105,26.0353178942569
229,1,5,1323,103.76,76.2023570946684,51.0791792322105,26.0353178942569
229,1,6,1277,103.47,76.2023570946684,51.0791792322105,26.0353178942569
229,1,7,918,107.61,76.2023570946684,51.0791792322105,26.0353178942569
229,1,8,730,114.63,76.2023570946684,51.0791792322105,26.0353178942569
229,1,9,617,113.57,76.2023570946684,51.0791792322105,26.0353178942569
229,1,10,536,119.46,76.2023570946684,51.0791792322105,26.0353178942569
229,1,11,645,123.42,76.2023570946684,51.0791792322105,26.0353178942569
229,1,12,796,126.33,76.2023570946684,51.0791792322105,26.0353178942569
229,1,13,1036,154.78,76.2023570946684,51.0791792322105,26.0353178942569
229,1,14,1222,148.66,76.2023570946684,51.0791792322105,26.0353178942569
229,1,15,1110,157.5,76.2023570946684,51.0791792322105,26.0353178942569
229,1,16,940,160.75,76.2023570946684,51.0791792322105,26.0353178942569
229,1,17,695,153.77,76.2023570946684,51.0791792322105,26.0353178942569
229,1,18,599,138.34,76.2023570946684,51.0791792322105,26.0353178942569
229,1,19,388,124.32,76.2023570946684,51.0791792322105,26.0353178942569
229,1,20,246,118.21,76.2023570946684,51.0791792322105,26.0353178942569
229,1,21,68,116.08,76.2023570946684,51.0791792322105,26.0353178942569
229,1,22,17,110.28,76.2023570946684,51.0791792322105,26.0353178942569
229,1,23,4,120.55,76.2023570946684,51.0791792322105,26.0353178942569
230,1,0,105,110.54,90.2631152540394,60.5042418358649,30.8393203224062
230,1,1,159,96.29,90.2631152540394,60.5042418358649,30.8393203224062
230,1,2,480,92.59,90.2631152540394,60.5042418358649,30.8393203224062
230,1,3,1940,94.17,90.2631152540394,60.5042418358649,30.8393203224062
230,1,4,4073,139.44,90.2631152540394,60.5042418358649,30.8393203224062
230,1,5,5009,95.81,90.2631152540394,60.5042418358649,30.8393203224062
230,1,6,5509,97.8,90.2631152540394,60.5042418358649,30.8393203224062
230,1,7,5418,104.21,90.2631152540394,60.5042418358649,30.8393203224062
230,1,8,4868,102.41,90.2631152540394,60.5042418358649,30.8393203224062
230,1,9,5059,110.66,90.2631152540394,60.5042418358649,30.8393203224062
230,1,10,5330,116.74,90.2631152540394,60.5042418358649,30.8393203224062
230,1,11,6466,114.29,90.2631152540394,60.5042418358649,30.8393203224062
230,1,12,6967,110.26,90.2631152540394,60.5042418358649,30.8393203224062
230,1,13,8155,122.33,90.2631152540394,60.5042418358649,30.8393203224062
230,1,14,9226,127.8,90.2631152540394,60.5042418358649,30.8393203224062
230,1,15,8135,134.98,90.2631152540394,60.5042418358649,30.8393203224062
230,1,16,6763,140.64,90.2631152540394,60.5042418358649,30.8393203224062
230,1,17,4642,145.3,90.2631152540394,60.5042418358649,30.8393203224062
230,1,18,3145,134.39,90.2631152540394,60.5042418358649,30.8393203224062
230,1,19,1667,127.38,90.2631152540394,60.5042418358649,30.8393203224062
230,1,20,823,107.31,90.2631152540394,60.5042418358649,30.8393203224062
230,1,21,329,107.3,90.2631152540394,60.5042418358649,30.8393203224062
230,1,22,190,108.1,90.2631152540394,60.5042418358649,30.8393203224062
230,1,23,144,122,90.2631152540394,60.5042418358649,30.8393203224062
231,1,0,23,130.68,124.396608519289,83.3842535151771,42.5013788450609
231,1,1,23,87.71,124.396608519289,83.3842535151771,42.5013788450609
231,1,2,111,99.78,124.396608519289,83.3842535151771,42.5013788450609
231,1,3,759,95.82,124.396608519289,83.3842535151771,42.5013788450609
231,1,4,2973,102.05,124.396608519289,83.3842535151771,42.5013788450609
231,1,5,4519,91.94,124.396608519289,83.3842535151771,42.5013788450609
231,1,6,5238,83.22,124.396608519289,83.3842535151771,42.5013788450609
231,1,7,3991,83.4,124.396608519289,83.3842535151771,42.5013788450609
231,1,8,3346,81.92,124.396608519289,83.3842535151771,42.5013788450609
231,1,9,2913,85.74,124.396608519289,83.3842535151771,42.5013788450609
231,1,10,2621,82.09,124.396608519289,83.3842535151771,42.5013788450609
231,1,11,2843,84.31,124.396608519289,83.3842535151771,42.5013788450609
231,1,12,3331,87.83,124.396608519289,83.3842535151771,42.5013788450609
231,1,13,4298,91.92,124.396608519289,83.3842535151771,42.5013788450609
231,1,14,5138,102.35,124.396608519289,83.3842535151771,42.5013788450609
231,1,15,5339,114.26,124.396608519289,83.3842535151771,42.5013788450609
231,1,16,4655,121.54,124.396608519289,83.3842535151771,42.5013788450609
231,1,17,3243,119.42,124.396608519289,83.3842535151771,42.5013788450609
231,1,18,2535,107.6,124.396608519289,83.3842535151771,42.5013788450609
231,1,19,1762,95.78,124.396608519289,83.3842535151771,42.5013788450609
231,1,20,961,88.98,124.396608519289,83.3842535151771,42.5013788450609
231,1,21,358,93.72,124.396608519289,83.3842535151771,42.5013788450609
231,1,22,78,93.14,124.396608519289,83.3842535151771,42.5013788450609
231,1,23,34,119.52,124.396608519289,83.3842535151771,42.5013788450609
232,1,0,3,104.92,109.537933957565,73.4243398060973,37.4247600835022
232,1,1,14,96.86,109.537933957565,73.4243398060973,37.4247600835022
232,1,2,53,103.15,109.537933957565,73.4243398060973,37.4247600835022
232,1,3,325,102.22,109.537933957565,73.4243398060973,37.4247600835022
232,1,4,838,105.18,109.537933957565,73.4243398060973,37.4247600835022
232,1,5,809,96.83,109.537933957565,73.4243398060973,37.4247600835022
232,1,6,807,90.24,109.537933957565,73.4243398060973,37.4247600835022
232,1,7,595,92.15,109.537933957565,73.4243398060973,37.4247600835022
232,1,8,416,93.4,109.537933957565,73.4243398060973,37.4247600835022
232,1,9,425,88.71,109.537933957565,73.4243398060973,37.4247600835022
232,1,10,363,90.46,109.537933957565,73.4243398060973,37.4247600835022
232,1,11,397,94.39,109.537933957565,73.4243398060973,37.4247600835022
232,1,12,437,103.87,109.537933957565,73.4243398060973,37.4247600835022
232,1,13,617,103.01,109.537933957565,73.4243398060973,37.4247600835022
232,1,14,794,116.98,109.537933957565,73.4243398060973,37.4247600835022
232,1,15,703,131.1,109.537933957565,73.4243398060973,37.4247600835022
232,1,16,606,136.2,109.537933957565,73.4243398060973,37.4247600835022
232,1,17,492,132.78,109.537933957565,73.4243398060973,37.4247600835022
232,1,18,396,119.26,109.537933957565,73.4243398060973,37.4247600835022
232,1,19,320,104.2,109.537933957565,73.4243398060973,37.4247600835022
232,1,20,181,93.06,109.537933957565,73.4243398060973,37.4247600835022
232,1,21,73,92.62,109.537933957565,73.4243398060973,37.4247600835022
232,1,22,22,95.08,109.537933957565,73.4243398060973,37.4247600835022
232,1,23,6,117.61,109.537933957565,73.4243398060973,37.4247600835022
233,1,0,9,104.13,82.5111879003276,55.3080497259095,28.1907947302603
233,1,1,17,91.24,82.5111879003276,55.3080497259095,28.1907947302603
233,1,2,115,100.83,82.5111879003276,55.3080497259095,28.1907947302603
233,1,3,578,97.14,82.5111879003276,55.3080497259095,28.1907947302603
233,1,4,1407,97.92,82.5111879003276,55.3080497259095,28.1907947302603
233,1,5,1671,100.21,82.5111879003276,55.3080497259095,28.1907947302603
233,1,6,1598,100.71,82.5111879003276,55.3080497259095,28.1907947302603
233,1,7,1394,103.63,82.5111879003276,55.3080497259095,28.1907947302603
233,1,8,1092,110.39,82.5111879003276,55.3080497259095,28.1907947302603
233,1,9,997,109.74,82.5111879003276,55.3080497259095,28.1907947302603
233,1,10,930,113.52,82.5111879003276,55.3080497259095,28.1907947302603
233,1,11,1127,138.59,82.5111879003276,55.3080497259095,28.1907947302603
233,1,12,1231,123.26,82.5111879003276,55.3080497259095,28.1907947302603
233,1,13,1624,128.7,82.5111879003276,55.3080497259095,28.1907947302603
233,1,14,1958,141.01,82.5111879003276,55.3080497259095,28.1907947302603
233,1,15,1755,151.53,82.5111879003276,55.3080497259095,28.1907947302603
233,1,16,1432,154.76,82.5111879003276,55.3080497259095,28.1907947302603
233,1,17,1125,149.16,82.5111879003276,55.3080497259095,28.1907947302603
233,1,18,793,133.71,82.5111879003276,55.3080497259095,28.1907947302603
233,1,19,517,123.21,82.5111879003276,55.3080497259095,28.1907947302603
233,1,20,280,112.79,82.5111879003276,55.3080497259095,28.1907947302603
233,1,21,74,111.86,82.5111879003276,55.3080497259095,28.1907947302603
233,1,22,28,99.98,82.5111879003276,55.3080497259095,28.1907947302603
233,1,23,13,114.11,82.5111879003276,55.3080497259095,28.1907947302603
234,1,0,16,115.43,101.178602569526,67.8209988792462,34.5687086650315
234,1,1,21,93.82,101.178602569526,67.8209988792462,34.5687086650315
234,1,2,72,94.13,101.178602569526,67.8209988792462,34.5687086650315
234,1,3,400,92.75,101.178602569526,67.8209988792462,34.5687086650315
234,1,4,1576,96.7,101.178602569526,67.8209988792462,34.5687086650315
234,1,5,2132,91.89,101.178602569526,67.8209988792462,34.5687086650315
234,1,6,2298,88.53,101.178602569526,67.8209988792462,34.5687086650315
234,1,7,1899,90.75,101.178602569526,67.8209988792462,34.5687086650315
234,1,8,1367,94.41,101.178602569526,67.8209988792462,34.5687086650315
234,1,9,1352,90.94,101.178602569526,67.8209988792462,34.5687086650315
234,1,10,1349,93.43,101.178602569526,67.8209988792462,34.5687086650315
234,1,11,1611,100.19,101.178602569526,67.8209988792462,34.5687086650315
234,1,12,2146,103.72,101.178602569526,67.8209988792462,34.5687086650315
234,1,13,2899,107.97,101.178602569526,67.8209988792462,34.5687086650315
234,1,14,3595,128.79,101.178602569526,67.8209988792462,34.5687086650315
234,1,15,3535,136.38,101.178602569526,67.8209988792462,34.5687086650315
234,1,16,2828,143.69,101.178602569526,67.8209988792462,34.5687086650315
234,1,17,2021,136.87,101.178602569526,67.8209988792462,34.5687086650315
234,1,18,1513,121.84,101.178602569526,67.8209988792462,34.5687086650315
234,1,19,960,108.65,101.178602569526,67.8209988792462,34.5687086650315
234,1,20,548,99.11,101.178602569526,67.8209988792462,34.5687086650315
234,1,21,173,98.37,101.178602569526,67.8209988792462,34.5687086650315
234,1,22,53,101.81,101.178602569526,67.8209988792462,34.5687086650315
234,1,23,33,113.08,101.178602569526,67.8209988792462,34.5687086650315
235,1,0,3,96.03,86.9091997293948,58.2560797219269,29.6934206389342
235,1,1,2,104.12,86.9091997293948,58.2560797219269,29.6934206389342
235,1,2,13,109.33,86.9091997293948,58.2560797219269,29.6934206389342
235,1,3,35,103.2,86.9091997293948,58.2560797219269,29.6934206389342
235,1,4,59,113.41,86.9091997293948,58.2560797219269,29.6934206389342
235,1,5,42,114.71,86.9091997293948,58.2560797219269,29.6934206389342
235,1,6,42,114.09,86.9091997293948,58.2560797219269,29.6934206389342
235,1,7,24,142.22,86.9091997293948,58.2560797219269,29.6934206389342
235,1,8,22,118.62,86.9091997293948,58.2560797219269,29.6934206389342
235,1,9,15,110.32,86.9091997293948,58.2560797219269,29.6934206389342
235,1,10,14,110.13,86.9091997293948,58.2560797219269,29.6934206389342
235,1,11,20,115.5,86.9091997293948,58.2560797219269,29.6934206389342
235,1,12,27,113.27,86.9091997293948,58.2560797219269,29.6934206389342
235,1,13,18,130.41,86.9091997293948,58.2560797219269,29.6934206389342
235,1,14,18,125.27,86.9091997293948,58.2560797219269,29.6934206389342
235,1,15,24,130.89,86.9091997293948,58.2560797219269,29.6934206389342
235,1,16,18,144.75,86.9091997293948,58.2560797219269,29.6934206389342
235,1,17,24,136.9,86.9091997293948,58.2560797219269,29.6934206389342
235,1,18,27,128.15,86.9091997293948,58.2560797219269,29.6934206389342
235,1,19,15,118.68,86.9091997293948,58.2560797219269,29.6934206389342
235,1,20,10,122.89,86.9091997293948,58.2560797219269,29.6934206389342
236,1,0,3,128.77,66.7097869183005,44.7162173515083,22.7920838054708
236,1,1,7,99.59,66.7097869183005,44.7162173515083,22.7920838054708
236,1,2,50,107.91,66.7097869183005,44.7162173515083,22.7920838054708
236,1,3,291,108.66,66.7097869183005,44.7162173515083,22.7920838054708
236,1,4,864,112.14,66.7097869183005,44.7162173515083,22.7920838054708
236,1,5,1253,116.65,66.7097869183005,44.7162173515083,22.7920838054708
236,1,6,1312,116.12,66.7097869183005,44.7162173515083,22.7920838054708
236,1,7,1005,122.32,66.7097869183005,44.7162173515083,22.7920838054708
236,1,8,695,129.97,66.7097869183005,44.7162173515083,22.7920838054708
236,1,9,611,125.92,66.7097869183005,44.7162173515083,22.7920838054708
236,1,10,520,131.59,66.7097869183005,44.7162173515083,22.7920838054708
236,1,11,588,136.9,66.7097869183005,44.7162173515083,22.7920838054708
236,1,12,695,139.14,66.7097869183005,44.7162173515083,22.7920838054708
236,1,13,982,144.78,66.7097869183005,44.7162173515083,22.7920838054708
236,1,14,1288,154.59,66.7097869183005,44.7162173515083,22.7920838054708
236,1,15,1214,168.38,66.7097869183005,44.7162173515083,22.7920838054708
236,1,16,933,175.33,66.7097869183005,44.7162173515083,22.7920838054708
236,1,17,703,166.82,66.7097869183005,44.7162173515083,22.7920838054708
236,1,18,532,150.62,66.7097869183005,44.7162173515083,22.7920838054708
236,1,19,448,135.53,66.7097869183005,44.7162173515083,22.7920838054708
236,1,20,254,125.8,66.7097869183005,44.7162173515083,22.7920838054708
236,1,21,83,124.84,66.7097869183005,44.7162173515083,22.7920838054708
236,1,22,36,130.19,66.7097869183005,44.7162173515083,22.7920838054708
236,1,23,7,145.49,66.7097869183005,44.7162173515083,22.7920838054708
237,1,0,7,116.91,74.0516716813204,49.6375539349244,25.3005141353982
237,1,1,10,125.72,74.0516716813204,49.6375539349244,25.3005141353982
237,1,2,27,106.08,74.0516716813204,49.6375539349244,25.3005141353982
237,1,3,213,104.22,74.0516716813204,49.6375539349244,25.3005141353982
237,1,4,635,109.71,74.0516716813204,49.6375539349244,25.3005141353982
237,1,5,1089,110.91,74.0516716813204,49.6375539349244,25.3005141353982
237,1,6,1207,112.83,74.0516716813204,49.6375539349244,25.3005141353982
237,1,7,934,118.75,74.0516716813204,49.6375539349244,25.3005141353982
237,1,8,767,126.45,74.0516716813204,49.6375539349244,25.3005141353982
237,1,9,739,124.79,74.0516716813204,49.6375539349244,25.3005141353982
237,1,10,733,153.7,74.0516716813204,49.6375539349244,25.3005141353982
237,1,11,819,155.33,74.0516716813204,49.6375539349244,25.3005141353982
237,1,12,929,134.59,74.0516716813204,49.6375539349244,25.3005141353982
237,1,13,1151,140.23,74.0516716813204,49.6375539349244,25.3005141353982
237,1,14,1548,163.69,74.0516716813204,49.6375539349244,25.3005141353982
237,1,15,1466,163.32,74.0516716813204,49.6375539349244,25.3005141353982
237,1,16,1079,170.72,74.0516716813204,49.6375539349244,25.3005141353982
237,1,17,791,163.47,74.0516716813204,49.6375539349244,25.3005141353982
237,1,18,624,147.18,74.0516716813204,49.6375539349244,25.3005141353982
237,1,19,413,131.98,74.0516716813204,49.6375539349244,25.3005141353982
237,1,20,263,125.32,74.0516716813204,49.6375539349244,25.3005141353982
237,1,21,111,120.05,74.0516716813204,49.6375539349244,25.3005141353982
237,1,22,22,119.75,74.0516716813204,49.6375539349244,25.3005141353982
237,1,23,10,116.26,74.0516716813204,49.6375539349244,25.3005141353982
238,1,0,3,170.83,80.9984509259493,54.2940474562754,27.6739526072613
238,1,1,8,95.14,80.9984509259493,54.2940474562754,27.6739526072613
238,1,2,80,101.08,80.9984509259493,54.2940474562754,27.6739526072613
238,1,3,510,100.51,80.9984509259493,54.2940474562754,27.6739526072613
238,1,4,1488,103.06,80.9984509259493,54.2940474562754,27.6739526072613
238,1,5,1808,107.04,80.9984509259493,54.2940474562754,27.6739526072613
238,1,6,1867,108.66,80.9984509259493,54.2940474562754,27.6739526072613
238,1,7,1376,113.31,80.9984509259493,54.2940474562754,27.6739526072613
238,1,8,1052,115.89,80.9984509259493,54.2940474562754,27.6739526072613
238,1,9,936,115.03,80.9984509259493,54.2940474562754,27.6739526072613
238,1,10,772,111.84,80.9984509259493,54.2940474562754,27.6739526072613
238,1,11,847,117.42,80.9984509259493,54.2940474562754,27.6739526072613
238,1,12,903,118.09,80.9984509259493,54.2940474562754,27.6739526072613
238,1,13,1220,122.22,80.9984509259493,54.2940474562754,27.6739526072613
238,1,14,1435,130.11,80.9984509259493,54.2940474562754,27.6739526072613
238,1,15,1330,140.23,80.9984509259493,54.2940474562754,27.6739526072613
238,1,16,1085,149.17,80.9984509259493,54.2940474562754,27.6739526072613
238,1,17,845,144.23,80.9984509259493,54.2940474562754,27.6739526072613
238,1,18,777,130.53,80.9984509259493,54.2940474562754,27.6739526072613
238,1,19,540,118.53,80.9984509259493,54.2940474562754,27.6739526072613
238,1,20,339,113.36,80.9984509259493,54.2940474562754,27.6739526072613
238,1,21,97,108.04,80.9984509259493,54.2940474562754,27.6739526072613
238,1,22,21,111.62,80.9984509259493,54.2940474562754,27.6739526072613
238,1,23,12,138.35,80.9984509259493,54.2940474562754,27.6739526072613
239,1,0,10,99.3,84.2817704328502,56.4948883746377,28.7957324362551
239,1,1,14,112.74,84.2817704328502,56.4948883746377,28.7957324362551
239,1,2,81,97.43,84.2817704328502,56.4948883746377,28.7957324362551
239,1,3,625,97.85,84.2817704328502,56.4948883746377,28.7957324362551
239,1,4,1934,100.27,84.2817704328502,56.4948883746377,28.7957324362551
239,1,5,2509,113.85,84.2817704328502,56.4948883746377,28.7957324362551
239,1,6,2478,104.83,84.2817704328502,56.4948883746377,28.7957324362551
239,1,7,2061,123.99,84.2817704328502,56.4948883746377,28.7957324362551
239,1,8,1519,114.81,84.2817704328502,56.4948883746377,28.7957324362551
239,1,9,1429,111.47,84.2817704328502,56.4948883746377,28.7957324362551
239,1,10,1245,114.29,84.2817704328502,56.4948883746377,28.7957324362551
239,1,11,1373,132.09,84.2817704328502,56.4948883746377,28.7957324362551
239,1,12,1452,116.5,84.2817704328502,56.4948883746377,28.7957324362551
239,1,13,1962,122.86,84.2817704328502,56.4948883746377,28.7957324362551
239,1,14,2274,129.08,84.2817704328502,56.4948883746377,28.7957324362551
239,1,15,1989,150.03,84.2817704328502,56.4948883746377,28.7957324362551
239,1,16,1622,149.04,84.2817704328502,56.4948883746377,28.7957324362551
239,1,17,1297,144.62,84.2817704328502,56.4948883746377,28.7957324362551
239,1,18,908,128.51,84.2817704328502,56.4948883746377,28.7957324362551
239,1,19,721,117.32,84.2817704328502,56.4948883746377,28.7957324362551
239,1,20,421,110.28,84.2817704328502,56.4948883746377,28.7957324362551
239,1,21,146,110.14,84.2817704328502,56.4948883746377,28.7957324362551
239,1,22,27,115.91,84.2817704328502,56.4948883746377,28.7957324362551
239,1,23,13,114.73,84.2817704328502,56.4948883746377,28.7957324362551
240,1,3,6,125.22,124.874092438848,83.704315618733,42.6645161299045
240,1,4,7,123.59,124.874092438848,83.704315618733,42.6645161299045
240,1,5,5,124.87,124.874092438848,83.704315618733,42.6645161299045
240,1,6,3,116,124.874092438848,83.704315618733,42.6645161299045
240,1,8,2,141.11,124.874092438848,83.704315618733,42.6645161299045
240,1,9,4,152.49,124.874092438848,83.704315618733,42.6645161299045
240,1,10,2,118.93,124.874092438848,83.704315618733,42.6645161299045
240,1,13,7,138.45,124.874092438848,83.704315618733,42.6645161299045
240,1,14,2,214.31,124.874092438848,83.704315618733,42.6645161299045
240,1,15,2,131.68,124.874092438848,83.704315618733,42.6645161299045
240,1,16,3,121.44,124.874092438848,83.704315618733,42.6645161299045
240,1,18,2,118.68,124.874092438848,83.704315618733,42.6645161299045
240,1,20,2,137.17,124.874092438848,83.704315618733,42.6645161299045
241,1,1,7,105.35,106.96020289089,71.6964616644333,36.5440517914552
241,1,2,19,119.69,106.96020289089,71.6964616644333,36.5440517914552
241,1,3,55,110.77,106.96020289089,71.6964616644333,36.5440517914552
241,1,4,73,131.06,106.96020289089,71.6964616644333,36.5440517914552
241,1,5,59,114.74,106.96020289089,71.6964616644333,36.5440517914552
241,1,6,42,123.3,106.96020289089,71.6964616644333,36.5440517914552
241,1,7,22,121.62,106.96020289089,71.6964616644333,36.5440517914552
241,1,8,17,156.77,106.96020289089,71.6964616644333,36.5440517914552
241,1,9,19,121.91,106.96020289089,71.6964616644333,36.5440517914552
241,1,10,15,124.36,106.96020289089,71.6964616644333,36.5440517914552
241,1,11,18,131.89,106.96020289089,71.6964616644333,36.5440517914552
241,1,12,28,129.67,106.96020289089,71.6964616644333,36.5440517914552
241,1,13,29,134.4,106.96020289089,71.6964616644333,36.5440517914552
241,1,14,36,150.94,106.96020289089,71.6964616644333,36.5440517914552
241,1,15,32,151.59,106.96020289089,71.6964616644333,36.5440517914552
241,1,16,22,152.4,106.96020289089,71.6964616644333,36.5440517914552
241,1,17,23,152.33,106.96020289089,71.6964616644333,36.5440517914552
241,1,18,18,143.78,106.96020289089,71.6964616644333,36.5440517914552
241,1,19,12,129.21,106.96020289089,71.6964616644333,36.5440517914552
241,1,20,16,118.05,106.96020289089,71.6964616644333,36.5440517914552
241,1,21,2,105.92,106.96020289089,71.6964616644333,36.5440517914552
241,1,22,2,113.8,106.96020289089,71.6964616644333,36.5440517914552
242,1,2,8,111.71,76.3731014533339,51.193630832288,26.0936544579276
242,1,3,23,111.06,76.3731014533339,51.193630832288,26.0936544579276
242,1,4,38,125.45,76.3731014533339,51.193630832288,26.0936544579276
242,1,5,17,119.57,76.3731014533339,51.193630832288,26.0936544579276
242,1,6,19,131.59,76.3731014533339,51.193630832288,26.0936544579276
242,1,7,11,135.12,76.3731014533339,51.193630832288,26.0936544579276
242,1,8,9,143.52,76.3731014533339,51.193630832288,26.0936544579276
242,1,9,13,135.86,76.3731014533339,51.193630832288,26.0936544579276
242,1,10,16,145.98,76.3731014533339,51.193630832288,26.0936544579276
242,1,11,23,169.91,76.3731014533339,51.193630832288,26.0936544579276
242,1,12,26,163.61,76.3731014533339,51.193630832288,26.0936544579276
242,1,13,24,178.57,76.3731014533339,51.193630832288,26.0936544579276
242,1,14,21,167.05,76.3731014533339,51.193630832288,26.0936544579276
242,1,15,15,203.5,76.3731014533339,51.193630832288,26.0936544579276
242,1,16,18,168.25,76.3731014533339,51.193630832288,26.0936544579276
242,1,17,20,158.84,76.3731014533339,51.193630832288,26.0936544579276
242,1,18,9,145.75,76.3731014533339,51.193630832288,26.0936544579276
242,1,19,5,134.31,76.3731014533339,51.193630832288,26.0936544579276
242,1,20,6,126.22,76.3731014533339,51.193630832288,26.0936544579276
242,1,21,4,114.74,76.3731014533339,51.193630832288,26.0936544579276
243,1,0,5,112.44,97.2020672255758,65.1554886601263,33.2100845260318
243,1,1,9,102.76,97.2020672255758,65.1554886601263,33.2100845260318
243,1,2,64,101.09,97.2020672255758,65.1554886601263,33.2100845260318
243,1,3,251,314.7,97.2020672255758,65.1554886601263,33.2100845260318
243,1,4,446,100.25,97.2020672255758,65.1554886601263,33.2100845260318
243,1,5,503,101.68,97.2020672255758,65.1554886601263,33.2100845260318
243,1,6,447,105.95,97.2020672255758,65.1554886601263,33.2100845260318
243,1,7,397,105.78,97.2020672255758,65.1554886601263,33.2100845260318
243,1,8,265,107.13,97.2020672255758,65.1554886601263,33.2100845260318
243,1,9,280,104.46,97.2020672255758,65.1554886601263,33.2100845260318
243,1,10,214,107.06,97.2020672255758,65.1554886601263,33.2100845260318
243,1,11,220,106.68,97.2020672255758,65.1554886601263,33.2100845260318
243,1,12,244,109.7,97.2020672255758,65.1554886601263,33.2100845260318
243,1,13,323,110.98,97.2020672255758,65.1554886601263,33.2100845260318
243,1,14,344,117.25,97.2020672255758,65.1554886601263,33.2100845260318
243,1,15,313,144.75,97.2020672255758,65.1554886601263,33.2100845260318
243,1,16,313,128.52,97.2020672255758,65.1554886601263,33.2100845260318
243,1,17,288,124.14,97.2020672255758,65.1554886601263,33.2100845260318
243,1,18,217,113.8,97.2020672255758,65.1554886601263,33.2100845260318
243,1,19,143,111.36,97.2020672255758,65.1554886601263,33.2100845260318
243,1,20,80,104.82,97.2020672255758,65.1554886601263,33.2100845260318
243,1,21,28,105.51,97.2020672255758,65.1554886601263,33.2100845260318
243,1,22,9,114.83,97.2020672255758,65.1554886601263,33.2100845260318
243,1,23,2,108.14,97.2020672255758,65.1554886601263,33.2100845260318
244,1,0,3,86.13,87.3908297667643,58.5789210084746,29.8579744875082
244,1,1,19,98.59,87.3908297667643,58.5789210084746,29.8579744875082
244,1,2,83,103.27,87.3908297667643,58.5789210084746,29.8579744875082
244,1,3,306,98.28,87.3908297667643,58.5789210084746,29.8579744875082
244,1,4,615,102.04,87.3908297667643,58.5789210084746,29.8579744875082
244,1,5,592,103.38,87.3908297667643,58.5789210084746,29.8579744875082
244,1,6,478,103.21,87.3908297667643,58.5789210084746,29.8579744875082
244,1,7,397,105.73,87.3908297667643,58.5789210084746,29.8579744875082
244,1,8,287,106.64,87.3908297667643,58.5789210084746,29.8579744875082
244,1,9,242,105.1,87.3908297667643,58.5789210084746,29.8579744875082
244,1,10,188,105.67,87.3908297667643,58.5789210084746,29.8579744875082
244,1,11,289,103.85,87.3908297667643,58.5789210084746,29.8579744875082
244,1,12,368,104.48,87.3908297667643,58.5789210084746,29.8579744875082
244,1,13,365,113.84,87.3908297667643,58.5789210084746,29.8579744875082
244,1,14,489,114.84,87.3908297667643,58.5789210084746,29.8579744875082
244,1,15,481,121.66,87.3908297667643,58.5789210084746,29.8579744875082
244,1,16,422,128.53,87.3908297667643,58.5789210084746,29.8579744875082
244,1,17,351,123.34,87.3908297667643,58.5789210084746,29.8579744875082
244,1,18,246,116.14,87.3908297667643,58.5789210084746,29.8579744875082
244,1,19,161,105.11,87.3908297667643,58.5789210084746,29.8579744875082
244,1,20,106,101.28,87.3908297667643,58.5789210084746,29.8579744875082
244,1,21,34,105.34,87.3908297667643,58.5789210084746,29.8579744875082
244,1,22,8,107.89,87.3908297667643,58.5789210084746,29.8579744875082
244,1,23,3,83.58,87.3908297667643,58.5789210084746,29.8579744875082
245,1,0,4,71.65,240.843590547638,161.439795270751,82.2866861573857
245,1,1,3,68.2,240.843590547638,161.439795270751,82.2866861573857
245,1,2,19,72.06,240.843590547638,161.439795270751,82.2866861573857
245,1,3,127,71.14,240.843590547638,161.439795270751,82.2866861573857
245,1,4,254,71.41,240.843590547638,161.439795270751,82.2866861573857
245,1,5,219,75.54,240.843590547638,161.439795270751,82.2866861573857
245,1,6,169,78.97,240.843590547638,161.439795270751,82.2866861573857
245,1,7,143,79.65,240.843590547638,161.439795270751,82.2866861573857
245,1,8,112,80.49,240.843590547638,161.439795270751,82.2866861573857
245,1,9,109,83.04,240.843590547638,161.439795270751,82.2866861573857
245,1,10,95,75.85,240.843590547638,161.439795270751,82.2866861573857
245,1,11,104,76.98,240.843590547638,161.439795270751,82.2866861573857
245,1,12,85,93.71,240.843590547638,161.439795270751,82.2866861573857
245,1,13,110,78.44,240.843590547638,161.439795270751,82.2866861573857
245,1,14,132,84.51,240.843590547638,161.439795270751,82.2866861573857
245,1,15,123,89.45,240.843590547638,161.439795270751,82.2866861573857
245,1,16,101,85.85,240.843590547638,161.439795270751,82.2866861573857
245,1,17,70,84.44,240.843590547638,161.439795270751,82.2866861573857
245,1,18,80,81.91,240.843590547638,161.439795270751,82.2866861573857
245,1,19,35,71.93,240.843590547638,161.439795270751,82.2866861573857
245,1,20,25,70.15,240.843590547638,161.439795270751,82.2866861573857
245,1,21,7,78.77,240.843590547638,161.439795270751,82.2866861573857
245,1,22,3,167.28,240.843590547638,161.439795270751,82.2866861573857
245,1,23,3,67.98,240.843590547638,161.439795270751,82.2866861573857
246,1,0,16,125.04,107.291469432354,71.9185128409351,36.6572324074306
246,1,1,24,86.36,107.291469432354,71.9185128409351,36.6572324074306
246,1,2,94,80.22,107.291469432354,71.9185128409351,36.6572324074306
246,1,3,578,82.88,107.291469432354,71.9185128409351,36.6572324074306
246,1,4,1835,86.7,107.291469432354,71.9185128409351,36.6572324074306
246,1,5,2317,87.63,107.291469432354,71.9185128409351,36.6572324074306
246,1,6,2427,88.58,107.291469432354,71.9185128409351,36.6572324074306
246,1,7,1826,90.31,107.291469432354,71.9185128409351,36.6572324074306
246,1,8,1510,93.05,107.291469432354,71.9185128409351,36.6572324074306
246,1,9,1386,92.45,107.291469432354,71.9185128409351,36.6572324074306
246,1,10,1389,93.14,107.291469432354,71.9185128409351,36.6572324074306
246,1,11,1683,98.92,107.291469432354,71.9185128409351,36.6572324074306
246,1,12,2419,96.88,107.291469432354,71.9185128409351,36.6572324074306
246,1,13,3234,116.17,107.291469432354,71.9185128409351,36.6572324074306
246,1,14,4203,120.22,107.291469432354,71.9185128409351,36.6572324074306
246,1,15,4702,126.14,107.291469432354,71.9185128409351,36.6572324074306
246,1,16,4128,129.45,107.291469432354,71.9185128409351,36.6572324074306
246,1,17,2934,131.07,107.291469432354,71.9185128409351,36.6572324074306
246,1,18,2055,115.46,107.291469432354,71.9185128409351,36.6572324074306
246,1,19,1174,100.7,107.291469432354,71.9185128409351,36.6572324074306
246,1,20,615,93.9,107.291469432354,71.9185128409351,36.6572324074306
246,1,21,225,92.77,107.291469432354,71.9185128409351,36.6572324074306
246,1,22,79,99.73,107.291469432354,71.9185128409351,36.6572324074306
246,1,23,39,115.49,107.291469432354,71.9185128409351,36.6572324074306
247,1,0,2,129.25,68.415551460198,45.8596078722935,23.3748757792923
247,1,1,2,85.52,68.415551460198,45.8596078722935,23.3748757792923
247,1,2,9,107,68.415551460198,45.8596078722935,23.3748757792923
247,1,3,25,102.76,68.415551460198,45.8596078722935,23.3748757792923
247,1,4,59,108.74,68.415551460198,45.8596078722935,23.3748757792923
247,1,5,57,109.56,68.415551460198,45.8596078722935,23.3748757792923
247,1,6,32,113.3,68.415551460198,45.8596078722935,23.3748757792923
247,1,7,41,108.69,68.415551460198,45.8596078722935,23.3748757792923
247,1,8,20,113.99,68.415551460198,45.8596078722935,23.3748757792923
247,1,9,16,109.12,68.415551460198,45.8596078722935,23.3748757792923
247,1,10,21,114.63,68.415551460198,45.8596078722935,23.3748757792923
247,1,11,14,128.28,68.415551460198,45.8596078722935,23.3748757792923
247,1,12,23,129.11,68.415551460198,45.8596078722935,23.3748757792923
247,1,13,27,133.85,68.415551460198,45.8596078722935,23.3748757792923
247,1,14,36,128.51,68.415551460198,45.8596078722935,23.3748757792923
247,1,15,31,146.65,68.415551460198,45.8596078722935,23.3748757792923
247,1,16,46,147.67,68.415551460198,45.8596078722935,23.3748757792923
247,1,17,39,143.97,68.415551460198,45.8596078722935,23.3748757792923
247,1,18,24,139.66,68.415551460198,45.8596078722935,23.3748757792923
247,1,19,23,125.89,68.415551460198,45.8596078722935,23.3748757792923
247,1,20,10,118.72,68.415551460198,45.8596078722935,23.3748757792923
247,1,21,13,126.06,68.415551460198,45.8596078722935,23.3748757792923
247,1,22,8,157.38,68.415551460198,45.8596078722935,23.3748757792923
247,1,23,3,113.93,68.415551460198,45.8596078722935,23.3748757792923
248,1,1,2,110.59,60.6922112920801,40.6825780301782,20.7361172926929
248,1,2,6,111.95,60.6922112920801,40.6825780301782,20.7361172926929
248,1,3,19,105.15,60.6922112920801,40.6825780301782,20.7361172926929
248,1,4,19,116.64,60.6922112920801,40.6825780301782,20.7361172926929
248,1,5,19,112.97,60.6922112920801,40.6825780301782,20.7361172926929
248,1,6,17,118.04,60.6922112920801,40.6825780301782,20.7361172926929
248,1,7,11,129.23,60.6922112920801,40.6825780301782,20.7361172926929
248,1,8,13,124.88,60.6922112920801,40.6825780301782,20.7361172926929
248,1,9,7,113.93,60.6922112920801,40.6825780301782,20.7361172926929
248,1,10,12,125.8,60.6922112920801,40.6825780301782,20.7361172926929
248,1,11,3,130.27,60.6922112920801,40.6825780301782,20.7361172926929
248,1,12,10,143.65,60.6922112920801,40.6825780301782,20.7361172926929
248,1,13,10,170.11,60.6922112920801,40.6825780301782,20.7361172926929
248,1,14,19,142.8,60.6922112920801,40.6825780301782,20.7361172926929
248,1,15,12,161.95,60.6922112920801,40.6825780301782,20.7361172926929
248,1,16,7,152.53,60.6922112920801,40.6825780301782,20.7361172926929
248,1,17,10,159.34,60.6922112920801,40.6825780301782,20.7361172926929
248,1,18,11,116.17,60.6922112920801,40.6825780301782,20.7361172926929
248,1,19,10,140.43,60.6922112920801,40.6825780301782,20.7361172926929
248,1,20,7,126.07,60.6922112920801,40.6825780301782,20.7361172926929
249,1,0,22,120.48,112.741291733358,75.5715816003553,38.5192201658617
249,1,1,24,117.69,112.741291733358,75.5715816003553,38.5192201658617
249,1,2,56,86.4,112.741291733358,75.5715816003553,38.5192201658617
249,1,3,572,88.84,112.741291733358,75.5715816003553,38.5192201658617
249,1,4,2709,92.66,112.741291733358,75.5715816003553,38.5192201658617
249,1,5,3401,86.43,112.741291733358,75.5715816003553,38.5192201658617
249,1,6,3579,80.64,112.741291733358,75.5715816003553,38.5192201658617
249,1,7,2541,92.61,112.741291733358,75.5715816003553,38.5192201658617
249,1,8,2004,81.08,112.741291733358,75.5715816003553,38.5192201658617
249,1,9,1682,77.45,112.741291733358,75.5715816003553,38.5192201658617
249,1,10,1441,78.06,112.741291733358,75.5715816003553,38.5192201658617
249,1,11,1549,81.88,112.741291733358,75.5715816003553,38.5192201658617
249,1,12,1761,85.08,112.741291733358,75.5715816003553,38.5192201658617
249,1,13,2179,93.03,112.741291733358,75.5715816003553,38.5192201658617
249,1,14,2911,102.57,112.741291733358,75.5715816003553,38.5192201658617
249,1,15,2846,118.04,112.741291733358,75.5715816003553,38.5192201658617
249,1,16,2463,134.23,112.741291733358,75.5715816003553,38.5192201658617
249,1,17,1852,121.91,112.741291733358,75.5715816003553,38.5192201658617
249,1,18,1515,108.54,112.741291733358,75.5715816003553,38.5192201658617
249,1,19,1112,95.38,112.741291733358,75.5715816003553,38.5192201658617
249,1,20,665,88.81,112.741291733358,75.5715816003553,38.5192201658617
249,1,21,229,89.58,112.741291733358,75.5715816003553,38.5192201658617
249,1,22,59,96.01,112.741291733358,75.5715816003553,38.5192201658617
249,1,23,38,117.83,112.741291733358,75.5715816003553,38.5192201658617
250,1,1,3,108.9,61.9252021969697,41.5090637954978,21.1573812980786
250,1,2,7,116.93,61.9252021969697,41.5090637954978,21.1573812980786
250,1,3,11,113.58,61.9252021969697,41.5090637954978,21.1573812980786
250,1,4,13,116.58,61.9252021969697,41.5090637954978,21.1573812980786
250,1,5,19,121.65,61.9252021969697,41.5090637954978,21.1573812980786
250,1,6,11,124.41,61.9252021969697,41.5090637954978,21.1573812980786
250,1,7,14,142.35,61.9252021969697,41.5090637954978,21.1573812980786
250,1,8,7,133.05,61.9252021969697,41.5090637954978,21.1573812980786
250,1,9,5,134.21,61.9252021969697,41.5090637954978,21.1573812980786
250,1,10,12,152.93,61.9252021969697,41.5090637954978,21.1573812980786
250,1,11,8,139.6,61.9252021969697,41.5090637954978,21.1573812980786
250,1,12,5,145.92,61.9252021969697,41.5090637954978,21.1573812980786
250,1,13,11,166.96,61.9252021969697,41.5090637954978,21.1573812980786
250,1,14,7,162.03,61.9252021969697,41.5090637954978,21.1573812980786
250,1,15,9,164.3,61.9252021969697,41.5090637954978,21.1573812980786
250,1,16,11,175.2,61.9252021969697,41.5090637954978,21.1573812980786
250,1,17,7,141.58,61.9252021969697,41.5090637954978,21.1573812980786
250,1,18,9,139.99,61.9252021969697,41.5090637954978,21.1573812980786
250,1,19,7,130.41,61.9252021969697,41.5090637954978,21.1573812980786
250,1,20,3,124.27,61.9252021969697,41.5090637954978,21.1573812980786
251,1,2,18,60.37,263.663089709338,176.735926940559,90.0832024006365
251,1,3,104,58.19,263.663089709338,176.735926940559,90.0832024006365
251,1,4,292,58.02,263.663089709338,176.735926940559,90.0832024006365
251,1,5,333,60.48,263.663089709338,176.735926940559,90.0832024006365
251,1,6,247,63.42,263.663089709338,176.735926940559,90.0832024006365
251,1,7,221,63.36,263.663089709338,176.735926940559,90.0832024006365
251,1,8,180,62.35,263.663089709338,176.735926940559,90.0832024006365
251,1,9,146,63.78,263.663089709338,176.735926940559,90.0832024006365
251,1,10,107,62.05,263.663089709338,176.735926940559,90.0832024006365
251,1,11,113,59.98,263.663089709338,176.735926940559,90.0832024006365
251,1,12,93,62.8,263.663089709338,176.735926940559,90.0832024006365
251,1,13,132,63.88,263.663089709338,176.735926940559,90.0832024006365
251,1,14,143,66.83,263.663089709338,176.735926940559,90.0832024006365
251,1,15,128,67.03,263.663089709338,176.735926940559,90.0832024006365
251,1,16,98,66.4,263.663089709338,176.735926940559,90.0832024006365
251,1,17,130,66.56,263.663089709338,176.735926940559,90.0832024006365
251,1,18,73,63.72,263.663089709338,176.735926940559,90.0832024006365
251,1,19,55,63.58,263.663089709338,176.735926940559,90.0832024006365
251,1,20,30,59.13,263.663089709338,176.735926940559,90.0832024006365
251,1,21,8,52.56,263.663089709338,176.735926940559,90.0832024006365
251,1,22,3,56.72,263.663089709338,176.735926940559,90.0832024006365
252,1,2,5,125.69,48.3140119330365,32.3853509136057,16.5069783584363
252,1,3,14,135.91,48.3140119330365,32.3853509136057,16.5069783584363
252,1,4,17,137.29,48.3140119330365,32.3853509136057,16.5069783584363
252,1,5,20,143.14,48.3140119330365,32.3853509136057,16.5069783584363
252,1,6,12,159.97,48.3140119330365,32.3853509136057,16.5069783584363
252,1,7,19,169.67,48.3140119330365,32.3853509136057,16.5069783584363
252,1,8,6,144.87,48.3140119330365,32.3853509136057,16.5069783584363
252,1,9,8,161.71,48.3140119330365,32.3853509136057,16.5069783584363
252,1,10,9,170.09,48.3140119330365,32.3853509136057,16.5069783584363
252,1,11,10,158.3,48.3140119330365,32.3853509136057,16.5069783584363
252,1,12,8,160.34,48.3140119330365,32.3853509136057,16.5069783584363
252,1,13,22,210.03,48.3140119330365,32.3853509136057,16.5069783584363
252,1,14,11,192.98,48.3140119330365,32.3853509136057,16.5069783584363
252,1,15,15,233.21,48.3140119330365,32.3853509136057,16.5069783584363
252,1,16,11,197.12,48.3140119330365,32.3853509136057,16.5069783584363
252,1,17,8,176.46,48.3140119330365,32.3853509136057,16.5069783584363
252,1,18,11,148.11,48.3140119330365,32.3853509136057,16.5069783584363
252,1,19,13,155.65,48.3140119330365,32.3853509136057,16.5069783584363
252,1,20,24,147.46,48.3140119330365,32.3853509136057,16.5069783584363
252,1,21,3,125.49,48.3140119330365,32.3853509136057,16.5069783584363
254,1,0,3,122.76,112.177909689401,75.1939411506802,38.3267349046494
254,1,1,3,137.47,112.177909689401,75.1939411506802,38.3267349046494
254,1,2,19,120.41,112.177909689401,75.1939411506802,38.3267349046494
254,1,3,25,125.48,112.177909689401,75.1939411506802,38.3267349046494
254,1,4,49,122.78,112.177909689401,75.1939411506802,38.3267349046494
254,1,5,37,127.87,112.177909689401,75.1939411506802,38.3267349046494
254,1,6,33,139.69,112.177909689401,75.1939411506802,38.3267349046494
254,1,7,22,141.72,112.177909689401,75.1939411506802,38.3267349046494
254,1,8,15,163.57,112.177909689401,75.1939411506802,38.3267349046494
254,1,9,14,147.25,112.177909689401,75.1939411506802,38.3267349046494
254,1,10,17,137.36,112.177909689401,75.1939411506802,38.3267349046494
254,1,11,14,153.73,112.177909689401,75.1939411506802,38.3267349046494
254,1,12,15,147.21,112.177909689401,75.1939411506802,38.3267349046494
254,1,13,16,152.28,112.177909689401,75.1939411506802,38.3267349046494
254,1,14,28,162.9,112.177909689401,75.1939411506802,38.3267349046494
254,1,15,21,175.42,112.177909689401,75.1939411506802,38.3267349046494
254,1,16,21,180.39,112.177909689401,75.1939411506802,38.3267349046494
254,1,17,20,171.48,112.177909689401,75.1939411506802,38.3267349046494
254,1,18,13,162.14,112.177909689401,75.1939411506802,38.3267349046494
254,1,19,10,145.02,112.177909689401,75.1939411506802,38.3267349046494
254,1,20,10,137.38,112.177909689401,75.1939411506802,38.3267349046494
254,1,23,2,136.82,112.177909689401,75.1939411506802,38.3267349046494
255,1,0,9,131.7,90.9565641091202,60.9690673308695,31.0762442454157
255,1,1,12,125.8,90.9565641091202,60.9690673308695,31.0762442454157
255,1,2,73,108.21,90.9565641091202,60.9690673308695,31.0762442454157
255,1,3,350,110.86,90.9565641091202,60.9690673308695,31.0762442454157
255,1,4,1000,115.09,90.9565641091202,60.9690673308695,31.0762442454157
255,1,5,1263,108.87,90.9565641091202,60.9690673308695,31.0762442454157
255,1,6,1262,104.66,90.9565641091202,60.9690673308695,31.0762442454157
255,1,7,928,109.52,90.9565641091202,60.9690673308695,31.0762442454157
255,1,8,591,115.96,90.9565641091202,60.9690673308695,31.0762442454157
255,1,9,689,115.81,90.9565641091202,60.9690673308695,31.0762442454157
255,1,10,540,118.86,90.9565641091202,60.9690673308695,31.0762442454157
255,1,11,673,123.48,90.9565641091202,60.9690673308695,31.0762442454157
255,1,12,817,129.85,90.9565641091202,60.9690673308695,31.0762442454157
255,1,13,1134,141.36,90.9565641091202,60.9690673308695,31.0762442454157
255,1,14,1350,154.31,90.9565641091202,60.9690673308695,31.0762442454157
255,1,15,1087,167.2,90.9565641091202,60.9690673308695,31.0762442454157
255,1,16,836,169.4,90.9565641091202,60.9690673308695,31.0762442454157
255,1,17,696,158.16,90.9565641091202,60.9690673308695,31.0762442454157
255,1,18,528,144.76,90.9565641091202,60.9690673308695,31.0762442454157
255,1,19,447,131.12,90.9565641091202,60.9690673308695,31.0762442454157
255,1,20,320,117.76,90.9565641091202,60.9690673308695,31.0762442454157
255,1,21,83,115.33,90.9565641091202,60.9690673308695,31.0762442454157
255,1,22,23,124.86,90.9565641091202,60.9690673308695,31.0762442454157
255,1,23,10,141.29,90.9565641091202,60.9690673308695,31.0762442454157
256,1,0,6,132.56,98.2297844552869,65.844377489526,33.5612146721465
256,1,1,12,103.37,98.2297844552869,65.844377489526,33.5612146721465
256,1,2,57,107.23,98.2297844552869,65.844377489526,33.5612146721465
256,1,3,327,108.06,98.2297844552869,65.844377489526,33.5612146721465
256,1,4,802,111.59,98.2297844552869,65.844377489526,33.5612146721465
256,1,5,949,106.51,98.2297844552869,65.844377489526,33.5612146721465
256,1,6,840,102.17,98.2297844552869,65.844377489526,33.5612146721465
256,1,7,664,107.9,98.2297844552869,65.844377489526,33.5612146721465
256,1,8,507,112.71,98.2297844552869,65.844377489526,33.5612146721465
256,1,9,458,112.83,98.2297844552869,65.844377489526,33.5612146721465
256,1,10,383,114.67,98.2297844552869,65.844377489526,33.5612146721465
256,1,11,475,118.98,98.2297844552869,65.844377489526,33.5612146721465
256,1,12,589,121.74,98.2297844552869,65.844377489526,33.5612146721465
256,1,13,808,132.85,98.2297844552869,65.844377489526,33.5612146721465
256,1,14,976,144.6,98.2297844552869,65.844377489526,33.5612146721465
256,1,15,832,158.85,98.2297844552869,65.844377489526,33.5612146721465
256,1,16,626,164.07,98.2297844552869,65.844377489526,33.5612146721465
256,1,17,483,153.71,98.2297844552869,65.844377489526,33.5612146721465
256,1,18,363,136.5,98.2297844552869,65.844377489526,33.5612146721465
256,1,19,329,122.55,98.2297844552869,65.844377489526,33.5612146721465
256,1,20,229,112.4,98.2297844552869,65.844377489526,33.5612146721465
256,1,21,79,109.03,98.2297844552869,65.844377489526,33.5612146721465
256,1,22,12,114.3,98.2297844552869,65.844377489526,33.5612146721465
256,1,23,5,124.99,98.2297844552869,65.844377489526,33.5612146721465
257,1,2,13,105.53,155.044405537386,103.927769183793,52.9725134470198
257,1,3,62,101.6,155.044405537386,103.927769183793,52.9725134470198
257,1,4,179,98.63,155.044405537386,103.927769183793,52.9725134470198
257,1,5,191,101.13,155.044405537386,103.927769183793,52.9725134470198
257,1,6,186,105.45,155.044405537386,103.927769183793,52.9725134470198
257,1,7,181,110.48,155.044405537386,103.927769183793,52.9725134470198
257,1,8,123,112.75,155.044405537386,103.927769183793,52.9725134470198
257,1,9,115,114.05,155.044405537386,103.927769183793,52.9725134470198
257,1,10,93,111.12,155.044405537386,103.927769183793,52.9725134470198
257,1,11,101,109.59,155.044405537386,103.927769183793,52.9725134470198
257,1,12,100,112.84,155.044405537386,103.927769183793,52.9725134470198
257,1,13,143,122.06,155.044405537386,103.927769183793,52.9725134470198
257,1,14,156,124.33,155.044405537386,103.927769183793,52.9725134470198
257,1,15,164,134.08,155.044405537386,103.927769183793,52.9725134470198
257,1,16,105,135.06,155.044405537386,103.927769183793,52.9725134470198
257,1,17,79,137.9,155.044405537386,103.927769183793,52.9725134470198
257,1,18,77,126.71,155.044405537386,103.927769183793,52.9725134470198
257,1,19,61,119.54,155.044405537386,103.927769183793,52.9725134470198
257,1,20,34,107.1,155.044405537386,103.927769183793,52.9725134470198
257,1,21,16,107.13,155.044405537386,103.927769183793,52.9725134470198
257,1,22,2,89.71,155.044405537386,103.927769183793,52.9725134470198
258,1,2,8,125.94,94.5717257199772,63.3923452308557,32.3114013372212
258,1,3,16,139.65,94.5717257199772,63.3923452308557,32.3114013372212
258,1,4,19,141.99,94.5717257199772,63.3923452308557,32.3114013372212
258,1,5,23,138.88,94.5717257199772,63.3923452308557,32.3114013372212
258,1,6,12,138.68,94.5717257199772,63.3923452308557,32.3114013372212
258,1,7,16,159.32,94.5717257199772,63.3923452308557,32.3114013372212
258,1,8,12,163.8,94.5717257199772,63.3923452308557,32.3114013372212
258,1,9,8,153.87,94.5717257199772,63.3923452308557,32.3114013372212
258,1,10,12,157.9,94.5717257199772,63.3923452308557,32.3114013372212
258,1,11,11,159,94.5717257199772,63.3923452308557,32.3114013372212
258,1,12,9,170,94.5717257199772,63.3923452308557,32.3114013372212
258,1,13,5,164.74,94.5717257199772,63.3923452308557,32.3114013372212
258,1,14,13,196.67,94.5717257199772,63.3923452308557,32.3114013372212
258,1,15,13,196.08,94.5717257199772,63.3923452308557,32.3114013372212
258,1,16,6,238.67,94.5717257199772,63.3923452308557,32.3114013372212
258,1,17,7,187.44,94.5717257199772,63.3923452308557,32.3114013372212
258,1,18,9,178.99,94.5717257199772,63.3923452308557,32.3114013372212
258,1,19,10,152.15,94.5717257199772,63.3923452308557,32.3114013372212
258,1,20,4,151.87,94.5717257199772,63.3923452308557,32.3114013372212
259,1,1,4,125.24,129.42580469892,86.7553725047668,44.219655369324
259,1,2,15,130.66,129.42580469892,86.7553725047668,44.219655369324
259,1,3,50,130.08,129.42580469892,86.7553725047668,44.219655369324
259,1,4,60,133.48,129.42580469892,86.7553725047668,44.219655369324
259,1,5,54,135.63,129.42580469892,86.7553725047668,44.219655369324
259,1,6,34,132.47,129.42580469892,86.7553725047668,44.219655369324
259,1,7,32,143.71,129.42580469892,86.7553725047668,44.219655369324
259,1,8,34,147.25,129.42580469892,86.7553725047668,44.219655369324
259,1,9,24,133.82,129.42580469892,86.7553725047668,44.219655369324
259,1,10,19,139.89,129.42580469892,86.7553725047668,44.219655369324
259,1,11,18,144.48,129.42580469892,86.7553725047668,44.219655369324
259,1,12,27,148.84,129.42580469892,86.7553725047668,44.219655369324
259,1,13,35,157.43,129.42580469892,86.7553725047668,44.219655369324
259,1,14,36,159.15,129.42580469892,86.7553725047668,44.219655369324
259,1,15,29,165.09,129.42580469892,86.7553725047668,44.219655369324
259,1,16,25,168.9,129.42580469892,86.7553725047668,44.219655369324
259,1,17,28,160.67,129.42580469892,86.7553725047668,44.219655369324
259,1,18,18,158.55,129.42580469892,86.7553725047668,44.219655369324
259,1,19,20,144.06,129.42580469892,86.7553725047668,44.219655369324
259,1,20,6,127.35,129.42580469892,86.7553725047668,44.219655369324
259,1,21,3,165.8,129.42580469892,86.7553725047668,44.219655369324
260,1,1,8,104.87,43.2471190307555,28.9889634451119,14.7758223617372
260,1,2,11,135.75,43.2471190307555,28.9889634451119,14.7758223617372
260,1,3,45,112.39,43.2471190307555,28.9889634451119,14.7758223617372
260,1,4,78,112.89,43.2471190307555,28.9889634451119,14.7758223617372
260,1,5,60,115.98,43.2471190307555,28.9889634451119,14.7758223617372
260,1,6,51,121.08,43.2471190307555,28.9889634451119,14.7758223617372
260,1,7,48,130.77,43.2471190307555,28.9889634451119,14.7758223617372
260,1,8,32,137.52,43.2471190307555,28.9889634451119,14.7758223617372
260,1,9,30,130.83,43.2471190307555,28.9889634451119,14.7758223617372
260,1,10,37,134.68,43.2471190307555,28.9889634451119,14.7758223617372
260,1,11,42,141.93,43.2471190307555,28.9889634451119,14.7758223617372
260,1,12,33,144.41,43.2471190307555,28.9889634451119,14.7758223617372
260,1,13,42,153.83,43.2471190307555,28.9889634451119,14.7758223617372
260,1,14,37,171.02,43.2471190307555,28.9889634451119,14.7758223617372
260,1,15,46,188.8,43.2471190307555,28.9889634451119,14.7758223617372
260,1,16,30,189.72,43.2471190307555,28.9889634451119,14.7758223617372
260,1,17,22,156.15,43.2471190307555,28.9889634451119,14.7758223617372
260,1,18,24,158.8,43.2471190307555,28.9889634451119,14.7758223617372
260,1,19,33,128.27,43.2471190307555,28.9889634451119,14.7758223617372
260,1,20,24,128.39,43.2471190307555,28.9889634451119,14.7758223617372
260,1,21,15,130.55,43.2471190307555,28.9889634451119,14.7758223617372
260,1,22,2,102.09,43.2471190307555,28.9889634451119,14.7758223617372
261,1,0,13,117.38,132.704537526637,88.9531389275744,45.3398681122695
261,1,1,30,97.68,132.704537526637,88.9531389275744,45.3398681122695
261,1,2,119,94.8,132.704537526637,88.9531389275744,45.3398681122695
261,1,3,569,95.63,132.704537526637,88.9531389275744,45.3398681122695
261,1,4,1467,101.37,132.704537526637,88.9531389275744,45.3398681122695
261,1,5,1709,110.89,132.704537526637,88.9531389275744,45.3398681122695
261,1,6,1774,88.13,132.704537526637,88.9531389275744,45.3398681122695
261,1,7,1594,85.97,132.704537526637,88.9531389275744,45.3398681122695
261,1,8,1269,87.71,132.704537526637,88.9531389275744,45.3398681122695
261,1,9,1187,96.46,132.704537526637,88.9531389275744,45.3398681122695
261,1,10,1241,87.5,132.704537526637,88.9531389275744,45.3398681122695
261,1,11,1532,92.37,132.704537526637,88.9531389275744,45.3398681122695
261,1,12,1860,121.25,132.704537526637,88.9531389275744,45.3398681122695
261,1,13,2393,99.83,132.704537526637,88.9531389275744,45.3398681122695
261,1,14,3105,113.55,132.704537526637,88.9531389275744,45.3398681122695
261,1,15,2989,122.76,132.704537526637,88.9531389275744,45.3398681122695
261,1,16,2685,130.62,132.704537526637,88.9531389275744,45.3398681122695
261,1,17,1984,129.22,132.704537526637,88.9531389275744,45.3398681122695
261,1,18,1373,114.32,132.704537526637,88.9531389275744,45.3398681122695
261,1,19,736,99.61,132.704537526637,88.9531389275744,45.3398681122695
261,1,20,354,91.22,132.704537526637,88.9531389275744,45.3398681122695
261,1,21,115,86.09,132.704537526637,88.9531389275744,45.3398681122695
261,1,22,40,95.71,132.704537526637,88.9531389275744,45.3398681122695
261,1,23,21,136.34,132.704537526637,88.9531389275744,45.3398681122695
262,1,0,5,138.67,58.1896636870126,39.0050960922169,19.8810962024332
262,1,1,9,111.6,58.1896636870126,39.0050960922169,19.8810962024332
262,1,2,49,106.13,58.1896636870126,39.0050960922169,19.8810962024332
262,1,3,277,112.09,58.1896636870126,39.0050960922169,19.8810962024332
262,1,4,668,110.7,58.1896636870126,39.0050960922169,19.8810962024332
262,1,5,817,112.78,58.1896636870126,39.0050960922169,19.8810962024332
262,1,6,681,112.31,58.1896636870126,39.0050960922169,19.8810962024332
262,1,7,523,116.38,58.1896636870126,39.0050960922169,19.8810962024332
262,1,8,375,126.42,58.1896636870126,39.0050960922169,19.8810962024332
262,1,9,343,118.37,58.1896636870126,39.0050960922169,19.8810962024332
262,1,10,266,121.19,58.1896636870126,39.0050960922169,19.8810962024332
262,1,11,321,145.25,58.1896636870126,39.0050960922169,19.8810962024332
262,1,12,368,131.61,58.1896636870126,39.0050960922169,19.8810962024332
262,1,13,456,138.23,58.1896636870126,39.0050960922169,19.8810962024332
262,1,14,569,150.77,58.1896636870126,39.0050960922169,19.8810962024332
262,1,15,522,193.27,58.1896636870126,39.0050960922169,19.8810962024332
262,1,16,405,170.91,58.1896636870126,39.0050960922169,19.8810962024332
262,1,17,300,161.09,58.1896636870126,39.0050960922169,19.8810962024332
262,1,18,247,148.2,58.1896636870126,39.0050960922169,19.8810962024332
262,1,19,203,133.57,58.1896636870126,39.0050960922169,19.8810962024332
262,1,20,131,128.07,58.1896636870126,39.0050960922169,19.8810962024332
262,1,21,31,115.89,58.1896636870126,39.0050960922169,19.8810962024332
262,1,22,12,127,58.1896636870126,39.0050960922169,19.8810962024332
263,1,0,6,115.28,61.8212858718663,41.4394076746442,21.1218772183936
263,1,1,15,136.94,61.8212858718663,41.4394076746442,21.1218772183936
263,1,2,104,110.83,61.8212858718663,41.4394076746442,21.1218772183936
263,1,3,619,114.06,61.8212858718663,41.4394076746442,21.1218772183936
263,1,4,1192,111.57,61.8212858718663,41.4394076746442,21.1218772183936
263,1,5,1151,111.87,61.8212858718663,41.4394076746442,21.1218772183936
263,1,6,972,113.24,61.8212858718663,41.4394076746442,21.1218772183936
263,1,7,849,117.29,61.8212858718663,41.4394076746442,21.1218772183936
263,1,8,538,126.01,61.8212858718663,41.4394076746442,21.1218772183936
263,1,9,497,120.79,61.8212858718663,41.4394076746442,21.1218772183936
263,1,10,394,123.06,61.8212858718663,41.4394076746442,21.1218772183936
263,1,11,448,126.59,61.8212858718663,41.4394076746442,21.1218772183936
263,1,12,524,132.56,61.8212858718663,41.4394076746442,21.1218772183936
263,1,13,680,139.17,61.8212858718663,41.4394076746442,21.1218772183936
263,1,14,823,151.52,61.8212858718663,41.4394076746442,21.1218772183936
263,1,15,787,164.6,61.8212858718663,41.4394076746442,21.1218772183936
263,1,16,676,171.69,61.8212858718663,41.4394076746442,21.1218772183936
263,1,17,522,162.08,61.8212858718663,41.4394076746442,21.1218772183936
263,1,18,433,147.85,61.8212858718663,41.4394076746442,21.1218772183936
263,1,19,358,131.73,61.8212858718663,41.4394076746442,21.1218772183936
263,1,20,215,130.1,61.8212858718663,41.4394076746442,21.1218772183936
263,1,21,66,125.9,61.8212858718663,41.4394076746442,21.1218772183936
263,1,22,33,123.22,61.8212858718663,41.4394076746442,21.1218772183936
263,1,23,8,114.36,61.8212858718663,41.4394076746442,21.1218772183936
