PULocationID,DOLocationID,pickup_hour,num_trips,GCT_Taxi,GCT_UAM_Early,GCT_UAM_Mid,GCT_UAM_Mature
1,138,12,2,161.66,257.179365546626,172.389823732912,87.8679714530534
1,138,14,2,170.69,257.179365546626,172.389823732912,87.8679714530534
3,138,0,2,39.66,95.2065336795667,63.8178631647121,32.5282899960482
3,138,1,8,46.65,95.2065336795667,63.8178631647121,32.5282899960482
3,138,2,31,49.3,95.2065336795667,63.8178631647121,32.5282899960482
3,138,3,341,50.49,95.2065336795667,63.8178631647121,32.5282899960482
3,138,4,582,51.83,95.2065336795667,63.8178631647121,32.5282899960482
3,138,5,335,53.67,95.2065336795667,63.8178631647121,32.5282899960482
3,138,6,333,61.02,95.2065336795667,63.8178631647121,32.5282899960482
3,138,7,238,65.15,95.2065336795667,63.8178631647121,32.5282899960482
3,138,8,214,63.55,95.2065336795667,63.8178631647121,32.5282899960482
3,138,9,215,62.2,95.2065336795667,63.8178631647121,32.5282899960482
3,138,10,253,58.59,95.2065336795667,63.8178631647121,32.5282899960482
3,138,11,189,59.96,95.2065336795667,63.8178631647121,32.5282899960482
3,138,12,159,62.04,95.2065336795667,63.8178631647121,32.5282899960482
3,138,13,205,60.27,95.2065336795667,63.8178631647121,32.5282899960482
3,138,14,233,63.63,95.2065336795667,63.8178631647121,32.5282899960482
3,138,15,177,63.57,95.2065336795667,63.8178631647121,32.5282899960482
3,138,16,152,65.95,95.2065336795667,63.8178631647121,32.5282899960482
3,138,17,146,64.46,95.2065336795667,63.8178631647121,32.5282899960482
3,138,18,120,62.55,95.2065336795667,63.8178631647121,32.5282899960482
3,138,19,67,57.63,95.2065336795667,63.8178631647121,32.5282899960482
3,138,20,42,60.45,95.2065336795667,63.8178631647121,32.5282899960482
3,138,21,13,60.34,95.2065336795667,63.8178631647121,32.5282899960482
3,138,22,5,55.14,95.2065336795667,63.8178631647121,32.5282899960482
3,138,23,2,41.75,95.2065336795667,63.8178631647121,32.5282899960482
4,138,0,4,47.42,100.012820329847,67.0395637342371,34.1704071903432
4,138,1,7,63.86,100.012820329847,67.0395637342371,34.1704071903432
4,138,2,50,54.48,100.012820329847,67.0395637342371,34.1704071903432
4,138,3,407,56.26,100.012820329847,67.0395637342371,34.1704071903432
4,138,4,1375,58.82,100.012820329847,67.0395637342371,34.1704071903432
4,138,5,1530,56.78,100.012820329847,67.0395637342371,34.1704071903432
4,138,6,1218,60.89,100.012820329847,67.0395637342371,34.1704071903432
4,138,7,1137,65.97,100.012820329847,67.0395637342371,34.1704071903432
4,138,8,971,68.46,100.012820329847,67.0395637342371,34.1704071903432
4,138,9,977,64.93,100.012820329847,67.0395637342371,34.1704071903432
4,138,10,832,65.45,100.012820329847,67.0395637342371,34.1704071903432
4,138,11,829,66.1,100.012820329847,67.0395637342371,34.1704071903432
4,138,12,940,68.3,100.012820329847,67.0395637342371,34.1704071903432
4,138,13,882,70.68,100.012820329847,67.0395637342371,34.1704071903432
4,138,14,835,76.97,100.012820329847,67.0395637342371,34.1704071903432
4,138,15,924,83.28,100.012820329847,67.0395637342371,34.1704071903432
4,138,16,881,89.98,100.012820329847,67.0395637342371,34.1704071903432
4,138,17,834,86.88,100.012820329847,67.0395637342371,34.1704071903432
4,138,18,528,74.53,100.012820329847,67.0395637342371,34.1704071903432
4,138,19,291,67.27,100.012820329847,67.0395637342371,34.1704071903432
4,138,20,90,59.47,100.012820329847,67.0395637342371,34.1704071903432
4,138,21,30,56.12,100.012820329847,67.0395637342371,34.1704071903432
4,138,22,12,57.53,100.012820329847,67.0395637342371,34.1704071903432
4,138,23,6,56.46,100.012820329847,67.0395637342371,34.1704071903432
5,138,2,2,118.42,346.900593830349,232.530833475496,118.52215052691
5,138,3,7,121.21,346.900593830349,232.530833475496,118.52215052691
5,138,4,7,122.14,346.900593830349,232.530833475496,118.52215052691
5,138,5,8,148.24,346.900593830349,232.530833475496,118.52215052691
5,138,6,8,164.76,346.900593830349,232.530833475496,118.52215052691
5,138,7,8,171.25,346.900593830349,232.530833475496,118.52215052691
5,138,8,5,159.99,346.900593830349,232.530833475496,118.52215052691
5,138,9,6,172.53,346.900593830349,232.530833475496,118.52215052691
5,138,10,3,139.64,346.900593830349,232.530833475496,118.52215052691
5,138,11,6,170.08,346.900593830349,232.530833475496,118.52215052691
5,138,12,3,157.91,346.900593830349,232.530833475496,118.52215052691
5,138,13,2,143.78,346.900593830349,232.530833475496,118.52215052691
5,138,14,3,177.65,346.900593830349,232.530833475496,118.52215052691
5,138,15,2,203.18,346.900593830349,232.530833475496,118.52215052691
5,138,16,4,159.95,346.900593830349,232.530833475496,118.52215052691
5,138,17,3,184.11,346.900593830349,232.530833475496,118.52215052691
5,138,18,2,177.86,346.900593830349,232.530833475496,118.52215052691
6,138,2,6,85.53,245.462981016122,164.536217516458,83.8649483517593
6,138,3,22,93.19,245.462981016122,164.536217516458,83.8649483517593
6,138,4,34,94.49,245.462981016122,164.536217516458,83.8649483517593
6,138,5,26,96.56,245.462981016122,164.536217516458,83.8649483517593
6,138,6,32,115.88,245.462981016122,164.536217516458,83.8649483517593
6,138,7,18,140.97,245.462981016122,164.536217516458,83.8649483517593
6,138,8,23,127.37,245.462981016122,164.536217516458,83.8649483517593
6,138,9,25,118.28,245.462981016122,164.536217516458,83.8649483517593
6,138,10,13,117.57,245.462981016122,164.536217516458,83.8649483517593
6,138,11,26,118.15,245.462981016122,164.536217516458,83.8649483517593
6,138,12,13,118.46,245.462981016122,164.536217516458,83.8649483517593
6,138,13,21,124.28,245.462981016122,164.536217516458,83.8649483517593
6,138,14,17,129,245.462981016122,164.536217516458,83.8649483517593
6,138,15,18,142.51,245.462981016122,164.536217516458,83.8649483517593
6,138,16,9,150.23,245.462981016122,164.536217516458,83.8649483517593
6,138,17,8,136.54,245.462981016122,164.536217516458,83.8649483517593
6,138,18,2,110.58,245.462981016122,164.536217516458,83.8649483517593
7,138,0,71,25.3,40.1379520076878,26.9048586261907,13.7135435173789
7,138,1,53,29.26,40.1379520076878,26.9048586261907,13.7135435173789
7,138,2,188,31.31,40.1379520076878,26.9048586261907,13.7135435173789
7,138,3,2373,27.21,40.1379520076878,26.9048586261907,13.7135435173789
7,138,4,8014,27.93,40.1379520076878,26.9048586261907,13.7135435173789
7,138,5,7856,27.44,40.1379520076878,26.9048586261907,13.7135435173789
7,138,6,5868,28.31,40.1379520076878,26.9048586261907,13.7135435173789
7,138,7,5454,30.28,40.1379520076878,26.9048586261907,13.7135435173789
7,138,8,5317,31.37,40.1379520076878,26.9048586261907,13.7135435173789
7,138,9,4877,30.3,40.1379520076878,26.9048586261907,13.7135435173789
7,138,10,4095,30.84,40.1379520076878,26.9048586261907,13.7135435173789
7,138,11,4448,31.91,40.1379520076878,26.9048586261907,13.7135435173789
7,138,12,4256,32.36,40.1379520076878,26.9048586261907,13.7135435173789
7,138,13,4470,32.98,40.1379520076878,26.9048586261907,13.7135435173789
7,138,14,3988,34.47,40.1379520076878,26.9048586261907,13.7135435173789
7,138,15,4195,36,40.1379520076878,26.9048586261907,13.7135435173789
7,138,16,3864,36.57,40.1379520076878,26.9048586261907,13.7135435173789
7,138,17,3844,37.45,40.1379520076878,26.9048586261907,13.7135435173789
7,138,18,3005,35.08,40.1379520076878,26.9048586261907,13.7135435173789
7,138,19,1662,32.34,40.1379520076878,26.9048586261907,13.7135435173789
7,138,20,852,28.85,40.1379520076878,26.9048586261907,13.7135435173789
7,138,21,476,28.74,40.1379520076878,26.9048586261907,13.7135435173789
7,138,22,227,27.22,40.1379520076878,26.9048586261907,13.7135435173789
7,138,23,166,26.36,40.1379520076878,26.9048586261907,13.7135435173789
8,138,4,16,27.53,39.4240263055734,26.4263073019648,13.4696234692846
8,138,5,18,29.8,39.4240263055734,26.4263073019648,13.4696234692846
8,138,6,24,29.02,39.4240263055734,26.4263073019648,13.4696234692846
8,138,7,17,31.01,39.4240263055734,26.4263073019648,13.4696234692846
8,138,8,18,40.2,39.4240263055734,26.4263073019648,13.4696234692846
8,138,9,6,30.11,39.4240263055734,26.4263073019648,13.4696234692846
8,138,10,12,42.63,39.4240263055734,26.4263073019648,13.4696234692846
8,138,11,6,30.6,39.4240263055734,26.4263073019648,13.4696234692846
8,138,12,20,32.72,39.4240263055734,26.4263073019648,13.4696234692846
8,138,13,25,34.18,39.4240263055734,26.4263073019648,13.4696234692846
8,138,14,23,34.38,39.4240263055734,26.4263073019648,13.4696234692846
8,138,15,29,33.85,39.4240263055734,26.4263073019648,13.4696234692846
8,138,16,13,36.46,39.4240263055734,26.4263073019648,13.4696234692846
8,138,17,18,34.84,39.4240263055734,26.4263073019648,13.4696234692846
8,138,18,11,31.98,39.4240263055734,26.4263073019648,13.4696234692846
8,138,19,6,40.7,39.4240263055734,26.4263073019648,13.4696234692846
8,138,20,3,35.94,39.4240263055734,26.4263073019648,13.4696234692846
9,138,0,2,35.02,74.2978546330804,49.8025727558152,25.3846250691486
9,138,1,3,40.14,74.2978546330804,49.8025727558152,25.3846250691486
9,138,2,23,38.59,74.2978546330804,49.8025727558152,25.3846250691486
9,138,3,405,37.57,74.2978546330804,49.8025727558152,25.3846250691486
9,138,4,588,39.48,74.2978546330804,49.8025727558152,25.3846250691486
9,138,5,566,38.66,74.2978546330804,49.8025727558152,25.3846250691486
9,138,6,425,42.72,74.2978546330804,49.8025727558152,25.3846250691486
9,138,7,434,48.13,74.2978546330804,49.8025727558152,25.3846250691486
9,138,8,407,45.98,74.2978546330804,49.8025727558152,25.3846250691486
9,138,9,388,43.07,74.2978546330804,49.8025727558152,25.3846250691486
9,138,10,321,41.44,74.2978546330804,49.8025727558152,25.3846250691486
9,138,11,325,41.91,74.2978546330804,49.8025727558152,25.3846250691486
9,138,12,281,42.01,74.2978546330804,49.8025727558152,25.3846250691486
9,138,13,267,44.66,74.2978546330804,49.8025727558152,25.3846250691486
9,138,14,214,44.22,74.2978546330804,49.8025727558152,25.3846250691486
9,138,15,187,44.01,74.2978546330804,49.8025727558152,25.3846250691486
9,138,16,167,43.88,74.2978546330804,49.8025727558152,25.3846250691486
9,138,17,164,43.25,74.2978546330804,49.8025727558152,25.3846250691486
9,138,18,123,43.76,74.2978546330804,49.8025727558152,25.3846250691486
9,138,19,70,41.89,74.2978546330804,49.8025727558152,25.3846250691486
9,138,20,23,37.82,74.2978546330804,49.8025727558152,25.3846250691486
9,138,21,13,39.97,74.2978546330804,49.8025727558152,25.3846250691486
9,138,22,13,39.87,74.2978546330804,49.8025727558152,25.3846250691486
9,138,23,8,31.85,74.2978546330804,49.8025727558152,25.3846250691486
10,138,0,6,58.92,123.343943135339,82.6786416959586,42.1417249058348
10,138,1,6,44.61,123.343943135339,82.6786416959586,42.1417249058348
10,138,2,97,40.72,123.343943135339,82.6786416959586,42.1417249058348
10,138,3,630,44.33,123.343943135339,82.6786416959586,42.1417249058348
10,138,4,985,46.33,123.343943135339,82.6786416959586,42.1417249058348
10,138,5,749,48.46,123.343943135339,82.6786416959586,42.1417249058348
10,138,6,634,56.13,123.343943135339,82.6786416959586,42.1417249058348
10,138,7,593,64.26,123.343943135339,82.6786416959586,42.1417249058348
10,138,8,581,62.2,123.343943135339,82.6786416959586,42.1417249058348
10,138,9,543,55.7,123.343943135339,82.6786416959586,42.1417249058348
10,138,10,507,68.64,123.343943135339,82.6786416959586,42.1417249058348
10,138,11,597,55.75,123.343943135339,82.6786416959586,42.1417249058348
10,138,12,431,57.96,123.343943135339,82.6786416959586,42.1417249058348
10,138,13,417,57.26,123.343943135339,82.6786416959586,42.1417249058348
10,138,14,361,56.19,123.343943135339,82.6786416959586,42.1417249058348
10,138,15,290,58.73,123.343943135339,82.6786416959586,42.1417249058348
10,138,16,240,69.49,123.343943135339,82.6786416959586,42.1417249058348
10,138,17,187,56.13,123.343943135339,82.6786416959586,42.1417249058348
10,138,18,146,57.5,123.343943135339,82.6786416959586,42.1417249058348
10,138,19,102,57.15,123.343943135339,82.6786416959586,42.1417249058348
10,138,20,59,50.68,123.343943135339,82.6786416959586,42.1417249058348
10,138,21,54,44.85,123.343943135339,82.6786416959586,42.1417249058348
10,138,22,43,41.58,123.343943135339,82.6786416959586,42.1417249058348
10,138,23,15,43.65,123.343943135339,82.6786416959586,42.1417249058348
11,138,0,2,108.56,212.033113256021,142.127852839419,72.4432907091234
11,138,2,13,80.65,212.033113256021,142.127852839419,72.4432907091234
11,138,3,50,78.83,212.033113256021,142.127852839419,72.4432907091234
11,138,4,99,86.44,212.033113256021,142.127852839419,72.4432907091234
11,138,5,89,89.5,212.033113256021,142.127852839419,72.4432907091234
11,138,6,73,107.78,212.033113256021,142.127852839419,72.4432907091234
11,138,7,52,118.78,212.033113256021,142.127852839419,72.4432907091234
11,138,8,47,118.7,212.033113256021,142.127852839419,72.4432907091234
11,138,9,48,114.74,212.033113256021,142.127852839419,72.4432907091234
11,138,10,46,115.21,212.033113256021,142.127852839419,72.4432907091234
11,138,11,58,119.34,212.033113256021,142.127852839419,72.4432907091234
11,138,12,40,112.72,212.033113256021,142.127852839419,72.4432907091234
11,138,13,48,119.48,212.033113256021,142.127852839419,72.4432907091234
11,138,14,41,129.27,212.033113256021,142.127852839419,72.4432907091234
11,138,15,56,134.69,212.033113256021,142.127852839419,72.4432907091234
11,138,16,29,142.48,212.033113256021,142.127852839419,72.4432907091234
11,138,17,19,114.43,212.033113256021,142.127852839419,72.4432907091234
11,138,18,21,114,212.033113256021,142.127852839419,72.4432907091234
11,138,19,10,105.17,212.033113256021,142.127852839419,72.4432907091234
11,138,20,7,100.07,212.033113256021,142.127852839419,72.4432907091234
11,138,21,3,83.69,212.033113256021,142.127852839419,72.4432907091234
11,138,22,2,87.03,212.033113256021,142.127852839419,72.4432907091234
12,138,4,3,65.29,138.045072756905,92.5329515032398,47.1645168206131
12,138,5,2,75.01,138.045072756905,92.5329515032398,47.1645168206131
12,138,6,9,76.82,138.045072756905,92.5329515032398,47.1645168206131
12,138,7,8,70.59,138.045072756905,92.5329515032398,47.1645168206131
12,138,8,7,87.98,138.045072756905,92.5329515032398,47.1645168206131
12,138,9,11,71.22,138.045072756905,92.5329515032398,47.1645168206131
12,138,10,16,90.63,138.045072756905,92.5329515032398,47.1645168206131
12,138,11,36,87.35,138.045072756905,92.5329515032398,47.1645168206131
12,138,12,66,94.78,138.045072756905,92.5329515032398,47.1645168206131
12,138,13,74,90.79,138.045072756905,92.5329515032398,47.1645168206131
12,138,14,88,103.92,138.045072756905,92.5329515032398,47.1645168206131
12,138,15,77,113.91,138.045072756905,92.5329515032398,47.1645168206131
12,138,16,72,109.7,138.045072756905,92.5329515032398,47.1645168206131
12,138,17,51,113.11,138.045072756905,92.5329515032398,47.1645168206131
12,138,18,28,98.09,138.045072756905,92.5329515032398,47.1645168206131
12,138,19,4,95.06,138.045072756905,92.5329515032398,47.1645168206131
13,138,0,3,86.91,133.161438579035,89.2594041355897,45.4959730491632
13,138,1,5,73,133.161438579035,89.2594041355897,45.4959730491632
13,138,2,20,69.52,133.161438579035,89.2594041355897,45.4959730491632
13,138,3,311,69.05,133.161438579035,89.2594041355897,45.4959730491632
13,138,4,1505,73.2,133.161438579035,89.2594041355897,45.4959730491632
13,138,5,2148,88.93,133.161438579035,89.2594041355897,45.4959730491632
13,138,6,1942,76.56,133.161438579035,89.2594041355897,45.4959730491632
13,138,7,1983,83.75,133.161438579035,89.2594041355897,45.4959730491632
13,138,8,1729,87,133.161438579035,89.2594041355897,45.4959730491632
13,138,9,1604,94.06,133.161438579035,89.2594041355897,45.4959730491632
13,138,10,1606,89.86,133.161438579035,89.2594041355897,45.4959730491632
13,138,11,2070,91.48,133.161438579035,89.2594041355897,45.4959730491632
13,138,12,2647,94.55,133.161438579035,89.2594041355897,45.4959730491632
13,138,13,2766,97.35,133.161438579035,89.2594041355897,45.4959730491632
13,138,14,3067,105.92,133.161438579035,89.2594041355897,45.4959730491632
13,138,15,3236,124.81,133.161438579035,89.2594041355897,45.4959730491632
13,138,16,3330,119.88,133.161438579035,89.2594041355897,45.4959730491632
13,138,17,2374,118.7,133.161438579035,89.2594041355897,45.4959730491632
13,138,18,1208,105.28,133.161438579035,89.2594041355897,45.4959730491632
13,138,19,495,91.04,133.161438579035,89.2594041355897,45.4959730491632
13,138,20,133,80.08,133.161438579035,89.2594041355897,45.4959730491632
13,138,21,48,74.84,133.161438579035,89.2594041355897,45.4959730491632
13,138,22,16,69.06,133.161438579035,89.2594041355897,45.4959730491632
13,138,23,10,77.1,133.161438579035,89.2594041355897,45.4959730491632
14,138,0,3,78.8,204.06606907929,136.787465836054,69.7212682451581
14,138,1,7,86.51,204.06606907929,136.787465836054,69.7212682451581
14,138,2,73,77.03,204.06606907929,136.787465836054,69.7212682451581
14,138,3,445,74.02,204.06606907929,136.787465836054,69.7212682451581
14,138,4,967,75.7,204.06606907929,136.787465836054,69.7212682451581
14,138,5,908,86.3,204.06606907929,136.787465836054,69.7212682451581
14,138,6,776,99.3,204.06606907929,136.787465836054,69.7212682451581
14,138,7,666,112.84,204.06606907929,136.787465836054,69.7212682451581
14,138,8,586,118.3,204.06606907929,136.787465836054,69.7212682451581
14,138,9,453,111.83,204.06606907929,136.787465836054,69.7212682451581
14,138,10,483,108.03,204.06606907929,136.787465836054,69.7212682451581
14,138,11,462,105.99,204.06606907929,136.787465836054,69.7212682451581
14,138,12,456,107.89,204.06606907929,136.787465836054,69.7212682451581
14,138,13,397,112.5,204.06606907929,136.787465836054,69.7212682451581
14,138,14,426,119.8,204.06606907929,136.787465836054,69.7212682451581
14,138,15,398,127.41,204.06606907929,136.787465836054,69.7212682451581
14,138,16,325,130.43,204.06606907929,136.787465836054,69.7212682451581
14,138,17,234,125.61,204.06606907929,136.787465836054,69.7212682451581
14,138,18,141,108.67,204.06606907929,136.787465836054,69.7212682451581
14,138,19,74,93,204.06606907929,136.787465836054,69.7212682451581
14,138,20,38,85.11,204.06606907929,136.787465836054,69.7212682451581
14,138,21,14,86.11,204.06606907929,136.787465836054,69.7212682451581
14,138,22,6,91.08,204.06606907929,136.787465836054,69.7212682451581
14,138,23,3,71.02,204.06606907929,136.787465836054,69.7212682451581
15,138,1,2,41.91,70.9550400359892,47.561851701311,24.2425181315809
15,138,2,11,28.81,70.9550400359892,47.561851701311,24.2425181315809
15,138,3,170,40.69,70.9550400359892,47.561851701311,24.2425181315809
15,138,4,570,40.77,70.9550400359892,47.561851701311,24.2425181315809
15,138,5,686,40.26,70.9550400359892,47.561851701311,24.2425181315809
15,138,6,422,44.4,70.9550400359892,47.561851701311,24.2425181315809
15,138,7,482,50.55,70.9550400359892,47.561851701311,24.2425181315809
15,138,8,446,45.54,70.9550400359892,47.561851701311,24.2425181315809
15,138,9,334,43.45,70.9550400359892,47.561851701311,24.2425181315809
15,138,10,292,43.46,70.9550400359892,47.561851701311,24.2425181315809
15,138,11,286,42.88,70.9550400359892,47.561851701311,24.2425181315809
15,138,12,302,42.06,70.9550400359892,47.561851701311,24.2425181315809
15,138,13,299,42.64,70.9550400359892,47.561851701311,24.2425181315809
15,138,14,372,43.17,70.9550400359892,47.561851701311,24.2425181315809
15,138,15,231,43.2,70.9550400359892,47.561851701311,24.2425181315809
15,138,16,267,46.17,70.9550400359892,47.561851701311,24.2425181315809
15,138,17,241,42.33,70.9550400359892,47.561851701311,24.2425181315809
15,138,18,131,42.51,70.9550400359892,47.561851701311,24.2425181315809
15,138,19,66,42.02,70.9550400359892,47.561851701311,24.2425181315809
15,138,20,20,39.34,70.9550400359892,47.561851701311,24.2425181315809
15,138,21,17,42.18,70.9550400359892,47.561851701311,24.2425181315809
15,138,22,8,37.92,70.9550400359892,47.561851701311,24.2425181315809
15,138,23,3,38.62,70.9550400359892,47.561851701311,24.2425181315809
16,138,0,2,40.91,82.0931999468518,55.0278683456148,28.0479848532483
16,138,1,5,40.17,82.0931999468518,55.0278683456148,28.0479848532483
16,138,2,36,43.55,82.0931999468518,55.0278683456148,28.0479848532483
16,138,3,280,44.57,82.0931999468518,55.0278683456148,28.0479848532483
16,138,4,960,44.25,82.0931999468518,55.0278683456148,28.0479848532483
16,138,5,946,44.81,82.0931999468518,55.0278683456148,28.0479848532483
16,138,6,666,49.26,82.0931999468518,55.0278683456148,28.0479848532483
16,138,7,681,53.64,82.0931999468518,55.0278683456148,28.0479848532483
16,138,8,647,51.9,82.0931999468518,55.0278683456148,28.0479848532483
16,138,9,556,49.58,82.0931999468518,55.0278683456148,28.0479848532483
16,138,10,457,49,82.0931999468518,55.0278683456148,28.0479848532483
16,138,11,472,48.05,82.0931999468518,55.0278683456148,28.0479848532483
16,138,12,475,47.18,82.0931999468518,55.0278683456148,28.0479848532483
16,138,13,412,48.23,82.0931999468518,55.0278683456148,28.0479848532483
16,138,14,370,51.32,82.0931999468518,55.0278683456148,28.0479848532483
16,138,15,406,50.65,82.0931999468518,55.0278683456148,28.0479848532483
16,138,16,353,49.18,82.0931999468518,55.0278683456148,28.0479848532483
16,138,17,307,50.11,82.0931999468518,55.0278683456148,28.0479848532483
16,138,18,245,46.66,82.0931999468518,55.0278683456148,28.0479848532483
16,138,19,128,45.79,82.0931999468518,55.0278683456148,28.0479848532483
16,138,20,52,45.72,82.0931999468518,55.0278683456148,28.0479848532483
16,138,21,24,45.89,82.0931999468518,55.0278683456148,28.0479848532483
16,138,22,13,52.51,82.0931999468518,55.0278683456148,28.0479848532483
16,138,23,7,45.43,82.0931999468518,55.0278683456148,28.0479848532483
17,138,0,9,44.14,109.090124640614,73.1241688765552,37.2717614313955
17,138,1,15,46.86,109.090124640614,73.1241688765552,37.2717614313955
17,138,2,189,48.11,109.090124640614,73.1241688765552,37.2717614313955
17,138,3,1472,51.77,109.090124640614,73.1241688765552,37.2717614313955
17,138,4,3143,56.23,109.090124640614,73.1241688765552,37.2717614313955
17,138,5,3023,57.77,109.090124640614,73.1241688765552,37.2717614313955
17,138,6,2670,62.74,109.090124640614,73.1241688765552,37.2717614313955
17,138,7,2613,70.46,109.090124640614,73.1241688765552,37.2717614313955
17,138,8,2416,73.58,109.090124640614,73.1241688765552,37.2717614313955
17,138,9,2346,69.06,109.090124640614,73.1241688765552,37.2717614313955
17,138,10,1990,69.13,109.090124640614,73.1241688765552,37.2717614313955
17,138,11,1966,69.19,109.090124640614,73.1241688765552,37.2717614313955
17,138,12,1860,71.26,109.090124640614,73.1241688765552,37.2717614313955
17,138,13,1686,73.86,109.090124640614,73.1241688765552,37.2717614313955
17,138,14,1707,79.53,109.090124640614,73.1241688765552,37.2717614313955
17,138,15,1660,83.28,109.090124640614,73.1241688765552,37.2717614313955
17,138,16,1499,82.93,109.090124640614,73.1241688765552,37.2717614313955
17,138,17,1266,82.64,109.090124640614,73.1241688765552,37.2717614313955
17,138,18,905,73.37,109.090124640614,73.1241688765552,37.2717614313955
17,138,19,467,63.92,109.090124640614,73.1241688765552,37.2717614313955
17,138,20,188,57.84,109.090124640614,73.1241688765552,37.2717614313955
17,138,21,264,50.13,109.090124640614,73.1241688765552,37.2717614313955
17,138,22,100,50.13,109.090124640614,73.1241688765552,37.2717614313955
17,138,23,27,49.93,109.090124640614,73.1241688765552,37.2717614313955
18,138,0,4,73.98,97.0616287390773,65.0613513801725,33.1621022748262
18,138,1,8,57.51,97.0616287390773,65.0613513801725,33.1621022748262
18,138,2,110,51.8,97.0616287390773,65.0613513801725,33.1621022748262
18,138,3,455,57.05,97.0616287390773,65.0613513801725,33.1621022748262
18,138,4,553,57.97,97.0616287390773,65.0613513801725,33.1621022748262
18,138,5,458,59.74,97.0616287390773,65.0613513801725,33.1621022748262
18,138,6,290,65,97.0616287390773,65.0613513801725,33.1621022748262
18,138,7,268,74.85,97.0616287390773,65.0613513801725,33.1621022748262
18,138,8,255,71.35,97.0616287390773,65.0613513801725,33.1621022748262
18,138,9,231,68.23,97.0616287390773,65.0613513801725,33.1621022748262
18,138,10,185,66.84,97.0616287390773,65.0613513801725,33.1621022748262
18,138,11,246,66.42,97.0616287390773,65.0613513801725,33.1621022748262
18,138,12,314,65.21,97.0616287390773,65.0613513801725,33.1621022748262
18,138,13,283,70.14,97.0616287390773,65.0613513801725,33.1621022748262
18,138,14,220,73.89,97.0616287390773,65.0613513801725,33.1621022748262
18,138,15,289,75.04,97.0616287390773,65.0613513801725,33.1621022748262
18,138,16,166,78.73,97.0616287390773,65.0613513801725,33.1621022748262
18,138,17,186,77.79,97.0616287390773,65.0613513801725,33.1621022748262
18,138,18,114,71.82,97.0616287390773,65.0613513801725,33.1621022748262
18,138,19,73,67.43,97.0616287390773,65.0613513801725,33.1621022748262
18,138,20,34,63.83,97.0616287390773,65.0613513801725,33.1621022748262
18,138,21,17,57.43,97.0616287390773,65.0613513801725,33.1621022748262
18,138,22,5,59.24,97.0616287390773,65.0613513801725,33.1621022748262
18,138,23,4,59.08,97.0616287390773,65.0613513801725,33.1621022748262
19,138,0,6,63.54,126.140091973674,84.5529273889298,43.0970578727042
19,138,1,5,55.76,126.140091973674,84.5529273889298,43.0970578727042
19,138,2,17,46.12,126.140091973674,84.5529273889298,43.0970578727042
19,138,3,147,51.47,126.140091973674,84.5529273889298,43.0970578727042
19,138,4,327,56.08,126.140091973674,84.5529273889298,43.0970578727042
19,138,5,282,53.26,126.140091973674,84.5529273889298,43.0970578727042
19,138,6,207,60.3,126.140091973674,84.5529273889298,43.0970578727042
19,138,7,193,69.69,126.140091973674,84.5529273889298,43.0970578727042
19,138,8,171,64.19,126.140091973674,84.5529273889298,43.0970578727042
19,138,9,194,59.37,126.140091973674,84.5529273889298,43.0970578727042
19,138,10,175,56.18,126.140091973674,84.5529273889298,43.0970578727042
19,138,11,158,59.29,126.140091973674,84.5529273889298,43.0970578727042
19,138,12,258,54.28,126.140091973674,84.5529273889298,43.0970578727042
19,138,13,170,59.86,126.140091973674,84.5529273889298,43.0970578727042
19,138,14,178,58.55,126.140091973674,84.5529273889298,43.0970578727042
19,138,15,146,60.15,126.140091973674,84.5529273889298,43.0970578727042
19,138,16,135,57.38,126.140091973674,84.5529273889298,43.0970578727042
19,138,17,134,59.21,126.140091973674,84.5529273889298,43.0970578727042
19,138,18,91,56.35,126.140091973674,84.5529273889298,43.0970578727042
19,138,19,43,52.36,126.140091973674,84.5529273889298,43.0970578727042
19,138,20,23,60.26,126.140091973674,84.5529273889298,43.0970578727042
19,138,21,14,210.92,126.140091973674,84.5529273889298,43.0970578727042
19,138,22,6,44.08,126.140091973674,84.5529273889298,43.0970578727042
20,138,0,2,47.27,86.2243193118518,57.7969977337299,29.4594242106067
20,138,1,5,48.65,86.2243193118518,57.7969977337299,29.4594242106067
20,138,2,70,50.33,86.2243193118518,57.7969977337299,29.4594242106067
20,138,3,202,57.49,86.2243193118518,57.7969977337299,29.4594242106067
20,138,4,396,56.08,86.2243193118518,57.7969977337299,29.4594242106067
20,138,5,378,57.48,86.2243193118518,57.7969977337299,29.4594242106067
20,138,6,345,63.18,86.2243193118518,57.7969977337299,29.4594242106067
20,138,7,334,69.25,86.2243193118518,57.7969977337299,29.4594242106067
20,138,8,328,66.28,86.2243193118518,57.7969977337299,29.4594242106067
20,138,9,322,65.9,86.2243193118518,57.7969977337299,29.4594242106067
20,138,10,337,64.83,86.2243193118518,57.7969977337299,29.4594242106067
20,138,11,427,64.62,86.2243193118518,57.7969977337299,29.4594242106067
20,138,12,505,65.47,86.2243193118518,57.7969977337299,29.4594242106067
20,138,13,503,69.55,86.2243193118518,57.7969977337299,29.4594242106067
20,138,14,523,73.39,86.2243193118518,57.7969977337299,29.4594242106067
20,138,15,519,80.59,86.2243193118518,57.7969977337299,29.4594242106067
20,138,16,504,81.48,86.2243193118518,57.7969977337299,29.4594242106067
20,138,17,391,78.59,86.2243193118518,57.7969977337299,29.4594242106067
20,138,18,270,70.73,86.2243193118518,57.7969977337299,29.4594242106067
20,138,19,110,65.71,86.2243193118518,57.7969977337299,29.4594242106067
20,138,20,39,62.34,86.2243193118518,57.7969977337299,29.4594242106067
20,138,21,20,52.16,86.2243193118518,57.7969977337299,29.4594242106067
20,138,22,11,54.67,86.2243193118518,57.7969977337299,29.4594242106067
20,138,23,6,55.39,86.2243193118518,57.7969977337299,29.4594242106067
21,138,0,2,96.58,205.70063069064,137.883128341723,70.279733006509
21,138,1,5,111.88,205.70063069064,137.883128341723,70.279733006509
21,138,2,21,79.8,205.70063069064,137.883128341723,70.279733006509
21,138,3,123,86.43,205.70063069064,137.883128341723,70.279733006509
21,138,4,209,87.51,205.70063069064,137.883128341723,70.279733006509
21,138,5,168,95.89,205.70063069064,137.883128341723,70.279733006509
21,138,6,142,114.44,205.70063069064,137.883128341723,70.279733006509
21,138,7,131,119.32,205.70063069064,137.883128341723,70.279733006509
21,138,8,104,116.15,205.70063069064,137.883128341723,70.279733006509
21,138,9,103,113.06,205.70063069064,137.883128341723,70.279733006509
21,138,10,83,115.64,205.70063069064,137.883128341723,70.279733006509
21,138,11,62,111.54,205.70063069064,137.883128341723,70.279733006509
21,138,12,75,122.86,205.70063069064,137.883128341723,70.279733006509
21,138,13,81,121.6,205.70063069064,137.883128341723,70.279733006509
21,138,14,111,136.65,205.70063069064,137.883128341723,70.279733006509
21,138,15,66,141.16,205.70063069064,137.883128341723,70.279733006509
21,138,16,74,143.97,205.70063069064,137.883128341723,70.279733006509
21,138,17,43,128.48,205.70063069064,137.883128341723,70.279733006509
21,138,18,43,118.18,205.70063069064,137.883128341723,70.279733006509
21,138,19,15,110.81,205.70063069064,137.883128341723,70.279733006509
21,138,20,14,99.59,205.70063069064,137.883128341723,70.279733006509
21,138,21,4,88.03,205.70063069064,137.883128341723,70.279733006509
22,138,0,3,88.28,199.843262544665,133.956877648643,68.2785030246766
22,138,1,4,77.15,199.843262544665,133.956877648643,68.2785030246766
22,138,2,28,81.07,199.843262544665,133.956877648643,68.2785030246766
22,138,3,217,82.14,199.843262544665,133.956877648643,68.2785030246766
22,138,4,249,83.19,199.843262544665,133.956877648643,68.2785030246766
22,138,5,277,93.36,199.843262544665,133.956877648643,68.2785030246766
22,138,6,222,106.88,199.843262544665,133.956877648643,68.2785030246766
22,138,7,177,116.71,199.843262544665,133.956877648643,68.2785030246766
22,138,8,151,122.38,199.843262544665,133.956877648643,68.2785030246766
22,138,9,131,119.43,199.843262544665,133.956877648643,68.2785030246766
22,138,10,127,114.31,199.843262544665,133.956877648643,68.2785030246766
22,138,11,135,114.58,199.843262544665,133.956877648643,68.2785030246766
22,138,12,102,116.48,199.843262544665,133.956877648643,68.2785030246766
22,138,13,113,120.13,199.843262544665,133.956877648643,68.2785030246766
22,138,14,119,130.62,199.843262544665,133.956877648643,68.2785030246766
22,138,15,89,145.57,199.843262544665,133.956877648643,68.2785030246766
22,138,16,106,139.74,199.843262544665,133.956877648643,68.2785030246766
22,138,17,60,128.55,199.843262544665,133.956877648643,68.2785030246766
22,138,18,47,117.42,199.843262544665,133.956877648643,68.2785030246766
22,138,19,23,101.79,199.843262544665,133.956877648643,68.2785030246766
22,138,20,20,96.15,199.843262544665,133.956877648643,68.2785030246766
22,138,21,5,87.56,199.843262544665,133.956877648643,68.2785030246766
22,138,22,4,87.52,199.843262544665,133.956877648643,68.2785030246766
22,138,23,3,80.67,199.843262544665,133.956877648643,68.2785030246766
23,138,2,5,94.36,299.179900038883,200.543189468218,102.217885404877
23,138,3,39,103.58,299.179900038883,200.543189468218,102.217885404877
23,138,4,58,102.31,299.179900038883,200.543189468218,102.217885404877
23,138,5,39,122.16,299.179900038883,200.543189468218,102.217885404877
23,138,6,49,143.19,299.179900038883,200.543189468218,102.217885404877
23,138,7,39,152.52,299.179900038883,200.543189468218,102.217885404877
23,138,8,33,161.74,299.179900038883,200.543189468218,102.217885404877
23,138,9,40,140.49,299.179900038883,200.543189468218,102.217885404877
23,138,10,33,140.18,299.179900038883,200.543189468218,102.217885404877
23,138,11,50,140.31,299.179900038883,200.543189468218,102.217885404877
23,138,12,23,133.34,299.179900038883,200.543189468218,102.217885404877
23,138,13,27,150.69,299.179900038883,200.543189468218,102.217885404877
23,138,14,36,159.08,299.179900038883,200.543189468218,102.217885404877
23,138,15,27,174.19,299.179900038883,200.543189468218,102.217885404877
23,138,16,16,153.15,299.179900038883,200.543189468218,102.217885404877
23,138,17,15,137.49,299.179900038883,200.543189468218,102.217885404877
23,138,18,8,136.65,299.179900038883,200.543189468218,102.217885404877
23,138,19,2,122.12,299.179900038883,200.543189468218,102.217885404877
23,138,20,4,115.02,299.179900038883,200.543189468218,102.217885404877
23,138,21,3,124.84,299.179900038883,200.543189468218,102.217885404877
24,138,0,5,44.5,78.0462085896768,52.3151307773065,26.665288693752
24,138,1,7,52.32,78.0462085896768,52.3151307773065,26.665288693752
24,138,2,53,49.4,78.0462085896768,52.3151307773065,26.665288693752
24,138,3,385,53.34,78.0462085896768,52.3151307773065,26.665288693752
24,138,4,889,54.74,78.0462085896768,52.3151307773065,26.665288693752
24,138,5,1040,74.5,78.0462085896768,52.3151307773065,26.665288693752
24,138,6,924,58.21,78.0462085896768,52.3151307773065,26.665288693752
24,138,7,934,65.07,78.0462085896768,52.3151307773065,26.665288693752
24,138,8,861,65.08,78.0462085896768,52.3151307773065,26.665288693752
24,138,9,794,63.56,78.0462085896768,52.3151307773065,26.665288693752
24,138,10,670,63.32,78.0462085896768,52.3151307773065,26.665288693752
24,138,11,671,64.58,78.0462085896768,52.3151307773065,26.665288693752
24,138,12,671,65.54,78.0462085896768,52.3151307773065,26.665288693752
24,138,13,609,67.62,78.0462085896768,52.3151307773065,26.665288693752
24,138,14,646,70.39,78.0462085896768,52.3151307773065,26.665288693752
24,138,15,581,75.84,78.0462085896768,52.3151307773065,26.665288693752
24,138,16,500,77.82,78.0462085896768,52.3151307773065,26.665288693752
24,138,17,451,76.77,78.0462085896768,52.3151307773065,26.665288693752
24,138,18,317,70.33,78.0462085896768,52.3151307773065,26.665288693752
24,138,19,186,62.39,78.0462085896768,52.3151307773065,26.665288693752
24,138,20,68,58.58,78.0462085896768,52.3151307773065,26.665288693752
24,138,21,26,50.84,78.0462085896768,52.3151307773065,26.665288693752
24,138,22,19,53.6,78.0462085896768,52.3151307773065,26.665288693752
24,138,23,6,50.93,78.0462085896768,52.3151307773065,26.665288693752
25,138,0,5,52.69,132.116686878034,88.5590969348255,45.1390229009894
25,138,1,6,45.47,132.116686878034,88.5590969348255,45.1390229009894
25,138,2,112,51.95,132.116686878034,88.5590969348255,45.1390229009894
25,138,3,863,55.84,132.116686878034,88.5590969348255,45.1390229009894
25,138,4,2906,57.91,132.116686878034,88.5590969348255,45.1390229009894
25,138,5,3723,59.8,132.116686878034,88.5590969348255,45.1390229009894
25,138,6,3570,63.52,132.116686878034,88.5590969348255,45.1390229009894
25,138,7,3654,71.01,132.116686878034,88.5590969348255,45.1390229009894
25,138,8,3441,75.99,132.116686878034,88.5590969348255,45.1390229009894
25,138,9,3217,70.96,132.116686878034,88.5590969348255,45.1390229009894
25,138,10,2783,71.91,132.116686878034,88.5590969348255,45.1390229009894
25,138,11,2830,74.21,132.116686878034,88.5590969348255,45.1390229009894
25,138,12,2616,73.72,132.116686878034,88.5590969348255,45.1390229009894
25,138,13,2232,77.47,132.116686878034,88.5590969348255,45.1390229009894
25,138,14,2324,83.35,132.116686878034,88.5590969348255,45.1390229009894
25,138,15,2115,89.72,132.116686878034,88.5590969348255,45.1390229009894
25,138,16,1886,92.04,132.116686878034,88.5590969348255,45.1390229009894
25,138,17,1543,93.3,132.116686878034,88.5590969348255,45.1390229009894
25,138,18,972,81.46,132.116686878034,88.5590969348255,45.1390229009894
25,138,19,503,69.57,132.116686878034,88.5590969348255,45.1390229009894
25,138,20,169,58.88,132.116686878034,88.5590969348255,45.1390229009894
25,138,21,55,56.43,132.116686878034,88.5590969348255,45.1390229009894
25,138,22,142,57.36,132.116686878034,88.5590969348255,45.1390229009894
25,138,23,25,65.07,132.116686878034,88.5590969348255,45.1390229009894
26,138,0,3,64,179.993809119377,120.651596449635,61.4967334094321
26,138,1,4,66.13,179.993809119377,120.651596449635,61.4967334094321
26,138,2,28,76.67,179.993809119377,120.651596449635,61.4967334094321
26,138,3,156,75.53,179.993809119377,120.651596449635,61.4967334094321
26,138,4,353,77.19,179.993809119377,120.651596449635,61.4967334094321
26,138,5,252,85.06,179.993809119377,120.651596449635,61.4967334094321
26,138,6,264,97.92,179.993809119377,120.651596449635,61.4967334094321
26,138,7,244,105.73,179.993809119377,120.651596449635,61.4967334094321
26,138,8,171,113.38,179.993809119377,120.651596449635,61.4967334094321
26,138,9,171,107.3,179.993809119377,120.651596449635,61.4967334094321
26,138,10,136,108.34,179.993809119377,120.651596449635,61.4967334094321
26,138,11,176,110.78,179.993809119377,120.651596449635,61.4967334094321
26,138,12,212,111.36,179.993809119377,120.651596449635,61.4967334094321
26,138,13,184,116.47,179.993809119377,120.651596449635,61.4967334094321
26,138,14,215,122.86,179.993809119377,120.651596449635,61.4967334094321
26,138,15,201,133.98,179.993809119377,120.651596449635,61.4967334094321
26,138,16,199,137.07,179.993809119377,120.651596449635,61.4967334094321
26,138,17,181,134.11,179.993809119377,120.651596449635,61.4967334094321
26,138,18,136,109.29,179.993809119377,120.651596449635,61.4967334094321
26,138,19,81,98.81,179.993809119377,120.651596449635,61.4967334094321
26,138,20,32,92.41,179.993809119377,120.651596449635,61.4967334094321
26,138,21,11,79.07,179.993809119377,120.651596449635,61.4967334094321
26,138,22,14,75.42,179.993809119377,120.651596449635,61.4967334094321
26,138,23,5,71.41,179.993809119377,120.651596449635,61.4967334094321
27,138,3,2,84.24,232.249053380953,155.678793628641,79.3502742690936
27,138,4,8,93.77,232.249053380953,155.678793628641,79.3502742690936
27,138,5,5,95.39,232.249053380953,155.678793628641,79.3502742690936
27,138,6,6,154.55,232.249053380953,155.678793628641,79.3502742690936
27,138,7,7,104.67,232.249053380953,155.678793628641,79.3502742690936
27,138,8,5,117.73,232.249053380953,155.678793628641,79.3502742690936
27,138,9,9,110.92,232.249053380953,155.678793628641,79.3502742690936
27,138,10,11,103.68,232.249053380953,155.678793628641,79.3502742690936
27,138,11,12,120.73,232.249053380953,155.678793628641,79.3502742690936
27,138,12,8,116.36,232.249053380953,155.678793628641,79.3502742690936
27,138,13,9,116.38,232.249053380953,155.678793628641,79.3502742690936
27,138,14,9,139.92,232.249053380953,155.678793628641,79.3502742690936
27,138,15,10,121.45,232.249053380953,155.678793628641,79.3502742690936
27,138,16,7,127.51,232.249053380953,155.678793628641,79.3502742690936
27,138,17,10,116.19,232.249053380953,155.678793628641,79.3502742690936
27,138,19,2,99.49,232.249053380953,155.678793628641,79.3502742690936
28,138,0,5,24.48,86.794136908963,58.1789519971178,29.6541082446466
28,138,1,15,33.86,86.794136908963,58.1789519971178,29.6541082446466
28,138,2,67,36.6,86.794136908963,58.1789519971178,29.6541082446466
28,138,3,465,35.72,86.794136908963,58.1789519971178,29.6541082446466
28,138,4,1145,35.85,86.794136908963,58.1789519971178,29.6541082446466
28,138,5,927,36.25,86.794136908963,58.1789519971178,29.6541082446466
28,138,6,689,38.41,86.794136908963,58.1789519971178,29.6541082446466
28,138,7,624,47.85,86.794136908963,58.1789519971178,29.6541082446466
28,138,8,552,45.51,86.794136908963,58.1789519971178,29.6541082446466
28,138,9,562,39.53,86.794136908963,58.1789519971178,29.6541082446466
28,138,10,560,39.7,86.794136908963,58.1789519971178,29.6541082446466
28,138,11,546,41.07,86.794136908963,58.1789519971178,29.6541082446466
28,138,12,478,41.34,86.794136908963,58.1789519971178,29.6541082446466
28,138,13,491,40.44,86.794136908963,58.1789519971178,29.6541082446466
28,138,14,418,42.9,86.794136908963,58.1789519971178,29.6541082446466
28,138,15,380,42.03,86.794136908963,58.1789519971178,29.6541082446466
28,138,16,333,42.64,86.794136908963,58.1789519971178,29.6541082446466
28,138,17,335,40.61,86.794136908963,58.1789519971178,29.6541082446466
28,138,18,288,39.45,86.794136908963,58.1789519971178,29.6541082446466
28,138,19,148,38.59,86.794136908963,58.1789519971178,29.6541082446466
28,138,20,94,37.11,86.794136908963,58.1789519971178,29.6541082446466
28,138,21,88,33.21,86.794136908963,58.1789519971178,29.6541082446466
28,138,22,31,35.79,86.794136908963,58.1789519971178,29.6541082446466
28,138,23,19,32.8,86.794136908963,58.1789519971178,29.6541082446466
29,138,2,13,86.44,219.160669660403,146.905523044749,74.8784935541846
29,138,3,85,88.45,219.160669660403,146.905523044749,74.8784935541846
29,138,4,116,91.28,219.160669660403,146.905523044749,74.8784935541846
29,138,5,87,94.64,219.160669660403,146.905523044749,74.8784935541846
29,138,6,81,110.16,219.160669660403,146.905523044749,74.8784935541846
29,138,7,75,120.41,219.160669660403,146.905523044749,74.8784935541846
29,138,8,77,105.79,219.160669660403,146.905523044749,74.8784935541846
29,138,9,67,103.85,219.160669660403,146.905523044749,74.8784935541846
29,138,10,58,106.39,219.160669660403,146.905523044749,74.8784935541846
29,138,11,71,109.33,219.160669660403,146.905523044749,74.8784935541846
29,138,12,67,111.56,219.160669660403,146.905523044749,74.8784935541846
29,138,13,68,124.9,219.160669660403,146.905523044749,74.8784935541846
29,138,14,82,124.08,219.160669660403,146.905523044749,74.8784935541846
29,138,15,82,132.68,219.160669660403,146.905523044749,74.8784935541846
29,138,16,59,132.74,219.160669660403,146.905523044749,74.8784935541846
29,138,17,55,135.12,219.160669660403,146.905523044749,74.8784935541846
29,138,18,27,115.38,219.160669660403,146.905523044749,74.8784935541846
29,138,19,15,109.28,219.160669660403,146.905523044749,74.8784935541846
29,138,20,7,99.28,219.160669660403,146.905523044749,74.8784935541846
29,138,21,3,94.21,219.160669660403,146.905523044749,74.8784935541846
29,138,22,4,85.33,219.160669660403,146.905523044749,74.8784935541846
30,138,2,3,56.39,188.239481067891,126.178750351514,64.3139519131147
30,138,3,7,95.09,188.239481067891,126.178750351514,64.3139519131147
30,138,4,5,78.68,188.239481067891,126.178750351514,64.3139519131147
30,138,5,5,76.91,188.239481067891,126.178750351514,64.3139519131147
30,138,6,3,86.87,188.239481067891,126.178750351514,64.3139519131147
30,138,7,5,94.5,188.239481067891,126.178750351514,64.3139519131147
30,138,8,5,83.09,188.239481067891,126.178750351514,64.3139519131147
30,138,9,3,84.12,188.239481067891,126.178750351514,64.3139519131147
30,138,10,2,107.2,188.239481067891,126.178750351514,64.3139519131147
30,138,11,5,90.95,188.239481067891,126.178750351514,64.3139519131147
30,138,12,2,81.12,188.239481067891,126.178750351514,64.3139519131147
30,138,13,4,93.24,188.239481067891,126.178750351514,64.3139519131147
30,138,15,3,96.02,188.239481067891,126.178750351514,64.3139519131147
30,138,16,4,92.25,188.239481067891,126.178750351514,64.3139519131147
30,138,17,2,99.41,188.239481067891,126.178750351514,64.3139519131147
30,138,19,2,80.32,188.239481067891,126.178750351514,64.3139519131147
31,138,2,17,44.44,85.6699592866845,57.4254048307766,29.2700214147698
31,138,3,19,49.14,85.6699592866845,57.4254048307766,29.2700214147698
31,138,4,31,52.98,85.6699592866845,57.4254048307766,29.2700214147698
31,138,5,30,54.72,85.6699592866845,57.4254048307766,29.2700214147698
31,138,6,8,69.14,85.6699592866845,57.4254048307766,29.2700214147698
31,138,7,21,65.51,85.6699592866845,57.4254048307766,29.2700214147698
31,138,8,14,70.03,85.6699592866845,57.4254048307766,29.2700214147698
31,138,9,17,56.95,85.6699592866845,57.4254048307766,29.2700214147698
31,138,10,15,84.09,85.6699592866845,57.4254048307766,29.2700214147698
31,138,11,40,58.42,85.6699592866845,57.4254048307766,29.2700214147698
31,138,12,31,64.31,85.6699592866845,57.4254048307766,29.2700214147698
31,138,13,30,67.45,85.6699592866845,57.4254048307766,29.2700214147698
31,138,14,40,90.92,85.6699592866845,57.4254048307766,29.2700214147698
31,138,15,50,96.43,85.6699592866845,57.4254048307766,29.2700214147698
31,138,16,39,96.94,85.6699592866845,57.4254048307766,29.2700214147698
31,138,17,30,79.04,85.6699592866845,57.4254048307766,29.2700214147698
31,138,18,10,70.92,85.6699592866845,57.4254048307766,29.2700214147698
31,138,19,9,54.12,85.6699592866845,57.4254048307766,29.2700214147698
31,138,20,2,39.7,85.6699592866845,57.4254048307766,29.2700214147698
32,138,0,2,57.59,92.5788022996217,62.0564693279891,31.630498583473
32,138,1,5,45.43,92.5788022996217,62.0564693279891,31.630498583473
32,138,2,70,50.01,92.5788022996217,62.0564693279891,31.630498583473
32,138,3,349,54.2,92.5788022996217,62.0564693279891,31.630498583473
32,138,4,429,56.79,92.5788022996217,62.0564693279891,31.630498583473
32,138,5,306,57.16,92.5788022996217,62.0564693279891,31.630498583473
32,138,6,228,63.49,92.5788022996217,62.0564693279891,31.630498583473
32,138,7,186,69.75,92.5788022996217,62.0564693279891,31.630498583473
32,138,8,182,67.32,92.5788022996217,62.0564693279891,31.630498583473
32,138,9,174,65.04,92.5788022996217,62.0564693279891,31.630498583473
32,138,10,159,61.97,92.5788022996217,62.0564693279891,31.630498583473
32,138,11,168,63.25,92.5788022996217,62.0564693279891,31.630498583473
32,138,12,159,63.82,92.5788022996217,62.0564693279891,31.630498583473
32,138,13,143,66.11,92.5788022996217,62.0564693279891,31.630498583473
32,138,14,145,66.81,92.5788022996217,62.0564693279891,31.630498583473
32,138,15,150,71.2,92.5788022996217,62.0564693279891,31.630498583473
32,138,16,129,72.01,92.5788022996217,62.0564693279891,31.630498583473
32,138,17,115,69.5,92.5788022996217,62.0564693279891,31.630498583473
32,138,18,99,63.22,92.5788022996217,62.0564693279891,31.630498583473
32,138,19,58,58.21,92.5788022996217,62.0564693279891,31.630498583473
32,138,20,55,50.02,92.5788022996217,62.0564693279891,31.630498583473
32,138,21,103,47.24,92.5788022996217,62.0564693279891,31.630498583473
32,138,22,95,49.94,92.5788022996217,62.0564693279891,31.630498583473
32,138,23,3,53.72,92.5788022996217,62.0564693279891,31.630498583473
33,138,0,8,54.03,129.849594249907,87.0394427521571,44.3644474217076
33,138,1,4,51.39,129.849594249907,87.0394427521571,44.3644474217076
33,138,2,44,55.27,129.849594249907,87.0394427521571,44.3644474217076
33,138,3,415,58.32,129.849594249907,87.0394427521571,44.3644474217076
33,138,4,2381,57.6,129.849594249907,87.0394427521571,44.3644474217076
33,138,5,3395,59.27,129.849594249907,87.0394427521571,44.3644474217076
33,138,6,3164,62.52,129.849594249907,87.0394427521571,44.3644474217076
33,138,7,3034,67.45,129.849594249907,87.0394427521571,44.3644474217076
33,138,8,2811,71.6,129.849594249907,87.0394427521571,44.3644474217076
33,138,9,2561,73.32,129.849594249907,87.0394427521571,44.3644474217076
33,138,10,1954,68.6,129.849594249907,87.0394427521571,44.3644474217076
33,138,11,2043,70.4,129.849594249907,87.0394427521571,44.3644474217076
33,138,12,2179,71.26,129.849594249907,87.0394427521571,44.3644474217076
33,138,13,2019,75.01,129.849594249907,87.0394427521571,44.3644474217076
33,138,14,2027,79.58,129.849594249907,87.0394427521571,44.3644474217076
33,138,15,1939,87.48,129.849594249907,87.0394427521571,44.3644474217076
33,138,16,1749,91.27,129.849594249907,87.0394427521571,44.3644474217076
33,138,17,1448,90.47,129.849594249907,87.0394427521571,44.3644474217076
33,138,18,930,80.21,129.849594249907,87.0394427521571,44.3644474217076
33,138,19,460,68.15,129.849594249907,87.0394427521571,44.3644474217076
33,138,20,161,58.34,129.849594249907,87.0394427521571,44.3644474217076
33,138,21,37,53.91,129.849594249907,87.0394427521571,44.3644474217076
33,138,22,24,61.32,129.849594249907,87.0394427521571,44.3644474217076
33,138,23,10,66.17,129.849594249907,87.0394427521571,44.3644474217076
34,138,1,4,50.8,112.16170226874,75.1830771593762,38.3211974729316
34,138,2,14,41.71,112.16170226874,75.1830771593762,38.3211974729316
34,138,3,34,47.56,112.16170226874,75.1830771593762,38.3211974729316
34,138,4,70,52.58,112.16170226874,75.1830771593762,38.3211974729316
34,138,5,91,52.26,112.16170226874,75.1830771593762,38.3211974729316
34,138,6,68,52.6,112.16170226874,75.1830771593762,38.3211974729316
34,138,7,76,62.07,112.16170226874,75.1830771593762,38.3211974729316
34,138,8,84,61.95,112.16170226874,75.1830771593762,38.3211974729316
34,138,9,83,55.55,112.16170226874,75.1830771593762,38.3211974729316
34,138,10,77,66.43,112.16170226874,75.1830771593762,38.3211974729316
34,138,11,132,66.9,112.16170226874,75.1830771593762,38.3211974729316
34,138,12,185,69.92,112.16170226874,75.1830771593762,38.3211974729316
34,138,13,180,75.07,112.16170226874,75.1830771593762,38.3211974729316
34,138,14,209,78.75,112.16170226874,75.1830771593762,38.3211974729316
34,138,15,199,81.8,112.16170226874,75.1830771593762,38.3211974729316
34,138,16,220,88.27,112.16170226874,75.1830771593762,38.3211974729316
34,138,17,167,86.42,112.16170226874,75.1830771593762,38.3211974729316
34,138,18,84,73.74,112.16170226874,75.1830771593762,38.3211974729316
34,138,19,30,65.45,112.16170226874,75.1830771593762,38.3211974729316
34,138,20,11,58.72,112.16170226874,75.1830771593762,38.3211974729316
34,138,21,2,50.7,112.16170226874,75.1830771593762,38.3211974729316
35,138,0,3,54.52,123.115155414547,82.525283067144,42.0635572313922
35,138,1,8,58.36,123.115155414547,82.525283067144,42.0635572313922
35,138,2,138,57.88,123.115155414547,82.525283067144,42.0635572313922
35,138,3,551,58.4,123.115155414547,82.525283067144,42.0635572313922
35,138,4,575,61.46,123.115155414547,82.525283067144,42.0635572313922
35,138,5,477,62.82,123.115155414547,82.525283067144,42.0635572313922
35,138,6,282,76.4,123.115155414547,82.525283067144,42.0635572313922
35,138,7,241,86.7,123.115155414547,82.525283067144,42.0635572313922
35,138,8,258,78.13,123.115155414547,82.525283067144,42.0635572313922
35,138,9,232,71.15,123.115155414547,82.525283067144,42.0635572313922
35,138,10,270,67.37,123.115155414547,82.525283067144,42.0635572313922
35,138,11,266,68.29,123.115155414547,82.525283067144,42.0635572313922
35,138,12,260,72.07,123.115155414547,82.525283067144,42.0635572313922
35,138,13,216,75.2,123.115155414547,82.525283067144,42.0635572313922
35,138,14,214,78.56,123.115155414547,82.525283067144,42.0635572313922
35,138,15,197,78.49,123.115155414547,82.525283067144,42.0635572313922
35,138,16,186,80.06,123.115155414547,82.525283067144,42.0635572313922
35,138,17,159,80.66,123.115155414547,82.525283067144,42.0635572313922
35,138,18,109,75.95,123.115155414547,82.525283067144,42.0635572313922
35,138,19,60,65.56,123.115155414547,82.525283067144,42.0635572313922
35,138,20,49,67.65,123.115155414547,82.525283067144,42.0635572313922
35,138,21,88,54.47,123.115155414547,82.525283067144,42.0635572313922
35,138,22,25,58.34,123.115155414547,82.525283067144,42.0635572313922
35,138,23,6,58.54,123.115155414547,82.525283067144,42.0635572313922
36,138,0,9,45.13,88.2084336228108,59.1269688051072,30.1373172416607
36,138,1,14,50.1,88.2084336228108,59.1269688051072,30.1373172416607
36,138,2,104,51.53,88.2084336228108,59.1269688051072,30.1373172416607
36,138,3,1065,52.45,88.2084336228108,59.1269688051072,30.1373172416607
36,138,4,2748,54.82,88.2084336228108,59.1269688051072,30.1373172416607
36,138,5,2601,54.54,88.2084336228108,59.1269688051072,30.1373172416607
36,138,6,2245,59.05,88.2084336228108,59.1269688051072,30.1373172416607
36,138,7,2208,65.05,88.2084336228108,59.1269688051072,30.1373172416607
36,138,8,2148,63.74,88.2084336228108,59.1269688051072,30.1373172416607
36,138,9,2175,59.55,88.2084336228108,59.1269688051072,30.1373172416607
36,138,10,1766,59.93,88.2084336228108,59.1269688051072,30.1373172416607
36,138,11,1718,60.51,88.2084336228108,59.1269688051072,30.1373172416607
36,138,12,1709,61.12,88.2084336228108,59.1269688051072,30.1373172416607
36,138,13,1576,63.91,88.2084336228108,59.1269688051072,30.1373172416607
36,138,14,1594,67.87,88.2084336228108,59.1269688051072,30.1373172416607
36,138,15,1611,68.71,88.2084336228108,59.1269688051072,30.1373172416607
36,138,16,1526,69.3,88.2084336228108,59.1269688051072,30.1373172416607
36,138,17,1405,70.54,88.2084336228108,59.1269688051072,30.1373172416607
36,138,18,937,64.69,88.2084336228108,59.1269688051072,30.1373172416607
36,138,19,568,55.71,88.2084336228108,59.1269688051072,30.1373172416607
36,138,20,214,54.08,88.2084336228108,59.1269688051072,30.1373172416607
36,138,21,96,49.46,88.2084336228108,59.1269688051072,30.1373172416607
36,138,22,84,47.9,88.2084336228108,59.1269688051072,30.1373172416607
36,138,23,30,52.77,88.2084336228108,59.1269688051072,30.1373172416607
37,138,0,20,45.54,95.0343008443965,63.7024138243931,32.4694448790931
37,138,1,31,49.78,95.0343008443965,63.7024138243931,32.4694448790931
37,138,2,148,52.8,95.0343008443965,63.7024138243931,32.4694448790931
37,138,3,1770,53.67,95.0343008443965,63.7024138243931,32.4694448790931
37,138,4,4391,56.16,95.0343008443965,63.7024138243931,32.4694448790931
37,138,5,4063,56.39,95.0343008443965,63.7024138243931,32.4694448790931
37,138,6,3293,61.09,95.0343008443965,63.7024138243931,32.4694448790931
37,138,7,3344,68.66,95.0343008443965,63.7024138243931,32.4694448790931
37,138,8,3135,68.04,95.0343008443965,63.7024138243931,32.4694448790931
37,138,9,2974,63.4,95.0343008443965,63.7024138243931,32.4694448790931
37,138,10,2654,62.47,95.0343008443965,63.7024138243931,32.4694448790931
37,138,11,2628,63.25,95.0343008443965,63.7024138243931,32.4694448790931
37,138,12,2546,64.39,95.0343008443965,63.7024138243931,32.4694448790931
37,138,13,2303,65.99,95.0343008443965,63.7024138243931,32.4694448790931
37,138,14,2339,70.78,95.0343008443965,63.7024138243931,32.4694448790931
37,138,15,2486,72.84,95.0343008443965,63.7024138243931,32.4694448790931
37,138,16,2290,72.08,95.0343008443965,63.7024138243931,32.4694448790931
37,138,17,2045,73.09,95.0343008443965,63.7024138243931,32.4694448790931
37,138,18,1356,67.33,95.0343008443965,63.7024138243931,32.4694448790931
37,138,19,750,59.59,95.0343008443965,63.7024138243931,32.4694448790931
37,138,20,308,57.75,95.0343008443965,63.7024138243931,32.4694448790931
37,138,21,114,54.96,95.0343008443965,63.7024138243931,32.4694448790931
37,138,22,51,50.05,95.0343008443965,63.7024138243931,32.4694448790931
37,138,23,30,49.42,95.0343008443965,63.7024138243931,32.4694448790931
38,138,1,3,52.41,141.447392266381,94.8135592777982,48.3269542226084
38,138,2,177,55.28,141.447392266381,94.8135592777982,48.3269542226084
38,138,3,246,55.82,141.447392266381,94.8135592777982,48.3269542226084
38,138,4,389,59.75,141.447392266381,94.8135592777982,48.3269542226084
38,138,5,249,62.38,141.447392266381,94.8135592777982,48.3269542226084
38,138,6,177,72.08,141.447392266381,94.8135592777982,48.3269542226084
38,138,7,155,79.23,141.447392266381,94.8135592777982,48.3269542226084
38,138,8,166,77.07,141.447392266381,94.8135592777982,48.3269542226084
38,138,9,171,69.01,141.447392266381,94.8135592777982,48.3269542226084
38,138,10,195,69.95,141.447392266381,94.8135592777982,48.3269542226084
38,138,11,194,66.46,141.447392266381,94.8135592777982,48.3269542226084
38,138,12,173,66.37,141.447392266381,94.8135592777982,48.3269542226084
38,138,13,148,73.56,141.447392266381,94.8135592777982,48.3269542226084
38,138,14,172,70.95,141.447392266381,94.8135592777982,48.3269542226084
38,138,15,172,70.24,141.447392266381,94.8135592777982,48.3269542226084
38,138,16,130,70.9,141.447392266381,94.8135592777982,48.3269542226084
38,138,17,123,71.25,141.447392266381,94.8135592777982,48.3269542226084
38,138,18,94,70.58,141.447392266381,94.8135592777982,48.3269542226084
38,138,19,78,63.75,141.447392266381,94.8135592777982,48.3269542226084
38,138,20,28,61.37,141.447392266381,94.8135592777982,48.3269542226084
38,138,21,19,60.04,141.447392266381,94.8135592777982,48.3269542226084
38,138,22,21,52.57,141.447392266381,94.8135592777982,48.3269542226084
38,138,23,4,52.82,141.447392266381,94.8135592777982,48.3269542226084
39,138,0,4,56.67,148.580257621091,99.5947881240372,50.7639709250719
39,138,1,8,72.79,148.580257621091,99.5947881240372,50.7639709250719
39,138,2,96,69.46,148.580257621091,99.5947881240372,50.7639709250719
39,138,3,879,68.78,148.580257621091,99.5947881240372,50.7639709250719
39,138,4,776,72.46,148.580257621091,99.5947881240372,50.7639709250719
39,138,5,564,74.25,148.580257621091,99.5947881240372,50.7639709250719
39,138,6,439,85.84,148.580257621091,99.5947881240372,50.7639709250719
39,138,7,368,98.63,148.580257621091,99.5947881240372,50.7639709250719
39,138,8,377,93.13,148.580257621091,99.5947881240372,50.7639709250719
39,138,9,335,82.45,148.580257621091,99.5947881240372,50.7639709250719
39,138,10,389,81.06,148.580257621091,99.5947881240372,50.7639709250719
39,138,11,359,81.14,148.580257621091,99.5947881240372,50.7639709250719
39,138,12,300,86.17,148.580257621091,99.5947881240372,50.7639709250719
39,138,13,241,89.59,148.580257621091,99.5947881240372,50.7639709250719
39,138,14,278,101.02,148.580257621091,99.5947881240372,50.7639709250719
39,138,15,232,95.55,148.580257621091,99.5947881240372,50.7639709250719
39,138,16,199,93.91,148.580257621091,99.5947881240372,50.7639709250719
39,138,17,211,94.61,148.580257621091,99.5947881240372,50.7639709250719
39,138,18,155,87.61,148.580257621091,99.5947881240372,50.7639709250719
39,138,19,109,80.95,148.580257621091,99.5947881240372,50.7639709250719
39,138,20,90,77.95,148.580257621091,99.5947881240372,50.7639709250719
39,138,21,63,73,148.580257621091,99.5947881240372,50.7639709250719
39,138,22,9,72.24,148.580257621091,99.5947881240372,50.7639709250719
39,138,23,3,75.13,148.580257621091,99.5947881240372,50.7639709250719
40,138,1,3,52.49,142.499542178954,95.518825571552,48.6864320457447
40,138,2,7,59.61,142.499542178954,95.518825571552,48.6864320457447
40,138,3,210,59.92,142.499542178954,95.518825571552,48.6864320457447
40,138,4,1097,60.7,142.499542178954,95.518825571552,48.6864320457447
40,138,5,1681,63.39,142.499542178954,95.518825571552,48.6864320457447
40,138,6,1584,69.94,142.499542178954,95.518825571552,48.6864320457447
40,138,7,1390,78.54,142.499542178954,95.518825571552,48.6864320457447
40,138,8,1259,80.35,142.499542178954,95.518825571552,48.6864320457447
40,138,9,1126,77.71,142.499542178954,95.518825571552,48.6864320457447
40,138,10,862,77.94,142.499542178954,95.518825571552,48.6864320457447
40,138,11,924,80.92,142.499542178954,95.518825571552,48.6864320457447
40,138,12,847,81.1,142.499542178954,95.518825571552,48.6864320457447
40,138,13,835,85.71,142.499542178954,95.518825571552,48.6864320457447
40,138,14,808,91.91,142.499542178954,95.518825571552,48.6864320457447
40,138,15,737,99.28,142.499542178954,95.518825571552,48.6864320457447
40,138,16,666,103.84,142.499542178954,95.518825571552,48.6864320457447
40,138,17,504,100.16,142.499542178954,95.518825571552,48.6864320457447
40,138,18,323,88.93,142.499542178954,95.518825571552,48.6864320457447
40,138,19,187,79.47,142.499542178954,95.518825571552,48.6864320457447
40,138,20,62,68.2,142.499542178954,95.518825571552,48.6864320457447
40,138,21,10,64.7,142.499542178954,95.518825571552,48.6864320457447
40,138,22,7,72.13,142.499542178954,95.518825571552,48.6864320457447
40,138,23,5,57.45,142.499542178954,95.518825571552,48.6864320457447
41,138,0,20,42.15,68.4795608367988,45.9025139784114,23.3967452401798
41,138,1,24,35.1,68.4795608367988,45.9025139784114,23.3967452401798
41,138,2,275,39.45,68.4795608367988,45.9025139784114,23.3967452401798
41,138,3,1417,61.63,68.4795608367988,45.9025139784114,23.3967452401798
41,138,4,3717,47.86,68.4795608367988,45.9025139784114,23.3967452401798
41,138,5,3835,48.59,68.4795608367988,45.9025139784114,23.3967452401798
41,138,6,3201,49.72,68.4795608367988,45.9025139784114,23.3967452401798
41,138,7,3061,54.09,68.4795608367988,45.9025139784114,23.3967452401798
41,138,8,2869,56.04,68.4795608367988,45.9025139784114,23.3967452401798
41,138,9,2746,54.51,68.4795608367988,45.9025139784114,23.3967452401798
41,138,10,2413,52.91,68.4795608367988,45.9025139784114,23.3967452401798
41,138,11,2537,55.35,68.4795608367988,45.9025139784114,23.3967452401798
41,138,12,2269,56.92,68.4795608367988,45.9025139784114,23.3967452401798
41,138,13,2194,57.5,68.4795608367988,45.9025139784114,23.3967452401798
41,138,14,2075,60.2,68.4795608367988,45.9025139784114,23.3967452401798
41,138,15,2052,64.96,68.4795608367988,45.9025139784114,23.3967452401798
41,138,16,1793,68.34,68.4795608367988,45.9025139784114,23.3967452401798
41,138,17,1644,66.43,68.4795608367988,45.9025139784114,23.3967452401798
41,138,18,1235,60.15,68.4795608367988,45.9025139784114,23.3967452401798
41,138,19,659,54.77,68.4795608367988,45.9025139784114,23.3967452401798
41,138,20,328,50.43,68.4795608367988,45.9025139784114,23.3967452401798
41,138,21,152,45.32,68.4795608367988,45.9025139784114,23.3967452401798
41,138,22,62,45.72,68.4795608367988,45.9025139784114,23.3967452401798
41,138,23,36,44.66,68.4795608367988,45.9025139784114,23.3967452401798
42,138,0,15,40.44,69.2016383845487,46.3865295638512,23.6434504500543
42,138,1,25,43.91,69.2016383845487,46.3865295638512,23.6434504500543
42,138,2,198,42.77,69.2016383845487,46.3865295638512,23.6434504500543
42,138,3,1608,44.08,69.2016383845487,46.3865295638512,23.6434504500543
42,138,4,4514,44.33,69.2016383845487,46.3865295638512,23.6434504500543
42,138,5,4036,44.73,69.2016383845487,46.3865295638512,23.6434504500543
42,138,6,3053,47.62,69.2016383845487,46.3865295638512,23.6434504500543
42,138,7,2800,52.01,69.2016383845487,46.3865295638512,23.6434504500543
42,138,8,2793,52.95,69.2016383845487,46.3865295638512,23.6434504500543
42,138,9,2662,50.69,69.2016383845487,46.3865295638512,23.6434504500543
42,138,10,2132,50.72,69.2016383845487,46.3865295638512,23.6434504500543
42,138,11,2163,50.16,69.2016383845487,46.3865295638512,23.6434504500543
42,138,12,2172,49.87,69.2016383845487,46.3865295638512,23.6434504500543
42,138,13,2015,51.23,69.2016383845487,46.3865295638512,23.6434504500543
42,138,14,1924,55.59,69.2016383845487,46.3865295638512,23.6434504500543
42,138,15,1953,58.69,69.2016383845487,46.3865295638512,23.6434504500543
42,138,16,1636,59.76,69.2016383845487,46.3865295638512,23.6434504500543
42,138,17,1456,60.87,69.2016383845487,46.3865295638512,23.6434504500543
42,138,18,1135,56.16,69.2016383845487,46.3865295638512,23.6434504500543
42,138,19,692,49.81,69.2016383845487,46.3865295638512,23.6434504500543
42,138,20,322,44.51,69.2016383845487,46.3865295638512,23.6434504500543
42,138,21,154,42.75,69.2016383845487,46.3865295638512,23.6434504500543
42,138,22,64,43.79,69.2016383845487,46.3865295638512,23.6434504500543
42,138,23,36,40.7,69.2016383845487,46.3865295638512,23.6434504500543
43,138,0,2,75.91,73.695488905903,49.3988011650807,25.1788206322047
43,138,2,9,57.08,73.695488905903,49.3988011650807,25.1788206322047
43,138,3,76,60.47,73.695488905903,49.3988011650807,25.1788206322047
43,138,4,421,64.1,73.695488905903,49.3988011650807,25.1788206322047
43,138,5,734,85.65,73.695488905903,49.3988011650807,25.1788206322047
43,138,6,830,66.38,73.695488905903,49.3988011650807,25.1788206322047
43,138,7,917,89.01,73.695488905903,49.3988011650807,25.1788206322047
43,138,8,1079,79.16,73.695488905903,49.3988011650807,25.1788206322047
43,138,9,1011,99.42,73.695488905903,49.3988011650807,25.1788206322047
43,138,10,989,100.31,73.695488905903,49.3988011650807,25.1788206322047
43,138,11,1047,80.4,73.695488905903,49.3988011650807,25.1788206322047
43,138,12,1203,101.83,73.695488905903,49.3988011650807,25.1788206322047
43,138,13,1189,85.49,73.695488905903,49.3988011650807,25.1788206322047
43,138,14,1219,105.35,73.695488905903,49.3988011650807,25.1788206322047
43,138,15,992,93.08,73.695488905903,49.3988011650807,25.1788206322047
43,138,16,809,96.84,73.695488905903,49.3988011650807,25.1788206322047
43,138,17,555,145.18,73.695488905903,49.3988011650807,25.1788206322047
43,138,18,291,82.94,73.695488905903,49.3988011650807,25.1788206322047
43,138,19,146,70.35,73.695488905903,49.3988011650807,25.1788206322047
43,138,20,52,65,73.695488905903,49.3988011650807,25.1788206322047
43,138,21,12,59.55,73.695488905903,49.3988011650807,25.1788206322047
43,138,22,7,64.69,73.695488905903,49.3988011650807,25.1788206322047
44,138,2,2,117.13,393.060527837478,263.472285057736,134.293166039731
44,138,3,3,125.81,393.060527837478,263.472285057736,134.293166039731
44,138,4,2,133.52,393.060527837478,263.472285057736,134.293166039731
44,138,5,9,169.66,393.060527837478,263.472285057736,134.293166039731
44,138,6,3,172.74,393.060527837478,263.472285057736,134.293166039731
44,138,7,5,190.21,393.060527837478,263.472285057736,134.293166039731
44,138,8,3,178.07,393.060527837478,263.472285057736,134.293166039731
44,138,9,3,163.77,393.060527837478,263.472285057736,134.293166039731
44,138,10,3,196.28,393.060527837478,263.472285057736,134.293166039731
44,138,11,9,173.51,393.060527837478,263.472285057736,134.293166039731
44,138,12,4,181.87,393.060527837478,263.472285057736,134.293166039731
44,138,13,2,191.48,393.060527837478,263.472285057736,134.293166039731
44,138,14,2,236.18,393.060527837478,263.472285057736,134.293166039731
44,138,15,5,191.43,393.060527837478,263.472285057736,134.293166039731
44,138,16,8,204.24,393.060527837478,263.472285057736,134.293166039731
44,138,17,3,155.48,393.060527837478,263.472285057736,134.293166039731
44,138,18,2,178.51,393.060527837478,263.472285057736,134.293166039731
44,138,19,3,131.53,393.060527837478,263.472285057736,134.293166039731
44,138,20,2,166.04,393.060527837478,263.472285057736,134.293166039731
45,138,0,3,56.29,120.809514870386,80.9797898423881,41.275811460713
45,138,1,4,75.41,120.809514870386,80.9797898423881,41.275811460713
45,138,2,32,56.73,120.809514870386,80.9797898423881,41.275811460713
45,138,3,248,55.2,120.809514870386,80.9797898423881,41.275811460713
45,138,4,527,58.73,120.809514870386,80.9797898423881,41.275811460713
45,138,5,552,60.15,120.809514870386,80.9797898423881,41.275811460713
45,138,6,544,59.87,120.809514870386,80.9797898423881,41.275811460713
45,138,7,644,63.73,120.809514870386,80.9797898423881,41.275811460713
45,138,8,603,68.32,120.809514870386,80.9797898423881,41.275811460713
45,138,9,621,66.68,120.809514870386,80.9797898423881,41.275811460713
45,138,10,633,67.51,120.809514870386,80.9797898423881,41.275811460713
45,138,11,760,72.73,120.809514870386,80.9797898423881,41.275811460713
45,138,12,787,74.24,120.809514870386,80.9797898423881,41.275811460713
45,138,13,725,77.9,120.809514870386,80.9797898423881,41.275811460713
45,138,14,776,82.85,120.809514870386,80.9797898423881,41.275811460713
45,138,15,715,89.98,120.809514870386,80.9797898423881,41.275811460713
45,138,16,620,119.49,120.809514870386,80.9797898423881,41.275811460713
45,138,17,465,94.66,120.809514870386,80.9797898423881,41.275811460713
45,138,18,266,78.14,120.809514870386,80.9797898423881,41.275811460713
45,138,19,121,69.92,120.809514870386,80.9797898423881,41.275811460713
45,138,20,63,58.96,120.809514870386,80.9797898423881,41.275811460713
45,138,21,22,56.84,120.809514870386,80.9797898423881,41.275811460713
45,138,22,15,60,120.809514870386,80.9797898423881,41.275811460713
45,138,23,5,57.98,120.809514870386,80.9797898423881,41.275811460713
46,138,2,2,60.53,106.276685758273,71.2382934993484,36.3105211434238
46,138,3,42,59.17,106.276685758273,71.2382934993484,36.3105211434238
46,138,4,91,62.24,106.276685758273,71.2382934993484,36.3105211434238
46,138,5,84,64.52,106.276685758273,71.2382934993484,36.3105211434238
46,138,6,65,68.42,106.276685758273,71.2382934993484,36.3105211434238
46,138,7,62,71.94,106.276685758273,71.2382934993484,36.3105211434238
46,138,8,48,70.25,106.276685758273,71.2382934993484,36.3105211434238
46,138,9,52,66.67,106.276685758273,71.2382934993484,36.3105211434238
46,138,10,40,72.1,106.276685758273,71.2382934993484,36.3105211434238
46,138,11,55,70.91,106.276685758273,71.2382934993484,36.3105211434238
46,138,12,45,76.24,106.276685758273,71.2382934993484,36.3105211434238
46,138,13,33,69.97,106.276685758273,71.2382934993484,36.3105211434238
46,138,14,42,74.33,106.276685758273,71.2382934993484,36.3105211434238
46,138,15,38,70.67,106.276685758273,71.2382934993484,36.3105211434238
46,138,16,23,74.48,106.276685758273,71.2382934993484,36.3105211434238
46,138,17,29,83.39,106.276685758273,71.2382934993484,36.3105211434238
46,138,18,13,78.4,106.276685758273,71.2382934993484,36.3105211434238
46,138,19,9,60.45,106.276685758273,71.2382934993484,36.3105211434238
47,138,1,5,45.7,72.8933801319591,48.8611398723059,24.9047719319859
47,138,2,45,55.83,72.8933801319591,48.8611398723059,24.9047719319859
47,138,3,221,51.85,72.8933801319591,48.8611398723059,24.9047719319859
47,138,4,335,54.17,72.8933801319591,48.8611398723059,24.9047719319859
47,138,5,248,55.17,72.8933801319591,48.8611398723059,24.9047719319859
47,138,6,174,57.44,72.8933801319591,48.8611398723059,24.9047719319859
47,138,7,179,59.3,72.8933801319591,48.8611398723059,24.9047719319859
47,138,8,186,62.24,72.8933801319591,48.8611398723059,24.9047719319859
47,138,9,180,58.03,72.8933801319591,48.8611398723059,24.9047719319859
47,138,10,131,67.51,72.8933801319591,48.8611398723059,24.9047719319859
47,138,11,176,58.33,72.8933801319591,48.8611398723059,24.9047719319859
47,138,12,193,60.14,72.8933801319591,48.8611398723059,24.9047719319859
47,138,13,194,60.93,72.8933801319591,48.8611398723059,24.9047719319859
47,138,14,172,68.13,72.8933801319591,48.8611398723059,24.9047719319859
47,138,15,164,71.79,72.8933801319591,48.8611398723059,24.9047719319859
47,138,16,146,71.5,72.8933801319591,48.8611398723059,24.9047719319859
47,138,17,125,72.28,72.8933801319591,48.8611398723059,24.9047719319859
47,138,18,81,62.64,72.8933801319591,48.8611398723059,24.9047719319859
47,138,19,43,57.54,72.8933801319591,48.8611398723059,24.9047719319859
47,138,20,34,53.44,72.8933801319591,48.8611398723059,24.9047719319859
47,138,21,8,62.13,72.8933801319591,48.8611398723059,24.9047719319859
47,138,22,12,52.78,72.8933801319591,48.8611398723059,24.9047719319859
47,138,23,8,50.62,72.8933801319591,48.8611398723059,24.9047719319859
48,138,0,56,70.8,94.2473107075306,63.174886700724,32.2005616164994
48,138,1,102,65.64,94.2473107075306,63.174886700724,32.2005616164994
48,138,2,517,61.41,94.2473107075306,63.174886700724,32.2005616164994
48,138,3,3224,62.97,94.2473107075306,63.174886700724,32.2005616164994
48,138,4,6870,75.85,94.2473107075306,63.174886700724,32.2005616164994
48,138,5,7355,72.04,94.2473107075306,63.174886700724,32.2005616164994
48,138,6,7429,78.06,94.2473107075306,63.174886700724,32.2005616164994
48,138,7,7718,80.11,94.2473107075306,63.174886700724,32.2005616164994
48,138,8,7467,85.33,94.2473107075306,63.174886700724,32.2005616164994
48,138,9,7628,92.67,94.2473107075306,63.174886700724,32.2005616164994
48,138,10,7437,96.72,94.2473107075306,63.174886700724,32.2005616164994
48,138,11,7788,92.81,94.2473107075306,63.174886700724,32.2005616164994
48,138,12,6735,95.24,94.2473107075306,63.174886700724,32.2005616164994
48,138,13,6104,92.61,94.2473107075306,63.174886700724,32.2005616164994
48,138,14,6015,105.28,94.2473107075306,63.174886700724,32.2005616164994
48,138,15,5484,101.91,94.2473107075306,63.174886700724,32.2005616164994
48,138,16,4959,108.8,94.2473107075306,63.174886700724,32.2005616164994
48,138,17,3593,113.76,94.2473107075306,63.174886700724,32.2005616164994
48,138,18,2232,91.23,94.2473107075306,63.174886700724,32.2005616164994
48,138,19,1149,80.73,94.2473107075306,63.174886700724,32.2005616164994
48,138,20,412,75.63,94.2473107075306,63.174886700724,32.2005616164994
48,138,21,136,75.49,94.2473107075306,63.174886700724,32.2005616164994
48,138,22,82,73.64,94.2473107075306,63.174886700724,32.2005616164994
48,138,23,67,78.13,94.2473107075306,63.174886700724,32.2005616164994
49,138,0,3,41.8,117.953243919789,79.0652037142965,40.299937156739
49,138,1,14,46.51,117.953243919789,79.0652037142965,40.299937156739
49,138,2,79,48.92,117.953243919789,79.0652037142965,40.299937156739
49,138,3,859,52.37,117.953243919789,79.0652037142965,40.299937156739
49,138,4,2949,55.85,117.953243919789,79.0652037142965,40.299937156739
49,138,5,3486,58.13,117.953243919789,79.0652037142965,40.299937156739
49,138,6,3136,61.08,117.953243919789,79.0652037142965,40.299937156739
49,138,7,2995,67.12,117.953243919789,79.0652037142965,40.299937156739
49,138,8,2763,70.21,117.953243919789,79.0652037142965,40.299937156739
49,138,9,2514,67.74,117.953243919789,79.0652037142965,40.299937156739
49,138,10,1952,67.07,117.953243919789,79.0652037142965,40.299937156739
49,138,11,2093,67.56,117.953243919789,79.0652037142965,40.299937156739
49,138,12,2034,68.65,117.953243919789,79.0652037142965,40.299937156739
49,138,13,1884,71.55,117.953243919789,79.0652037142965,40.299937156739
49,138,14,1950,78.27,117.953243919789,79.0652037142965,40.299937156739
49,138,15,1860,82.93,117.953243919789,79.0652037142965,40.299937156739
49,138,16,1622,84.76,117.953243919789,79.0652037142965,40.299937156739
49,138,17,1393,84.37,117.953243919789,79.0652037142965,40.299937156739
49,138,18,974,74.22,117.953243919789,79.0652037142965,40.299937156739
49,138,19,533,63.33,117.953243919789,79.0652037142965,40.299937156739
49,138,20,184,57.55,117.953243919789,79.0652037142965,40.299937156739
49,138,21,59,54.04,117.953243919789,79.0652037142965,40.299937156739
49,138,22,28,53.76,117.953243919789,79.0652037142965,40.299937156739
49,138,23,12,46.85,117.953243919789,79.0652037142965,40.299937156739
50,138,0,13,79.65,97.857452300368,65.5947996339304,33.4340035675933
50,138,1,12,70.24,97.857452300368,65.5947996339304,33.4340035675933
50,138,2,85,67.55,97.857452300368,65.5947996339304,33.4340035675933
50,138,3,803,67.39,97.857452300368,65.5947996339304,33.4340035675933
50,138,4,2487,69.82,97.857452300368,65.5947996339304,33.4340035675933
50,138,5,2635,70.58,97.857452300368,65.5947996339304,33.4340035675933
50,138,6,2230,75.71,97.857452300368,65.5947996339304,33.4340035675933
50,138,7,2904,86.77,97.857452300368,65.5947996339304,33.4340035675933
50,138,8,3510,94.67,97.857452300368,65.5947996339304,33.4340035675933
50,138,9,3575,103.32,97.857452300368,65.5947996339304,33.4340035675933
50,138,10,2754,93.25,97.857452300368,65.5947996339304,33.4340035675933
50,138,11,2067,91.33,97.857452300368,65.5947996339304,33.4340035675933
50,138,12,1865,91.56,97.857452300368,65.5947996339304,33.4340035675933
50,138,13,1672,93.58,97.857452300368,65.5947996339304,33.4340035675933
50,138,14,1676,98.28,97.857452300368,65.5947996339304,33.4340035675933
50,138,15,1710,106.78,97.857452300368,65.5947996339304,33.4340035675933
50,138,16,1665,108.9,97.857452300368,65.5947996339304,33.4340035675933
50,138,17,1250,105.81,97.857452300368,65.5947996339304,33.4340035675933
50,138,18,780,93.73,97.857452300368,65.5947996339304,33.4340035675933
50,138,19,397,85.15,97.857452300368,65.5947996339304,33.4340035675933
50,138,20,152,78.72,97.857452300368,65.5947996339304,33.4340035675933
50,138,21,60,76.77,97.857452300368,65.5947996339304,33.4340035675933
50,138,22,24,72.72,97.857452300368,65.5947996339304,33.4340035675933
50,138,23,13,72.77,97.857452300368,65.5947996339304,33.4340035675933
51,138,0,7,50.52,109.196808292151,73.1956799631643,37.3082109965768
51,138,1,7,53.6,109.196808292151,73.1956799631643,37.3082109965768
51,138,2,75,52.25,109.196808292151,73.1956799631643,37.3082109965768
51,138,3,416,55.17,109.196808292151,73.1956799631643,37.3082109965768
51,138,4,962,54.17,109.196808292151,73.1956799631643,37.3082109965768
51,138,5,634,57.56,109.196808292151,73.1956799631643,37.3082109965768
51,138,6,462,62.86,109.196808292151,73.1956799631643,37.3082109965768
51,138,7,403,66.65,109.196808292151,73.1956799631643,37.3082109965768
51,138,8,360,63.54,109.196808292151,73.1956799631643,37.3082109965768
51,138,9,369,65.73,109.196808292151,73.1956799631643,37.3082109965768
51,138,10,369,63.55,109.196808292151,73.1956799631643,37.3082109965768
51,138,11,363,61.43,109.196808292151,73.1956799631643,37.3082109965768
51,138,12,349,62.81,109.196808292151,73.1956799631643,37.3082109965768
51,138,13,266,65.15,109.196808292151,73.1956799631643,37.3082109965768
51,138,14,250,64.57,109.196808292151,73.1956799631643,37.3082109965768
51,138,15,239,66.04,109.196808292151,73.1956799631643,37.3082109965768
51,138,16,217,68.34,109.196808292151,73.1956799631643,37.3082109965768
51,138,17,188,66.33,109.196808292151,73.1956799631643,37.3082109965768
51,138,18,145,64.79,109.196808292151,73.1956799631643,37.3082109965768
51,138,19,101,59.67,109.196808292151,73.1956799631643,37.3082109965768
51,138,20,57,58.14,109.196808292151,73.1956799631643,37.3082109965768
51,138,21,57,54.41,109.196808292151,73.1956799631643,37.3082109965768
51,138,22,14,57.27,109.196808292151,73.1956799631643,37.3082109965768
51,138,23,4,60.05,109.196808292151,73.1956799631643,37.3082109965768
52,138,0,2,50.8,137.308695964514,92.0393509953939,46.9129261269547
52,138,2,5,51.5,137.308695964514,92.0393509953939,46.9129261269547
52,138,3,101,56.6,137.308695964514,92.0393509953939,46.9129261269547
52,138,4,700,58.23,137.308695964514,92.0393509953939,46.9129261269547
52,138,5,1040,61.02,137.308695964514,92.0393509953939,46.9129261269547
52,138,6,1044,66.29,137.308695964514,92.0393509953939,46.9129261269547
52,138,7,922,71.92,137.308695964514,92.0393509953939,46.9129261269547
52,138,8,733,75.72,137.308695964514,92.0393509953939,46.9129261269547
52,138,9,682,74.22,137.308695964514,92.0393509953939,46.9129261269547
52,138,10,600,72.71,137.308695964514,92.0393509953939,46.9129261269547
52,138,11,551,72.51,137.308695964514,92.0393509953939,46.9129261269547
52,138,12,536,74.05,137.308695964514,92.0393509953939,46.9129261269547
52,138,13,500,77.31,137.308695964514,92.0393509953939,46.9129261269547
52,138,14,511,86.33,137.308695964514,92.0393509953939,46.9129261269547
52,138,15,451,91.29,137.308695964514,92.0393509953939,46.9129261269547
52,138,16,439,94.39,137.308695964514,92.0393509953939,46.9129261269547
52,138,17,348,94.17,137.308695964514,92.0393509953939,46.9129261269547
52,138,18,182,81.91,137.308695964514,92.0393509953939,46.9129261269547
52,138,19,118,70.79,137.308695964514,92.0393509953939,46.9129261269547
52,138,20,44,64.36,137.308695964514,92.0393509953939,46.9129261269547
52,138,21,8,63.46,137.308695964514,92.0393509953939,46.9129261269547
52,138,22,3,49.08,137.308695964514,92.0393509953939,46.9129261269547
52,138,23,2,60.45,137.308695964514,92.0393509953939,46.9129261269547
53,138,0,15,25.22,25.3812259190571,17.013281967671,8.67175649865612
53,138,1,13,34.41,25.3812259190571,17.013281967671,8.67175649865612
53,138,2,44,29.95,25.3812259190571,17.013281967671,8.67175649865612
53,138,3,481,33.53,25.3812259190571,17.013281967671,8.67175649865612
53,138,4,1138,33.57,25.3812259190571,17.013281967671,8.67175649865612
53,138,5,1095,31.67,25.3812259190571,17.013281967671,8.67175649865612
53,138,6,519,34.64,25.3812259190571,17.013281967671,8.67175649865612
53,138,7,541,39.44,25.3812259190571,17.013281967671,8.67175649865612
53,138,8,495,37.44,25.3812259190571,17.013281967671,8.67175649865612
53,138,9,535,38.07,25.3812259190571,17.013281967671,8.67175649865612
53,138,10,659,33.72,25.3812259190571,17.013281967671,8.67175649865612
53,138,11,516,36.2,25.3812259190571,17.013281967671,8.67175649865612
53,138,12,452,35.96,25.3812259190571,17.013281967671,8.67175649865612
53,138,13,440,35.36,25.3812259190571,17.013281967671,8.67175649865612
53,138,14,372,36.83,25.3812259190571,17.013281967671,8.67175649865612
53,138,15,370,38.11,25.3812259190571,17.013281967671,8.67175649865612
53,138,16,341,37.43,25.3812259190571,17.013281967671,8.67175649865612
53,138,17,335,37,25.3812259190571,17.013281967671,8.67175649865612
53,138,18,256,34.61,25.3812259190571,17.013281967671,8.67175649865612
53,138,19,119,30.98,25.3812259190571,17.013281967671,8.67175649865612
53,138,20,84,32.71,25.3812259190571,17.013281967671,8.67175649865612
53,138,21,75,28.97,25.3812259190571,17.013281967671,8.67175649865612
53,138,22,50,26.21,25.3812259190571,17.013281967671,8.67175649865612
53,138,23,32,33.59,25.3812259190571,17.013281967671,8.67175649865612
54,138,2,5,51.16,140.521534180513,94.1929476206954,48.0106252990739
54,138,3,56,56.27,140.521534180513,94.1929476206954,48.0106252990739
54,138,4,242,57.06,140.521534180513,94.1929476206954,48.0106252990739
54,138,5,374,60.89,140.521534180513,94.1929476206954,48.0106252990739
54,138,6,309,66.83,140.521534180513,94.1929476206954,48.0106252990739
54,138,7,306,70.95,140.521534180513,94.1929476206954,48.0106252990739
54,138,8,243,77.53,140.521534180513,94.1929476206954,48.0106252990739
54,138,9,244,71.15,140.521534180513,94.1929476206954,48.0106252990739
54,138,10,196,71.2,140.521534180513,94.1929476206954,48.0106252990739
54,138,11,158,74.21,140.521534180513,94.1929476206954,48.0106252990739
54,138,12,190,72.31,140.521534180513,94.1929476206954,48.0106252990739
54,138,13,156,78.89,140.521534180513,94.1929476206954,48.0106252990739
54,138,14,133,87.39,140.521534180513,94.1929476206954,48.0106252990739
54,138,15,109,90.19,140.521534180513,94.1929476206954,48.0106252990739
54,138,16,126,94.87,140.521534180513,94.1929476206954,48.0106252990739
54,138,17,94,89.09,140.521534180513,94.1929476206954,48.0106252990739
54,138,18,60,83.22,140.521534180513,94.1929476206954,48.0106252990739
54,138,19,23,76.99,140.521534180513,94.1929476206954,48.0106252990739
54,138,20,12,54.82,140.521534180513,94.1929476206954,48.0106252990739
54,138,21,2,47.17,140.521534180513,94.1929476206954,48.0106252990739
55,138,0,2,91,230.78950474129,154.70044401577,78.8516044868907
55,138,1,3,96.26,230.78950474129,154.70044401577,78.8516044868907
55,138,2,46,86.2,230.78950474129,154.70044401577,78.8516044868907
55,138,3,232,90.37,230.78950474129,154.70044401577,78.8516044868907
55,138,4,185,92.72,230.78950474129,154.70044401577,78.8516044868907
55,138,5,152,100.56,230.78950474129,154.70044401577,78.8516044868907
55,138,6,108,114.2,230.78950474129,154.70044401577,78.8516044868907
55,138,7,89,121.95,230.78950474129,154.70044401577,78.8516044868907
55,138,8,105,115.99,230.78950474129,154.70044401577,78.8516044868907
55,138,9,77,113.67,230.78950474129,154.70044401577,78.8516044868907
55,138,10,93,119.95,230.78950474129,154.70044401577,78.8516044868907
55,138,11,76,120.74,230.78950474129,154.70044401577,78.8516044868907
55,138,12,85,122.25,230.78950474129,154.70044401577,78.8516044868907
55,138,13,89,132.63,230.78950474129,154.70044401577,78.8516044868907
55,138,14,101,135.51,230.78950474129,154.70044401577,78.8516044868907
55,138,15,102,139.28,230.78950474129,154.70044401577,78.8516044868907
55,138,16,75,148.15,230.78950474129,154.70044401577,78.8516044868907
55,138,17,51,133.17,230.78950474129,154.70044401577,78.8516044868907
55,138,18,35,120.35,230.78950474129,154.70044401577,78.8516044868907
55,138,19,26,115.71,230.78950474129,154.70044401577,78.8516044868907
55,138,20,19,108.49,230.78950474129,154.70044401577,78.8516044868907
55,138,21,5,100.36,230.78950474129,154.70044401577,78.8516044868907
55,138,22,3,96.81,230.78950474129,154.70044401577,78.8516044868907
55,138,23,2,96.38,230.78950474129,154.70044401577,78.8516044868907
56,138,0,8,29.57,39.5256179203749,26.49440514695,13.5043332878203
56,138,1,19,33.49,39.5256179203749,26.49440514695,13.5043332878203
56,138,2,242,25.95,39.5256179203749,26.49440514695,13.5043332878203
56,138,3,1686,26.46,39.5256179203749,26.49440514695,13.5043332878203
56,138,4,1377,28.36,39.5256179203749,26.49440514695,13.5043332878203
56,138,5,1351,28.45,39.5256179203749,26.49440514695,13.5043332878203
56,138,6,938,30.4,39.5256179203749,26.49440514695,13.5043332878203
56,138,7,643,35.67,39.5256179203749,26.49440514695,13.5043332878203
56,138,8,583,33.93,39.5256179203749,26.49440514695,13.5043332878203
56,138,9,723,31.88,39.5256179203749,26.49440514695,13.5043332878203
56,138,10,638,32.6,39.5256179203749,26.49440514695,13.5043332878203
56,138,11,904,32.15,39.5256179203749,26.49440514695,13.5043332878203
56,138,12,733,32.42,39.5256179203749,26.49440514695,13.5043332878203
56,138,13,919,33.27,39.5256179203749,26.49440514695,13.5043332878203
56,138,14,812,33.54,39.5256179203749,26.49440514695,13.5043332878203
56,138,15,572,36.23,39.5256179203749,26.49440514695,13.5043332878203
56,138,16,408,37.14,39.5256179203749,26.49440514695,13.5043332878203
56,138,17,351,37,39.5256179203749,26.49440514695,13.5043332878203
56,138,18,286,36.61,39.5256179203749,26.49440514695,13.5043332878203
56,138,19,217,34.48,39.5256179203749,26.49440514695,13.5043332878203
56,138,20,132,33.41,39.5256179203749,26.49440514695,13.5043332878203
56,138,21,113,32.03,39.5256179203749,26.49440514695,13.5043332878203
56,138,22,78,31.31,39.5256179203749,26.49440514695,13.5043332878203
56,138,23,29,30.95,39.5256179203749,26.49440514695,13.5043332878203
57,138,0,4,29.43,31.2206122205665,20.9274792559565,10.6668427986546
57,138,2,21,21.33,31.2206122205665,20.9274792559565,10.6668427986546
57,138,3,437,19.8,31.2206122205665,20.9274792559565,10.6668427986546
57,138,4,279,20.15,31.2206122205665,20.9274792559565,10.6668427986546
57,138,5,83,22.15,31.2206122205665,20.9274792559565,10.6668427986546
57,138,6,53,23.77,31.2206122205665,20.9274792559565,10.6668427986546
57,138,7,61,28.36,31.2206122205665,20.9274792559565,10.6668427986546
57,138,8,78,26.48,31.2206122205665,20.9274792559565,10.6668427986546
57,138,9,75,24.55,31.2206122205665,20.9274792559565,10.6668427986546
57,138,10,72,27.95,31.2206122205665,20.9274792559565,10.6668427986546
57,138,11,85,25.51,31.2206122205665,20.9274792559565,10.6668427986546
57,138,12,111,23.83,31.2206122205665,20.9274792559565,10.6668427986546
57,138,13,185,21.41,31.2206122205665,20.9274792559565,10.6668427986546
57,138,14,116,23.01,31.2206122205665,20.9274792559565,10.6668427986546
57,138,15,49,27.73,31.2206122205665,20.9274792559565,10.6668427986546
57,138,16,47,29.36,31.2206122205665,20.9274792559565,10.6668427986546
57,138,17,57,30.89,31.2206122205665,20.9274792559565,10.6668427986546
57,138,18,37,33.31,31.2206122205665,20.9274792559565,10.6668427986546
57,138,19,27,31.98,31.2206122205665,20.9274792559565,10.6668427986546
57,138,20,22,26.04,31.2206122205665,20.9274792559565,10.6668427986546
57,138,21,18,28.5,31.2206122205665,20.9274792559565,10.6668427986546
57,138,22,8,29.14,31.2206122205665,20.9274792559565,10.6668427986546
57,138,23,4,31.74,31.2206122205665,20.9274792559565,10.6668427986546
58,138,0,2,37.22,80.7865956486075,54.1520388085745,27.6015700760186
58,138,2,9,48.27,80.7865956486075,54.1520388085745,27.6015700760186
58,138,3,90,48.01,80.7865956486075,54.1520388085745,27.6015700760186
58,138,4,210,53.57,80.7865956486075,54.1520388085745,27.6015700760186
58,138,5,134,51.78,80.7865956486075,54.1520388085745,27.6015700760186
58,138,6,101,59.21,80.7865956486075,54.1520388085745,27.6015700760186
58,138,7,118,63.79,80.7865956486075,54.1520388085745,27.6015700760186
58,138,8,101,60.84,80.7865956486075,54.1520388085745,27.6015700760186
58,138,9,80,57.71,80.7865956486075,54.1520388085745,27.6015700760186
58,138,10,51,55.56,80.7865956486075,54.1520388085745,27.6015700760186
58,138,11,62,56.11,80.7865956486075,54.1520388085745,27.6015700760186
58,138,12,81,54.39,80.7865956486075,54.1520388085745,27.6015700760186
58,138,13,62,52.99,80.7865956486075,54.1520388085745,27.6015700760186
58,138,14,55,57.7,80.7865956486075,54.1520388085745,27.6015700760186
58,138,15,62,57.03,80.7865956486075,54.1520388085745,27.6015700760186
58,138,16,51,60.9,80.7865956486075,54.1520388085745,27.6015700760186
58,138,17,57,57.58,80.7865956486075,54.1520388085745,27.6015700760186
58,138,18,49,54.14,80.7865956486075,54.1520388085745,27.6015700760186
58,138,19,21,55.73,80.7865956486075,54.1520388085745,27.6015700760186
58,138,20,12,48.3,80.7865956486075,54.1520388085745,27.6015700760186
58,138,21,6,74.56,80.7865956486075,54.1520388085745,27.6015700760186
58,138,22,4,51.26,80.7865956486075,54.1520388085745,27.6015700760186
59,138,3,2,59.24,67.4562886344509,45.2166046939763,23.0471337833138
59,138,4,13,49.14,67.4562886344509,45.2166046939763,23.0471337833138
59,138,5,9,53.47,67.4562886344509,45.2166046939763,23.0471337833138
59,138,6,7,48.3,67.4562886344509,45.2166046939763,23.0471337833138
59,138,7,4,68.61,67.4562886344509,45.2166046939763,23.0471337833138
59,138,8,7,54.59,67.4562886344509,45.2166046939763,23.0471337833138
59,138,9,3,58.44,67.4562886344509,45.2166046939763,23.0471337833138
59,138,10,10,62.27,67.4562886344509,45.2166046939763,23.0471337833138
59,138,11,2,48.35,67.4562886344509,45.2166046939763,23.0471337833138
59,138,12,7,80.11,67.4562886344509,45.2166046939763,23.0471337833138
59,138,13,9,58.15,67.4562886344509,45.2166046939763,23.0471337833138
59,138,14,3,56.35,67.4562886344509,45.2166046939763,23.0471337833138
59,138,15,9,64.19,67.4562886344509,45.2166046939763,23.0471337833138
59,138,16,5,62.58,67.4562886344509,45.2166046939763,23.0471337833138
59,138,17,7,86.43,67.4562886344509,45.2166046939763,23.0471337833138
59,138,18,3,64.66,67.4562886344509,45.2166046939763,23.0471337833138
59,138,20,2,49.31,67.4562886344509,45.2166046939763,23.0471337833138
60,138,1,8,50.52,61.2397075630983,41.0495700921372,20.9231750164346
60,138,2,75,45.21,61.2397075630983,41.0495700921372,20.9231750164346
60,138,3,214,47.68,61.2397075630983,41.0495700921372,20.9231750164346
60,138,4,300,51.09,61.2397075630983,41.0495700921372,20.9231750164346
60,138,5,206,51.09,61.2397075630983,41.0495700921372,20.9231750164346
60,138,6,167,54.94,61.2397075630983,41.0495700921372,20.9231750164346
60,138,7,135,61.45,61.2397075630983,41.0495700921372,20.9231750164346
60,138,8,139,56.56,61.2397075630983,41.0495700921372,20.9231750164346
60,138,9,121,56.01,61.2397075630983,41.0495700921372,20.9231750164346
60,138,10,131,57.43,61.2397075630983,41.0495700921372,20.9231750164346
60,138,11,180,53.08,61.2397075630983,41.0495700921372,20.9231750164346
60,138,12,164,54.24,61.2397075630983,41.0495700921372,20.9231750164346
60,138,13,91,56.83,61.2397075630983,41.0495700921372,20.9231750164346
60,138,14,122,59.51,61.2397075630983,41.0495700921372,20.9231750164346
60,138,15,126,61.31,61.2397075630983,41.0495700921372,20.9231750164346
60,138,16,101,67.61,61.2397075630983,41.0495700921372,20.9231750164346
60,138,17,103,66.47,61.2397075630983,41.0495700921372,20.9231750164346
60,138,18,74,56.72,61.2397075630983,41.0495700921372,20.9231750164346
60,138,19,42,48.46,61.2397075630983,41.0495700921372,20.9231750164346
60,138,20,62,48.15,61.2397075630983,41.0495700921372,20.9231750164346
60,138,21,43,42.59,61.2397075630983,41.0495700921372,20.9231750164346
60,138,22,3,35.95,61.2397075630983,41.0495700921372,20.9231750164346
60,138,23,3,47.81,61.2397075630983,41.0495700921372,20.9231750164346
61,138,0,10,59.62,120.530431651305,80.7927176531321,41.1804598127488
61,138,1,25,55.78,120.530431651305,80.7927176531321,41.1804598127488
61,138,2,332,57.95,120.530431651305,80.7927176531321,41.1804598127488
61,138,3,2247,60.31,120.530431651305,80.7927176531321,41.1804598127488
61,138,4,4646,62.52,120.530431651305,80.7927176531321,41.1804598127488
61,138,5,4256,64.76,120.530431651305,80.7927176531321,41.1804598127488
61,138,6,3743,70.76,120.530431651305,80.7927176531321,41.1804598127488
61,138,7,3624,80.02,120.530431651305,80.7927176531321,41.1804598127488
61,138,8,3344,82.17,120.530431651305,80.7927176531321,41.1804598127488
61,138,9,3028,76.46,120.530431651305,80.7927176531321,41.1804598127488
61,138,10,2735,74.68,120.530431651305,80.7927176531321,41.1804598127488
61,138,11,2804,75.84,120.530431651305,80.7927176531321,41.1804598127488
61,138,12,2492,77.19,120.530431651305,80.7927176531321,41.1804598127488
61,138,13,2320,81.9,120.530431651305,80.7927176531321,41.1804598127488
61,138,14,2378,86.67,120.530431651305,80.7927176531321,41.1804598127488
61,138,15,2358,89.97,120.530431651305,80.7927176531321,41.1804598127488
61,138,16,2093,91.33,120.530431651305,80.7927176531321,41.1804598127488
61,138,17,1799,89.59,120.530431651305,80.7927176531321,41.1804598127488
61,138,18,1325,81.04,120.530431651305,80.7927176531321,41.1804598127488
61,138,19,748,72.48,120.530431651305,80.7927176531321,41.1804598127488
61,138,20,292,66.92,120.530431651305,80.7927176531321,41.1804598127488
61,138,21,136,65.34,120.530431651305,80.7927176531321,41.1804598127488
61,138,22,43,64.38,120.530431651305,80.7927176531321,41.1804598127488
61,138,23,26,60.94,120.530431651305,80.7927176531321,41.1804598127488
62,138,0,4,63.03,131.454915163005,88.1155049341112,44.9129217982007
62,138,1,13,58.07,131.454915163005,88.1155049341112,44.9129217982007
62,138,2,69,64.23,131.454915163005,88.1155049341112,44.9129217982007
62,138,3,655,63.79,131.454915163005,88.1155049341112,44.9129217982007
62,138,4,1495,65.91,131.454915163005,88.1155049341112,44.9129217982007
62,138,5,1253,67.25,131.454915163005,88.1155049341112,44.9129217982007
62,138,6,1023,74.35,131.454915163005,88.1155049341112,44.9129217982007
62,138,7,1076,86.1,131.454915163005,88.1155049341112,44.9129217982007
62,138,8,957,89.11,131.454915163005,88.1155049341112,44.9129217982007
62,138,9,886,81.07,131.454915163005,88.1155049341112,44.9129217982007
62,138,10,705,81.75,131.454915163005,88.1155049341112,44.9129217982007
62,138,11,798,80.9,131.454915163005,88.1155049341112,44.9129217982007
62,138,12,741,83.33,131.454915163005,88.1155049341112,44.9129217982007
62,138,13,696,87.8,131.454915163005,88.1155049341112,44.9129217982007
62,138,14,753,93.61,131.454915163005,88.1155049341112,44.9129217982007
62,138,15,757,95.63,131.454915163005,88.1155049341112,44.9129217982007
62,138,16,690,99.92,131.454915163005,88.1155049341112,44.9129217982007
62,138,17,678,96.48,131.454915163005,88.1155049341112,44.9129217982007
62,138,18,459,85.54,131.454915163005,88.1155049341112,44.9129217982007
62,138,19,249,77.18,131.454915163005,88.1155049341112,44.9129217982007
62,138,20,74,71.87,131.454915163005,88.1155049341112,44.9129217982007
62,138,21,28,64.69,131.454915163005,88.1155049341112,44.9129217982007
62,138,22,12,62.45,131.454915163005,88.1155049341112,44.9129217982007
62,138,23,4,64.24,131.454915163005,88.1155049341112,44.9129217982007
63,138,0,3,57.34,98.6607734309795,66.1332735811411,33.7084664819184
63,138,1,4,59.57,98.6607734309795,66.1332735811411,33.7084664819184
63,138,2,47,46.02,98.6607734309795,66.1332735811411,33.7084664819184
63,138,3,373,49.34,98.6607734309795,66.1332735811411,33.7084664819184
63,138,4,507,50.46,98.6607734309795,66.1332735811411,33.7084664819184
63,138,5,341,51.77,98.6607734309795,66.1332735811411,33.7084664819184
63,138,6,244,58.29,98.6607734309795,66.1332735811411,33.7084664819184
63,138,7,239,64.04,98.6607734309795,66.1332735811411,33.7084664819184
63,138,8,287,60,98.6607734309795,66.1332735811411,33.7084664819184
63,138,9,215,61.03,98.6607734309795,66.1332735811411,33.7084664819184
63,138,10,218,57.88,98.6607734309795,66.1332735811411,33.7084664819184
63,138,11,219,54.31,98.6607734309795,66.1332735811411,33.7084664819184
63,138,12,191,55.19,98.6607734309795,66.1332735811411,33.7084664819184
63,138,13,197,59.81,98.6607734309795,66.1332735811411,33.7084664819184
63,138,14,160,64.37,98.6607734309795,66.1332735811411,33.7084664819184
63,138,15,143,62.65,98.6607734309795,66.1332735811411,33.7084664819184
63,138,16,133,66.18,98.6607734309795,66.1332735811411,33.7084664819184
63,138,17,130,62.4,98.6607734309795,66.1332735811411,33.7084664819184
63,138,18,103,59.55,98.6607734309795,66.1332735811411,33.7084664819184
63,138,19,69,56.03,98.6607734309795,66.1332735811411,33.7084664819184
63,138,20,34,52.2,98.6607734309795,66.1332735811411,33.7084664819184
63,138,21,24,52.4,98.6607734309795,66.1332735811411,33.7084664819184
63,138,22,8,47.48,98.6607734309795,66.1332735811411,33.7084664819184
63,138,23,5,47.66,98.6607734309795,66.1332735811411,33.7084664819184
64,138,1,2,50.51,109.432165103657,73.3534419172139,37.3886230683258
64,138,2,6,49.33,109.432165103657,73.3534419172139,37.3886230683258
64,138,3,152,51.48,109.432165103657,73.3534419172139,37.3886230683258
64,138,4,426,49.74,109.432165103657,73.3534419172139,37.3886230683258
64,138,5,400,51.62,109.432165103657,73.3534419172139,37.3886230683258
64,138,6,394,60.48,109.432165103657,73.3534419172139,37.3886230683258
64,138,7,315,64.39,109.432165103657,73.3534419172139,37.3886230683258
64,138,8,321,61.39,109.432165103657,73.3534419172139,37.3886230683258
64,138,9,281,58.91,109.432165103657,73.3534419172139,37.3886230683258
64,138,10,233,54.53,109.432165103657,73.3534419172139,37.3886230683258
64,138,11,368,55.86,109.432165103657,73.3534419172139,37.3886230683258
64,138,12,235,55.29,109.432165103657,73.3534419172139,37.3886230683258
64,138,13,183,54.56,109.432165103657,73.3534419172139,37.3886230683258
64,138,14,213,55.21,109.432165103657,73.3534419172139,37.3886230683258
64,138,15,223,56.03,109.432165103657,73.3534419172139,37.3886230683258
64,138,16,171,61.43,109.432165103657,73.3534419172139,37.3886230683258
64,138,17,176,60.99,109.432165103657,73.3534419172139,37.3886230683258
64,138,18,119,56.2,109.432165103657,73.3534419172139,37.3886230683258
64,138,19,52,57.43,109.432165103657,73.3534419172139,37.3886230683258
64,138,20,22,54.57,109.432165103657,73.3534419172139,37.3886230683258
64,138,21,11,52.85,109.432165103657,73.3534419172139,37.3886230683258
64,138,23,2,54.78,109.432165103657,73.3534419172139,37.3886230683258
65,138,0,7,44.57,124.766821181257,83.632410654086,42.6278658030805
65,138,1,5,50.67,124.766821181257,83.632410654086,42.6278658030805
65,138,2,72,47.43,124.766821181257,83.632410654086,42.6278658030805
65,138,3,804,53.2,124.766821181257,83.632410654086,42.6278658030805
65,138,4,2759,53.11,124.766821181257,83.632410654086,42.6278658030805
65,138,5,3087,54.43,124.766821181257,83.632410654086,42.6278658030805
65,138,6,2814,57.21,124.766821181257,83.632410654086,42.6278658030805
65,138,7,3104,61.93,124.766821181257,83.632410654086,42.6278658030805
65,138,8,2966,70.69,124.766821181257,83.632410654086,42.6278658030805
65,138,9,2881,61.07,124.766821181257,83.632410654086,42.6278658030805
65,138,10,2602,62.84,124.766821181257,83.632410654086,42.6278658030805
65,138,11,2760,63.66,124.766821181257,83.632410654086,42.6278658030805
65,138,12,2904,67.02,124.766821181257,83.632410654086,42.6278658030805
65,138,13,2552,70.29,124.766821181257,83.632410654086,42.6278658030805
65,138,14,2636,85.7,124.766821181257,83.632410654086,42.6278658030805
65,138,15,2465,81.91,124.766821181257,83.632410654086,42.6278658030805
65,138,16,2366,84.98,124.766821181257,83.632410654086,42.6278658030805
65,138,17,1839,84.93,124.766821181257,83.632410654086,42.6278658030805
65,138,18,1103,73.86,124.766821181257,83.632410654086,42.6278658030805
65,138,19,557,61.15,124.766821181257,83.632410654086,42.6278658030805
65,138,20,217,53.57,124.766821181257,83.632410654086,42.6278658030805
65,138,21,75,49.28,124.766821181257,83.632410654086,42.6278658030805
65,138,22,32,50.91,124.766821181257,83.632410654086,42.6278658030805
65,138,23,25,48.94,124.766821181257,83.632410654086,42.6278658030805
66,138,0,3,49.05,119.568691070924,80.1480536118466,40.8518712664535
66,138,1,4,58.78,119.568691070924,80.1480536118466,40.8518712664535
66,138,2,8,48.67,119.568691070924,80.1480536118466,40.8518712664535
66,138,3,161,53.45,119.568691070924,80.1480536118466,40.8518712664535
66,138,4,1149,56.86,119.568691070924,80.1480536118466,40.8518712664535
66,138,5,1752,56.96,119.568691070924,80.1480536118466,40.8518712664535
66,138,6,1456,59.88,119.568691070924,80.1480536118466,40.8518712664535
66,138,7,1296,64.47,119.568691070924,80.1480536118466,40.8518712664535
66,138,8,1143,67.76,119.568691070924,80.1480536118466,40.8518712664535
66,138,9,1099,63.09,119.568691070924,80.1480536118466,40.8518712664535
66,138,10,805,65.95,119.568691070924,80.1480536118466,40.8518712664535
66,138,11,930,68.65,119.568691070924,80.1480536118466,40.8518712664535
66,138,12,1080,67.59,119.568691070924,80.1480536118466,40.8518712664535
66,138,13,1286,72.52,119.568691070924,80.1480536118466,40.8518712664535
66,138,14,1299,78.69,119.568691070924,80.1480536118466,40.8518712664535
66,138,15,1300,86.13,119.568691070924,80.1480536118466,40.8518712664535
66,138,16,1344,89.38,119.568691070924,80.1480536118466,40.8518712664535
66,138,17,1159,91.57,119.568691070924,80.1480536118466,40.8518712664535
66,138,18,746,78.79,119.568691070924,80.1480536118466,40.8518712664535
66,138,19,338,68.57,119.568691070924,80.1480536118466,40.8518712664535
66,138,20,109,60.4,119.568691070924,80.1480536118466,40.8518712664535
66,138,21,38,55.98,119.568691070924,80.1480536118466,40.8518712664535
66,138,22,13,50.92,119.568691070924,80.1480536118466,40.8518712664535
66,138,23,11,51.77,119.568691070924,80.1480536118466,40.8518712664535
67,138,1,3,79.01,200.960097819334,134.705503168149,68.660081266087
67,138,2,17,71.22,200.960097819334,134.705503168149,68.660081266087
67,138,3,108,73.72,200.960097819334,134.705503168149,68.660081266087
67,138,4,178,77,200.960097819334,134.705503168149,68.660081266087
67,138,5,177,87.13,200.960097819334,134.705503168149,68.660081266087
67,138,6,130,100.19,200.960097819334,134.705503168149,68.660081266087
67,138,7,120,112.03,200.960097819334,134.705503168149,68.660081266087
67,138,8,95,113.69,200.960097819334,134.705503168149,68.660081266087
67,138,9,84,110.91,200.960097819334,134.705503168149,68.660081266087
67,138,10,91,113.58,200.960097819334,134.705503168149,68.660081266087
67,138,11,79,108.38,200.960097819334,134.705503168149,68.660081266087
67,138,12,98,110.69,200.960097819334,134.705503168149,68.660081266087
67,138,13,78,119.31,200.960097819334,134.705503168149,68.660081266087
67,138,14,80,120.25,200.960097819334,134.705503168149,68.660081266087
67,138,15,93,127.88,200.960097819334,134.705503168149,68.660081266087
67,138,16,76,132.27,200.960097819334,134.705503168149,68.660081266087
67,138,17,38,120.66,200.960097819334,134.705503168149,68.660081266087
67,138,18,36,103.8,200.960097819334,134.705503168149,68.660081266087
67,138,19,17,91.94,200.960097819334,134.705503168149,68.660081266087
67,138,20,6,86.28,200.960097819334,134.705503168149,68.660081266087
67,138,22,2,85.19,200.960097819334,134.705503168149,68.660081266087
68,138,0,45,70.8,105.461462296521,70.6918413041045,36.0319916754283
68,138,1,45,62.81,105.461462296521,70.6918413041045,36.0319916754283
68,138,2,234,61.84,105.461462296521,70.6918413041045,36.0319916754283
68,138,3,1963,63.1,105.461462296521,70.6918413041045,36.0319916754283
68,138,4,5288,67.48,105.461462296521,70.6918413041045,36.0319916754283
68,138,5,6144,75.14,105.461462296521,70.6918413041045,36.0319916754283
68,138,6,6106,72.18,105.461462296521,70.6918413041045,36.0319916754283
68,138,7,6510,80.3,105.461462296521,70.6918413041045,36.0319916754283
68,138,8,6250,97.32,105.461462296521,70.6918413041045,36.0319916754283
68,138,9,6225,95.18,105.461462296521,70.6918413041045,36.0319916754283
68,138,10,5882,95.24,105.461462296521,70.6918413041045,36.0319916754283
68,138,11,6654,89.14,105.461462296521,70.6918413041045,36.0319916754283
68,138,12,6901,102.12,105.461462296521,70.6918413041045,36.0319916754283
68,138,13,6621,95.68,105.461462296521,70.6918413041045,36.0319916754283
68,138,14,7286,101.46,105.461462296521,70.6918413041045,36.0319916754283
68,138,15,6969,107.24,105.461462296521,70.6918413041045,36.0319916754283
68,138,16,6103,115.28,105.461462296521,70.6918413041045,36.0319916754283
68,138,17,4270,118.43,105.461462296521,70.6918413041045,36.0319916754283
68,138,18,2495,106.79,105.461462296521,70.6918413041045,36.0319916754283
68,138,19,1205,83.07,105.461462296521,70.6918413041045,36.0319916754283
68,138,20,362,76.46,105.461462296521,70.6918413041045,36.0319916754283
68,138,21,124,76.64,105.461462296521,70.6918413041045,36.0319916754283
68,138,22,76,71.75,105.461462296521,70.6918413041045,36.0319916754283
68,138,23,61,74.01,105.461462296521,70.6918413041045,36.0319916754283
69,138,0,10,54.49,66.4799745766677,44.5621719094041,22.7135660587953
69,138,1,8,59.36,66.4799745766677,44.5621719094041,22.7135660587953
69,138,2,83,47.54,66.4799745766677,44.5621719094041,22.7135660587953
69,138,3,632,46.15,66.4799745766677,44.5621719094041,22.7135660587953
69,138,4,837,50.68,66.4799745766677,44.5621719094041,22.7135660587953
69,138,5,656,50.3,66.4799745766677,44.5621719094041,22.7135660587953
69,138,6,509,53.15,66.4799745766677,44.5621719094041,22.7135660587953
69,138,7,414,56.45,66.4799745766677,44.5621719094041,22.7135660587953
69,138,8,424,58.1,66.4799745766677,44.5621719094041,22.7135660587953
69,138,9,398,57.12,66.4799745766677,44.5621719094041,22.7135660587953
69,138,10,338,56.67,66.4799745766677,44.5621719094041,22.7135660587953
69,138,11,396,57.16,66.4799745766677,44.5621719094041,22.7135660587953
69,138,12,374,58.34,66.4799745766677,44.5621719094041,22.7135660587953
69,138,13,435,60.79,66.4799745766677,44.5621719094041,22.7135660587953
69,138,14,334,62.21,66.4799745766677,44.5621719094041,22.7135660587953
69,138,15,378,64.61,66.4799745766677,44.5621719094041,22.7135660587953
69,138,16,322,69.16,66.4799745766677,44.5621719094041,22.7135660587953
69,138,17,333,65.62,66.4799745766677,44.5621719094041,22.7135660587953
69,138,18,214,60.69,66.4799745766677,44.5621719094041,22.7135660587953
69,138,19,138,53.86,66.4799745766677,44.5621719094041,22.7135660587953
69,138,20,71,51.3,66.4799745766677,44.5621719094041,22.7135660587953
69,138,21,59,45.36,66.4799745766677,44.5621719094041,22.7135660587953
69,138,22,26,47.93,66.4799745766677,44.5621719094041,22.7135660587953
69,138,23,9,47.5,66.4799745766677,44.5621719094041,22.7135660587953
70,138,0,311,29.83,15.0430272309908,10.0834870917735,5.13960474430273
70,138,1,89,36.88,15.0430272309908,10.0834870917735,5.13960474430273
70,138,2,224,20.38,15.0430272309908,10.0834870917735,5.13960474430273
70,138,3,2175,19.38,15.0430272309908,10.0834870917735,5.13960474430273
70,138,4,3886,21,15.0430272309908,10.0834870917735,5.13960474430273
70,138,5,3555,17.72,15.0430272309908,10.0834870917735,5.13960474430273
70,138,6,2681,29.25,15.0430272309908,10.0834870917735,5.13960474430273
70,138,7,2250,24.05,15.0430272309908,10.0834870917735,5.13960474430273
70,138,8,2916,21.6,15.0430272309908,10.0834870917735,5.13960474430273
70,138,9,3938,21.31,15.0430272309908,10.0834870917735,5.13960474430273
70,138,10,3796,26.13,15.0430272309908,10.0834870917735,5.13960474430273
70,138,11,4161,21.42,15.0430272309908,10.0834870917735,5.13960474430273
70,138,12,4458,21.96,15.0430272309908,10.0834870917735,5.13960474430273
70,138,13,4927,21.28,15.0430272309908,10.0834870917735,5.13960474430273
70,138,14,4427,21.37,15.0430272309908,10.0834870917735,5.13960474430273
70,138,15,4144,21.9,15.0430272309908,10.0834870917735,5.13960474430273
70,138,16,3783,43.59,15.0430272309908,10.0834870917735,5.13960474430273
70,138,17,3696,23.43,15.0430272309908,10.0834870917735,5.13960474430273
70,138,18,3682,25.17,15.0430272309908,10.0834870917735,5.13960474430273
70,138,19,3264,27.35,15.0430272309908,10.0834870917735,5.13960474430273
70,138,20,2617,28.93,15.0430272309908,10.0834870917735,5.13960474430273
70,138,21,2100,31.04,15.0430272309908,10.0834870917735,5.13960474430273
70,138,22,1578,32.63,15.0430272309908,10.0834870917735,5.13960474430273
70,138,23,1010,33.21,15.0430272309908,10.0834870917735,5.13960474430273
71,138,0,2,77.73,149.61003717468,100.28505934914,51.1158056853194
71,138,1,3,69.15,149.61003717468,100.28505934914,51.1158056853194
71,138,2,75,71.95,149.61003717468,100.28505934914,51.1158056853194
71,138,3,504,73.21,149.61003717468,100.28505934914,51.1158056853194
71,138,4,595,75.54,149.61003717468,100.28505934914,51.1158056853194
71,138,5,454,78.44,149.61003717468,100.28505934914,51.1158056853194
71,138,6,398,88.86,149.61003717468,100.28505934914,51.1158056853194
71,138,7,340,100.86,149.61003717468,100.28505934914,51.1158056853194
71,138,8,265,98.53,149.61003717468,100.28505934914,51.1158056853194
71,138,9,284,88.06,149.61003717468,100.28505934914,51.1158056853194
71,138,10,253,91.55,149.61003717468,100.28505934914,51.1158056853194
71,138,11,267,91.9,149.61003717468,100.28505934914,51.1158056853194
71,138,12,215,93.97,149.61003717468,100.28505934914,51.1158056853194
71,138,13,220,97.89,149.61003717468,100.28505934914,51.1158056853194
71,138,14,238,103.91,149.61003717468,100.28505934914,51.1158056853194
71,138,15,225,106.73,149.61003717468,100.28505934914,51.1158056853194
71,138,16,170,106.97,149.61003717468,100.28505934914,51.1158056853194
71,138,17,203,105.3,149.61003717468,100.28505934914,51.1158056853194
71,138,18,118,96.3,149.61003717468,100.28505934914,51.1158056853194
71,138,19,74,88.2,149.61003717468,100.28505934914,51.1158056853194
71,138,20,47,86.05,149.61003717468,100.28505934914,51.1158056853194
71,138,21,14,75.33,149.61003717468,100.28505934914,51.1158056853194
71,138,22,7,77.13,149.61003717468,100.28505934914,51.1158056853194
71,138,23,5,95.59,149.61003717468,100.28505934914,51.1158056853194
72,138,0,4,60.27,137.526806152684,92.185552370504,46.9874457127191
72,138,1,9,59.09,137.526806152684,92.185552370504,46.9874457127191
72,138,2,215,59.36,137.526806152684,92.185552370504,46.9874457127191
72,138,3,458,68.83,137.526806152684,92.185552370504,46.9874457127191
72,138,4,612,69.91,137.526806152684,92.185552370504,46.9874457127191
72,138,5,398,73.78,137.526806152684,92.185552370504,46.9874457127191
72,138,6,294,81.05,137.526806152684,92.185552370504,46.9874457127191
72,138,7,238,93.36,137.526806152684,92.185552370504,46.9874457127191
72,138,8,277,86.56,137.526806152684,92.185552370504,46.9874457127191
72,138,9,239,79.91,137.526806152684,92.185552370504,46.9874457127191
72,138,10,259,80.81,137.526806152684,92.185552370504,46.9874457127191
72,138,11,410,78.49,137.526806152684,92.185552370504,46.9874457127191
72,138,12,229,82.44,137.526806152684,92.185552370504,46.9874457127191
72,138,13,202,93.94,137.526806152684,92.185552370504,46.9874457127191
72,138,14,208,92.86,137.526806152684,92.185552370504,46.9874457127191
72,138,15,220,94.56,137.526806152684,92.185552370504,46.9874457127191
72,138,16,189,96.03,137.526806152684,92.185552370504,46.9874457127191
72,138,17,157,89.66,137.526806152684,92.185552370504,46.9874457127191
72,138,18,117,85.5,137.526806152684,92.185552370504,46.9874457127191
72,138,19,78,72.98,137.526806152684,92.185552370504,46.9874457127191
72,138,20,33,75.3,137.526806152684,92.185552370504,46.9874457127191
72,138,21,21,75.98,137.526806152684,92.185552370504,46.9874457127191
72,138,22,11,67.16,137.526806152684,92.185552370504,46.9874457127191
73,138,0,4,40.8,58.7267847228708,39.3651335333935,20.0646091205295
73,138,1,5,35.14,58.7267847228708,39.3651335333935,20.0646091205295
73,138,2,210,27.13,58.7267847228708,39.3651335333935,20.0646091205295
73,138,3,180,35.94,58.7267847228708,39.3651335333935,20.0646091205295
73,138,4,414,34.7,58.7267847228708,39.3651335333935,20.0646091205295
73,138,5,392,33.14,58.7267847228708,39.3651335333935,20.0646091205295
73,138,6,283,36.92,58.7267847228708,39.3651335333935,20.0646091205295
73,138,7,272,42.36,58.7267847228708,39.3651335333935,20.0646091205295
73,138,8,296,40.98,58.7267847228708,39.3651335333935,20.0646091205295
73,138,9,296,38.7,58.7267847228708,39.3651335333935,20.0646091205295
73,138,10,242,43.42,58.7267847228708,39.3651335333935,20.0646091205295
73,138,11,298,38.6,58.7267847228708,39.3651335333935,20.0646091205295
73,138,12,230,39.66,58.7267847228708,39.3651335333935,20.0646091205295
73,138,13,270,37.91,58.7267847228708,39.3651335333935,20.0646091205295
73,138,14,200,39.07,58.7267847228708,39.3651335333935,20.0646091205295
73,138,15,186,41.63,58.7267847228708,39.3651335333935,20.0646091205295
73,138,16,192,39.75,58.7267847228708,39.3651335333935,20.0646091205295
73,138,17,222,41.79,58.7267847228708,39.3651335333935,20.0646091205295
73,138,18,138,39.5,58.7267847228708,39.3651335333935,20.0646091205295
73,138,19,93,35.7,58.7267847228708,39.3651335333935,20.0646091205295
73,138,20,56,35.39,58.7267847228708,39.3651335333935,20.0646091205295
73,138,21,25,35.58,58.7267847228708,39.3651335333935,20.0646091205295
73,138,22,8,35.02,58.7267847228708,39.3651335333935,20.0646091205295
73,138,23,3,33.22,58.7267847228708,39.3651335333935,20.0646091205295
74,138,0,30,41.45,56.9531210691325,38.1762295792232,19.4586187178285
74,138,1,82,32.76,56.9531210691325,38.1762295792232,19.4586187178285
74,138,2,216,34.4,56.9531210691325,38.1762295792232,19.4586187178285
74,138,3,1267,36.02,56.9531210691325,38.1762295792232,19.4586187178285
74,138,4,2849,39.08,56.9531210691325,38.1762295792232,19.4586187178285
74,138,5,2669,39.23,56.9531210691325,38.1762295792232,19.4586187178285
74,138,6,2036,55.59,56.9531210691325,38.1762295792232,19.4586187178285
74,138,7,2091,61.74,56.9531210691325,38.1762295792232,19.4586187178285
74,138,8,2348,71.7,56.9531210691325,38.1762295792232,19.4586187178285
74,138,9,2366,42.52,56.9531210691325,38.1762295792232,19.4586187178285
74,138,10,2167,42.55,56.9531210691325,38.1762295792232,19.4586187178285
74,138,11,2503,42.64,56.9531210691325,38.1762295792232,19.4586187178285
74,138,12,2419,74.19,56.9531210691325,38.1762295792232,19.4586187178285
74,138,13,2336,64.69,56.9531210691325,38.1762295792232,19.4586187178285
74,138,14,2018,46.72,56.9531210691325,38.1762295792232,19.4586187178285
74,138,15,1945,49.45,56.9531210691325,38.1762295792232,19.4586187178285
74,138,16,1787,68.13,56.9531210691325,38.1762295792232,19.4586187178285
74,138,17,1616,69.97,56.9531210691325,38.1762295792232,19.4586187178285
74,138,18,1203,49.23,56.9531210691325,38.1762295792232,19.4586187178285
74,138,19,691,44.45,56.9531210691325,38.1762295792232,19.4586187178285
74,138,20,364,40.13,56.9531210691325,38.1762295792232,19.4586187178285
74,138,21,239,35.58,56.9531210691325,38.1762295792232,19.4586187178285
74,138,22,68,44.76,56.9531210691325,38.1762295792232,19.4586187178285
74,138,23,43,36.41,56.9531210691325,38.1762295792232,19.4586187178285
75,138,0,19,42.59,59.2170038540399,39.6937321728416,20.2320975212096
75,138,1,16,37.72,59.2170038540399,39.6937321728416,20.2320975212096
75,138,2,103,43.45,59.2170038540399,39.6937321728416,20.2320975212096
75,138,3,936,44.46,59.2170038540399,39.6937321728416,20.2320975212096
75,138,4,2859,45.63,59.2170038540399,39.6937321728416,20.2320975212096
75,138,5,2945,45.52,59.2170038540399,39.6937321728416,20.2320975212096
75,138,6,2349,46.42,59.2170038540399,39.6937321728416,20.2320975212096
75,138,7,2360,50.39,59.2170038540399,39.6937321728416,20.2320975212096
75,138,8,2142,52.21,59.2170038540399,39.6937321728416,20.2320975212096
75,138,9,1980,51.07,59.2170038540399,39.6937321728416,20.2320975212096
75,138,10,1723,51.59,59.2170038540399,39.6937321728416,20.2320975212096
75,138,11,1745,53.15,59.2170038540399,39.6937321728416,20.2320975212096
75,138,12,1986,53.2,59.2170038540399,39.6937321728416,20.2320975212096
75,138,13,1949,69.96,59.2170038540399,39.6937321728416,20.2320975212096
75,138,14,2014,57.78,59.2170038540399,39.6937321728416,20.2320975212096
75,138,15,2016,77.69,59.2170038540399,39.6937321728416,20.2320975212096
75,138,16,2017,79.24,59.2170038540399,39.6937321728416,20.2320975212096
75,138,17,1657,63.35,59.2170038540399,39.6937321728416,20.2320975212096
75,138,18,1090,56.17,59.2170038540399,39.6937321728416,20.2320975212096
75,138,19,605,51.53,59.2170038540399,39.6937321728416,20.2320975212096
75,138,20,216,46.03,59.2170038540399,39.6937321728416,20.2320975212096
75,138,21,100,42.52,59.2170038540399,39.6937321728416,20.2320975212096
75,138,22,47,42.81,59.2170038540399,39.6937321728416,20.2320975212096
75,138,23,41,41.02,59.2170038540399,39.6937321728416,20.2320975212096
76,138,0,6,52.15,122.895002021957,82.3777121122889,41.9883395638541
76,138,1,11,56.18,122.895002021957,82.3777121122889,41.9883395638541
76,138,2,102,55.9,122.895002021957,82.3777121122889,41.9883395638541
76,138,3,779,56.86,122.895002021957,82.3777121122889,41.9883395638541
76,138,4,990,59.39,122.895002021957,82.3777121122889,41.9883395638541
76,138,5,825,59.82,122.895002021957,82.3777121122889,41.9883395638541
76,138,6,538,68.02,122.895002021957,82.3777121122889,41.9883395638541
76,138,7,448,80.95,122.895002021957,82.3777121122889,41.9883395638541
76,138,8,452,75.58,122.895002021957,82.3777121122889,41.9883395638541
76,138,9,450,66.97,122.895002021957,82.3777121122889,41.9883395638541
76,138,10,503,66.47,122.895002021957,82.3777121122889,41.9883395638541
76,138,11,450,66.45,122.895002021957,82.3777121122889,41.9883395638541
76,138,12,408,67.68,122.895002021957,82.3777121122889,41.9883395638541
76,138,13,345,70.52,122.895002021957,82.3777121122889,41.9883395638541
76,138,14,402,77.36,122.895002021957,82.3777121122889,41.9883395638541
76,138,15,397,75.59,122.895002021957,82.3777121122889,41.9883395638541
76,138,16,330,76.05,122.895002021957,82.3777121122889,41.9883395638541
76,138,17,272,73.53,122.895002021957,82.3777121122889,41.9883395638541
76,138,18,223,96.2,122.895002021957,82.3777121122889,41.9883395638541
76,138,19,127,66.42,122.895002021957,82.3777121122889,41.9883395638541
76,138,20,105,63.4,122.895002021957,82.3777121122889,41.9883395638541
76,138,21,152,55.79,122.895002021957,82.3777121122889,41.9883395638541
76,138,22,26,59.85,122.895002021957,82.3777121122889,41.9883395638541
76,138,23,7,59.33,122.895002021957,82.3777121122889,41.9883395638541
77,138,0,2,71.54,118.166533371389,79.2081737029164,40.3728096883459
77,138,1,4,53.48,118.166533371389,79.2081737029164,40.3728096883459
77,138,2,26,55.81,118.166533371389,79.2081737029164,40.3728096883459
77,138,3,208,55.59,118.166533371389,79.2081737029164,40.3728096883459
77,138,4,353,56.58,118.166533371389,79.2081737029164,40.3728096883459
77,138,5,297,57.3,118.166533371389,79.2081737029164,40.3728096883459
77,138,6,201,64.57,118.166533371389,79.2081737029164,40.3728096883459
77,138,7,148,79.24,118.166533371389,79.2081737029164,40.3728096883459
77,138,8,181,71.62,118.166533371389,79.2081737029164,40.3728096883459
77,138,9,147,66.73,118.166533371389,79.2081737029164,40.3728096883459
77,138,10,149,62.68,118.166533371389,79.2081737029164,40.3728096883459
77,138,11,146,63.77,118.166533371389,79.2081737029164,40.3728096883459
77,138,12,139,65.98,118.166533371389,79.2081737029164,40.3728096883459
77,138,13,179,66.33,118.166533371389,79.2081737029164,40.3728096883459
77,138,14,163,73.14,118.166533371389,79.2081737029164,40.3728096883459
77,138,15,137,73.77,118.166533371389,79.2081737029164,40.3728096883459
77,138,16,94,72.97,118.166533371389,79.2081737029164,40.3728096883459
77,138,17,110,72.56,118.166533371389,79.2081737029164,40.3728096883459
77,138,18,83,66.01,118.166533371389,79.2081737029164,40.3728096883459
77,138,19,59,64.27,118.166533371389,79.2081737029164,40.3728096883459
77,138,20,32,57.49,118.166533371389,79.2081737029164,40.3728096883459
77,138,21,13,59.51,118.166533371389,79.2081737029164,40.3728096883459
77,138,22,7,49.79,118.166533371389,79.2081737029164,40.3728096883459
77,138,23,2,51.37,118.166533371389,79.2081737029164,40.3728096883459
78,138,1,10,54.99,72.7044050664437,48.7344680525629,24.8402066600919
78,138,2,85,50.18,72.7044050664437,48.7344680525629,24.8402066600919
78,138,3,424,49.09,72.7044050664437,48.7344680525629,24.8402066600919
78,138,4,507,51.22,72.7044050664437,48.7344680525629,24.8402066600919
78,138,5,361,53.67,72.7044050664437,48.7344680525629,24.8402066600919
78,138,6,272,55.16,72.7044050664437,48.7344680525629,24.8402066600919
78,138,7,283,59.8,72.7044050664437,48.7344680525629,24.8402066600919
78,138,8,258,62.38,72.7044050664437,48.7344680525629,24.8402066600919
78,138,9,242,59.5,72.7044050664437,48.7344680525629,24.8402066600919
78,138,10,287,61.31,72.7044050664437,48.7344680525629,24.8402066600919
78,138,11,301,59.55,72.7044050664437,48.7344680525629,24.8402066600919
78,138,12,289,57.9,72.7044050664437,48.7344680525629,24.8402066600919
78,138,13,224,58.83,72.7044050664437,48.7344680525629,24.8402066600919
78,138,14,197,65.19,72.7044050664437,48.7344680525629,24.8402066600919
78,138,15,244,68.02,72.7044050664437,48.7344680525629,24.8402066600919
78,138,16,177,68.65,72.7044050664437,48.7344680525629,24.8402066600919
78,138,17,158,67.96,72.7044050664437,48.7344680525629,24.8402066600919
78,138,18,117,65.36,72.7044050664437,48.7344680525629,24.8402066600919
78,138,19,66,54.12,72.7044050664437,48.7344680525629,24.8402066600919
78,138,20,57,53.13,72.7044050664437,48.7344680525629,24.8402066600919
78,138,21,66,47.45,72.7044050664437,48.7344680525629,24.8402066600919
78,138,22,31,47.81,72.7044050664437,48.7344680525629,24.8402066600919
78,138,23,7,46.11,72.7044050664437,48.7344680525629,24.8402066600919
79,138,0,15,51.75,103.919294756259,69.6581114406403,35.5050942973455
79,138,1,27,58.18,103.919294756259,69.6581114406403,35.5050942973455
79,138,2,95,55.75,103.919294756259,69.6581114406403,35.5050942973455
79,138,3,1321,57.35,103.919294756259,69.6581114406403,35.5050942973455
79,138,4,5724,59.74,103.919294756259,69.6581114406403,35.5050942973455
79,138,5,6803,57.85,103.919294756259,69.6581114406403,35.5050942973455
79,138,6,5656,60.91,103.919294756259,69.6581114406403,35.5050942973455
79,138,7,5520,66.24,103.919294756259,69.6581114406403,35.5050942973455
79,138,8,5021,79.05,103.919294756259,69.6581114406403,35.5050942973455
79,138,9,5039,71.47,103.919294756259,69.6581114406403,35.5050942973455
79,138,10,4187,69.29,103.919294756259,69.6581114406403,35.5050942973455
79,138,11,4533,78.24,103.919294756259,69.6581114406403,35.5050942973455
79,138,12,4775,72.66,103.919294756259,69.6581114406403,35.5050942973455
79,138,13,4715,75.43,103.919294756259,69.6581114406403,35.5050942973455
79,138,14,4835,81.83,103.919294756259,69.6581114406403,35.5050942973455
79,138,15,4780,88.45,103.919294756259,69.6581114406403,35.5050942973455
79,138,16,4605,92.55,103.919294756259,69.6581114406403,35.5050942973455
79,138,17,4093,89.95,103.919294756259,69.6581114406403,35.5050942973455
79,138,18,2691,78.02,103.919294756259,69.6581114406403,35.5050942973455
79,138,19,1436,67.99,103.919294756259,69.6581114406403,35.5050942973455
79,138,20,457,61.88,103.919294756259,69.6581114406403,35.5050942973455
79,138,21,133,61.83,103.919294756259,69.6581114406403,35.5050942973455
79,138,22,59,109.02,103.919294756259,69.6581114406403,35.5050942973455
79,138,23,33,160.79,103.919294756259,69.6581114406403,35.5050942973455
80,138,0,19,54.03,82.4097047376826,55.240024577457,28.1561219655177
80,138,1,16,67.71,82.4097047376826,55.240024577457,28.1561219655177
80,138,2,77,48.6,82.4097047376826,55.240024577457,28.1561219655177
80,138,3,708,47.09,82.4097047376826,55.240024577457,28.1561219655177
80,138,4,3455,46.11,82.4097047376826,55.240024577457,28.1561219655177
80,138,5,4177,43.97,82.4097047376826,55.240024577457,28.1561219655177
80,138,6,3280,45.51,82.4097047376826,55.240024577457,28.1561219655177
80,138,7,3278,49.78,82.4097047376826,55.240024577457,28.1561219655177
80,138,8,3015,51.54,82.4097047376826,55.240024577457,28.1561219655177
80,138,9,2776,48.63,82.4097047376826,55.240024577457,28.1561219655177
80,138,10,2263,49.32,82.4097047376826,55.240024577457,28.1561219655177
80,138,11,2343,50.92,82.4097047376826,55.240024577457,28.1561219655177
80,138,12,2400,51.3,82.4097047376826,55.240024577457,28.1561219655177
80,138,13,2368,52.65,82.4097047376826,55.240024577457,28.1561219655177
80,138,14,2409,57.61,82.4097047376826,55.240024577457,28.1561219655177
80,138,15,2400,60.01,82.4097047376826,55.240024577457,28.1561219655177
80,138,16,2260,61.31,82.4097047376826,55.240024577457,28.1561219655177
80,138,17,2205,62.81,82.4097047376826,55.240024577457,28.1561219655177
80,138,18,1581,56.47,82.4097047376826,55.240024577457,28.1561219655177
80,138,19,799,48.79,82.4097047376826,55.240024577457,28.1561219655177
80,138,20,305,45.61,82.4097047376826,55.240024577457,28.1561219655177
80,138,21,109,41.69,82.4097047376826,55.240024577457,28.1561219655177
80,138,22,55,41.79,82.4097047376826,55.240024577457,28.1561219655177
80,138,23,32,38.97,82.4097047376826,55.240024577457,28.1561219655177
81,138,0,6,48.88,114.228782456279,76.5686610627128,39.027436647773
81,138,1,9,52.1,114.228782456279,76.5686610627128,39.027436647773
81,138,2,62,51.98,114.228782456279,76.5686610627128,39.027436647773
81,138,3,506,53.27,114.228782456279,76.5686610627128,39.027436647773
81,138,4,524,55.86,114.228782456279,76.5686610627128,39.027436647773
81,138,5,442,55.53,114.228782456279,76.5686610627128,39.027436647773
81,138,6,302,65.39,114.228782456279,76.5686610627128,39.027436647773
81,138,7,238,70.12,114.228782456279,76.5686610627128,39.027436647773
81,138,8,244,64.29,114.228782456279,76.5686610627128,39.027436647773
81,138,9,198,65.61,114.228782456279,76.5686610627128,39.027436647773
81,138,10,220,61.44,114.228782456279,76.5686610627128,39.027436647773
81,138,11,327,60.99,114.228782456279,76.5686610627128,39.027436647773
81,138,12,334,61.22,114.228782456279,76.5686610627128,39.027436647773
81,138,13,239,61.73,114.228782456279,76.5686610627128,39.027436647773
81,138,14,234,65.67,114.228782456279,76.5686610627128,39.027436647773
81,138,15,173,66.59,114.228782456279,76.5686610627128,39.027436647773
81,138,16,155,68.62,114.228782456279,76.5686610627128,39.027436647773
81,138,17,126,68.47,114.228782456279,76.5686610627128,39.027436647773
81,138,18,101,66.07,114.228782456279,76.5686610627128,39.027436647773
81,138,19,60,65.91,114.228782456279,76.5686610627128,39.027436647773
81,138,20,38,56.77,114.228782456279,76.5686610627128,39.027436647773
81,138,21,13,55.06,114.228782456279,76.5686610627128,39.027436647773
81,138,22,5,62.93,114.228782456279,76.5686610627128,39.027436647773
82,138,0,73,26.74,39.7118616175558,26.6192461040001,13.5679653596718
82,138,1,59,24.86,39.7118616175558,26.6192461040001,13.5679653596718
82,138,2,211,30.36,39.7118616175558,26.6192461040001,13.5679653596718
82,138,3,1456,31.36,39.7118616175558,26.6192461040001,13.5679653596718
82,138,4,2731,31.06,39.7118616175558,26.6192461040001,13.5679653596718
82,138,5,2194,30.75,39.7118616175558,26.6192461040001,13.5679653596718
82,138,6,1772,31.9,39.7118616175558,26.6192461040001,13.5679653596718
82,138,7,1793,58.32,39.7118616175558,26.6192461040001,13.5679653596718
82,138,8,1944,33.76,39.7118616175558,26.6192461040001,13.5679653596718
82,138,9,1992,32.62,39.7118616175558,26.6192461040001,13.5679653596718
82,138,10,1913,33.64,39.7118616175558,26.6192461040001,13.5679653596718
82,138,11,2603,47.66,39.7118616175558,26.6192461040001,13.5679653596718
82,138,12,2243,32.57,39.7118616175558,26.6192461040001,13.5679653596718
82,138,13,2793,38.06,39.7118616175558,26.6192461040001,13.5679653596718
82,138,14,2490,60.16,39.7118616175558,26.6192461040001,13.5679653596718
82,138,15,2765,40.37,39.7118616175558,26.6192461040001,13.5679653596718
82,138,16,3236,36.63,39.7118616175558,26.6192461040001,13.5679653596718
82,138,17,3651,59.19,39.7118616175558,26.6192461040001,13.5679653596718
82,138,18,2796,52.87,39.7118616175558,26.6192461040001,13.5679653596718
82,138,19,1388,52.8,39.7118616175558,26.6192461040001,13.5679653596718
82,138,20,883,34.14,39.7118616175558,26.6192461040001,13.5679653596718
82,138,21,658,31.3,39.7118616175558,26.6192461040001,13.5679653596718
82,138,22,254,30,39.7118616175558,26.6192461040001,13.5679653596718
82,138,23,151,30.1,39.7118616175558,26.6192461040001,13.5679653596718
83,138,0,28,24.85,43.3986818756104,29.0905574903941,14.8276053642217
83,138,1,14,23.21,43.3986818756104,29.0905574903941,14.8276053642217
83,138,2,44,27.79,43.3986818756104,29.0905574903941,14.8276053642217
83,138,3,415,30.34,43.3986818756104,29.0905574903941,14.8276053642217
83,138,4,1247,29.23,43.3986818756104,29.0905574903941,14.8276053642217
83,138,5,923,30.31,43.3986818756104,29.0905574903941,14.8276053642217
83,138,6,604,29.65,43.3986818756104,29.0905574903941,14.8276053642217
83,138,7,632,32.55,43.3986818756104,29.0905574903941,14.8276053642217
83,138,8,667,34.73,43.3986818756104,29.0905574903941,14.8276053642217
83,138,9,632,31.08,43.3986818756104,29.0905574903941,14.8276053642217
83,138,10,556,31.18,43.3986818756104,29.0905574903941,14.8276053642217
83,138,11,736,31.42,43.3986818756104,29.0905574903941,14.8276053642217
83,138,12,655,59.61,43.3986818756104,29.0905574903941,14.8276053642217
83,138,13,672,32.1,43.3986818756104,29.0905574903941,14.8276053642217
83,138,14,604,33.8,43.3986818756104,29.0905574903941,14.8276053642217
83,138,15,696,59.62,43.3986818756104,29.0905574903941,14.8276053642217
83,138,16,844,33.14,43.3986818756104,29.0905574903941,14.8276053642217
83,138,17,892,35.33,43.3986818756104,29.0905574903941,14.8276053642217
83,138,18,693,63.88,43.3986818756104,29.0905574903941,14.8276053642217
83,138,19,385,62.8,43.3986818756104,29.0905574903941,14.8276053642217
83,138,20,250,27.95,43.3986818756104,29.0905574903941,14.8276053642217
83,138,21,167,28.86,43.3986818756104,29.0905574903941,14.8276053642217
83,138,22,61,27.8,43.3986818756104,29.0905574903941,14.8276053642217
83,138,23,38,25.09,43.3986818756104,29.0905574903941,14.8276053642217
84,138,3,12,125.29,364.351412008571,244.228286198209,124.484401776178
84,138,4,16,125.51,364.351412008571,244.228286198209,124.484401776178
84,138,5,13,149.75,364.351412008571,244.228286198209,124.484401776178
84,138,6,18,159.26,364.351412008571,244.228286198209,124.484401776178
84,138,7,11,185.76,364.351412008571,244.228286198209,124.484401776178
84,138,8,4,169.61,364.351412008571,244.228286198209,124.484401776178
84,138,9,12,150.07,364.351412008571,244.228286198209,124.484401776178
84,138,10,7,162.48,364.351412008571,244.228286198209,124.484401776178
84,138,11,15,169.5,364.351412008571,244.228286198209,124.484401776178
84,138,12,4,158.44,364.351412008571,244.228286198209,124.484401776178
84,138,13,6,187.36,364.351412008571,244.228286198209,124.484401776178
84,138,14,8,198.82,364.351412008571,244.228286198209,124.484401776178
84,138,15,6,186.05,364.351412008571,244.228286198209,124.484401776178
84,138,16,7,182.43,364.351412008571,244.228286198209,124.484401776178
84,138,17,3,187.51,364.351412008571,244.228286198209,124.484401776178
84,138,18,3,150.14,364.351412008571,244.228286198209,124.484401776178
85,138,0,3,68.05,151.95308696258,101.855628352897,51.9163327083122
85,138,1,12,79.8,151.95308696258,101.855628352897,51.9163327083122
85,138,2,66,67.35,151.95308696258,101.855628352897,51.9163327083122
85,138,3,474,69.51,151.95308696258,101.855628352897,51.9163327083122
85,138,4,753,71.12,151.95308696258,101.855628352897,51.9163327083122
85,138,5,620,72.84,151.95308696258,101.855628352897,51.9163327083122
85,138,6,588,79.99,151.95308696258,101.855628352897,51.9163327083122
85,138,7,471,98.94,151.95308696258,101.855628352897,51.9163327083122
85,138,8,441,98.46,151.95308696258,101.855628352897,51.9163327083122
85,138,9,365,92.13,151.95308696258,101.855628352897,51.9163327083122
85,138,10,360,92.49,151.95308696258,101.855628352897,51.9163327083122
85,138,11,381,93.41,151.95308696258,101.855628352897,51.9163327083122
85,138,12,293,96.73,151.95308696258,101.855628352897,51.9163327083122
85,138,13,273,103.25,151.95308696258,101.855628352897,51.9163327083122
85,138,14,297,105.07,151.95308696258,101.855628352897,51.9163327083122
85,138,15,289,107.92,151.95308696258,101.855628352897,51.9163327083122
85,138,16,279,109.71,151.95308696258,101.855628352897,51.9163327083122
85,138,17,223,105.61,151.95308696258,101.855628352897,51.9163327083122
85,138,18,147,97.73,151.95308696258,101.855628352897,51.9163327083122
85,138,19,80,87.51,151.95308696258,101.855628352897,51.9163327083122
85,138,20,43,84.85,151.95308696258,101.855628352897,51.9163327083122
85,138,21,18,84.22,151.95308696258,101.855628352897,51.9163327083122
85,138,22,7,74.86,151.95308696258,101.855628352897,51.9163327083122
85,138,23,7,78.69,151.95308696258,101.855628352897,51.9163327083122
86,138,0,3,67,208.030879200233,139.44511652444,71.0758863413003
86,138,1,4,69.51,208.030879200233,139.44511652444,71.0758863413003
86,138,2,42,74.03,208.030879200233,139.44511652444,71.0758863413003
86,138,3,151,75.39,208.030879200233,139.44511652444,71.0758863413003
86,138,4,334,76.54,208.030879200233,139.44511652444,71.0758863413003
86,138,5,247,79.04,208.030879200233,139.44511652444,71.0758863413003
86,138,6,185,95.28,208.030879200233,139.44511652444,71.0758863413003
86,138,7,169,106.92,208.030879200233,139.44511652444,71.0758863413003
86,138,8,163,101.57,208.030879200233,139.44511652444,71.0758863413003
86,138,9,158,94.24,208.030879200233,139.44511652444,71.0758863413003
86,138,10,141,95.6,208.030879200233,139.44511652444,71.0758863413003
86,138,11,151,92.43,208.030879200233,139.44511652444,71.0758863413003
86,138,12,127,95.17,208.030879200233,139.44511652444,71.0758863413003
86,138,13,104,103.34,208.030879200233,139.44511652444,71.0758863413003
86,138,14,112,99.28,208.030879200233,139.44511652444,71.0758863413003
86,138,15,116,104.43,208.030879200233,139.44511652444,71.0758863413003
86,138,16,84,107.31,208.030879200233,139.44511652444,71.0758863413003
86,138,17,83,98.39,208.030879200233,139.44511652444,71.0758863413003
86,138,18,59,94.27,208.030879200233,139.44511652444,71.0758863413003
86,138,19,32,87.1,208.030879200233,139.44511652444,71.0758863413003
86,138,20,15,78.61,208.030879200233,139.44511652444,71.0758863413003
86,138,21,7,92.84,208.030879200233,139.44511652444,71.0758863413003
86,138,22,2,72.6,208.030879200233,139.44511652444,71.0758863413003
87,138,0,13,63.87,130.38753414263,87.4000290810341,44.5482401106613
87,138,1,20,57.37,130.38753414263,87.4000290810341,44.5482401106613
87,138,2,141,60.1,130.38753414263,87.4000290810341,44.5482401106613
87,138,3,1472,62.85,130.38753414263,87.4000290810341,44.5482401106613
87,138,4,4520,65.66,130.38753414263,87.4000290810341,44.5482401106613
87,138,5,5427,65.98,130.38753414263,87.4000290810341,44.5482401106613
87,138,6,4920,69.56,130.38753414263,87.4000290810341,44.5482401106613
87,138,7,5299,74.6,130.38753414263,87.4000290810341,44.5482401106613
87,138,8,4762,86.29,130.38753414263,87.4000290810341,44.5482401106613
87,138,9,4513,77.91,130.38753414263,87.4000290810341,44.5482401106613
87,138,10,4246,83.32,130.38753414263,87.4000290810341,44.5482401106613
87,138,11,4567,83.84,130.38753414263,87.4000290810341,44.5482401106613
87,138,12,4878,83.76,130.38753414263,87.4000290810341,44.5482401106613
87,138,13,4420,86.92,130.38753414263,87.4000290810341,44.5482401106613
87,138,14,4994,94.64,130.38753414263,87.4000290810341,44.5482401106613
87,138,15,4796,102.78,130.38753414263,87.4000290810341,44.5482401106613
87,138,16,4503,106.42,130.38753414263,87.4000290810341,44.5482401106613
87,138,17,3372,105.26,130.38753414263,87.4000290810341,44.5482401106613
87,138,18,2007,91.65,130.38753414263,87.4000290810341,44.5482401106613
87,138,19,1011,79.52,130.38753414263,87.4000290810341,44.5482401106613
87,138,20,310,71.51,130.38753414263,87.4000290810341,44.5482401106613
87,138,21,93,67.89,130.38753414263,87.4000290810341,44.5482401106613
87,138,22,42,66.7,130.38753414263,87.4000290810341,44.5482401106613
87,138,23,18,65.85,130.38753414263,87.4000290810341,44.5482401106613
88,138,0,4,58.99,135.129326509002,90.5784985063686,46.1683221705073
88,138,1,3,50.8,135.129326509002,90.5784985063686,46.1683221705073
88,138,2,35,59.87,135.129326509002,90.5784985063686,46.1683221705073
88,138,3,376,64.78,135.129326509002,90.5784985063686,46.1683221705073
88,138,4,936,68.25,135.129326509002,90.5784985063686,46.1683221705073
88,138,5,1117,68.17,135.129326509002,90.5784985063686,46.1683221705073
88,138,6,1096,72.25,135.129326509002,90.5784985063686,46.1683221705073
88,138,7,1135,78.64,135.129326509002,90.5784985063686,46.1683221705073
88,138,8,1186,83.08,135.129326509002,90.5784985063686,46.1683221705073
88,138,9,1129,80.8,135.129326509002,90.5784985063686,46.1683221705073
88,138,10,1213,82.72,135.129326509002,90.5784985063686,46.1683221705073
88,138,11,1416,83.23,135.129326509002,90.5784985063686,46.1683221705073
88,138,12,1592,87.19,135.129326509002,90.5784985063686,46.1683221705073
88,138,13,1599,91.68,135.129326509002,90.5784985063686,46.1683221705073
88,138,14,1892,98.16,135.129326509002,90.5784985063686,46.1683221705073
88,138,15,1914,109.21,135.129326509002,90.5784985063686,46.1683221705073
88,138,16,1783,114.3,135.129326509002,90.5784985063686,46.1683221705073
88,138,17,1309,109.73,135.129326509002,90.5784985063686,46.1683221705073
88,138,18,658,98.06,135.129326509002,90.5784985063686,46.1683221705073
88,138,19,299,85.56,135.129326509002,90.5784985063686,46.1683221705073
88,138,20,80,77.47,135.129326509002,90.5784985063686,46.1683221705073
88,138,21,25,69.11,135.129326509002,90.5784985063686,46.1683221705073
88,138,22,15,73.65,135.129326509002,90.5784985063686,46.1683221705073
88,138,23,6,119.87,135.129326509002,90.5784985063686,46.1683221705073
89,138,0,6,67.95,163.006603600745,109.264907790351,55.6928801865822
89,138,1,17,70.1,163.006603600745,109.264907790351,55.6928801865822
89,138,2,175,69.5,163.006603600745,109.264907790351,55.6928801865822
89,138,3,1120,72.81,163.006603600745,109.264907790351,55.6928801865822
89,138,4,1987,74.21,163.006603600745,109.264907790351,55.6928801865822
89,138,5,1753,79.66,163.006603600745,109.264907790351,55.6928801865822
89,138,6,1597,88.86,163.006603600745,109.264907790351,55.6928801865822
89,138,7,1413,102.92,163.006603600745,109.264907790351,55.6928801865822
89,138,8,1224,105.26,163.006603600745,109.264907790351,55.6928801865822
89,138,9,1150,98.44,163.006603600745,109.264907790351,55.6928801865822
89,138,10,1011,97.62,163.006603600745,109.264907790351,55.6928801865822
89,138,11,1108,99.47,163.006603600745,109.264907790351,55.6928801865822
89,138,12,973,101.2,163.006603600745,109.264907790351,55.6928801865822
89,138,13,835,105.32,163.006603600745,109.264907790351,55.6928801865822
89,138,14,824,112.72,163.006603600745,109.264907790351,55.6928801865822
89,138,15,815,118.2,163.006603600745,109.264907790351,55.6928801865822
89,138,16,704,117.79,163.006603600745,109.264907790351,55.6928801865822
89,138,17,554,115.04,163.006603600745,109.264907790351,55.6928801865822
89,138,18,332,101.95,163.006603600745,109.264907790351,55.6928801865822
89,138,19,221,93.07,163.006603600745,109.264907790351,55.6928801865822
89,138,20,79,86.04,163.006603600745,109.264907790351,55.6928801865822
89,138,21,42,82.35,163.006603600745,109.264907790351,55.6928801865822
89,138,22,14,78.94,163.006603600745,109.264907790351,55.6928801865822
89,138,23,7,80.41,163.006603600745,109.264907790351,55.6928801865822
90,138,0,20,61.21,105.291341504425,70.577807686748,35.9738681596801
90,138,1,20,60.2,105.291341504425,70.577807686748,35.9738681596801
90,138,2,98,60.02,105.291341504425,70.577807686748,35.9738681596801
90,138,3,995,62.48,105.291341504425,70.577807686748,35.9738681596801
90,138,4,4072,66.09,105.291341504425,70.577807686748,35.9738681596801
90,138,5,5458,65.11,105.291341504425,70.577807686748,35.9738681596801
90,138,6,4981,74.63,105.291341504425,70.577807686748,35.9738681596801
90,138,7,5130,88.32,105.291341504425,70.577807686748,35.9738681596801
90,138,8,4762,81.43,105.291341504425,70.577807686748,35.9738681596801
90,138,9,4560,89.91,105.291341504425,70.577807686748,35.9738681596801
90,138,10,3992,81.93,105.291341504425,70.577807686748,35.9738681596801
90,138,11,4269,81.25,105.291341504425,70.577807686748,35.9738681596801
90,138,12,4201,84.66,105.291341504425,70.577807686748,35.9738681596801
90,138,13,3953,95.5,105.291341504425,70.577807686748,35.9738681596801
90,138,14,4152,92.79,105.291341504425,70.577807686748,35.9738681596801
90,138,15,3879,98.57,105.291341504425,70.577807686748,35.9738681596801
90,138,16,3598,100.39,105.291341504425,70.577807686748,35.9738681596801
90,138,17,2674,99.48,105.291341504425,70.577807686748,35.9738681596801
90,138,18,1712,87.61,105.291341504425,70.577807686748,35.9738681596801
90,138,19,734,77.68,105.291341504425,70.577807686748,35.9738681596801
90,138,20,228,70.46,105.291341504425,70.577807686748,35.9738681596801
90,138,21,80,69.16,105.291341504425,70.577807686748,35.9738681596801
90,138,22,34,81.13,105.291341504425,70.577807686748,35.9738681596801
90,138,23,25,75.68,105.291341504425,70.577807686748,35.9738681596801
91,138,1,9,78.98,165.840070658074,111.164208247554,56.6609633062266
91,138,2,52,81.65,165.840070658074,111.164208247554,56.6609633062266
91,138,3,354,85.02,165.840070658074,111.164208247554,56.6609633062266
91,138,4,528,84.11,165.840070658074,111.164208247554,56.6609633062266
91,138,5,390,86.97,165.840070658074,111.164208247554,56.6609633062266
91,138,6,321,97.95,165.840070658074,111.164208247554,56.6609633062266
91,138,7,260,112.58,165.840070658074,111.164208247554,56.6609633062266
91,138,8,254,104.81,165.840070658074,111.164208247554,56.6609633062266
91,138,9,239,95.67,165.840070658074,111.164208247554,56.6609633062266
91,138,10,198,97,165.840070658074,111.164208247554,56.6609633062266
91,138,11,201,99.12,165.840070658074,111.164208247554,56.6609633062266
91,138,12,209,99.8,165.840070658074,111.164208247554,56.6609633062266
91,138,13,201,106.94,165.840070658074,111.164208247554,56.6609633062266
91,138,14,205,111.16,165.840070658074,111.164208247554,56.6609633062266
91,138,15,169,116.91,165.840070658074,111.164208247554,56.6609633062266
91,138,16,169,113.23,165.840070658074,111.164208247554,56.6609633062266
91,138,17,156,111.79,165.840070658074,111.164208247554,56.6609633062266
91,138,18,103,101.63,165.840070658074,111.164208247554,56.6609633062266
91,138,19,58,93.96,165.840070658074,111.164208247554,56.6609633062266
91,138,20,32,89.39,165.840070658074,111.164208247554,56.6609633062266
91,138,21,18,104.8,165.840070658074,111.164208247554,56.6609633062266
91,138,22,7,82.54,165.840070658074,111.164208247554,56.6609633062266
92,138,0,132,18.91,39.9052330175258,26.7488648293786,13.6340326843823
92,138,1,51,32.06,39.9052330175258,26.7488648293786,13.6340326843823
92,138,2,248,28.9,39.9052330175258,26.7488648293786,13.6340326843823
92,138,3,1585,25.44,39.9052330175258,26.7488648293786,13.6340326843823
92,138,4,3816,26.52,39.9052330175258,26.7488648293786,13.6340326843823
92,138,5,3576,26.31,39.9052330175258,26.7488648293786,13.6340326843823
92,138,6,3095,28.09,39.9052330175258,26.7488648293786,13.6340326843823
92,138,7,2945,38.07,39.9052330175258,26.7488648293786,13.6340326843823
92,138,8,3085,30.99,39.9052330175258,26.7488648293786,13.6340326843823
92,138,9,3012,30.43,39.9052330175258,26.7488648293786,13.6340326843823
92,138,10,2826,30.54,39.9052330175258,26.7488648293786,13.6340326843823
92,138,11,2985,29.61,39.9052330175258,26.7488648293786,13.6340326843823
92,138,12,3020,29.85,39.9052330175258,26.7488648293786,13.6340326843823
92,138,13,2672,29.94,39.9052330175258,26.7488648293786,13.6340326843823
92,138,14,2535,31.5,39.9052330175258,26.7488648293786,13.6340326843823
92,138,15,2546,31.8,39.9052330175258,26.7488648293786,13.6340326843823
92,138,16,2333,31.73,39.9052330175258,26.7488648293786,13.6340326843823
92,138,17,2145,31.11,39.9052330175258,26.7488648293786,13.6340326843823
92,138,18,1830,29.82,39.9052330175258,26.7488648293786,13.6340326843823
92,138,19,1138,28.25,39.9052330175258,26.7488648293786,13.6340326843823
92,138,20,628,28.34,39.9052330175258,26.7488648293786,13.6340326843823
92,138,21,522,27.36,39.9052330175258,26.7488648293786,13.6340326843823
92,138,22,181,25.93,39.9052330175258,26.7488648293786,13.6340326843823
92,138,23,98,23.09,39.9052330175258,26.7488648293786,13.6340326843823
93,138,0,21,34.35,46.6965530682016,31.3011525448468,15.9543569260764
93,138,1,11,21.08,46.6965530682016,31.3011525448468,15.9543569260764
93,138,2,17,53.91,46.6965530682016,31.3011525448468,15.9543569260764
93,138,3,34,23.17,46.6965530682016,31.3011525448468,15.9543569260764
93,138,4,120,22.63,46.6965530682016,31.3011525448468,15.9543569260764
93,138,5,102,23.84,46.6965530682016,31.3011525448468,15.9543569260764
93,138,6,136,20.47,46.6965530682016,31.3011525448468,15.9543569260764
93,138,7,113,25.4,46.6965530682016,31.3011525448468,15.9543569260764
93,138,8,91,27.72,46.6965530682016,31.3011525448468,15.9543569260764
93,138,9,103,26.58,46.6965530682016,31.3011525448468,15.9543569260764
93,138,10,110,32.44,46.6965530682016,31.3011525448468,15.9543569260764
93,138,11,157,30.51,46.6965530682016,31.3011525448468,15.9543569260764
93,138,12,214,29.59,46.6965530682016,31.3011525448468,15.9543569260764
93,138,13,299,30.01,46.6965530682016,31.3011525448468,15.9543569260764
93,138,14,372,34.61,46.6965530682016,31.3011525448468,15.9543569260764
93,138,15,509,34.55,46.6965530682016,31.3011525448468,15.9543569260764
93,138,16,717,37.88,46.6965530682016,31.3011525448468,15.9543569260764
93,138,17,768,36.51,46.6965530682016,31.3011525448468,15.9543569260764
93,138,18,492,35.85,46.6965530682016,31.3011525448468,15.9543569260764
93,138,19,287,36.24,46.6965530682016,31.3011525448468,15.9543569260764
93,138,20,104,40.78,46.6965530682016,31.3011525448468,15.9543569260764
93,138,21,75,31.65,46.6965530682016,31.3011525448468,15.9543569260764
93,138,22,60,39.44,46.6965530682016,31.3011525448468,15.9543569260764
93,138,23,24,28.5,46.6965530682016,31.3011525448468,15.9543569260764
94,138,1,6,42.64,88.4972682157338,59.3205774348514,30.2360005466439
94,138,2,24,57.39,88.4972682157338,59.3205774348514,30.2360005466439
94,138,3,190,52.01,88.4972682157338,59.3205774348514,30.2360005466439
94,138,4,254,55.77,88.4972682157338,59.3205774348514,30.2360005466439
94,138,5,172,56.65,88.4972682157338,59.3205774348514,30.2360005466439
94,138,6,101,60.48,88.4972682157338,59.3205774348514,30.2360005466439
94,138,7,80,70.34,88.4972682157338,59.3205774348514,30.2360005466439
94,138,8,90,63.76,88.4972682157338,59.3205774348514,30.2360005466439
94,138,9,87,63.17,88.4972682157338,59.3205774348514,30.2360005466439
94,138,10,84,65.85,88.4972682157338,59.3205774348514,30.2360005466439
94,138,11,102,62.91,88.4972682157338,59.3205774348514,30.2360005466439
94,138,12,118,65.97,88.4972682157338,59.3205774348514,30.2360005466439
94,138,13,119,68.25,88.4972682157338,59.3205774348514,30.2360005466439
94,138,14,76,72.41,88.4972682157338,59.3205774348514,30.2360005466439
94,138,15,98,75.6,88.4972682157338,59.3205774348514,30.2360005466439
94,138,16,88,74.82,88.4972682157338,59.3205774348514,30.2360005466439
94,138,17,73,75.67,88.4972682157338,59.3205774348514,30.2360005466439
94,138,18,48,75.54,88.4972682157338,59.3205774348514,30.2360005466439
94,138,19,30,62.03,88.4972682157338,59.3205774348514,30.2360005466439
94,138,20,29,52.49,88.4972682157338,59.3205774348514,30.2360005466439
94,138,21,21,52.97,88.4972682157338,59.3205774348514,30.2360005466439
94,138,22,3,53.52,88.4972682157338,59.3205774348514,30.2360005466439
94,138,23,3,49.75,88.4972682157338,59.3205774348514,30.2360005466439
95,138,0,24,32.13,62.4577313379559,41.8660232449937,21.3393253481334
95,138,1,19,32.27,62.4577313379559,41.8660232449937,21.3393253481334
95,138,2,263,28.24,62.4577313379559,41.8660232449937,21.3393253481334
95,138,3,1326,31.04,62.4577313379559,41.8660232449937,21.3393253481334
95,138,4,3798,32.31,62.4577313379559,41.8660232449937,21.3393253481334
95,138,5,4342,32.71,62.4577313379559,41.8660232449937,21.3393253481334
95,138,6,2965,43.35,62.4577313379559,41.8660232449937,21.3393253481334
95,138,7,2948,45.7,62.4577313379559,41.8660232449937,21.3393253481334
95,138,8,2596,38.27,62.4577313379559,41.8660232449937,21.3393253481334
95,138,9,2397,44.68,62.4577313379559,41.8660232449937,21.3393253481334
95,138,10,1905,35.45,62.4577313379559,41.8660232449937,21.3393253481334
95,138,11,1789,35.66,62.4577313379559,41.8660232449937,21.3393253481334
95,138,12,1883,36.12,62.4577313379559,41.8660232449937,21.3393253481334
95,138,13,1955,51.13,62.4577313379559,41.8660232449937,21.3393253481334
95,138,14,1834,38.09,62.4577313379559,41.8660232449937,21.3393253481334
95,138,15,1720,38.79,62.4577313379559,41.8660232449937,21.3393253481334
95,138,16,1642,37.62,62.4577313379559,41.8660232449937,21.3393253481334
95,138,17,1673,37.52,62.4577313379559,41.8660232449937,21.3393253481334
95,138,18,1374,37.01,62.4577313379559,41.8660232449937,21.3393253481334
95,138,19,587,35.98,62.4577313379559,41.8660232449937,21.3393253481334
95,138,20,301,33.43,62.4577313379559,41.8660232449937,21.3393253481334
95,138,21,135,36.28,62.4577313379559,41.8660232449937,21.3393253481334
95,138,22,85,40.31,62.4577313379559,41.8660232449937,21.3393253481334
95,138,23,62,32.83,62.4577313379559,41.8660232449937,21.3393253481334
96,138,3,13,44.08,84.6808234747292,56.7623774999935,28.9320730062598
96,138,4,24,41.57,84.6808234747292,56.7623774999935,28.9320730062598
96,138,5,19,40.71,84.6808234747292,56.7623774999935,28.9320730062598
96,138,6,19,47.73,84.6808234747292,56.7623774999935,28.9320730062598
96,138,7,16,52.75,84.6808234747292,56.7623774999935,28.9320730062598
96,138,8,16,52.72,84.6808234747292,56.7623774999935,28.9320730062598
96,138,9,14,51.95,84.6808234747292,56.7623774999935,28.9320730062598
96,138,10,11,44.92,84.6808234747292,56.7623774999935,28.9320730062598
96,138,11,12,49.72,84.6808234747292,56.7623774999935,28.9320730062598
96,138,12,15,45.52,84.6808234747292,56.7623774999935,28.9320730062598
96,138,13,9,49.76,84.6808234747292,56.7623774999935,28.9320730062598
96,138,14,18,50.82,84.6808234747292,56.7623774999935,28.9320730062598
96,138,15,12,50.45,84.6808234747292,56.7623774999935,28.9320730062598
96,138,16,14,59.98,84.6808234747292,56.7623774999935,28.9320730062598
96,138,17,8,54.96,84.6808234747292,56.7623774999935,28.9320730062598
96,138,18,9,52.1,84.6808234747292,56.7623774999935,28.9320730062598
96,138,19,2,56.95,84.6808234747292,56.7623774999935,28.9320730062598
96,138,20,2,40.98,84.6808234747292,56.7623774999935,28.9320730062598
96,138,21,3,38.79,84.6808234747292,56.7623774999935,28.9320730062598
96,138,23,2,35.51,84.6808234747292,56.7623774999935,28.9320730062598
97,138,0,9,45.2,122.007681544494,81.7829325879696,41.6851774100095
97,138,1,6,62.25,122.007681544494,81.7829325879696,41.6851774100095
97,138,2,46,52.52,122.007681544494,81.7829325879696,41.6851774100095
97,138,3,552,53.44,122.007681544494,81.7829325879696,41.6851774100095
97,138,4,2179,55.21,122.007681544494,81.7829325879696,41.6851774100095
97,138,5,2727,56.46,122.007681544494,81.7829325879696,41.6851774100095
97,138,6,2355,58.83,122.007681544494,81.7829325879696,41.6851774100095
97,138,7,2321,65,122.007681544494,81.7829325879696,41.6851774100095
97,138,8,2070,69.88,122.007681544494,81.7829325879696,41.6851774100095
97,138,9,1981,63.23,122.007681544494,81.7829325879696,41.6851774100095
97,138,10,1533,65.85,122.007681544494,81.7829325879696,41.6851774100095
97,138,11,1671,66.2,122.007681544494,81.7829325879696,41.6851774100095
97,138,12,1703,69.18,122.007681544494,81.7829325879696,41.6851774100095
97,138,13,1678,86.52,122.007681544494,81.7829325879696,41.6851774100095
97,138,14,1762,77.28,122.007681544494,81.7829325879696,41.6851774100095
97,138,15,1739,84.04,122.007681544494,81.7829325879696,41.6851774100095
97,138,16,1599,87.23,122.007681544494,81.7829325879696,41.6851774100095
97,138,17,1316,85.69,122.007681544494,81.7829325879696,41.6851774100095
97,138,18,830,75.85,122.007681544494,81.7829325879696,41.6851774100095
97,138,19,476,64.16,122.007681544494,81.7829325879696,41.6851774100095
97,138,20,171,57.23,122.007681544494,81.7829325879696,41.6851774100095
97,138,21,53,54.52,122.007681544494,81.7829325879696,41.6851774100095
97,138,22,21,54.91,122.007681544494,81.7829325879696,41.6851774100095
97,138,23,15,150.39,122.007681544494,81.7829325879696,41.6851774100095
98,138,1,3,27.33,89.7307775831263,60.1474107306164,30.6574416900682
98,138,2,15,38.22,89.7307775831263,60.1474107306164,30.6574416900682
98,138,3,151,40.92,89.7307775831263,60.1474107306164,30.6574416900682
98,138,4,353,41.29,89.7307775831263,60.1474107306164,30.6574416900682
98,138,5,298,42.72,89.7307775831263,60.1474107306164,30.6574416900682
98,138,6,196,47.51,89.7307775831263,60.1474107306164,30.6574416900682
98,138,7,179,51.44,89.7307775831263,60.1474107306164,30.6574416900682
98,138,8,216,49.91,89.7307775831263,60.1474107306164,30.6574416900682
98,138,9,283,44.63,89.7307775831263,60.1474107306164,30.6574416900682
98,138,10,184,44.34,89.7307775831263,60.1474107306164,30.6574416900682
98,138,11,199,43.56,89.7307775831263,60.1474107306164,30.6574416900682
98,138,12,187,45.09,89.7307775831263,60.1474107306164,30.6574416900682
98,138,13,166,45.21,89.7307775831263,60.1474107306164,30.6574416900682
98,138,14,131,46.53,89.7307775831263,60.1474107306164,30.6574416900682
98,138,15,135,45.71,89.7307775831263,60.1474107306164,30.6574416900682
98,138,16,122,50.09,89.7307775831263,60.1474107306164,30.6574416900682
98,138,17,129,49.62,89.7307775831263,60.1474107306164,30.6574416900682
98,138,18,98,43.54,89.7307775831263,60.1474107306164,30.6574416900682
98,138,19,55,42.72,89.7307775831263,60.1474107306164,30.6574416900682
98,138,20,22,40.71,89.7307775831263,60.1474107306164,30.6574416900682
98,138,21,11,35.69,89.7307775831263,60.1474107306164,30.6574416900682
98,138,22,8,36.81,89.7307775831263,60.1474107306164,30.6574416900682
100,138,0,55,60.67,95.3923725600952,63.9424327692328,32.591783758133
100,138,1,69,67.41,95.3923725600952,63.9424327692328,32.591783758133
100,138,2,200,59.44,95.3923725600952,63.9424327692328,32.591783758133
100,138,3,1393,61.6,95.3923725600952,63.9424327692328,32.591783758133
100,138,4,3065,64.36,95.3923725600952,63.9424327692328,32.591783758133
100,138,5,3616,75.63,95.3923725600952,63.9424327692328,32.591783758133
100,138,6,4178,70.16,95.3923725600952,63.9424327692328,32.591783758133
100,138,7,5237,84.03,95.3923725600952,63.9424327692328,32.591783758133
100,138,8,5267,88.2,95.3923725600952,63.9424327692328,32.591783758133
100,138,9,5210,83.57,95.3923725600952,63.9424327692328,32.591783758133
100,138,10,5672,93.19,95.3923725600952,63.9424327692328,32.591783758133
100,138,11,6563,81.45,95.3923725600952,63.9424327692328,32.591783758133
100,138,12,6581,89.44,95.3923725600952,63.9424327692328,32.591783758133
100,138,13,6341,95.77,95.3923725600952,63.9424327692328,32.591783758133
100,138,14,6776,99.42,95.3923725600952,63.9424327692328,32.591783758133
100,138,15,6623,102.06,95.3923725600952,63.9424327692328,32.591783758133
100,138,16,6015,101.04,95.3923725600952,63.9424327692328,32.591783758133
100,138,17,4095,100.4,95.3923725600952,63.9424327692328,32.591783758133
100,138,18,2124,89.04,95.3923725600952,63.9424327692328,32.591783758133
100,138,19,906,76.03,95.3923725600952,63.9424327692328,32.591783758133
100,138,20,300,73.01,95.3923725600952,63.9424327692328,32.591783758133
100,138,21,106,70.95,95.3923725600952,63.9424327692328,32.591783758133
100,138,22,79,72.87,95.3923725600952,63.9424327692328,32.591783758133
100,138,23,55,72.79,95.3923725600952,63.9424327692328,32.591783758133
101,138,1,2,43.4,134.833569152264,90.3802494808786,46.0672736321705
101,138,2,11,56.64,134.833569152264,90.3802494808786,46.0672736321705
101,138,3,111,53.39,134.833569152264,90.3802494808786,46.0672736321705
101,138,4,368,54.07,134.833569152264,90.3802494808786,46.0672736321705
101,138,5,353,56.62,134.833569152264,90.3802494808786,46.0672736321705
101,138,6,237,66.54,134.833569152264,90.3802494808786,46.0672736321705
101,138,7,256,67.94,134.833569152264,90.3802494808786,46.0672736321705
101,138,8,239,66.57,134.833569152264,90.3802494808786,46.0672736321705
101,138,9,220,61.78,134.833569152264,90.3802494808786,46.0672736321705
101,138,10,182,61.44,134.833569152264,90.3802494808786,46.0672736321705
101,138,11,211,61.93,134.833569152264,90.3802494808786,46.0672736321705
101,138,12,198,60.67,134.833569152264,90.3802494808786,46.0672736321705
101,138,13,182,62.94,134.833569152264,90.3802494808786,46.0672736321705
101,138,14,185,62.15,134.833569152264,90.3802494808786,46.0672736321705
101,138,15,203,61.46,134.833569152264,90.3802494808786,46.0672736321705
101,138,16,189,63.92,134.833569152264,90.3802494808786,46.0672736321705
101,138,17,177,67.46,134.833569152264,90.3802494808786,46.0672736321705
101,138,18,99,63.27,134.833569152264,90.3802494808786,46.0672736321705
101,138,19,72,58.45,134.833569152264,90.3802494808786,46.0672736321705
101,138,20,26,55.68,134.833569152264,90.3802494808786,46.0672736321705
101,138,21,10,58.17,134.833569152264,90.3802494808786,46.0672736321705
101,138,22,4,55.05,134.833569152264,90.3802494808786,46.0672736321705
102,138,0,7,42.58,77.736243522724,52.1073581858244,26.5593859453082
102,138,1,7,42.49,77.736243522724,52.1073581858244,26.5593859453082
102,138,2,67,36.24,77.736243522724,52.1073581858244,26.5593859453082
102,138,3,250,46.68,77.736243522724,52.1073581858244,26.5593859453082
102,138,4,656,46.57,77.736243522724,52.1073581858244,26.5593859453082
102,138,5,548,47.23,77.736243522724,52.1073581858244,26.5593859453082
102,138,6,360,52.13,77.736243522724,52.1073581858244,26.5593859453082
102,138,7,351,59.15,77.736243522724,52.1073581858244,26.5593859453082
102,138,8,315,61.21,77.736243522724,52.1073581858244,26.5593859453082
102,138,9,299,53.25,77.736243522724,52.1073581858244,26.5593859453082
102,138,10,242,52.47,77.736243522724,52.1073581858244,26.5593859453082
102,138,11,265,52.15,77.736243522724,52.1073581858244,26.5593859453082
102,138,12,256,51.92,77.736243522724,52.1073581858244,26.5593859453082
102,138,13,216,54.04,77.736243522724,52.1073581858244,26.5593859453082
102,138,14,226,59.08,77.736243522724,52.1073581858244,26.5593859453082
102,138,15,219,58.42,77.736243522724,52.1073581858244,26.5593859453082
102,138,16,206,58.43,77.736243522724,52.1073581858244,26.5593859453082
102,138,17,215,59.77,77.736243522724,52.1073581858244,26.5593859453082
102,138,18,154,56.09,77.736243522724,52.1073581858244,26.5593859453082
102,138,19,86,49.17,77.736243522724,52.1073581858244,26.5593859453082
102,138,20,41,50.51,77.736243522724,52.1073581858244,26.5593859453082
102,138,21,27,43.27,77.736243522724,52.1073581858244,26.5593859453082
102,138,22,24,44.02,77.736243522724,52.1073581858244,26.5593859453082
102,138,23,14,39.27,77.736243522724,52.1073581858244,26.5593859453082
105,138,9,2,78.02,149.279686306247,100.063621957154,51.0029379184389
106,138,0,3,72.24,144.131650834957,96.6128438374548,49.2440587297095
106,138,1,2,57.77,144.131650834957,96.6128438374548,49.2440587297095
106,138,2,11,58.07,144.131650834957,96.6128438374548,49.2440587297095
106,138,3,199,60.91,144.131650834957,96.6128438374548,49.2440587297095
106,138,4,474,63.69,144.131650834957,96.6128438374548,49.2440587297095
106,138,5,621,66.64,144.131650834957,96.6128438374548,49.2440587297095
106,138,6,545,71.82,144.131650834957,96.6128438374548,49.2440587297095
106,138,7,589,82.27,144.131650834957,96.6128438374548,49.2440587297095
106,138,8,532,86.82,144.131650834957,96.6128438374548,49.2440587297095
106,138,9,506,85.66,144.131650834957,96.6128438374548,49.2440587297095
106,138,10,456,84.71,144.131650834957,96.6128438374548,49.2440587297095
106,138,11,446,86.3,144.131650834957,96.6128438374548,49.2440587297095
106,138,12,401,86.06,144.131650834957,96.6128438374548,49.2440587297095
106,138,13,366,88.84,144.131650834957,96.6128438374548,49.2440587297095
106,138,14,356,97.77,144.131650834957,96.6128438374548,49.2440587297095
106,138,15,348,101.62,144.131650834957,96.6128438374548,49.2440587297095
106,138,16,310,109.62,144.131650834957,96.6128438374548,49.2440587297095
106,138,17,234,104.98,144.131650834957,96.6128438374548,49.2440587297095
106,138,18,126,90.49,144.131650834957,96.6128438374548,49.2440587297095
106,138,19,80,77.73,144.131650834957,96.6128438374548,49.2440587297095
106,138,20,12,69.18,144.131650834957,96.6128438374548,49.2440587297095
106,138,21,9,71.81,144.131650834957,96.6128438374548,49.2440587297095
106,138,23,3,60.37,144.131650834957,96.6128438374548,49.2440587297095
107,138,0,11,48.68,98.0059973862069,65.6943708460676,33.4847555217178
107,138,1,22,53.51,98.0059973862069,65.6943708460676,33.4847555217178
107,138,2,83,54.22,98.0059973862069,65.6943708460676,33.4847555217178
107,138,3,900,54.82,98.0059973862069,65.6943708460676,33.4847555217178
107,138,4,4218,58.09,98.0059973862069,65.6943708460676,33.4847555217178
107,138,5,5821,57.35,98.0059973862069,65.6943708460676,33.4847555217178
107,138,6,5163,60.37,98.0059973862069,65.6943708460676,33.4847555217178
107,138,7,5226,65.66,98.0059973862069,65.6943708460676,33.4847555217178
107,138,8,4710,70.01,98.0059973862069,65.6943708460676,33.4847555217178
107,138,9,4502,68.88,98.0059973862069,65.6943708460676,33.4847555217178
107,138,10,3651,67.08,98.0059973862069,65.6943708460676,33.4847555217178
107,138,11,4009,75.57,98.0059973862069,65.6943708460676,33.4847555217178
107,138,12,4363,69.31,98.0059973862069,65.6943708460676,33.4847555217178
107,138,13,4277,72.54,98.0059973862069,65.6943708460676,33.4847555217178
107,138,14,4403,90.76,98.0059973862069,65.6943708460676,33.4847555217178
107,138,15,4273,84.9,98.0059973862069,65.6943708460676,33.4847555217178
107,138,16,4231,95.48,98.0059973862069,65.6943708460676,33.4847555217178
107,138,17,3542,87.98,98.0059973862069,65.6943708460676,33.4847555217178
107,138,18,2124,76.37,98.0059973862069,65.6943708460676,33.4847555217178
107,138,19,1115,64,98.0059973862069,65.6943708460676,33.4847555217178
107,138,20,365,59.56,98.0059973862069,65.6943708460676,33.4847555217178
107,138,21,81,57.93,98.0059973862069,65.6943708460676,33.4847555217178
107,138,22,44,59.82,98.0059973862069,65.6943708460676,33.4847555217178
107,138,23,22,55.77,98.0059973862069,65.6943708460676,33.4847555217178
108,138,1,4,93.57,217.581486567014,145.84698129692,74.3389494322286
108,138,2,15,89.47,217.581486567014,145.84698129692,74.3389494322286
108,138,3,80,87.58,217.581486567014,145.84698129692,74.3389494322286
108,138,4,89,88.51,217.581486567014,145.84698129692,74.3389494322286
108,138,5,74,95.19,217.581486567014,145.84698129692,74.3389494322286
108,138,6,58,115.53,217.581486567014,145.84698129692,74.3389494322286
108,138,7,62,126.05,217.581486567014,145.84698129692,74.3389494322286
108,138,8,40,125.65,217.581486567014,145.84698129692,74.3389494322286
108,138,9,38,107.35,217.581486567014,145.84698129692,74.3389494322286
108,138,10,47,111.03,217.581486567014,145.84698129692,74.3389494322286
108,138,11,63,116.17,217.581486567014,145.84698129692,74.3389494322286
108,138,12,35,116.95,217.581486567014,145.84698129692,74.3389494322286
108,138,13,36,114.62,217.581486567014,145.84698129692,74.3389494322286
108,138,14,35,130.63,217.581486567014,145.84698129692,74.3389494322286
108,138,15,43,136.14,217.581486567014,145.84698129692,74.3389494322286
108,138,16,45,137.86,217.581486567014,145.84698129692,74.3389494322286
108,138,17,27,128.41,217.581486567014,145.84698129692,74.3389494322286
108,138,18,16,111.27,217.581486567014,145.84698129692,74.3389494322286
108,138,19,14,103.17,217.581486567014,145.84698129692,74.3389494322286
108,138,20,5,96.73,217.581486567014,145.84698129692,74.3389494322286
108,138,22,4,115.87,217.581486567014,145.84698129692,74.3389494322286
109,138,2,3,110.13,326.161271789291,218.629064710343,111.4363481602
109,138,3,12,118.8,326.161271789291,218.629064710343,111.4363481602
109,138,4,22,127.3,326.161271789291,218.629064710343,111.4363481602
109,138,5,19,138.88,326.161271789291,218.629064710343,111.4363481602
109,138,6,16,164.8,326.161271789291,218.629064710343,111.4363481602
109,138,7,15,177.74,326.161271789291,218.629064710343,111.4363481602
109,138,8,12,169.57,326.161271789291,218.629064710343,111.4363481602
109,138,9,8,168.48,326.161271789291,218.629064710343,111.4363481602
109,138,10,14,147.02,326.161271789291,218.629064710343,111.4363481602
109,138,11,13,157.38,326.161271789291,218.629064710343,111.4363481602
109,138,12,8,152.02,326.161271789291,218.629064710343,111.4363481602
109,138,13,7,164.14,326.161271789291,218.629064710343,111.4363481602
109,138,14,11,206.51,326.161271789291,218.629064710343,111.4363481602
109,138,15,7,174.69,326.161271789291,218.629064710343,111.4363481602
109,138,16,5,176.56,326.161271789291,218.629064710343,111.4363481602
109,138,17,4,147.53,326.161271789291,218.629064710343,111.4363481602
109,138,18,7,150.34,326.161271789291,218.629064710343,111.4363481602
109,138,19,3,112.13,326.161271789291,218.629064710343,111.4363481602
111,138,5,4,81.71,161.83277711784,108.478080511067,55.2918303135819
111,138,6,4,85.29,161.83277711784,108.478080511067,55.2918303135819
111,138,7,4,92.16,161.83277711784,108.478080511067,55.2918303135819
111,138,8,5,99.05,161.83277711784,108.478080511067,55.2918303135819
111,138,9,5,85.21,161.83277711784,108.478080511067,55.2918303135819
111,138,10,4,94.25,161.83277711784,108.478080511067,55.2918303135819
111,138,12,4,95.12,161.83277711784,108.478080511067,55.2918303135819
111,138,13,5,90.44,161.83277711784,108.478080511067,55.2918303135819
111,138,14,4,99.35,161.83277711784,108.478080511067,55.2918303135819
111,138,15,4,118.79,161.83277711784,108.478080511067,55.2918303135819
111,138,16,4,123.03,161.83277711784,108.478080511067,55.2918303135819
112,138,0,14,57.83,78.7278757916969,52.7720589159657,26.8981872939966
112,138,1,14,41.56,78.7278757916969,52.7720589159657,26.8981872939966
112,138,2,69,47.69,78.7278757916969,52.7720589159657,26.8981872939966
112,138,3,732,44.69,78.7278757916969,52.7720589159657,26.8981872939966
112,138,4,4276,46.13,78.7278757916969,52.7720589159657,26.8981872939966
112,138,5,5513,45.22,78.7278757916969,52.7720589159657,26.8981872939966
112,138,6,4655,45.87,78.7278757916969,52.7720589159657,26.8981872939966
112,138,7,4539,50.36,78.7278757916969,52.7720589159657,26.8981872939966
112,138,8,4242,51.67,78.7278757916969,52.7720589159657,26.8981872939966
112,138,9,4074,48.85,78.7278757916969,52.7720589159657,26.8981872939966
112,138,10,3134,49.53,78.7278757916969,52.7720589159657,26.8981872939966
112,138,11,3178,51.86,78.7278757916969,52.7720589159657,26.8981872939966
112,138,12,3323,52.03,78.7278757916969,52.7720589159657,26.8981872939966
112,138,13,3122,54.03,78.7278757916969,52.7720589159657,26.8981872939966
112,138,14,3140,58.83,78.7278757916969,52.7720589159657,26.8981872939966
112,138,15,3124,60.88,78.7278757916969,52.7720589159657,26.8981872939966
112,138,16,2872,62.63,78.7278757916969,52.7720589159657,26.8981872939966
112,138,17,2807,64.46,78.7278757916969,52.7720589159657,26.8981872939966
112,138,18,1823,57.01,78.7278757916969,52.7720589159657,26.8981872939966
112,138,19,994,49.33,78.7278757916969,52.7720589159657,26.8981872939966
112,138,20,372,45.5,78.7278757916969,52.7720589159657,26.8981872939966
112,138,21,102,43.36,78.7278757916969,52.7720589159657,26.8981872939966
112,138,22,58,45.32,78.7278757916969,52.7720589159657,26.8981872939966
112,138,23,32,40.9,78.7278757916969,52.7720589159657,26.8981872939966
113,138,0,5,53.19,107.375005739483,71.974508038025,36.6857734446731
113,138,1,6,57.62,107.375005739483,71.974508038025,36.6857734446731
113,138,2,29,59.12,107.375005739483,71.974508038025,36.6857734446731
113,138,3,352,61.18,107.375005739483,71.974508038025,36.6857734446731
113,138,4,2021,82.36,107.375005739483,71.974508038025,36.6857734446731
113,138,5,3117,65.67,107.375005739483,71.974508038025,36.6857734446731
113,138,6,2842,68.43,107.375005739483,71.974508038025,36.6857734446731
113,138,7,3106,80.72,107.375005739483,71.974508038025,36.6857734446731
113,138,8,2823,78.62,107.375005739483,71.974508038025,36.6857734446731
113,138,9,2652,77.81,107.375005739483,71.974508038025,36.6857734446731
113,138,10,2211,91.36,107.375005739483,71.974508038025,36.6857734446731
113,138,11,2434,79.63,107.375005739483,71.974508038025,36.6857734446731
113,138,12,2736,101.34,107.375005739483,71.974508038025,36.6857734446731
113,138,13,2690,88.92,107.375005739483,71.974508038025,36.6857734446731
113,138,14,2658,94.34,107.375005739483,71.974508038025,36.6857734446731
113,138,15,2459,101.79,107.375005739483,71.974508038025,36.6857734446731
113,138,16,2284,104.31,107.375005739483,71.974508038025,36.6857734446731
113,138,17,1873,101.4,107.375005739483,71.974508038025,36.6857734446731
113,138,18,1069,87.81,107.375005739483,71.974508038025,36.6857734446731
113,138,19,571,77.93,107.375005739483,71.974508038025,36.6857734446731
113,138,20,193,75.8,107.375005739483,71.974508038025,36.6857734446731
113,138,21,54,69.13,107.375005739483,71.974508038025,36.6857734446731
113,138,22,28,71.68,107.375005739483,71.974508038025,36.6857734446731
113,138,23,18,69.25,107.375005739483,71.974508038025,36.6857734446731
114,138,0,9,62.05,111.601152985377,74.8073355366101,38.129680053469
114,138,1,4,61.18,111.601152985377,74.8073355366101,38.129680053469
114,138,2,33,59.11,111.601152985377,74.8073355366101,38.129680053469
114,138,3,320,62.74,111.601152985377,74.8073355366101,38.129680053469
114,138,4,1317,63.77,111.601152985377,74.8073355366101,38.129680053469
114,138,5,1581,62.26,111.601152985377,74.8073355366101,38.129680053469
114,138,6,1443,64.29,111.601152985377,74.8073355366101,38.129680053469
114,138,7,1507,70.9,111.601152985377,74.8073355366101,38.129680053469
114,138,8,1326,74.41,111.601152985377,74.8073355366101,38.129680053469
114,138,9,1267,72.74,111.601152985377,74.8073355366101,38.129680053469
114,138,10,1152,75.62,111.601152985377,74.8073355366101,38.129680053469
114,138,11,1289,79.95,111.601152985377,74.8073355366101,38.129680053469
114,138,12,1430,82.06,111.601152985377,74.8073355366101,38.129680053469
114,138,13,1502,102.63,111.601152985377,74.8073355366101,38.129680053469
114,138,14,1577,93.65,111.601152985377,74.8073355366101,38.129680053469
114,138,15,1552,103.75,111.601152985377,74.8073355366101,38.129680053469
114,138,16,1482,105.8,111.601152985377,74.8073355366101,38.129680053469
114,138,17,1295,103.05,111.601152985377,74.8073355366101,38.129680053469
114,138,18,875,88.7,111.601152985377,74.8073355366101,38.129680053469
114,138,19,447,79.23,111.601152985377,74.8073355366101,38.129680053469
114,138,20,152,75.75,111.601152985377,74.8073355366101,38.129680053469
114,138,21,42,70.41,111.601152985377,74.8073355366101,38.129680053469
114,138,22,29,78.75,111.601152985377,74.8073355366101,38.129680053469
114,138,23,9,79.81,111.601152985377,74.8073355366101,38.129680053469
115,138,2,8,93.89,240.55501943978,161.246363257602,82.188092874781
115,138,3,45,92.62,240.55501943978,161.246363257602,82.188092874781
115,138,4,33,96.15,240.55501943978,161.246363257602,82.188092874781
115,138,5,27,117.38,240.55501943978,161.246363257602,82.188092874781
115,138,6,29,114.61,240.55501943978,161.246363257602,82.188092874781
115,138,7,19,135.47,240.55501943978,161.246363257602,82.188092874781
115,138,8,23,140.93,240.55501943978,161.246363257602,82.188092874781
115,138,9,25,129.18,240.55501943978,161.246363257602,82.188092874781
115,138,10,13,137.21,240.55501943978,161.246363257602,82.188092874781
115,138,11,24,129.28,240.55501943978,161.246363257602,82.188092874781
115,138,12,20,126.51,240.55501943978,161.246363257602,82.188092874781
115,138,13,21,133.55,240.55501943978,161.246363257602,82.188092874781
115,138,14,17,146.01,240.55501943978,161.246363257602,82.188092874781
115,138,15,14,139.21,240.55501943978,161.246363257602,82.188092874781
115,138,16,12,151.17,240.55501943978,161.246363257602,82.188092874781
115,138,17,11,162.67,240.55501943978,161.246363257602,82.188092874781
115,138,18,2,132.43,240.55501943978,161.246363257602,82.188092874781
115,138,19,5,117.86,240.55501943978,161.246363257602,82.188092874781
116,138,0,9,45.98,79.950097963876,53.5913262952773,27.3157720512576
116,138,1,11,46,79.950097963876,53.5913262952773,27.3157720512576
116,138,2,110,48.77,79.950097963876,53.5913262952773,27.3157720512576
116,138,3,1087,49.15,79.950097963876,53.5913262952773,27.3157720512576
116,138,4,2676,49.69,79.950097963876,53.5913262952773,27.3157720512576
116,138,5,2275,50.1,79.950097963876,53.5913262952773,27.3157720512576
116,138,6,1885,53.26,79.950097963876,53.5913262952773,27.3157720512576
116,138,7,1809,58.73,79.950097963876,53.5913262952773,27.3157720512576
116,138,8,1875,61.09,79.950097963876,53.5913262952773,27.3157720512576
116,138,9,1621,57.32,79.950097963876,53.5913262952773,27.3157720512576
116,138,10,1289,55.42,79.950097963876,53.5913262952773,27.3157720512576
116,138,11,1306,55.28,79.950097963876,53.5913262952773,27.3157720512576
116,138,12,1317,55.77,79.950097963876,53.5913262952773,27.3157720512576
116,138,13,1215,58.72,79.950097963876,53.5913262952773,27.3157720512576
116,138,14,1175,60.65,79.950097963876,53.5913262952773,27.3157720512576
116,138,15,1080,64.37,79.950097963876,53.5913262952773,27.3157720512576
116,138,16,995,66.65,79.950097963876,53.5913262952773,27.3157720512576
116,138,17,856,67.06,79.950097963876,53.5913262952773,27.3157720512576
116,138,18,569,60.65,79.950097963876,53.5913262952773,27.3157720512576
116,138,19,336,54.8,79.950097963876,53.5913262952773,27.3157720512576
116,138,20,136,51.16,79.950097963876,53.5913262952773,27.3157720512576
116,138,21,76,50.05,79.950097963876,53.5913262952773,27.3157720512576
116,138,22,27,47.21,79.950097963876,53.5913262952773,27.3157720512576
116,138,23,24,51.73,79.950097963876,53.5913262952773,27.3157720512576
117,138,1,7,83.46,205.252366640829,137.582652600333,70.1265789902508
117,138,2,31,78.42,205.252366640829,137.582652600333,70.1265789902508
117,138,3,129,86.26,205.252366640829,137.582652600333,70.1265789902508
117,138,4,155,86.39,205.252366640829,137.582652600333,70.1265789902508
117,138,5,125,88.57,205.252366640829,137.582652600333,70.1265789902508
117,138,6,120,105.28,205.252366640829,137.582652600333,70.1265789902508
117,138,7,96,113.65,205.252366640829,137.582652600333,70.1265789902508
117,138,8,99,102.18,205.252366640829,137.582652600333,70.1265789902508
117,138,9,95,98.96,205.252366640829,137.582652600333,70.1265789902508
117,138,10,95,102.89,205.252366640829,137.582652600333,70.1265789902508
117,138,11,61,101.63,205.252366640829,137.582652600333,70.1265789902508
117,138,12,96,102.73,205.252366640829,137.582652600333,70.1265789902508
117,138,13,68,104.01,205.252366640829,137.582652600333,70.1265789902508
117,138,14,64,107.79,205.252366640829,137.582652600333,70.1265789902508
117,138,15,67,104.61,205.252366640829,137.582652600333,70.1265789902508
117,138,16,51,104.64,205.252366640829,137.582652600333,70.1265789902508
117,138,17,46,108.27,205.252366640829,137.582652600333,70.1265789902508
117,138,18,33,102.53,205.252366640829,137.582652600333,70.1265789902508
117,138,19,19,105.25,205.252366640829,137.582652600333,70.1265789902508
117,138,20,7,101.58,205.252366640829,137.582652600333,70.1265789902508
117,138,21,9,83,205.252366640829,137.582652600333,70.1265789902508
117,138,22,20,81.55,205.252366640829,137.582652600333,70.1265789902508
117,138,23,2,81.67,205.252366640829,137.582652600333,70.1265789902508
118,138,1,2,93.96,289.795630057921,194.252822259163,99.0116531900865
118,138,2,5,94.73,289.795630057921,194.252822259163,99.0116531900865
118,138,3,12,105.99,289.795630057921,194.252822259163,99.0116531900865
118,138,4,42,106.52,289.795630057921,194.252822259163,99.0116531900865
118,138,5,27,115.07,289.795630057921,194.252822259163,99.0116531900865
118,138,6,28,132.93,289.795630057921,194.252822259163,99.0116531900865
118,138,7,25,139.47,289.795630057921,194.252822259163,99.0116531900865
118,138,8,23,147.83,289.795630057921,194.252822259163,99.0116531900865
118,138,9,25,143.99,289.795630057921,194.252822259163,99.0116531900865
118,138,10,26,138.88,289.795630057921,194.252822259163,99.0116531900865
118,138,11,22,142,289.795630057921,194.252822259163,99.0116531900865
118,138,12,21,135.85,289.795630057921,194.252822259163,99.0116531900865
118,138,13,24,149.82,289.795630057921,194.252822259163,99.0116531900865
118,138,14,32,155.34,289.795630057921,194.252822259163,99.0116531900865
118,138,15,23,180.32,289.795630057921,194.252822259163,99.0116531900865
118,138,16,20,157.53,289.795630057921,194.252822259163,99.0116531900865
118,138,17,17,144.52,289.795630057921,194.252822259163,99.0116531900865
118,138,18,8,145.3,289.795630057921,194.252822259163,99.0116531900865
118,138,19,4,111.31,289.795630057921,194.252822259163,99.0116531900865
118,138,20,3,102.31,289.795630057921,194.252822259163,99.0116531900865
119,138,0,3,41.45,76.9240058575432,51.5629073989888,26.2818766053753
119,138,1,9,38.9,76.9240058575432,51.5629073989888,26.2818766053753
119,138,2,51,43.6,76.9240058575432,51.5629073989888,26.2818766053753
119,138,3,450,44.1,76.9240058575432,51.5629073989888,26.2818766053753
119,138,4,625,47.65,76.9240058575432,51.5629073989888,26.2818766053753
119,138,5,482,47.81,76.9240058575432,51.5629073989888,26.2818766053753
119,138,6,302,50.1,76.9240058575432,51.5629073989888,26.2818766053753
119,138,7,298,55.39,76.9240058575432,51.5629073989888,26.2818766053753
119,138,8,349,56.32,76.9240058575432,51.5629073989888,26.2818766053753
119,138,9,322,59.84,76.9240058575432,51.5629073989888,26.2818766053753
119,138,10,394,50.46,76.9240058575432,51.5629073989888,26.2818766053753
119,138,11,332,51.97,76.9240058575432,51.5629073989888,26.2818766053753
119,138,12,249,52.76,76.9240058575432,51.5629073989888,26.2818766053753
119,138,13,218,55.35,76.9240058575432,51.5629073989888,26.2818766053753
119,138,14,214,58.76,76.9240058575432,51.5629073989888,26.2818766053753
119,138,15,236,62.18,76.9240058575432,51.5629073989888,26.2818766053753
119,138,16,193,66.36,76.9240058575432,51.5629073989888,26.2818766053753
119,138,17,189,64.35,76.9240058575432,51.5629073989888,26.2818766053753
119,138,18,166,57.8,76.9240058575432,51.5629073989888,26.2818766053753
119,138,19,110,49.79,76.9240058575432,51.5629073989888,26.2818766053753
119,138,20,62,51.13,76.9240058575432,51.5629073989888,26.2818766053753
119,138,21,32,50.05,76.9240058575432,51.5629073989888,26.2818766053753
119,138,22,11,44.72,76.9240058575432,51.5629073989888,26.2818766053753
119,138,23,5,36.87,76.9240058575432,51.5629073989888,26.2818766053753
120,138,3,9,43.31,86.571751918552,58.0298851805934,29.5781281287944
120,138,4,24,53.77,86.571751918552,58.0298851805934,29.5781281287944
120,138,5,28,48.78,86.571751918552,58.0298851805934,29.5781281287944
120,138,6,33,56.04,86.571751918552,58.0298851805934,29.5781281287944
120,138,7,25,55.87,86.571751918552,58.0298851805934,29.5781281287944
120,138,8,23,63.16,86.571751918552,58.0298851805934,29.5781281287944
120,138,9,29,70.55,86.571751918552,58.0298851805934,29.5781281287944
120,138,10,24,56.48,86.571751918552,58.0298851805934,29.5781281287944
120,138,11,43,59.88,86.571751918552,58.0298851805934,29.5781281287944
120,138,12,29,56.09,86.571751918552,58.0298851805934,29.5781281287944
120,138,13,27,60.59,86.571751918552,58.0298851805934,29.5781281287944
120,138,14,22,58.29,86.571751918552,58.0298851805934,29.5781281287944
120,138,15,15,62.67,86.571751918552,58.0298851805934,29.5781281287944
120,138,16,16,58.77,86.571751918552,58.0298851805934,29.5781281287944
120,138,17,17,62.45,86.571751918552,58.0298851805934,29.5781281287944
120,138,18,11,54.39,86.571751918552,58.0298851805934,29.5781281287944
120,138,19,5,50.59,86.571751918552,58.0298851805934,29.5781281287944
120,138,21,2,57.04,86.571751918552,58.0298851805934,29.5781281287944
121,138,0,5,31.12,77.116741728033,51.6921001227912,26.347726794912
121,138,1,7,28.69,77.116741728033,51.6921001227912,26.347726794912
121,138,2,67,31.79,77.116741728033,51.6921001227912,26.347726794912
121,138,3,532,34.15,77.116741728033,51.6921001227912,26.347726794912
121,138,4,1076,35.45,77.116741728033,51.6921001227912,26.347726794912
121,138,5,840,35.65,77.116741728033,51.6921001227912,26.347726794912
121,138,6,609,42.01,77.116741728033,51.6921001227912,26.347726794912
121,138,7,484,46.85,77.116741728033,51.6921001227912,26.347726794912
121,138,8,476,45.68,77.116741728033,51.6921001227912,26.347726794912
121,138,9,436,43.28,77.116741728033,51.6921001227912,26.347726794912
121,138,10,373,41.6,77.116741728033,51.6921001227912,26.347726794912
121,138,11,526,39.67,77.116741728033,51.6921001227912,26.347726794912
121,138,12,466,39.93,77.116741728033,51.6921001227912,26.347726794912
121,138,13,448,40.36,77.116741728033,51.6921001227912,26.347726794912
121,138,14,402,42.93,77.116741728033,51.6921001227912,26.347726794912
121,138,15,448,43.62,77.116741728033,51.6921001227912,26.347726794912
121,138,16,390,46.34,77.116741728033,51.6921001227912,26.347726794912
121,138,17,361,42.65,77.116741728033,51.6921001227912,26.347726794912
121,138,18,235,39.19,77.116741728033,51.6921001227912,26.347726794912
121,138,19,127,37.17,77.116741728033,51.6921001227912,26.347726794912
121,138,20,75,34.37,77.116741728033,51.6921001227912,26.347726794912
121,138,21,57,35.35,77.116741728033,51.6921001227912,26.347726794912
121,138,22,43,32.55,77.116741728033,51.6921001227912,26.347726794912
121,138,23,20,34.22,77.116741728033,51.6921001227912,26.347726794912
122,138,0,4,48.3,114.621529075579,76.831922931832,39.1616225637368
122,138,2,18,45.54,114.621529075579,76.831922931832,39.1616225637368
122,138,3,205,47.19,114.621529075579,76.831922931832,39.1616225637368
122,138,4,332,47.14,114.621529075579,76.831922931832,39.1616225637368
122,138,5,269,48.96,114.621529075579,76.831922931832,39.1616225637368
122,138,6,207,54.79,114.621529075579,76.831922931832,39.1616225637368
122,138,7,149,64.02,114.621529075579,76.831922931832,39.1616225637368
122,138,8,174,60.38,114.621529075579,76.831922931832,39.1616225637368
122,138,9,138,53.62,114.621529075579,76.831922931832,39.1616225637368
122,138,10,155,50.66,114.621529075579,76.831922931832,39.1616225637368
122,138,11,132,51.29,114.621529075579,76.831922931832,39.1616225637368
122,138,12,249,54.44,114.621529075579,76.831922931832,39.1616225637368
122,138,13,114,52.63,114.621529075579,76.831922931832,39.1616225637368
122,138,14,107,56.17,114.621529075579,76.831922931832,39.1616225637368
122,138,15,112,55.73,114.621529075579,76.831922931832,39.1616225637368
122,138,16,82,55.94,114.621529075579,76.831922931832,39.1616225637368
122,138,17,90,55.93,114.621529075579,76.831922931832,39.1616225637368
122,138,18,67,52.55,114.621529075579,76.831922931832,39.1616225637368
122,138,19,33,54.1,114.621529075579,76.831922931832,39.1616225637368
122,138,20,94,49.15,114.621529075579,76.831922931832,39.1616225637368
122,138,21,33,46.96,114.621529075579,76.831922931832,39.1616225637368
122,138,22,3,49.57,114.621529075579,76.831922931832,39.1616225637368
122,138,23,4,49.1,114.621529075579,76.831922931832,39.1616225637368
123,138,1,2,91.13,201.044472725886,134.762060486568,68.6889088194349
123,138,2,18,85.12,201.044472725886,134.762060486568,68.6889088194349
123,138,3,164,86.61,201.044472725886,134.762060486568,68.6889088194349
123,138,4,237,89.3,201.044472725886,134.762060486568,68.6889088194349
123,138,5,188,96.1,201.044472725886,134.762060486568,68.6889088194349
123,138,6,164,108.21,201.044472725886,134.762060486568,68.6889088194349
123,138,7,124,122.5,201.044472725886,134.762060486568,68.6889088194349
123,138,8,124,125.55,201.044472725886,134.762060486568,68.6889088194349
123,138,9,112,119.13,201.044472725886,134.762060486568,68.6889088194349
123,138,10,70,114.96,201.044472725886,134.762060486568,68.6889088194349
123,138,11,70,110.24,201.044472725886,134.762060486568,68.6889088194349
123,138,12,90,120.64,201.044472725886,134.762060486568,68.6889088194349
123,138,13,67,122.34,201.044472725886,134.762060486568,68.6889088194349
123,138,14,73,128.42,201.044472725886,134.762060486568,68.6889088194349
123,138,15,63,139.23,201.044472725886,134.762060486568,68.6889088194349
123,138,16,81,140.45,201.044472725886,134.762060486568,68.6889088194349
123,138,17,74,138.13,201.044472725886,134.762060486568,68.6889088194349
123,138,18,36,116.73,201.044472725886,134.762060486568,68.6889088194349
123,138,19,15,103.6,201.044472725886,134.762060486568,68.6889088194349
123,138,20,6,105.56,201.044472725886,134.762060486568,68.6889088194349
123,138,21,4,98.57,201.044472725886,134.762060486568,68.6889088194349
123,138,22,2,88.5,201.044472725886,134.762060486568,68.6889088194349
124,138,0,2,46.34,127.871780115978,85.7136947505633,43.6887069108381
124,138,1,3,51.75,127.871780115978,85.7136947505633,43.6887069108381
124,138,2,19,58.18,127.871780115978,85.7136947505633,43.6887069108381
124,138,3,221,52.42,127.871780115978,85.7136947505633,43.6887069108381
124,138,4,288,57.04,127.871780115978,85.7136947505633,43.6887069108381
124,138,5,284,56.87,127.871780115978,85.7136947505633,43.6887069108381
124,138,6,157,68.58,127.871780115978,85.7136947505633,43.6887069108381
124,138,7,135,78.46,127.871780115978,85.7136947505633,43.6887069108381
124,138,8,117,75.74,127.871780115978,85.7136947505633,43.6887069108381
124,138,9,81,66.9,127.871780115978,85.7136947505633,43.6887069108381
124,138,10,74,69.03,127.871780115978,85.7136947505633,43.6887069108381
124,138,11,95,68.07,127.871780115978,85.7136947505633,43.6887069108381
124,138,12,87,74.14,127.871780115978,85.7136947505633,43.6887069108381
124,138,13,85,75.71,127.871780115978,85.7136947505633,43.6887069108381
124,138,14,90,76.19,127.871780115978,85.7136947505633,43.6887069108381
124,138,15,70,76.32,127.871780115978,85.7136947505633,43.6887069108381
124,138,16,81,73.74,127.871780115978,85.7136947505633,43.6887069108381
124,138,17,81,73.23,127.871780115978,85.7136947505633,43.6887069108381
124,138,18,42,69.87,127.871780115978,85.7136947505633,43.6887069108381
124,138,19,22,66.45,127.871780115978,85.7136947505633,43.6887069108381
124,138,20,16,59.3,127.871780115978,85.7136947505633,43.6887069108381
124,138,21,11,58.95,127.871780115978,85.7136947505633,43.6887069108381
124,138,22,3,51.71,127.871780115978,85.7136947505633,43.6887069108381
125,138,0,6,69.71,119.81566440328,80.3136022325184,40.9362522418516
125,138,1,5,53.59,119.81566440328,80.3136022325184,40.9362522418516
125,138,2,25,65.96,119.81566440328,80.3136022325184,40.9362522418516
125,138,3,325,64.23,119.81566440328,80.3136022325184,40.9362522418516
125,138,4,1220,69.93,119.81566440328,80.3136022325184,40.9362522418516
125,138,5,1563,69.03,119.81566440328,80.3136022325184,40.9362522418516
125,138,6,1613,72.62,119.81566440328,80.3136022325184,40.9362522418516
125,138,7,1991,92.76,119.81566440328,80.3136022325184,40.9362522418516
125,138,8,1841,83.16,119.81566440328,80.3136022325184,40.9362522418516
125,138,9,1867,98.23,119.81566440328,80.3136022325184,40.9362522418516
125,138,10,1740,103.21,119.81566440328,80.3136022325184,40.9362522418516
125,138,11,2031,91.68,119.81566440328,80.3136022325184,40.9362522418516
125,138,12,2107,95.04,119.81566440328,80.3136022325184,40.9362522418516
125,138,13,2106,112.83,119.81566440328,80.3136022325184,40.9362522418516
125,138,14,2315,106.06,119.81566440328,80.3136022325184,40.9362522418516
125,138,15,2282,116.29,119.81566440328,80.3136022325184,40.9362522418516
125,138,16,2070,120.71,119.81566440328,80.3136022325184,40.9362522418516
125,138,17,1365,117.93,119.81566440328,80.3136022325184,40.9362522418516
125,138,18,666,102.56,119.81566440328,80.3136022325184,40.9362522418516
125,138,19,283,88.24,119.81566440328,80.3136022325184,40.9362522418516
125,138,20,70,78.62,119.81566440328,80.3136022325184,40.9362522418516
125,138,21,13,66.89,119.81566440328,80.3136022325184,40.9362522418516
125,138,22,8,75.16,119.81566440328,80.3136022325184,40.9362522418516
125,138,23,6,75.29,119.81566440328,80.3136022325184,40.9362522418516
126,138,0,3,51.68,38.4014186310329,25.740843456966,13.1202390551687
126,138,1,6,59.88,38.4014186310329,25.740843456966,13.1202390551687
126,138,2,49,44.97,38.4014186310329,25.740843456966,13.1202390551687
126,138,3,193,45.82,38.4014186310329,25.740843456966,13.1202390551687
126,138,4,370,46.93,38.4014186310329,25.740843456966,13.1202390551687
126,138,5,300,46.02,38.4014186310329,25.740843456966,13.1202390551687
126,138,6,236,48.48,38.4014186310329,25.740843456966,13.1202390551687
126,138,7,162,53.35,38.4014186310329,25.740843456966,13.1202390551687
126,138,8,170,54.1,38.4014186310329,25.740843456966,13.1202390551687
126,138,9,161,52.64,38.4014186310329,25.740843456966,13.1202390551687
126,138,10,161,56.72,38.4014186310329,25.740843456966,13.1202390551687
126,138,11,194,54.61,38.4014186310329,25.740843456966,13.1202390551687
126,138,12,224,54.63,38.4014186310329,25.740843456966,13.1202390551687
126,138,13,217,56.24,38.4014186310329,25.740843456966,13.1202390551687
126,138,14,252,57.34,38.4014186310329,25.740843456966,13.1202390551687
126,138,15,229,61.56,38.4014186310329,25.740843456966,13.1202390551687
126,138,16,184,61.34,38.4014186310329,25.740843456966,13.1202390551687
126,138,17,126,57.21,38.4014186310329,25.740843456966,13.1202390551687
126,138,18,98,55.76,38.4014186310329,25.740843456966,13.1202390551687
126,138,19,56,50.12,38.4014186310329,25.740843456966,13.1202390551687
126,138,20,42,45.65,38.4014186310329,25.740843456966,13.1202390551687
126,138,21,52,39.62,38.4014186310329,25.740843456966,13.1202390551687
126,138,22,11,44.97,38.4014186310329,25.740843456966,13.1202390551687
126,138,23,5,37.53,38.4014186310329,25.740843456966,13.1202390551687
127,138,0,7,63.78,101.230807167636,67.8559921278181,34.5865449021132
127,138,1,12,52.38,101.230807167636,67.8559921278181,34.5865449021132
127,138,2,47,56.49,101.230807167636,67.8559921278181,34.5865449021132
127,138,3,356,58.41,101.230807167636,67.8559921278181,34.5865449021132
127,138,4,886,56.39,101.230807167636,67.8559921278181,34.5865449021132
127,138,5,815,56.88,101.230807167636,67.8559921278181,34.5865449021132
127,138,6,662,60,101.230807167636,67.8559921278181,34.5865449021132
127,138,7,607,65.4,101.230807167636,67.8559921278181,34.5865449021132
127,138,8,603,67.1,101.230807167636,67.8559921278181,34.5865449021132
127,138,9,570,63.23,101.230807167636,67.8559921278181,34.5865449021132
127,138,10,421,63.4,101.230807167636,67.8559921278181,34.5865449021132
127,138,11,438,63.3,101.230807167636,67.8559921278181,34.5865449021132
127,138,12,432,63.24,101.230807167636,67.8559921278181,34.5865449021132
127,138,13,362,65.35,101.230807167636,67.8559921278181,34.5865449021132
127,138,14,396,68.53,101.230807167636,67.8559921278181,34.5865449021132
127,138,15,365,70.54,101.230807167636,67.8559921278181,34.5865449021132
127,138,16,314,73.55,101.230807167636,67.8559921278181,34.5865449021132
127,138,17,275,77.06,101.230807167636,67.8559921278181,34.5865449021132
127,138,18,167,66.87,101.230807167636,67.8559921278181,34.5865449021132
127,138,19,84,59.79,101.230807167636,67.8559921278181,34.5865449021132
127,138,20,58,57,101.230807167636,67.8559921278181,34.5865449021132
127,138,21,18,56.44,101.230807167636,67.8559921278181,34.5865449021132
127,138,22,9,46.27,101.230807167636,67.8559921278181,34.5865449021132
127,138,23,6,54.77,101.230807167636,67.8559921278181,34.5865449021132
128,138,1,2,116.43,108.929982640881,73.0168241405283,37.2170472725397
128,138,3,7,53.51,108.929982640881,73.0168241405283,37.2170472725397
128,138,4,45,58.3,108.929982640881,73.0168241405283,37.2170472725397
128,138,5,36,60.04,108.929982640881,73.0168241405283,37.2170472725397
128,138,6,37,61.85,108.929982640881,73.0168241405283,37.2170472725397
128,138,7,51,75.87,108.929982640881,73.0168241405283,37.2170472725397
128,138,8,34,74.62,108.929982640881,73.0168241405283,37.2170472725397
128,138,9,37,70.52,108.929982640881,73.0168241405283,37.2170472725397
128,138,10,30,64.01,108.929982640881,73.0168241405283,37.2170472725397
128,138,11,37,68.1,108.929982640881,73.0168241405283,37.2170472725397
128,138,12,39,67.7,108.929982640881,73.0168241405283,37.2170472725397
128,138,13,34,75.69,108.929982640881,73.0168241405283,37.2170472725397
128,138,14,44,78.27,108.929982640881,73.0168241405283,37.2170472725397
128,138,15,41,75.76,108.929982640881,73.0168241405283,37.2170472725397
128,138,16,47,77.94,108.929982640881,73.0168241405283,37.2170472725397
128,138,17,25,76.3,108.929982640881,73.0168241405283,37.2170472725397
128,138,18,20,66.49,108.929982640881,73.0168241405283,37.2170472725397
128,138,19,10,66.65,108.929982640881,73.0168241405283,37.2170472725397
129,138,0,217,78,22.6551960339547,15.1859976893051,7.74038039227512
129,138,1,118,27.03,22.6551960339547,15.1859976893051,7.74038039227512
129,138,2,486,25.02,22.6551960339547,15.1859976893051,7.74038039227512
129,138,3,2817,23.65,22.6551960339547,15.1859976893051,7.74038039227512
129,138,4,7072,24.09,22.6551960339547,15.1859976893051,7.74038039227512
129,138,5,6289,31.79,22.6551960339547,15.1859976893051,7.74038039227512
129,138,6,4318,24.4,22.6551960339547,15.1859976893051,7.74038039227512
129,138,7,3701,26.32,22.6551960339547,15.1859976893051,7.74038039227512
129,138,8,4099,27.02,22.6551960339547,15.1859976893051,7.74038039227512
129,138,9,4450,26.25,22.6551960339547,15.1859976893051,7.74038039227512
129,138,10,4299,27.39,22.6551960339547,15.1859976893051,7.74038039227512
129,138,11,4809,30.57,22.6551960339547,15.1859976893051,7.74038039227512
129,138,12,4812,29.97,22.6551960339547,15.1859976893051,7.74038039227512
129,138,13,5283,26.29,22.6551960339547,15.1859976893051,7.74038039227512
129,138,14,4351,28.39,22.6551960339547,15.1859976893051,7.74038039227512
129,138,15,4587,28.65,22.6551960339547,15.1859976893051,7.74038039227512
129,138,16,4608,29.25,22.6551960339547,15.1859976893051,7.74038039227512
129,138,17,4477,31.52,22.6551960339547,15.1859976893051,7.74038039227512
129,138,18,3864,29.77,22.6551960339547,15.1859976893051,7.74038039227512
129,138,19,2435,29.32,22.6551960339547,15.1859976893051,7.74038039227512
129,138,20,1904,43.23,22.6551960339547,15.1859976893051,7.74038039227512
129,138,21,1450,29.6,22.6551960339547,15.1859976893051,7.74038039227512
129,138,22,730,55.07,22.6551960339547,15.1859976893051,7.74038039227512
129,138,23,459,60.45,22.6551960339547,15.1859976893051,7.74038039227512
130,138,0,54,33.34,100.164536966159,67.1412608674253,34.2222427372586
130,138,1,59,33.53,100.164536966159,67.1412608674253,34.2222427372586
130,138,2,407,35.85,100.164536966159,67.1412608674253,34.2222427372586
130,138,3,959,36.75,100.164536966159,67.1412608674253,34.2222427372586
130,138,4,1663,38.3,100.164536966159,67.1412608674253,34.2222427372586
130,138,5,1122,39.48,100.164536966159,67.1412608674253,34.2222427372586
130,138,6,1081,42.33,100.164536966159,67.1412608674253,34.2222427372586
130,138,7,817,48.58,100.164536966159,67.1412608674253,34.2222427372586
130,138,8,1020,47.34,100.164536966159,67.1412608674253,34.2222427372586
130,138,9,875,44.78,100.164536966159,67.1412608674253,34.2222427372586
130,138,10,1106,73.53,100.164536966159,67.1412608674253,34.2222427372586
130,138,11,1145,42.8,100.164536966159,67.1412608674253,34.2222427372586
130,138,12,1003,43.31,100.164536966159,67.1412608674253,34.2222427372586
130,138,13,977,44.41,100.164536966159,67.1412608674253,34.2222427372586
130,138,14,1262,45.12,100.164536966159,67.1412608674253,34.2222427372586
130,138,15,971,47.45,100.164536966159,67.1412608674253,34.2222427372586
130,138,16,848,45.4,100.164536966159,67.1412608674253,34.2222427372586
130,138,17,907,43.55,100.164536966159,67.1412608674253,34.2222427372586
130,138,18,731,41.85,100.164536966159,67.1412608674253,34.2222427372586
130,138,19,345,42.26,100.164536966159,67.1412608674253,34.2222427372586
130,138,20,188,40.29,100.164536966159,67.1412608674253,34.2222427372586
130,138,21,159,39.28,100.164536966159,67.1412608674253,34.2222427372586
130,138,22,179,35.97,100.164536966159,67.1412608674253,34.2222427372586
130,138,23,54,37.44,100.164536966159,67.1412608674253,34.2222427372586
131,138,0,2,30.95,98.6259444353431,66.109927367475,33.6965667978679
131,138,1,3,34.63,98.6259444353431,66.109927367475,33.6965667978679
131,138,2,19,40.11,98.6259444353431,66.109927367475,33.6965667978679
131,138,3,315,41.46,98.6259444353431,66.109927367475,33.6965667978679
131,138,4,722,42.18,98.6259444353431,66.109927367475,33.6965667978679
131,138,5,683,41.91,98.6259444353431,66.109927367475,33.6965667978679
131,138,6,406,48.27,98.6259444353431,66.109927367475,33.6965667978679
131,138,7,349,52.21,98.6259444353431,66.109927367475,33.6965667978679
131,138,8,327,49.45,98.6259444353431,66.109927367475,33.6965667978679
131,138,9,339,49.82,98.6259444353431,66.109927367475,33.6965667978679
131,138,10,288,45.66,98.6259444353431,66.109927367475,33.6965667978679
131,138,11,250,46.21,98.6259444353431,66.109927367475,33.6965667978679
131,138,12,243,46.04,98.6259444353431,66.109927367475,33.6965667978679
131,138,13,246,45.78,98.6259444353431,66.109927367475,33.6965667978679
131,138,14,242,49.6,98.6259444353431,66.109927367475,33.6965667978679
131,138,15,260,47.4,98.6259444353431,66.109927367475,33.6965667978679
131,138,16,230,47.65,98.6259444353431,66.109927367475,33.6965667978679
131,138,17,247,47.98,98.6259444353431,66.109927367475,33.6965667978679
131,138,18,197,46.54,98.6259444353431,66.109927367475,33.6965667978679
131,138,19,111,41.72,98.6259444353431,66.109927367475,33.6965667978679
131,138,20,55,40.92,98.6259444353431,66.109927367475,33.6965667978679
131,138,21,20,39.25,98.6259444353431,66.109927367475,33.6965667978679
131,138,22,46,35.01,98.6259444353431,66.109927367475,33.6965667978679
131,138,23,4,33.39,98.6259444353431,66.109927367475,33.6965667978679
132,138,0,1104,67.05,154.544487131814,103.592669026616,52.8017111896291
132,138,1,683,62.62,154.544487131814,103.592669026616,52.8017111896291
132,138,2,598,56.26,154.544487131814,103.592669026616,52.8017111896291
132,138,3,933,77.84,154.544487131814,103.592669026616,52.8017111896291
132,138,4,1447,53.85,154.544487131814,103.592669026616,52.8017111896291
132,138,5,2177,59.92,154.544487131814,103.592669026616,52.8017111896291
132,138,6,3421,69.6,154.544487131814,103.592669026616,52.8017111896291
132,138,7,4254,92.71,154.544487131814,103.592669026616,52.8017111896291
132,138,8,4357,86.08,154.544487131814,103.592669026616,52.8017111896291
132,138,9,4371,80.85,154.544487131814,103.592669026616,52.8017111896291
132,138,10,4131,72.16,154.544487131814,103.592669026616,52.8017111896291
132,138,11,4035,77.26,154.544487131814,103.592669026616,52.8017111896291
132,138,12,4947,78.75,154.544487131814,103.592669026616,52.8017111896291
132,138,13,6560,76.99,154.544487131814,103.592669026616,52.8017111896291
132,138,14,6716,81.03,154.544487131814,103.592669026616,52.8017111896291
132,138,15,7079,87.8,154.544487131814,103.592669026616,52.8017111896291
132,138,16,7386,86.41,154.544487131814,103.592669026616,52.8017111896291
132,138,17,6098,83.18,154.544487131814,103.592669026616,52.8017111896291
132,138,18,3720,80.49,154.544487131814,103.592669026616,52.8017111896291
132,138,19,2600,82.59,154.544487131814,103.592669026616,52.8017111896291
132,138,20,1776,83.27,154.544487131814,103.592669026616,52.8017111896291
132,138,21,1324,93.83,154.544487131814,103.592669026616,52.8017111896291
132,138,22,1275,73.66,154.544487131814,103.592669026616,52.8017111896291
132,138,23,1448,105.94,154.544487131814,103.592669026616,52.8017111896291
133,138,1,5,56.87,166.126716440969,111.356349696702,56.7588987817846
133,138,2,19,66.71,166.126716440969,111.356349696702,56.7588987817846
133,138,3,232,67.63,166.126716440969,111.356349696702,56.7588987817846
133,138,4,446,69.52,166.126716440969,111.356349696702,56.7588987817846
133,138,5,465,76.11,166.126716440969,111.356349696702,56.7588987817846
133,138,6,414,85.79,166.126716440969,111.356349696702,56.7588987817846
133,138,7,372,95.66,166.126716440969,111.356349696702,56.7588987817846
133,138,8,313,98.78,166.126716440969,111.356349696702,56.7588987817846
133,138,9,285,96.16,166.126716440969,111.356349696702,56.7588987817846
133,138,10,264,95.82,166.126716440969,111.356349696702,56.7588987817846
133,138,11,239,97.38,166.126716440969,111.356349696702,56.7588987817846
133,138,12,249,96.98,166.126716440969,111.356349696702,56.7588987817846
133,138,13,186,98.42,166.126716440969,111.356349696702,56.7588987817846
133,138,14,205,108.77,166.126716440969,111.356349696702,56.7588987817846
133,138,15,195,115.47,166.126716440969,111.356349696702,56.7588987817846
133,138,16,136,120.94,166.126716440969,111.356349696702,56.7588987817846
133,138,17,124,116.53,166.126716440969,111.356349696702,56.7588987817846
133,138,18,67,99.9,166.126716440969,111.356349696702,56.7588987817846
133,138,19,50,87.41,166.126716440969,111.356349696702,56.7588987817846
133,138,20,18,77.69,166.126716440969,111.356349696702,56.7588987817846
133,138,21,5,82.41,166.126716440969,111.356349696702,56.7588987817846
133,138,23,4,74.78,166.126716440969,111.356349696702,56.7588987817846
134,138,0,13,31.88,81.5079595113608,54.6355760040374,27.8480314480846
134,138,1,3,39.23,81.5079595113608,54.6355760040374,27.8480314480846
134,138,2,38,33.28,81.5079595113608,54.6355760040374,27.8480314480846
134,138,3,460,34.91,81.5079595113608,54.6355760040374,27.8480314480846
134,138,4,2632,34.01,81.5079595113608,54.6355760040374,27.8480314480846
134,138,5,2973,34.17,81.5079595113608,54.6355760040374,27.8480314480846
134,138,6,1819,36.52,81.5079595113608,54.6355760040374,27.8480314480846
134,138,7,1252,42.22,81.5079595113608,54.6355760040374,27.8480314480846
134,138,8,1111,41.14,81.5079595113608,54.6355760040374,27.8480314480846
134,138,9,1139,38.94,81.5079595113608,54.6355760040374,27.8480314480846
134,138,10,960,37.56,81.5079595113608,54.6355760040374,27.8480314480846
134,138,11,969,37.84,81.5079595113608,54.6355760040374,27.8480314480846
134,138,12,971,37.92,81.5079595113608,54.6355760040374,27.8480314480846
134,138,13,1115,37.99,81.5079595113608,54.6355760040374,27.8480314480846
134,138,14,886,39.97,81.5079595113608,54.6355760040374,27.8480314480846
134,138,15,895,40.31,81.5079595113608,54.6355760040374,27.8480314480846
134,138,16,754,40.96,81.5079595113608,54.6355760040374,27.8480314480846
134,138,17,698,40.38,81.5079595113608,54.6355760040374,27.8480314480846
134,138,18,501,39,81.5079595113608,54.6355760040374,27.8480314480846
134,138,19,271,35.82,81.5079595113608,54.6355760040374,27.8480314480846
134,138,20,144,34.39,81.5079595113608,54.6355760040374,27.8480314480846
134,138,21,56,33.4,81.5079595113608,54.6355760040374,27.8480314480846
134,138,22,19,35.87,81.5079595113608,54.6355760040374,27.8480314480846
134,138,23,26,35,81.5079595113608,54.6355760040374,27.8480314480846
135,138,0,5,34.25,66.6317199120866,44.6638882798817,22.7654114110551
135,138,1,4,31.77,66.6317199120866,44.6638882798817,22.7654114110551
135,138,2,34,34.11,66.6317199120866,44.6638882798817,22.7654114110551
135,138,3,377,35.04,66.6317199120866,44.6638882798817,22.7654114110551
135,138,4,1230,33.39,66.6317199120866,44.6638882798817,22.7654114110551
135,138,5,1169,33.46,66.6317199120866,44.6638882798817,22.7654114110551
135,138,6,729,36.35,66.6317199120866,44.6638882798817,22.7654114110551
135,138,7,710,39.07,66.6317199120866,44.6638882798817,22.7654114110551
135,138,8,648,40.14,66.6317199120866,44.6638882798817,22.7654114110551
135,138,9,598,38.02,66.6317199120866,44.6638882798817,22.7654114110551
135,138,10,513,36.14,66.6317199120866,44.6638882798817,22.7654114110551
135,138,11,415,37.09,66.6317199120866,44.6638882798817,22.7654114110551
135,138,12,482,36.61,66.6317199120866,44.6638882798817,22.7654114110551
135,138,13,553,36.99,66.6317199120866,44.6638882798817,22.7654114110551
135,138,14,481,37.99,66.6317199120866,44.6638882798817,22.7654114110551
135,138,15,492,38.11,66.6317199120866,44.6638882798817,22.7654114110551
135,138,16,449,37.74,66.6317199120866,44.6638882798817,22.7654114110551
135,138,17,473,37.18,66.6317199120866,44.6638882798817,22.7654114110551
135,138,18,425,36.22,66.6317199120866,44.6638882798817,22.7654114110551
135,138,19,244,34.76,66.6317199120866,44.6638882798817,22.7654114110551
135,138,20,123,31.87,66.6317199120866,44.6638882798817,22.7654114110551
135,138,21,56,29.87,66.6317199120866,44.6638882798817,22.7654114110551
135,138,22,25,29.39,66.6317199120866,44.6638882798817,22.7654114110551
135,138,23,12,30.39,66.6317199120866,44.6638882798817,22.7654114110551
136,138,0,4,66.26,97.0615279407834,65.0612838140983,33.1620678360539
136,138,1,44,43.35,97.0615279407834,65.0612838140983,33.1620678360539
136,138,2,82,48.27,97.0615279407834,65.0612838140983,33.1620678360539
136,138,3,197,53.51,97.0615279407834,65.0612838140983,33.1620678360539
136,138,4,282,54.48,97.0615279407834,65.0612838140983,33.1620678360539
136,138,5,247,54.91,97.0615279407834,65.0612838140983,33.1620678360539
136,138,6,232,58.4,97.0615279407834,65.0612838140983,33.1620678360539
136,138,7,218,66.29,97.0615279407834,65.0612838140983,33.1620678360539
136,138,8,143,64.46,97.0615279407834,65.0612838140983,33.1620678360539
136,138,9,147,61.79,97.0615279407834,65.0612838140983,33.1620678360539
136,138,10,125,64.87,97.0615279407834,65.0612838140983,33.1620678360539
136,138,11,163,70.03,97.0615279407834,65.0612838140983,33.1620678360539
136,138,12,181,63.76,97.0615279407834,65.0612838140983,33.1620678360539
136,138,13,131,70.99,97.0615279407834,65.0612838140983,33.1620678360539
136,138,14,135,69.42,97.0615279407834,65.0612838140983,33.1620678360539
136,138,15,151,76.23,97.0615279407834,65.0612838140983,33.1620678360539
136,138,16,114,77.2,97.0615279407834,65.0612838140983,33.1620678360539
136,138,17,120,74.71,97.0615279407834,65.0612838140983,33.1620678360539
136,138,18,62,68.84,97.0615279407834,65.0612838140983,33.1620678360539
136,138,19,41,69.14,97.0615279407834,65.0612838140983,33.1620678360539
136,138,20,22,56.89,97.0615279407834,65.0612838140983,33.1620678360539
136,138,21,5,55.43,97.0615279407834,65.0612838140983,33.1620678360539
136,138,23,2,56.09,97.0615279407834,65.0612838140983,33.1620678360539
137,138,0,5,63.43,90.8813634953139,60.9186596298818,31.0505511834038
137,138,1,11,48.63,90.8813634953139,60.9186596298818,31.0505511834038
137,138,2,51,47.36,90.8813634953139,60.9186596298818,31.0505511834038
137,138,3,664,52.62,90.8813634953139,60.9186596298818,31.0505511834038
137,138,4,3085,52.86,90.8813634953139,60.9186596298818,31.0505511834038
137,138,5,3485,51.97,90.8813634953139,60.9186596298818,31.0505511834038
137,138,6,2787,53.89,90.8813634953139,60.9186596298818,31.0505511834038
137,138,7,2606,58.48,90.8813634953139,60.9186596298818,31.0505511834038
137,138,8,2270,62.17,90.8813634953139,60.9186596298818,31.0505511834038
137,138,9,2124,61.4,90.8813634953139,60.9186596298818,31.0505511834038
137,138,10,1795,60.74,90.8813634953139,60.9186596298818,31.0505511834038
137,138,11,1898,58.5,90.8813634953139,60.9186596298818,31.0505511834038
137,138,12,2174,59.85,90.8813634953139,60.9186596298818,31.0505511834038
137,138,13,2302,64.41,90.8813634953139,60.9186596298818,31.0505511834038
137,138,14,2471,68.07,90.8813634953139,60.9186596298818,31.0505511834038
137,138,15,2559,80.37,90.8813634953139,60.9186596298818,31.0505511834038
137,138,16,2669,88.34,90.8813634953139,60.9186596298818,31.0505511834038
137,138,17,2399,77.27,90.8813634953139,60.9186596298818,31.0505511834038
137,138,18,1574,67.64,90.8813634953139,60.9186596298818,31.0505511834038
137,138,19,846,57.45,90.8813634953139,60.9186596298818,31.0505511834038
137,138,20,261,52.46,90.8813634953139,60.9186596298818,31.0505511834038
137,138,21,74,53.63,90.8813634953139,60.9186596298818,31.0505511834038
137,138,22,37,52.29,90.8813634953139,60.9186596298818,31.0505511834038
137,138,23,15,45.72,90.8813634953139,60.9186596298818,31.0505511834038
138,1,0,180,148.8,257.179365546626,172.389823732912,87.8679714530534
138,1,1,71,135.8,257.179365546626,172.389823732912,87.8679714530534
138,1,2,58,134.86,257.179365546626,172.389823732912,87.8679714530534
138,1,3,65,127.46,257.179365546626,172.389823732912,87.8679714530534
138,1,4,147,124.98,257.179365546626,172.389823732912,87.8679714530534
138,1,5,213,131.27,257.179365546626,172.389823732912,87.8679714530534
138,1,6,256,169.9,257.179365546626,172.389823732912,87.8679714530534
138,1,7,253,146.23,257.179365546626,172.389823732912,87.8679714530534
138,1,8,293,157.54,257.179365546626,172.389823732912,87.8679714530534
138,1,9,341,153.17,257.179365546626,172.389823732912,87.8679714530534
138,1,10,422,158.8,257.179365546626,172.389823732912,87.8679714530534
138,1,11,484,164.37,257.179365546626,172.389823732912,87.8679714530534
138,1,12,560,171.39,257.179365546626,172.389823732912,87.8679714530534
138,1,13,644,178.07,257.179365546626,172.389823732912,87.8679714530534
138,1,14,714,190.37,257.179365546626,172.389823732912,87.8679714530534
138,1,15,779,204.45,257.179365546626,172.389823732912,87.8679714530534
138,1,16,711,220.5,257.179365546626,172.389823732912,87.8679714530534
138,1,17,770,188.54,257.179365546626,172.389823732912,87.8679714530534
138,1,18,737,174.8,257.179365546626,172.389823732912,87.8679714530534
138,1,19,565,157.98,257.179365546626,172.389823732912,87.8679714530534
138,1,20,365,150.06,257.179365546626,172.389823732912,87.8679714530534
138,1,21,271,144.88,257.179365546626,172.389823732912,87.8679714530534
138,1,22,202,152.93,257.179365546626,172.389823732912,87.8679714530534
138,1,23,198,144.25,257.179365546626,172.389823732912,87.8679714530534
138,3,0,205,64,95.2065336795667,63.8178631647121,32.5282899960482
138,3,1,39,54.92,95.2065336795667,63.8178631647121,32.5282899960482
138,3,2,13,56.74,95.2065336795667,63.8178631647121,32.5282899960482
138,3,3,5,50.09,95.2065336795667,63.8178631647121,32.5282899960482
138,3,4,4,51.69,95.2065336795667,63.8178631647121,32.5282899960482
138,3,5,5,50.79,95.2065336795667,63.8178631647121,32.5282899960482
138,3,6,7,60.5,95.2065336795667,63.8178631647121,32.5282899960482
138,3,7,54,60.96,95.2065336795667,63.8178631647121,32.5282899960482
138,3,8,110,70.06,95.2065336795667,63.8178631647121,32.5282899960482
138,3,9,182,65.96,95.2065336795667,63.8178631647121,32.5282899960482
138,3,10,227,62.87,95.2065336795667,63.8178631647121,32.5282899960482
138,3,11,183,65.45,95.2065336795667,63.8178631647121,32.5282899960482
138,3,12,180,69.5,95.2065336795667,63.8178631647121,32.5282899960482
138,3,13,174,64.8,95.2065336795667,63.8178631647121,32.5282899960482
138,3,14,222,69.85,95.2065336795667,63.8178631647121,32.5282899960482
138,3,15,194,76.57,95.2065336795667,63.8178631647121,32.5282899960482
138,3,16,206,76.46,95.2065336795667,63.8178631647121,32.5282899960482
138,3,17,222,74.6,95.2065336795667,63.8178631647121,32.5282899960482
138,3,18,177,70.86,95.2065336795667,63.8178631647121,32.5282899960482
138,3,19,228,64.82,95.2065336795667,63.8178631647121,32.5282899960482
138,3,20,208,62.3,95.2065336795667,63.8178631647121,32.5282899960482
138,3,21,214,60.55,95.2065336795667,63.8178631647121,32.5282899960482
138,3,22,235,63.46,95.2065336795667,63.8178631647121,32.5282899960482
138,3,23,283,66.2,95.2065336795667,63.8178631647121,32.5282899960482
138,4,0,823,55.77,100.012820329847,67.0395637342371,34.1704071903432
138,4,1,172,52.82,100.012820329847,67.0395637342371,34.1704071903432
138,4,2,46,49.71,100.012820329847,67.0395637342371,34.1704071903432
138,4,3,3,47.59,100.012820329847,67.0395637342371,34.1704071903432
138,4,4,5,39.71,100.012820329847,67.0395637342371,34.1704071903432
138,4,5,2,45.26,100.012820329847,67.0395637342371,34.1704071903432
138,4,6,11,62.54,100.012820329847,67.0395637342371,34.1704071903432
138,4,7,136,78.27,100.012820329847,67.0395637342371,34.1704071903432
138,4,8,316,81.84,100.012820329847,67.0395637342371,34.1704071903432
138,4,9,534,75.4,100.012820329847,67.0395637342371,34.1704071903432
138,4,10,692,74.22,100.012820329847,67.0395637342371,34.1704071903432
138,4,11,638,70.76,100.012820329847,67.0395637342371,34.1704071903432
138,4,12,657,81.63,100.012820329847,67.0395637342371,34.1704071903432
138,4,13,696,71.45,100.012820329847,67.0395637342371,34.1704071903432
138,4,14,824,75.83,100.012820329847,67.0395637342371,34.1704071903432
138,4,15,819,79.43,100.012820329847,67.0395637342371,34.1704071903432
138,4,16,890,77.59,100.012820329847,67.0395637342371,34.1704071903432
138,4,17,1025,77.35,100.012820329847,67.0395637342371,34.1704071903432
138,4,18,1098,72.26,100.012820329847,67.0395637342371,34.1704071903432
138,4,19,1141,65.3,100.012820329847,67.0395637342371,34.1704071903432
138,4,20,1248,60.45,100.012820329847,67.0395637342371,34.1704071903432
138,4,21,1320,59.67,100.012820329847,67.0395637342371,34.1704071903432
138,4,22,1277,60.01,100.012820329847,67.0395637342371,34.1704071903432
138,4,23,1455,57.8,100.012820329847,67.0395637342371,34.1704071903432
138,5,0,8,141.51,346.900593830349,232.530833475496,118.52215052691
138,5,8,2,192.32,346.900593830349,232.530833475496,118.52215052691
138,5,9,2,142.48,346.900593830349,232.530833475496,118.52215052691
138,5,10,5,161.15,346.900593830349,232.530833475496,118.52215052691
138,5,11,7,148.02,346.900593830349,232.530833475496,118.52215052691
138,5,12,3,199.63,346.900593830349,232.530833475496,118.52215052691
138,5,13,3,180.59,346.900593830349,232.530833475496,118.52215052691
138,5,14,7,190.38,346.900593830349,232.530833475496,118.52215052691
138,5,15,7,171.66,346.900593830349,232.530833475496,118.52215052691
138,5,16,7,194.64,346.900593830349,232.530833475496,118.52215052691
138,5,17,9,197.46,346.900593830349,232.530833475496,118.52215052691
138,5,18,6,162.87,346.900593830349,232.530833475496,118.52215052691
138,5,19,8,155.73,346.900593830349,232.530833475496,118.52215052691
138,5,20,7,160.3,346.900593830349,232.530833475496,118.52215052691
138,5,21,10,143.69,346.900593830349,232.530833475496,118.52215052691
138,5,22,6,131.49,346.900593830349,232.530833475496,118.52215052691
138,5,23,8,156.29,346.900593830349,232.530833475496,118.52215052691
138,6,0,22,84.97,245.462981016122,164.536217516458,83.8649483517593
138,6,1,4,109.38,245.462981016122,164.536217516458,83.8649483517593
138,6,2,3,81,245.462981016122,164.536217516458,83.8649483517593
138,6,7,3,119.1,245.462981016122,164.536217516458,83.8649483517593
138,6,8,9,124.05,245.462981016122,164.536217516458,83.8649483517593
138,6,9,12,114.6,245.462981016122,164.536217516458,83.8649483517593
138,6,10,14,122.52,245.462981016122,164.536217516458,83.8649483517593
138,6,11,21,112.39,245.462981016122,164.536217516458,83.8649483517593
138,6,12,11,134.08,245.462981016122,164.536217516458,83.8649483517593
138,6,13,16,124.43,245.462981016122,164.536217516458,83.8649483517593
138,6,14,17,121.95,245.462981016122,164.536217516458,83.8649483517593
138,6,15,15,145.45,245.462981016122,164.536217516458,83.8649483517593
138,6,16,19,144.5,245.462981016122,164.536217516458,83.8649483517593
138,6,17,19,132.11,245.462981016122,164.536217516458,83.8649483517593
138,6,18,28,119.36,245.462981016122,164.536217516458,83.8649483517593
138,6,19,38,106.87,245.462981016122,164.536217516458,83.8649483517593
138,6,20,23,103.21,245.462981016122,164.536217516458,83.8649483517593
138,6,21,27,104.35,245.462981016122,164.536217516458,83.8649483517593
138,6,22,25,101.27,245.462981016122,164.536217516458,83.8649483517593
138,6,23,35,108.47,245.462981016122,164.536217516458,83.8649483517593
138,7,0,3268,29.81,40.1379520076878,26.9048586261907,13.7135435173789
138,7,1,716,29.1,40.1379520076878,26.9048586261907,13.7135435173789
138,7,2,213,26.35,40.1379520076878,26.9048586261907,13.7135435173789
138,7,3,53,25.13,40.1379520076878,26.9048586261907,13.7135435173789
138,7,4,87,25.07,40.1379520076878,26.9048586261907,13.7135435173789
138,7,5,90,25.86,40.1379520076878,26.9048586261907,13.7135435173789
138,7,6,97,28.82,40.1379520076878,26.9048586261907,13.7135435173789
138,7,7,730,33.27,40.1379520076878,26.9048586261907,13.7135435173789
138,7,8,1528,35,40.1379520076878,26.9048586261907,13.7135435173789
138,7,9,2491,31.92,40.1379520076878,26.9048586261907,13.7135435173789
138,7,10,3206,32.39,40.1379520076878,26.9048586261907,13.7135435173789
138,7,11,2545,33.1,40.1379520076878,26.9048586261907,13.7135435173789
138,7,12,2929,38.82,40.1379520076878,26.9048586261907,13.7135435173789
138,7,13,2857,33.46,40.1379520076878,26.9048586261907,13.7135435173789
138,7,14,3441,37.36,40.1379520076878,26.9048586261907,13.7135435173789
138,7,15,3395,44.99,40.1379520076878,26.9048586261907,13.7135435173789
138,7,16,3701,44.89,40.1379520076878,26.9048586261907,13.7135435173789
138,7,17,3942,34.06,40.1379520076878,26.9048586261907,13.7135435173789
138,7,18,4273,42.88,40.1379520076878,26.9048586261907,13.7135435173789
138,7,19,4440,41.73,40.1379520076878,26.9048586261907,13.7135435173789
138,7,20,4482,30.84,40.1379520076878,26.9048586261907,13.7135435173789
138,7,21,4688,30.72,40.1379520076878,26.9048586261907,13.7135435173789
138,7,22,4606,29.4,40.1379520076878,26.9048586261907,13.7135435173789
138,7,23,5343,29.72,40.1379520076878,26.9048586261907,13.7135435173789
138,8,0,9,28.11,39.4240263055734,26.4263073019648,13.4696234692846
138,8,1,16,20.21,39.4240263055734,26.4263073019648,13.4696234692846
138,8,2,10,18.76,39.4240263055734,26.4263073019648,13.4696234692846
138,8,3,3,20.19,39.4240263055734,26.4263073019648,13.4696234692846
138,8,4,5,22.97,39.4240263055734,26.4263073019648,13.4696234692846
138,8,7,2,23.88,39.4240263055734,26.4263073019648,13.4696234692846
138,8,8,5,23.85,39.4240263055734,26.4263073019648,13.4696234692846
138,8,9,13,26.42,39.4240263055734,26.4263073019648,13.4696234692846
138,8,10,8,53.69,39.4240263055734,26.4263073019648,13.4696234692846
138,8,11,11,41.56,39.4240263055734,26.4263073019648,13.4696234692846
138,8,12,9,62.44,39.4240263055734,26.4263073019648,13.4696234692846
138,8,13,16,39.98,39.4240263055734,26.4263073019648,13.4696234692846
138,8,14,13,33.28,39.4240263055734,26.4263073019648,13.4696234692846
138,8,15,22,37.95,39.4240263055734,26.4263073019648,13.4696234692846
138,8,16,15,28.13,39.4240263055734,26.4263073019648,13.4696234692846
138,8,17,8,47.72,39.4240263055734,26.4263073019648,13.4696234692846
138,8,18,13,37.84,39.4240263055734,26.4263073019648,13.4696234692846
138,8,19,14,28.6,39.4240263055734,26.4263073019648,13.4696234692846
138,8,20,16,26.52,39.4240263055734,26.4263073019648,13.4696234692846
138,8,21,13,31.07,39.4240263055734,26.4263073019648,13.4696234692846
138,8,22,11,32.97,39.4240263055734,26.4263073019648,13.4696234692846
138,8,23,12,26.22,39.4240263055734,26.4263073019648,13.4696234692846
138,9,0,243,47.88,74.2978546330804,49.8025727558152,25.3846250691486
138,9,1,53,45.03,74.2978546330804,49.8025727558152,25.3846250691486
138,9,2,12,49.04,74.2978546330804,49.8025727558152,25.3846250691486
138,9,3,9,40.75,74.2978546330804,49.8025727558152,25.3846250691486
138,9,4,5,47.34,74.2978546330804,49.8025727558152,25.3846250691486
138,9,5,9,48.27,74.2978546330804,49.8025727558152,25.3846250691486
138,9,6,3,44.89,74.2978546330804,49.8025727558152,25.3846250691486
138,9,7,57,49.46,74.2978546330804,49.8025727558152,25.3846250691486
138,9,8,120,49.12,74.2978546330804,49.8025727558152,25.3846250691486
138,9,9,207,46.85,74.2978546330804,49.8025727558152,25.3846250691486
138,9,10,260,47.72,74.2978546330804,49.8025727558152,25.3846250691486
138,9,11,232,48.42,74.2978546330804,49.8025727558152,25.3846250691486
138,9,12,408,48.57,74.2978546330804,49.8025727558152,25.3846250691486
138,9,13,277,52.27,74.2978546330804,49.8025727558152,25.3846250691486
138,9,14,343,57.33,74.2978546330804,49.8025727558152,25.3846250691486
138,9,15,331,59.25,74.2978546330804,49.8025727558152,25.3846250691486
138,9,16,372,59.26,74.2978546330804,49.8025727558152,25.3846250691486
138,9,17,387,58.48,74.2978546330804,49.8025727558152,25.3846250691486
138,9,18,379,55.66,74.2978546330804,49.8025727558152,25.3846250691486
138,9,19,404,49.76,74.2978546330804,49.8025727558152,25.3846250691486
138,9,20,358,52.85,74.2978546330804,49.8025727558152,25.3846250691486
138,9,21,361,47.51,74.2978546330804,49.8025727558152,25.3846250691486
138,9,22,382,47.68,74.2978546330804,49.8025727558152,25.3846250691486
138,9,23,405,47.75,74.2978546330804,49.8025727558152,25.3846250691486
138,10,0,497,64.6,123.343943135339,82.6786416959586,42.1417249058348
138,10,1,103,59.58,123.343943135339,82.6786416959586,42.1417249058348
138,10,2,34,53.63,123.343943135339,82.6786416959586,42.1417249058348
138,10,3,13,44.82,123.343943135339,82.6786416959586,42.1417249058348
138,10,4,17,45.14,123.343943135339,82.6786416959586,42.1417249058348
138,10,5,14,54.72,123.343943135339,82.6786416959586,42.1417249058348
138,10,6,28,57.65,123.343943135339,82.6786416959586,42.1417249058348
138,10,7,81,63.48,123.343943135339,82.6786416959586,42.1417249058348
138,10,8,208,67.07,123.343943135339,82.6786416959586,42.1417249058348
138,10,9,288,63.05,123.343943135339,82.6786416959586,42.1417249058348
138,10,10,393,67.55,123.343943135339,82.6786416959586,42.1417249058348
138,10,11,378,68.14,123.343943135339,82.6786416959586,42.1417249058348
138,10,12,374,71.71,123.343943135339,82.6786416959586,42.1417249058348
138,10,13,393,75.33,123.343943135339,82.6786416959586,42.1417249058348
138,10,14,535,77,123.343943135339,82.6786416959586,42.1417249058348
138,10,15,545,81.63,123.343943135339,82.6786416959586,42.1417249058348
138,10,16,617,84.99,123.343943135339,82.6786416959586,42.1417249058348
138,10,17,607,82.13,123.343943135339,82.6786416959586,42.1417249058348
138,10,18,670,74.17,123.343943135339,82.6786416959586,42.1417249058348
138,10,19,665,67.54,123.343943135339,82.6786416959586,42.1417249058348
138,10,20,625,62.77,123.343943135339,82.6786416959586,42.1417249058348
138,10,21,715,59.14,123.343943135339,82.6786416959586,42.1417249058348
138,10,22,796,63.09,123.343943135339,82.6786416959586,42.1417249058348
138,10,23,794,67.02,123.343943135339,82.6786416959586,42.1417249058348
138,11,0,59,94.54,212.033113256021,142.127852839419,72.4432907091234
138,11,1,13,84.97,212.033113256021,142.127852839419,72.4432907091234
138,11,2,8,90.01,212.033113256021,142.127852839419,72.4432907091234
138,11,3,3,90.53,212.033113256021,142.127852839419,72.4432907091234
138,11,4,3,73.43,212.033113256021,142.127852839419,72.4432907091234
138,11,5,2,89.33,212.033113256021,142.127852839419,72.4432907091234
138,11,6,3,91.82,212.033113256021,142.127852839419,72.4432907091234
138,11,7,13,103.81,212.033113256021,142.127852839419,72.4432907091234
138,11,8,17,123.41,212.033113256021,142.127852839419,72.4432907091234
138,11,9,69,112.18,212.033113256021,142.127852839419,72.4432907091234
138,11,10,45,111.11,212.033113256021,142.127852839419,72.4432907091234
138,11,11,47,115.23,212.033113256021,142.127852839419,72.4432907091234
138,11,12,50,115.64,212.033113256021,142.127852839419,72.4432907091234
138,11,13,35,127.66,212.033113256021,142.127852839419,72.4432907091234
138,11,14,44,126.93,212.033113256021,142.127852839419,72.4432907091234
138,11,15,48,138.59,212.033113256021,142.127852839419,72.4432907091234
138,11,16,57,135.64,212.033113256021,142.127852839419,72.4432907091234
138,11,17,55,136.05,212.033113256021,142.127852839419,72.4432907091234
138,11,18,62,122.99,212.033113256021,142.127852839419,72.4432907091234
138,11,19,69,104.35,212.033113256021,142.127852839419,72.4432907091234
138,11,20,74,100.35,212.033113256021,142.127852839419,72.4432907091234
138,11,21,67,95.54,212.033113256021,142.127852839419,72.4432907091234
138,11,22,66,97.75,212.033113256021,142.127852839419,72.4432907091234
138,11,23,91,97.41,212.033113256021,142.127852839419,72.4432907091234
138,12,7,5,87.28,138.045072756905,92.5329515032398,47.1645168206131
138,12,8,17,105.92,138.045072756905,92.5329515032398,47.1645168206131
138,12,9,24,93.01,138.045072756905,92.5329515032398,47.1645168206131
138,12,10,22,96.41,138.045072756905,92.5329515032398,47.1645168206131
138,12,11,18,97.98,138.045072756905,92.5329515032398,47.1645168206131
138,12,12,11,94.19,138.045072756905,92.5329515032398,47.1645168206131
138,12,13,11,93.48,138.045072756905,92.5329515032398,47.1645168206131
138,12,14,9,102.54,138.045072756905,92.5329515032398,47.1645168206131
138,12,15,6,132.32,138.045072756905,92.5329515032398,47.1645168206131
138,12,16,4,123.37,138.045072756905,92.5329515032398,47.1645168206131
138,12,17,5,94.76,138.045072756905,92.5329515032398,47.1645168206131
138,12,18,2,96.08,138.045072756905,92.5329515032398,47.1645168206131
138,12,20,4,72.38,138.045072756905,92.5329515032398,47.1645168206131
138,12,21,2,80.99,138.045072756905,92.5329515032398,47.1645168206131
138,13,0,721,77.57,133.161438579035,89.2594041355897,45.4959730491632
138,13,1,136,73.98,133.161438579035,89.2594041355897,45.4959730491632
138,13,2,40,71.2,133.161438579035,89.2594041355897,45.4959730491632
138,13,3,6,68.27,133.161438579035,89.2594041355897,45.4959730491632
138,13,4,4,66.58,133.161438579035,89.2594041355897,45.4959730491632
138,13,5,4,78.63,133.161438579035,89.2594041355897,45.4959730491632
138,13,6,19,78.89,133.161438579035,89.2594041355897,45.4959730491632
138,13,7,678,106.63,133.161438579035,89.2594041355897,45.4959730491632
138,13,8,1353,114.38,133.161438579035,89.2594041355897,45.4959730491632
138,13,9,2078,105.71,133.161438579035,89.2594041355897,45.4959730491632
138,13,10,2243,101.49,133.161438579035,89.2594041355897,45.4959730491632
138,13,11,1872,99.44,133.161438579035,89.2594041355897,45.4959730491632
138,13,12,1718,100.74,133.161438579035,89.2594041355897,45.4959730491632
138,13,13,1605,110.08,133.161438579035,89.2594041355897,45.4959730491632
138,13,14,1845,104.58,133.161438579035,89.2594041355897,45.4959730491632
138,13,15,1744,123.91,133.161438579035,89.2594041355897,45.4959730491632
138,13,16,1679,124.8,133.161438579035,89.2594041355897,45.4959730491632
138,13,17,1539,128.7,133.161438579035,89.2594041355897,45.4959730491632
138,13,18,1741,97.68,133.161438579035,89.2594041355897,45.4959730491632
138,13,19,1852,89.2,133.161438579035,89.2594041355897,45.4959730491632
138,13,20,1802,99.13,133.161438579035,89.2594041355897,45.4959730491632
138,13,21,1875,82.42,133.161438579035,89.2594041355897,45.4959730491632
138,13,22,1519,81.01,133.161438579035,89.2594041355897,45.4959730491632
138,13,23,1645,80.1,133.161438579035,89.2594041355897,45.4959730491632
138,14,0,462,85.73,204.06606907929,136.787465836054,69.7212682451581
138,14,1,110,73.82,204.06606907929,136.787465836054,69.7212682451581
138,14,2,42,75.34,204.06606907929,136.787465836054,69.7212682451581
138,14,3,11,70.45,204.06606907929,136.787465836054,69.7212682451581
138,14,4,9,73.99,204.06606907929,136.787465836054,69.7212682451581
138,14,5,3,76.02,204.06606907929,136.787465836054,69.7212682451581
138,14,6,12,89.77,204.06606907929,136.787465836054,69.7212682451581
138,14,7,89,108.68,204.06606907929,136.787465836054,69.7212682451581
138,14,8,195,109.5,204.06606907929,136.787465836054,69.7212682451581
138,14,9,315,104.38,204.06606907929,136.787465836054,69.7212682451581
138,14,10,412,104.63,204.06606907929,136.787465836054,69.7212682451581
138,14,11,386,103.39,204.06606907929,136.787465836054,69.7212682451581
138,14,12,410,106.73,204.06606907929,136.787465836054,69.7212682451581
138,14,13,448,109.55,204.06606907929,136.787465836054,69.7212682451581
138,14,14,520,117.99,204.06606907929,136.787465836054,69.7212682451581
138,14,15,553,126.43,204.06606907929,136.787465836054,69.7212682451581
138,14,16,597,128.62,204.06606907929,136.787465836054,69.7212682451581
138,14,17,641,124.89,204.06606907929,136.787465836054,69.7212682451581
138,14,18,652,112.18,204.06606907929,136.787465836054,69.7212682451581
138,14,19,695,98.89,204.06606907929,136.787465836054,69.7212682451581
138,14,20,736,97.69,204.06606907929,136.787465836054,69.7212682451581
138,14,21,756,89.24,204.06606907929,136.787465836054,69.7212682451581
138,14,22,730,91.3,204.06606907929,136.787465836054,69.7212682451581
138,14,23,821,90.52,204.06606907929,136.787465836054,69.7212682451581
138,15,0,262,97.64,70.9550400359892,47.561851701311,24.2425181315809
138,15,1,68,44.55,70.9550400359892,47.561851701311,24.2425181315809
138,15,2,16,40.76,70.9550400359892,47.561851701311,24.2425181315809
138,15,3,13,39.41,70.9550400359892,47.561851701311,24.2425181315809
138,15,4,21,38.42,70.9550400359892,47.561851701311,24.2425181315809
138,15,5,12,40.74,70.9550400359892,47.561851701311,24.2425181315809
138,15,6,8,39.03,70.9550400359892,47.561851701311,24.2425181315809
138,15,7,60,44.5,70.9550400359892,47.561851701311,24.2425181315809
138,15,8,131,48.92,70.9550400359892,47.561851701311,24.2425181315809
138,15,9,216,48.37,70.9550400359892,47.561851701311,24.2425181315809
138,15,10,330,46.86,70.9550400359892,47.561851701311,24.2425181315809
138,15,11,195,46.87,70.9550400359892,47.561851701311,24.2425181315809
138,15,12,250,49.24,70.9550400359892,47.561851701311,24.2425181315809
138,15,13,332,68.14,70.9550400359892,47.561851701311,24.2425181315809
138,15,14,456,54.18,70.9550400359892,47.561851701311,24.2425181315809
138,15,15,342,56.04,70.9550400359892,47.561851701311,24.2425181315809
138,15,16,376,59.64,70.9550400359892,47.561851701311,24.2425181315809
138,15,17,364,56.64,70.9550400359892,47.561851701311,24.2425181315809
138,15,18,437,54.13,70.9550400359892,47.561851701311,24.2425181315809
138,15,19,490,48.66,70.9550400359892,47.561851701311,24.2425181315809
138,15,20,404,47.46,70.9550400359892,47.561851701311,24.2425181315809
138,15,21,418,47.71,70.9550400359892,47.561851701311,24.2425181315809
138,15,22,405,47.24,70.9550400359892,47.561851701311,24.2425181315809
138,15,23,453,50.43,70.9550400359892,47.561851701311,24.2425181315809
138,16,0,425,49.89,82.0931999468518,55.0278683456148,28.0479848532483
138,16,1,103,49.24,82.0931999468518,55.0278683456148,28.0479848532483
138,16,2,30,48.79,82.0931999468518,55.0278683456148,28.0479848532483
138,16,3,13,49.04,82.0931999468518,55.0278683456148,28.0479848532483
138,16,4,8,43.98,82.0931999468518,55.0278683456148,28.0479848532483
138,16,5,5,42.74,82.0931999468518,55.0278683456148,28.0479848532483
138,16,6,14,52.28,82.0931999468518,55.0278683456148,28.0479848532483
138,16,7,81,53.87,82.0931999468518,55.0278683456148,28.0479848532483
138,16,8,231,53.72,82.0931999468518,55.0278683456148,28.0479848532483
138,16,9,362,52.07,82.0931999468518,55.0278683456148,28.0479848532483
138,16,10,404,54.25,82.0931999468518,55.0278683456148,28.0479848532483
138,16,11,328,53.34,82.0931999468518,55.0278683456148,28.0479848532483
138,16,12,347,74.92,82.0931999468518,55.0278683456148,28.0479848532483
138,16,13,436,56.99,82.0931999468518,55.0278683456148,28.0479848532483
138,16,14,528,63.83,82.0931999468518,55.0278683456148,28.0479848532483
138,16,15,469,67.6,82.0931999468518,55.0278683456148,28.0479848532483
138,16,16,503,67.24,82.0931999468518,55.0278683456148,28.0479848532483
138,16,17,551,64.05,82.0931999468518,55.0278683456148,28.0479848532483
138,16,18,605,58.65,82.0931999468518,55.0278683456148,28.0479848532483
138,16,19,628,53.61,82.0931999468518,55.0278683456148,28.0479848532483
138,16,20,636,53.11,82.0931999468518,55.0278683456148,28.0479848532483
138,16,21,573,51.51,82.0931999468518,55.0278683456148,28.0479848532483
138,16,22,598,51.6,82.0931999468518,55.0278683456148,28.0479848532483
138,16,23,639,52.51,82.0931999468518,55.0278683456148,28.0479848532483
138,17,0,1696,56.79,109.090124640614,73.1241688765552,37.2717614313955
138,17,1,337,51.28,109.090124640614,73.1241688765552,37.2717614313955
138,17,2,101,48.82,109.090124640614,73.1241688765552,37.2717614313955
138,17,3,28,46.94,109.090124640614,73.1241688765552,37.2717614313955
138,17,4,24,46.2,109.090124640614,73.1241688765552,37.2717614313955
138,17,5,22,54.36,109.090124640614,73.1241688765552,37.2717614313955
138,17,6,37,65.01,109.090124640614,73.1241688765552,37.2717614313955
138,17,7,268,78.35,109.090124640614,73.1241688765552,37.2717614313955
138,17,8,786,108.06,109.090124640614,73.1241688765552,37.2717614313955
138,17,9,1105,74.87,109.090124640614,73.1241688765552,37.2717614313955
138,17,10,1452,72.67,109.090124640614,73.1241688765552,37.2717614313955
138,17,11,1384,72.17,109.090124640614,73.1241688765552,37.2717614313955
138,17,12,1428,71.35,109.090124640614,73.1241688765552,37.2717614313955
138,17,13,1411,77.68,109.090124640614,73.1241688765552,37.2717614313955
138,17,14,1704,79.77,109.090124640614,73.1241688765552,37.2717614313955
138,17,15,1769,91.29,109.090124640614,73.1241688765552,37.2717614313955
138,17,16,1900,82.75,109.090124640614,73.1241688765552,37.2717614313955
138,17,17,2102,79.31,109.090124640614,73.1241688765552,37.2717614313955
138,17,18,2050,72.79,109.090124640614,73.1241688765552,37.2717614313955
138,17,19,2172,68.94,109.090124640614,73.1241688765552,37.2717614313955
138,17,20,2361,81.29,109.090124640614,73.1241688765552,37.2717614313955
138,17,21,2412,60.65,109.090124640614,73.1241688765552,37.2717614313955
138,17,22,2330,59.95,109.090124640614,73.1241688765552,37.2717614313955
138,17,23,2821,59.22,109.090124640614,73.1241688765552,37.2717614313955
138,18,0,252,64.16,97.0616287390773,65.0613513801725,33.1621022748262
138,18,1,70,61.53,97.0616287390773,65.0613513801725,33.1621022748262
138,18,2,21,58.18,97.0616287390773,65.0613513801725,33.1621022748262
138,18,3,9,49.37,97.0616287390773,65.0613513801725,33.1621022748262
138,18,4,14,56.85,97.0616287390773,65.0613513801725,33.1621022748262
138,18,5,9,54.09,97.0616287390773,65.0613513801725,33.1621022748262
138,18,6,8,60.67,97.0616287390773,65.0613513801725,33.1621022748262
138,18,7,71,66.67,97.0616287390773,65.0613513801725,33.1621022748262
138,18,8,120,71.74,97.0616287390773,65.0613513801725,33.1621022748262
138,18,9,186,68.16,97.0616287390773,65.0613513801725,33.1621022748262
138,18,10,265,67.72,97.0616287390773,65.0613513801725,33.1621022748262
138,18,11,192,72.01,97.0616287390773,65.0613513801725,33.1621022748262
138,18,12,162,72.26,97.0616287390773,65.0613513801725,33.1621022748262
138,18,13,184,74.37,97.0616287390773,65.0613513801725,33.1621022748262
138,18,14,248,83.96,97.0616287390773,65.0613513801725,33.1621022748262
138,18,15,204,89.68,97.0616287390773,65.0613513801725,33.1621022748262
138,18,16,195,106.03,97.0616287390773,65.0613513801725,33.1621022748262
138,18,17,224,88.01,97.0616287390773,65.0613513801725,33.1621022748262
138,18,18,217,74.09,97.0616287390773,65.0613513801725,33.1621022748262
138,18,19,246,69.47,97.0616287390773,65.0613513801725,33.1621022748262
138,18,20,232,112.02,97.0616287390773,65.0613513801725,33.1621022748262
138,18,21,241,63.42,97.0616287390773,65.0613513801725,33.1621022748262
138,18,22,301,66.12,97.0616287390773,65.0613513801725,33.1621022748262
138,18,23,376,65.32,97.0616287390773,65.0613513801725,33.1621022748262
138,19,0,152,59.45,126.140091973674,84.5529273889298,43.0970578727042
138,19,1,35,55.77,126.140091973674,84.5529273889298,43.0970578727042
138,19,2,7,52.94,126.140091973674,84.5529273889298,43.0970578727042
138,19,3,3,58.31,126.140091973674,84.5529273889298,43.0970578727042
138,19,4,3,48.24,126.140091973674,84.5529273889298,43.0970578727042
138,19,5,3,52.74,126.140091973674,84.5529273889298,43.0970578727042
138,19,6,5,51.47,126.140091973674,84.5529273889298,43.0970578727042
138,19,7,30,67.86,126.140091973674,84.5529273889298,43.0970578727042
138,19,8,75,70.05,126.140091973674,84.5529273889298,43.0970578727042
138,19,9,109,60.13,126.140091973674,84.5529273889298,43.0970578727042
138,19,10,114,61.61,126.140091973674,84.5529273889298,43.0970578727042
138,19,11,115,63.28,126.140091973674,84.5529273889298,43.0970578727042
138,19,12,142,67.21,126.140091973674,84.5529273889298,43.0970578727042
138,19,13,131,74.83,126.140091973674,84.5529273889298,43.0970578727042
138,19,14,162,84.93,126.140091973674,84.5529273889298,43.0970578727042
138,19,15,160,88.36,126.140091973674,84.5529273889298,43.0970578727042
138,19,16,152,86.44,126.140091973674,84.5529273889298,43.0970578727042
138,19,17,167,81.95,126.140091973674,84.5529273889298,43.0970578727042
138,19,18,188,81.92,126.140091973674,84.5529273889298,43.0970578727042
138,19,19,209,66.49,126.140091973674,84.5529273889298,43.0970578727042
138,19,20,190,65.82,126.140091973674,84.5529273889298,43.0970578727042
138,19,21,197,60.04,126.140091973674,84.5529273889298,43.0970578727042
138,19,22,203,59.82,126.140091973674,84.5529273889298,43.0970578727042
138,19,23,220,61.29,126.140091973674,84.5529273889298,43.0970578727042
138,20,0,260,64.76,86.2243193118518,57.7969977337299,29.4594242106067
138,20,1,54,57.92,86.2243193118518,57.7969977337299,29.4594242106067
138,20,2,15,53.59,86.2243193118518,57.7969977337299,29.4594242106067
138,20,3,3,63.3,86.2243193118518,57.7969977337299,29.4594242106067
138,20,5,5,45.22,86.2243193118518,57.7969977337299,29.4594242106067
138,20,6,6,55.02,86.2243193118518,57.7969977337299,29.4594242106067
138,20,7,102,68.29,86.2243193118518,57.7969977337299,29.4594242106067
138,20,8,194,69.57,86.2243193118518,57.7969977337299,29.4594242106067
138,20,9,328,65.91,86.2243193118518,57.7969977337299,29.4594242106067
138,20,10,389,65.24,86.2243193118518,57.7969977337299,29.4594242106067
138,20,11,349,66.97,86.2243193118518,57.7969977337299,29.4594242106067
138,20,12,344,65.93,86.2243193118518,57.7969977337299,29.4594242106067
138,20,13,337,66.47,86.2243193118518,57.7969977337299,29.4594242106067
138,20,14,403,108.39,86.2243193118518,57.7969977337299,29.4594242106067
138,20,15,401,83.44,86.2243193118518,57.7969977337299,29.4594242106067
138,20,16,429,82.74,86.2243193118518,57.7969977337299,29.4594242106067
138,20,17,452,77.54,86.2243193118518,57.7969977337299,29.4594242106067
138,20,18,401,69.02,86.2243193118518,57.7969977337299,29.4594242106067
138,20,19,441,64.07,86.2243193118518,57.7969977337299,29.4594242106067
138,20,20,370,61.94,86.2243193118518,57.7969977337299,29.4594242106067
138,20,21,365,61.44,86.2243193118518,57.7969977337299,29.4594242106067
138,20,22,347,63.87,86.2243193118518,57.7969977337299,29.4594242106067
138,20,23,364,63.71,86.2243193118518,57.7969977337299,29.4594242106067
138,21,0,110,95.76,205.70063069064,137.883128341723,70.279733006509
138,21,1,37,87.61,205.70063069064,137.883128341723,70.279733006509
138,21,2,7,90.36,205.70063069064,137.883128341723,70.279733006509
138,21,3,3,80.45,205.70063069064,137.883128341723,70.279733006509
138,21,4,2,81.89,205.70063069064,137.883128341723,70.279733006509
138,21,7,18,115.12,205.70063069064,137.883128341723,70.279733006509
138,21,8,44,123.53,205.70063069064,137.883128341723,70.279733006509
138,21,9,79,111.15,205.70063069064,137.883128341723,70.279733006509
138,21,10,80,118.71,205.70063069064,137.883128341723,70.279733006509
138,21,11,75,116.03,205.70063069064,137.883128341723,70.279733006509
138,21,12,84,114.91,205.70063069064,137.883128341723,70.279733006509
138,21,13,70,123.15,205.70063069064,137.883128341723,70.279733006509
138,21,14,94,128.96,205.70063069064,137.883128341723,70.279733006509
138,21,15,79,144.38,205.70063069064,137.883128341723,70.279733006509
138,21,16,96,145.95,205.70063069064,137.883128341723,70.279733006509
138,21,17,102,138.14,205.70063069064,137.883128341723,70.279733006509
138,21,18,120,124.61,205.70063069064,137.883128341723,70.279733006509
138,21,19,127,110.79,205.70063069064,137.883128341723,70.279733006509
138,21,20,136,103.58,205.70063069064,137.883128341723,70.279733006509
138,21,21,128,100.37,205.70063069064,137.883128341723,70.279733006509
138,21,22,178,100.56,205.70063069064,137.883128341723,70.279733006509
138,21,23,208,101.1,205.70063069064,137.883128341723,70.279733006509
138,22,0,150,94.54,199.843262544665,133.956877648643,68.2785030246766
138,22,1,29,82.39,199.843262544665,133.956877648643,68.2785030246766
138,22,2,9,71.04,199.843262544665,133.956877648643,68.2785030246766
138,22,3,2,68.17,199.843262544665,133.956877648643,68.2785030246766
138,22,4,3,84.19,199.843262544665,133.956877648643,68.2785030246766
138,22,6,5,106.65,199.843262544665,133.956877648643,68.2785030246766
138,22,7,25,112.26,199.843262544665,133.956877648643,68.2785030246766
138,22,8,63,116.12,199.843262544665,133.956877648643,68.2785030246766
138,22,9,95,112.58,199.843262544665,133.956877648643,68.2785030246766
138,22,10,135,114.83,199.843262544665,133.956877648643,68.2785030246766
138,22,11,132,117.43,199.843262544665,133.956877648643,68.2785030246766
138,22,12,129,117.82,199.843262544665,133.956877648643,68.2785030246766
138,22,13,89,124.02,199.843262544665,133.956877648643,68.2785030246766
138,22,14,113,126,199.843262544665,133.956877648643,68.2785030246766
138,22,15,134,138.45,199.843262544665,133.956877648643,68.2785030246766
138,22,16,141,140.21,199.843262544665,133.956877648643,68.2785030246766
138,22,17,155,133.35,199.843262544665,133.956877648643,68.2785030246766
138,22,18,152,120.21,199.843262544665,133.956877648643,68.2785030246766
138,22,19,201,109.71,199.843262544665,133.956877648643,68.2785030246766
138,22,20,205,100.39,199.843262544665,133.956877648643,68.2785030246766
138,22,21,195,93.9,199.843262544665,133.956877648643,68.2785030246766
138,22,22,237,98.58,199.843262544665,133.956877648643,68.2785030246766
138,22,23,285,97.11,199.843262544665,133.956877648643,68.2785030246766
138,23,0,25,115.55,299.179900038883,200.543189468218,102.217885404877
138,23,1,8,132.3,299.179900038883,200.543189468218,102.217885404877
138,23,7,2,149.7,299.179900038883,200.543189468218,102.217885404877
138,23,8,10,146.9,299.179900038883,200.543189468218,102.217885404877
138,23,9,27,133.71,299.179900038883,200.543189468218,102.217885404877
138,23,10,34,138.87,299.179900038883,200.543189468218,102.217885404877
138,23,11,35,139.91,299.179900038883,200.543189468218,102.217885404877
138,23,12,28,145.49,299.179900038883,200.543189468218,102.217885404877
138,23,13,39,145.08,299.179900038883,200.543189468218,102.217885404877
138,23,14,31,190.34,299.179900038883,200.543189468218,102.217885404877
138,23,15,36,187.98,299.179900038883,200.543189468218,102.217885404877
138,23,16,33,179.64,299.179900038883,200.543189468218,102.217885404877
138,23,17,33,173.6,299.179900038883,200.543189468218,102.217885404877
138,23,18,48,152.11,299.179900038883,200.543189468218,102.217885404877
138,23,19,52,125.09,299.179900038883,200.543189468218,102.217885404877
138,23,20,42,127.69,299.179900038883,200.543189468218,102.217885404877
138,23,21,45,120.42,299.179900038883,200.543189468218,102.217885404877
138,23,22,52,118.87,299.179900038883,200.543189468218,102.217885404877
138,23,23,54,130.21,299.179900038883,200.543189468218,102.217885404877
138,24,0,512,56.96,78.0462085896768,52.3151307773065,26.665288693752
138,24,1,101,53.73,78.0462085896768,52.3151307773065,26.665288693752
138,24,2,21,48.36,78.0462085896768,52.3151307773065,26.665288693752
138,24,3,9,48.46,78.0462085896768,52.3151307773065,26.665288693752
138,24,4,5,44.06,78.0462085896768,52.3151307773065,26.665288693752
138,24,5,6,48.71,78.0462085896768,52.3151307773065,26.665288693752
138,24,6,10,55.49,78.0462085896768,52.3151307773065,26.665288693752
138,24,7,79,74.01,78.0462085896768,52.3151307773065,26.665288693752
138,24,8,203,75.81,78.0462085896768,52.3151307773065,26.665288693752
138,24,9,369,67.57,78.0462085896768,52.3151307773065,26.665288693752
138,24,10,458,64.7,78.0462085896768,52.3151307773065,26.665288693752
138,24,11,402,64.71,78.0462085896768,52.3151307773065,26.665288693752
138,24,12,474,65.34,78.0462085896768,52.3151307773065,26.665288693752
138,24,13,490,66.51,78.0462085896768,52.3151307773065,26.665288693752
138,24,14,642,71.3,78.0462085896768,52.3151307773065,26.665288693752
138,24,15,550,73.18,78.0462085896768,52.3151307773065,26.665288693752
138,24,16,675,70.18,78.0462085896768,52.3151307773065,26.665288693752
138,24,17,669,67.85,78.0462085896768,52.3151307773065,26.665288693752
138,24,18,728,64.05,78.0462085896768,52.3151307773065,26.665288693752
138,24,19,776,59.47,78.0462085896768,52.3151307773065,26.665288693752
138,24,20,806,58.44,78.0462085896768,52.3151307773065,26.665288693752
138,24,21,826,58.42,78.0462085896768,52.3151307773065,26.665288693752
138,24,22,732,58.49,78.0462085896768,52.3151307773065,26.665288693752
138,24,23,872,59.22,78.0462085896768,52.3151307773065,26.665288693752
138,25,0,1492,78.62,132.116686878034,88.5590969348255,45.1390229009894
138,25,1,284,56.36,132.116686878034,88.5590969348255,45.1390229009894
138,25,2,75,52.58,132.116686878034,88.5590969348255,45.1390229009894
138,25,3,6,52.83,132.116686878034,88.5590969348255,45.1390229009894
138,25,4,14,61.38,132.116686878034,88.5590969348255,45.1390229009894
138,25,5,15,51.74,132.116686878034,88.5590969348255,45.1390229009894
138,25,6,25,68.4,132.116686878034,88.5590969348255,45.1390229009894
138,25,7,290,87.8,132.116686878034,88.5590969348255,45.1390229009894
138,25,8,822,102.22,132.116686878034,88.5590969348255,45.1390229009894
138,25,9,1451,91.83,132.116686878034,88.5590969348255,45.1390229009894
138,25,10,1987,93.98,132.116686878034,88.5590969348255,45.1390229009894
138,25,11,2187,80.77,132.116686878034,88.5590969348255,45.1390229009894
138,25,12,2343,80.88,132.116686878034,88.5590969348255,45.1390229009894
138,25,13,2543,82.25,132.116686878034,88.5590969348255,45.1390229009894
138,25,14,3046,88.61,132.116686878034,88.5590969348255,45.1390229009894
138,25,15,2892,96.75,132.116686878034,88.5590969348255,45.1390229009894
138,25,16,2923,102.98,132.116686878034,88.5590969348255,45.1390229009894
138,25,17,2908,91.56,132.116686878034,88.5590969348255,45.1390229009894
138,25,18,2915,90.63,132.116686878034,88.5590969348255,45.1390229009894
138,25,19,2970,72.15,132.116686878034,88.5590969348255,45.1390229009894
138,25,20,3099,65.93,132.116686878034,88.5590969348255,45.1390229009894
138,25,21,3021,63.56,132.116686878034,88.5590969348255,45.1390229009894
138,25,22,2511,63.98,132.116686878034,88.5590969348255,45.1390229009894
138,25,23,2861,63.55,132.116686878034,88.5590969348255,45.1390229009894
138,26,0,250,129.31,179.993809119377,120.651596449635,61.4967334094321
138,26,1,50,81.72,179.993809119377,120.651596449635,61.4967334094321
138,26,2,12,91.65,179.993809119377,120.651596449635,61.4967334094321
138,26,3,7,83.26,179.993809119377,120.651596449635,61.4967334094321
138,26,4,2,56.95,179.993809119377,120.651596449635,61.4967334094321
138,26,5,8,72.36,179.993809119377,120.651596449635,61.4967334094321
138,26,6,4,81.33,179.993809119377,120.651596449635,61.4967334094321
138,26,7,44,121.49,179.993809119377,120.651596449635,61.4967334094321
138,26,8,183,121.45,179.993809119377,120.651596449635,61.4967334094321
138,26,9,214,139.88,179.993809119377,120.651596449635,61.4967334094321
138,26,10,265,113.16,179.993809119377,120.651596449635,61.4967334094321
138,26,11,195,106.55,179.993809119377,120.651596449635,61.4967334094321
138,26,12,219,111.42,179.993809119377,120.651596449635,61.4967334094321
138,26,13,146,140.3,179.993809119377,120.651596449635,61.4967334094321
138,26,14,204,124.07,179.993809119377,120.651596449635,61.4967334094321
138,26,15,235,176.97,179.993809119377,120.651596449635,61.4967334094321
138,26,16,218,135.85,179.993809119377,120.651596449635,61.4967334094321
138,26,17,269,142.79,179.993809119377,120.651596449635,61.4967334094321
138,26,18,280,111.88,179.993809119377,120.651596449635,61.4967334094321
138,26,19,327,159.5,179.993809119377,120.651596449635,61.4967334094321
138,26,20,306,93.15,179.993809119377,120.651596449635,61.4967334094321
138,26,21,358,92.92,179.993809119377,120.651596449635,61.4967334094321
138,26,22,352,90.7,179.993809119377,120.651596449635,61.4967334094321
138,26,23,438,90.14,179.993809119377,120.651596449635,61.4967334094321
138,27,0,13,128.51,232.249053380953,155.678793628641,79.3502742690936
138,27,1,4,111.05,232.249053380953,155.678793628641,79.3502742690936
138,27,7,2,114.08,232.249053380953,155.678793628641,79.3502742690936
138,27,8,4,113.58,232.249053380953,155.678793628641,79.3502742690936
138,27,9,6,113.14,232.249053380953,155.678793628641,79.3502742690936
138,27,10,14,120.81,232.249053380953,155.678793628641,79.3502742690936
138,27,11,11,115.05,232.249053380953,155.678793628641,79.3502742690936
138,27,12,13,120.87,232.249053380953,155.678793628641,79.3502742690936
138,27,13,19,124.55,232.249053380953,155.678793628641,79.3502742690936
138,27,14,23,140.96,232.249053380953,155.678793628641,79.3502742690936
138,27,15,24,144.54,232.249053380953,155.678793628641,79.3502742690936
138,27,16,17,151.73,232.249053380953,155.678793628641,79.3502742690936
138,27,17,27,142.78,232.249053380953,155.678793628641,79.3502742690936
138,27,18,20,127.41,232.249053380953,155.678793628641,79.3502742690936
138,27,19,23,121.07,232.249053380953,155.678793628641,79.3502742690936
138,27,20,22,113.9,232.249053380953,155.678793628641,79.3502742690936
138,27,21,24,114.21,232.249053380953,155.678793628641,79.3502742690936
138,27,22,23,120.67,232.249053380953,155.678793628641,79.3502742690936
138,27,23,20,117.92,232.249053380953,155.678793628641,79.3502742690936
138,28,0,413,43.87,86.794136908963,58.1789519971178,29.6541082446466
138,28,1,123,38.27,86.794136908963,58.1789519971178,29.6541082446466
138,28,2,45,40.45,86.794136908963,58.1789519971178,29.6541082446466
138,28,3,10,42.01,86.794136908963,58.1789519971178,29.6541082446466
138,28,4,22,38.65,86.794136908963,58.1789519971178,29.6541082446466
138,28,5,20,45.4,86.794136908963,58.1789519971178,29.6541082446466
138,28,6,33,37.75,86.794136908963,58.1789519971178,29.6541082446466
138,28,7,84,43.52,86.794136908963,58.1789519971178,29.6541082446466
138,28,8,223,44.65,86.794136908963,58.1789519971178,29.6541082446466
138,28,9,369,43.7,86.794136908963,58.1789519971178,29.6541082446466
138,28,10,411,47.3,86.794136908963,58.1789519971178,29.6541082446466
138,28,11,357,44.9,86.794136908963,58.1789519971178,29.6541082446466
138,28,12,396,47.08,86.794136908963,58.1789519971178,29.6541082446466
138,28,13,392,49.4,86.794136908963,58.1789519971178,29.6541082446466
138,28,14,482,53.43,86.794136908963,58.1789519971178,29.6541082446466
138,28,15,453,59.52,86.794136908963,58.1789519971178,29.6541082446466
138,28,16,450,62.33,86.794136908963,58.1789519971178,29.6541082446466
138,28,17,497,56.9,86.794136908963,58.1789519971178,29.6541082446466
138,28,18,551,51.32,86.794136908963,58.1789519971178,29.6541082446466
138,28,19,545,48.19,86.794136908963,58.1789519971178,29.6541082446466
138,28,20,518,44.7,86.794136908963,58.1789519971178,29.6541082446466
138,28,21,519,44.2,86.794136908963,58.1789519971178,29.6541082446466
138,28,22,563,47.03,86.794136908963,58.1789519971178,29.6541082446466
138,28,23,739,44.4,86.794136908963,58.1789519971178,29.6541082446466
138,29,0,81,98.99,219.160669660403,146.905523044749,74.8784935541846
138,29,1,22,93.52,219.160669660403,146.905523044749,74.8784935541846
138,29,2,10,88.73,219.160669660403,146.905523044749,74.8784935541846
138,29,5,2,80.55,219.160669660403,146.905523044749,74.8784935541846
138,29,6,3,111.55,219.160669660403,146.905523044749,74.8784935541846
138,29,7,16,119.75,219.160669660403,146.905523044749,74.8784935541846
138,29,8,27,121.28,219.160669660403,146.905523044749,74.8784935541846
138,29,9,53,123.77,219.160669660403,146.905523044749,74.8784935541846
138,29,10,83,112.92,219.160669660403,146.905523044749,74.8784935541846
138,29,11,64,112.73,219.160669660403,146.905523044749,74.8784935541846
138,29,12,46,118.08,219.160669660403,146.905523044749,74.8784935541846
138,29,13,65,125.93,219.160669660403,146.905523044749,74.8784935541846
138,29,14,65,131.91,219.160669660403,146.905523044749,74.8784935541846
138,29,15,54,139.6,219.160669660403,146.905523044749,74.8784935541846
138,29,16,76,137.43,219.160669660403,146.905523044749,74.8784935541846
138,29,17,80,137.25,219.160669660403,146.905523044749,74.8784935541846
138,29,18,83,126.46,219.160669660403,146.905523044749,74.8784935541846
138,29,19,108,113.59,219.160669660403,146.905523044749,74.8784935541846
138,29,20,94,111.66,219.160669660403,146.905523044749,74.8784935541846
138,29,21,90,110.52,219.160669660403,146.905523044749,74.8784935541846
138,29,22,119,103.97,219.160669660403,146.905523044749,74.8784935541846
138,29,23,152,108.28,219.160669660403,146.905523044749,74.8784935541846
138,30,0,5,88.52,188.239481067891,126.178750351514,64.3139519131147
138,30,9,3,90.02,188.239481067891,126.178750351514,64.3139519131147
138,30,10,4,92.36,188.239481067891,126.178750351514,64.3139519131147
138,30,11,2,92.15,188.239481067891,126.178750351514,64.3139519131147
138,30,12,6,97.5,188.239481067891,126.178750351514,64.3139519131147
138,30,13,3,96.08,188.239481067891,126.178750351514,64.3139519131147
138,30,14,2,109.87,188.239481067891,126.178750351514,64.3139519131147
138,30,15,5,111.66,188.239481067891,126.178750351514,64.3139519131147
138,30,16,7,118.77,188.239481067891,126.178750351514,64.3139519131147
138,30,17,2,91.32,188.239481067891,126.178750351514,64.3139519131147
138,30,18,10,94.2,188.239481067891,126.178750351514,64.3139519131147
138,30,19,5,88.61,188.239481067891,126.178750351514,64.3139519131147
138,30,20,3,88.09,188.239481067891,126.178750351514,64.3139519131147
138,30,21,8,92.91,188.239481067891,126.178750351514,64.3139519131147
138,30,22,5,97.29,188.239481067891,126.178750351514,64.3139519131147
138,30,23,6,96.85,188.239481067891,126.178750351514,64.3139519131147
138,31,0,28,70.89,85.6699592866845,57.4254048307766,29.2700214147698
138,31,1,6,45.68,85.6699592866845,57.4254048307766,29.2700214147698
138,31,7,7,60.53,85.6699592866845,57.4254048307766,29.2700214147698
138,31,8,15,67.33,85.6699592866845,57.4254048307766,29.2700214147698
138,31,9,34,61.71,85.6699592866845,57.4254048307766,29.2700214147698
138,31,10,36,73.45,85.6699592866845,57.4254048307766,29.2700214147698
138,31,11,33,66.54,85.6699592866845,57.4254048307766,29.2700214147698
138,31,12,37,66.9,85.6699592866845,57.4254048307766,29.2700214147698
138,31,13,31,75.82,85.6699592866845,57.4254048307766,29.2700214147698
138,31,14,32,70.15,85.6699592866845,57.4254048307766,29.2700214147698
138,31,15,26,86.16,85.6699592866845,57.4254048307766,29.2700214147698
138,31,16,22,90.38,85.6699592866845,57.4254048307766,29.2700214147698
138,31,17,15,84.53,85.6699592866845,57.4254048307766,29.2700214147698
138,31,18,18,65.14,85.6699592866845,57.4254048307766,29.2700214147698
138,31,19,28,57.58,85.6699592866845,57.4254048307766,29.2700214147698
138,31,20,23,59.21,85.6699592866845,57.4254048307766,29.2700214147698
138,31,21,20,54.22,85.6699592866845,57.4254048307766,29.2700214147698
138,31,22,27,185.56,85.6699592866845,57.4254048307766,29.2700214147698
138,31,23,26,57.71,85.6699592866845,57.4254048307766,29.2700214147698
138,32,0,200,61.35,92.5788022996217,62.0564693279891,31.630498583473
138,32,1,46,58,92.5788022996217,62.0564693279891,31.630498583473
138,32,2,22,60.22,92.5788022996217,62.0564693279891,31.630498583473
138,32,3,4,55.54,92.5788022996217,62.0564693279891,31.630498583473
138,32,4,3,47.73,92.5788022996217,62.0564693279891,31.630498583473
138,32,5,5,51.55,92.5788022996217,62.0564693279891,31.630498583473
138,32,6,7,49.15,92.5788022996217,62.0564693279891,31.630498583473
138,32,7,49,63.18,92.5788022996217,62.0564693279891,31.630498583473
138,32,8,88,64.51,92.5788022996217,62.0564693279891,31.630498583473
138,32,9,167,62.92,92.5788022996217,62.0564693279891,31.630498583473
138,32,10,196,61.36,92.5788022996217,62.0564693279891,31.630498583473
138,32,11,126,62.75,92.5788022996217,62.0564693279891,31.630498583473
138,32,12,121,63.62,92.5788022996217,62.0564693279891,31.630498583473
138,32,13,150,64.57,92.5788022996217,62.0564693279891,31.630498583473
138,32,14,184,74.23,92.5788022996217,62.0564693279891,31.630498583473
138,32,15,155,76.16,92.5788022996217,62.0564693279891,31.630498583473
138,32,16,134,81.1,92.5788022996217,62.0564693279891,31.630498583473
138,32,17,190,78.22,92.5788022996217,62.0564693279891,31.630498583473
138,32,18,173,69.29,92.5788022996217,62.0564693279891,31.630498583473
138,32,19,210,62.36,92.5788022996217,62.0564693279891,31.630498583473
138,32,20,166,60.17,92.5788022996217,62.0564693279891,31.630498583473
138,32,21,181,60.43,92.5788022996217,62.0564693279891,31.630498583473
138,32,22,190,61.56,92.5788022996217,62.0564693279891,31.630498583473
138,32,23,292,60.98,92.5788022996217,62.0564693279891,31.630498583473
138,33,0,1170,59.7,129.849594249907,87.0394427521571,44.3644474217076
138,33,1,206,54.24,129.849594249907,87.0394427521571,44.3644474217076
138,33,2,58,51.14,129.849594249907,87.0394427521571,44.3644474217076
138,33,3,10,47.65,129.849594249907,87.0394427521571,44.3644474217076
138,33,4,3,57.06,129.849594249907,87.0394427521571,44.3644474217076
138,33,5,13,49.88,129.849594249907,87.0394427521571,44.3644474217076
138,33,6,23,78.2,129.849594249907,87.0394427521571,44.3644474217076
138,33,7,220,84.39,129.849594249907,87.0394427521571,44.3644474217076
138,33,8,650,86.81,129.849594249907,87.0394427521571,44.3644474217076
138,33,9,986,79.78,129.849594249907,87.0394427521571,44.3644474217076
138,33,10,1571,84.06,129.849594249907,87.0394427521571,44.3644474217076
138,33,11,1415,93.14,129.849594249907,87.0394427521571,44.3644474217076
138,33,12,1578,100.18,129.849594249907,87.0394427521571,44.3644474217076
138,33,13,1754,80.19,129.849594249907,87.0394427521571,44.3644474217076
138,33,14,2153,87.82,129.849594249907,87.0394427521571,44.3644474217076
138,33,15,2088,104.27,129.849594249907,87.0394427521571,44.3644474217076
138,33,16,2210,93.8,129.849594249907,87.0394427521571,44.3644474217076
138,33,17,2282,89.65,129.849594249907,87.0394427521571,44.3644474217076
138,33,18,2461,79.4,129.849594249907,87.0394427521571,44.3644474217076
138,33,19,2589,81.77,129.849594249907,87.0394427521571,44.3644474217076
138,33,20,2721,63.87,129.849594249907,87.0394427521571,44.3644474217076
138,33,21,2480,61.72,129.849594249907,87.0394427521571,44.3644474217076
138,33,22,2081,63.07,129.849594249907,87.0394427521571,44.3644474217076
138,33,23,2350,62,129.849594249907,87.0394427521571,44.3644474217076
138,34,0,36,53.51,112.16170226874,75.1830771593762,38.3211974729316
138,34,1,5,46.14,112.16170226874,75.1830771593762,38.3211974729316
138,34,6,3,75.1,112.16170226874,75.1830771593762,38.3211974729316
138,34,7,54,72.54,112.16170226874,75.1830771593762,38.3211974729316
138,34,8,140,142.23,112.16170226874,75.1830771593762,38.3211974729316
138,34,9,182,73.72,112.16170226874,75.1830771593762,38.3211974729316
138,34,10,199,70.51,112.16170226874,75.1830771593762,38.3211974729316
138,34,11,137,68.08,112.16170226874,75.1830771593762,38.3211974729316
138,34,12,114,64.25,112.16170226874,75.1830771593762,38.3211974729316
138,34,13,94,62.92,112.16170226874,75.1830771593762,38.3211974729316
138,34,14,92,70.98,112.16170226874,75.1830771593762,38.3211974729316
138,34,15,61,79.29,112.16170226874,75.1830771593762,38.3211974729316
138,34,16,60,82.82,112.16170226874,75.1830771593762,38.3211974729316
138,34,17,44,75.15,112.16170226874,75.1830771593762,38.3211974729316
138,34,18,52,67.7,112.16170226874,75.1830771593762,38.3211974729316
138,34,19,48,61.19,112.16170226874,75.1830771593762,38.3211974729316
138,34,20,55,52.29,112.16170226874,75.1830771593762,38.3211974729316
138,34,21,52,57.15,112.16170226874,75.1830771593762,38.3211974729316
138,34,22,48,55.81,112.16170226874,75.1830771593762,38.3211974729316
138,34,23,53,55.26,112.16170226874,75.1830771593762,38.3211974729316
138,35,0,278,69.69,123.115155414547,82.525283067144,42.0635572313922
138,35,1,62,66.95,123.115155414547,82.525283067144,42.0635572313922
138,35,2,15,58.27,123.115155414547,82.525283067144,42.0635572313922
138,35,3,8,61.98,123.115155414547,82.525283067144,42.0635572313922
138,35,4,15,56.17,123.115155414547,82.525283067144,42.0635572313922
138,35,5,26,60.68,123.115155414547,82.525283067144,42.0635572313922
138,35,6,35,63.75,123.115155414547,82.525283067144,42.0635572313922
138,35,7,73,75.42,123.115155414547,82.525283067144,42.0635572313922
138,35,8,175,77.97,123.115155414547,82.525283067144,42.0635572313922
138,35,9,190,74.68,123.115155414547,82.525283067144,42.0635572313922
138,35,10,235,73.96,123.115155414547,82.525283067144,42.0635572313922
138,35,11,203,73.73,123.115155414547,82.525283067144,42.0635572313922
138,35,12,215,77.44,123.115155414547,82.525283067144,42.0635572313922
138,35,13,201,132.13,123.115155414547,82.525283067144,42.0635572313922
138,35,14,219,86.14,123.115155414547,82.525283067144,42.0635572313922
138,35,15,174,94.54,123.115155414547,82.525283067144,42.0635572313922
138,35,16,221,96,123.115155414547,82.525283067144,42.0635572313922
138,35,17,219,92.54,123.115155414547,82.525283067144,42.0635572313922
138,35,18,247,126.29,123.115155414547,82.525283067144,42.0635572313922
138,35,19,243,77.1,123.115155414547,82.525283067144,42.0635572313922
138,35,20,228,70.96,123.115155414547,82.525283067144,42.0635572313922
138,35,21,203,71.97,123.115155414547,82.525283067144,42.0635572313922
138,35,22,275,70.92,123.115155414547,82.525283067144,42.0635572313922
138,35,23,387,70.43,123.115155414547,82.525283067144,42.0635572313922
138,36,0,1494,72.7,88.2084336228108,59.1269688051072,30.1373172416607
138,36,1,289,50.24,88.2084336228108,59.1269688051072,30.1373172416607
138,36,2,74,49.28,88.2084336228108,59.1269688051072,30.1373172416607
138,36,3,17,46.78,88.2084336228108,59.1269688051072,30.1373172416607
138,36,4,19,46.6,88.2084336228108,59.1269688051072,30.1373172416607
138,36,5,14,48.28,88.2084336228108,59.1269688051072,30.1373172416607
138,36,6,31,54.88,88.2084336228108,59.1269688051072,30.1373172416607
138,36,7,296,63.36,88.2084336228108,59.1269688051072,30.1373172416607
138,36,8,701,64.67,88.2084336228108,59.1269688051072,30.1373172416607
138,36,9,1045,61.76,88.2084336228108,59.1269688051072,30.1373172416607
138,36,10,1286,60.64,88.2084336228108,59.1269688051072,30.1373172416607
138,36,11,1225,61.31,88.2084336228108,59.1269688051072,30.1373172416607
138,36,12,1272,60.56,88.2084336228108,59.1269688051072,30.1373172416607
138,36,13,1313,62.07,88.2084336228108,59.1269688051072,30.1373172416607
138,36,14,1627,65.35,88.2084336228108,59.1269688051072,30.1373172416607
138,36,15,1572,68.17,88.2084336228108,59.1269688051072,30.1373172416607
138,36,16,1774,69.43,88.2084336228108,59.1269688051072,30.1373172416607
138,36,17,1801,67.42,88.2084336228108,59.1269688051072,30.1373172416607
138,36,18,1866,62.29,88.2084336228108,59.1269688051072,30.1373172416607
138,36,19,1876,58.85,88.2084336228108,59.1269688051072,30.1373172416607
138,36,20,2047,56.07,88.2084336228108,59.1269688051072,30.1373172416607
138,36,21,2038,55.67,88.2084336228108,59.1269688051072,30.1373172416607
138,36,22,1996,55.17,88.2084336228108,59.1269688051072,30.1373172416607
138,36,23,2494,54.86,88.2084336228108,59.1269688051072,30.1373172416607
138,37,0,2394,56.94,95.0343008443965,63.7024138243931,32.4694448790931
138,37,1,480,52.69,95.0343008443965,63.7024138243931,32.4694448790931
138,37,2,121,51.36,95.0343008443965,63.7024138243931,32.4694448790931
138,37,3,26,53.88,95.0343008443965,63.7024138243931,32.4694448790931
138,37,4,27,49.2,95.0343008443965,63.7024138243931,32.4694448790931
138,37,5,33,49.93,95.0343008443965,63.7024138243931,32.4694448790931
138,37,6,48,55.52,95.0343008443965,63.7024138243931,32.4694448790931
138,37,7,443,67.15,95.0343008443965,63.7024138243931,32.4694448790931
138,37,8,1059,69.25,95.0343008443965,63.7024138243931,32.4694448790931
138,37,9,1626,65.04,95.0343008443965,63.7024138243931,32.4694448790931
138,37,10,2132,64.25,95.0343008443965,63.7024138243931,32.4694448790931
138,37,11,1920,64.38,95.0343008443965,63.7024138243931,32.4694448790931
138,37,12,1960,64.22,95.0343008443965,63.7024138243931,32.4694448790931
138,37,13,1974,65.07,95.0343008443965,63.7024138243931,32.4694448790931
138,37,14,2352,69.21,95.0343008443965,63.7024138243931,32.4694448790931
138,37,15,2310,84.35,95.0343008443965,63.7024138243931,32.4694448790931
138,37,16,2688,73.33,95.0343008443965,63.7024138243931,32.4694448790931
138,37,17,2761,70.85,95.0343008443965,63.7024138243931,32.4694448790931
138,37,18,2877,65.22,95.0343008443965,63.7024138243931,32.4694448790931
138,37,19,2876,61.48,95.0343008443965,63.7024138243931,32.4694448790931
138,37,20,3138,58.54,95.0343008443965,63.7024138243931,32.4694448790931
138,37,21,2992,58.63,95.0343008443965,63.7024138243931,32.4694448790931
138,37,22,2960,68.87,95.0343008443965,63.7024138243931,32.4694448790931
138,37,23,3803,57.16,95.0343008443965,63.7024138243931,32.4694448790931
138,38,0,148,65.4,141.447392266381,94.8135592777982,48.3269542226084
138,38,1,51,63.46,141.447392266381,94.8135592777982,48.3269542226084
138,38,2,20,61.15,141.447392266381,94.8135592777982,48.3269542226084
138,38,3,9,57.25,141.447392266381,94.8135592777982,48.3269542226084
138,38,4,5,58.32,141.447392266381,94.8135592777982,48.3269542226084
138,38,5,5,57.53,141.447392266381,94.8135592777982,48.3269542226084
138,38,6,5,55.01,141.447392266381,94.8135592777982,48.3269542226084
138,38,7,58,70.53,141.447392266381,94.8135592777982,48.3269542226084
138,38,8,175,76.85,141.447392266381,94.8135592777982,48.3269542226084
138,38,9,330,70.61,141.447392266381,94.8135592777982,48.3269542226084
138,38,10,333,70.05,141.447392266381,94.8135592777982,48.3269542226084
138,38,11,279,71.82,141.447392266381,94.8135592777982,48.3269542226084
138,38,12,214,74.07,141.447392266381,94.8135592777982,48.3269542226084
138,38,13,198,77.2,141.447392266381,94.8135592777982,48.3269542226084
138,38,14,198,87.58,141.447392266381,94.8135592777982,48.3269542226084
138,38,15,168,94.6,141.447392266381,94.8135592777982,48.3269542226084
138,38,16,168,92.99,141.447392266381,94.8135592777982,48.3269542226084
138,38,17,170,91.02,141.447392266381,94.8135592777982,48.3269542226084
138,38,18,160,78.95,141.447392266381,94.8135592777982,48.3269542226084
138,38,19,157,72.4,141.447392266381,94.8135592777982,48.3269542226084
138,38,20,169,70.15,141.447392266381,94.8135592777982,48.3269542226084
138,38,21,135,71.74,141.447392266381,94.8135592777982,48.3269542226084
138,38,22,190,68.47,141.447392266381,94.8135592777982,48.3269542226084
138,38,23,230,69.55,141.447392266381,94.8135592777982,48.3269542226084
138,39,0,359,83.21,148.580257621091,99.5947881240372,50.7639709250719
138,39,1,75,74.12,148.580257621091,99.5947881240372,50.7639709250719
138,39,2,25,82.07,148.580257621091,99.5947881240372,50.7639709250719
138,39,3,10,69.78,148.580257621091,99.5947881240372,50.7639709250719
138,39,4,8,64.15,148.580257621091,99.5947881240372,50.7639709250719
138,39,5,9,74.91,148.580257621091,99.5947881240372,50.7639709250719
138,39,6,88,71.92,148.580257621091,99.5947881240372,50.7639709250719
138,39,7,98,88.16,148.580257621091,99.5947881240372,50.7639709250719
138,39,8,221,93.61,148.580257621091,99.5947881240372,50.7639709250719
138,39,9,267,89.02,148.580257621091,99.5947881240372,50.7639709250719
138,39,10,311,87.99,148.580257621091,99.5947881240372,50.7639709250719
138,39,11,284,88.84,148.580257621091,99.5947881240372,50.7639709250719
138,39,12,269,132.52,148.580257621091,99.5947881240372,50.7639709250719
138,39,13,241,111.41,148.580257621091,99.5947881240372,50.7639709250719
138,39,14,286,102.58,148.580257621091,99.5947881240372,50.7639709250719
138,39,15,293,108.84,148.580257621091,99.5947881240372,50.7639709250719
138,39,16,306,109.4,148.580257621091,99.5947881240372,50.7639709250719
138,39,17,316,106.13,148.580257621091,99.5947881240372,50.7639709250719
138,39,18,359,96.21,148.580257621091,99.5947881240372,50.7639709250719
138,39,19,328,92.71,148.580257621091,99.5947881240372,50.7639709250719
138,39,20,347,85.5,148.580257621091,99.5947881240372,50.7639709250719
138,39,21,309,83.37,148.580257621091,99.5947881240372,50.7639709250719
138,39,22,404,85.95,148.580257621091,99.5947881240372,50.7639709250719
138,39,23,532,86.34,148.580257621091,99.5947881240372,50.7639709250719
138,40,0,523,66.63,142.499542178954,95.518825571552,48.6864320457447
138,40,1,83,64.07,142.499542178954,95.518825571552,48.6864320457447
138,40,2,19,61,142.499542178954,95.518825571552,48.6864320457447
138,40,3,6,94.13,142.499542178954,95.518825571552,48.6864320457447
138,40,4,5,79.22,142.499542178954,95.518825571552,48.6864320457447
138,40,5,4,52.45,142.499542178954,95.518825571552,48.6864320457447
138,40,6,11,68.77,142.499542178954,95.518825571552,48.6864320457447
138,40,7,108,88.75,142.499542178954,95.518825571552,48.6864320457447
138,40,8,273,94.66,142.499542178954,95.518825571552,48.6864320457447
138,40,9,420,88.37,142.499542178954,95.518825571552,48.6864320457447
138,40,10,588,87.6,142.499542178954,95.518825571552,48.6864320457447
138,40,11,519,84.34,142.499542178954,95.518825571552,48.6864320457447
138,40,12,637,86.42,142.499542178954,95.518825571552,48.6864320457447
138,40,13,737,96.4,142.499542178954,95.518825571552,48.6864320457447
138,40,14,910,95.06,142.499542178954,95.518825571552,48.6864320457447
138,40,15,954,104.86,142.499542178954,95.518825571552,48.6864320457447
138,40,16,973,101.54,142.499542178954,95.518825571552,48.6864320457447
138,40,17,1039,97.18,142.499542178954,95.518825571552,48.6864320457447
138,40,18,1120,87.12,142.499542178954,95.518825571552,48.6864320457447
138,40,19,1183,77.78,142.499542178954,95.518825571552,48.6864320457447
138,40,20,1228,71.51,142.499542178954,95.518825571552,48.6864320457447
138,40,21,1197,70.58,142.499542178954,95.518825571552,48.6864320457447
138,40,22,1048,72.01,142.499542178954,95.518825571552,48.6864320457447
138,40,23,1143,70.56,142.499542178954,95.518825571552,48.6864320457447
138,41,0,1681,49.73,68.4795608367988,45.9025139784114,23.3967452401798
138,41,1,328,47.6,68.4795608367988,45.9025139784114,23.3967452401798
138,41,2,100,45,68.4795608367988,45.9025139784114,23.3967452401798
138,41,3,23,40.58,68.4795608367988,45.9025139784114,23.3967452401798
138,41,4,8,39.81,68.4795608367988,45.9025139784114,23.3967452401798
138,41,5,28,46.25,68.4795608367988,45.9025139784114,23.3967452401798
138,41,6,46,50.28,68.4795608367988,45.9025139784114,23.3967452401798
138,41,7,354,61.76,68.4795608367988,45.9025139784114,23.3967452401798
138,41,8,840,66.3,68.4795608367988,45.9025139784114,23.3967452401798
138,41,9,1354,60.3,68.4795608367988,45.9025139784114,23.3967452401798
138,41,10,1803,56.93,68.4795608367988,45.9025139784114,23.3967452401798
138,41,11,1589,56.3,68.4795608367988,45.9025139784114,23.3967452401798
138,41,12,1722,54.84,68.4795608367988,45.9025139784114,23.3967452401798
138,41,13,1745,56.74,68.4795608367988,45.9025139784114,23.3967452401798
138,41,14,2147,73.33,68.4795608367988,45.9025139784114,23.3967452401798
138,41,15,2123,62.53,68.4795608367988,45.9025139784114,23.3967452401798
138,41,16,2203,62.31,68.4795608367988,45.9025139784114,23.3967452401798
138,41,17,2212,60.16,68.4795608367988,45.9025139784114,23.3967452401798
138,41,18,2354,56.45,68.4795608367988,45.9025139784114,23.3967452401798
138,41,19,2539,51.54,68.4795608367988,45.9025139784114,23.3967452401798
138,41,20,2402,50.42,68.4795608367988,45.9025139784114,23.3967452401798
138,41,21,2495,49.4,68.4795608367988,45.9025139784114,23.3967452401798
138,41,22,2276,48.91,68.4795608367988,45.9025139784114,23.3967452401798
138,41,23,2827,49.96,68.4795608367988,45.9025139784114,23.3967452401798
138,42,0,1960,45.34,69.2016383845487,46.3865295638512,23.6434504500543
138,42,1,435,41.95,69.2016383845487,46.3865295638512,23.6434504500543
138,42,2,93,40.69,69.2016383845487,46.3865295638512,23.6434504500543
138,42,3,31,38.92,69.2016383845487,46.3865295638512,23.6434504500543
138,42,4,30,35.67,69.2016383845487,46.3865295638512,23.6434504500543
138,42,5,28,44.88,69.2016383845487,46.3865295638512,23.6434504500543
138,42,6,47,40.11,69.2016383845487,46.3865295638512,23.6434504500543
138,42,7,384,54.04,69.2016383845487,46.3865295638512,23.6434504500543
138,42,8,1021,68.65,69.2016383845487,46.3865295638512,23.6434504500543
138,42,9,1573,54.28,69.2016383845487,46.3865295638512,23.6434504500543
138,42,10,1868,57.54,69.2016383845487,46.3865295638512,23.6434504500543
138,42,11,1497,58.08,69.2016383845487,46.3865295638512,23.6434504500543
138,42,12,1526,49.52,69.2016383845487,46.3865295638512,23.6434504500543
138,42,13,1590,52.02,69.2016383845487,46.3865295638512,23.6434504500543
138,42,14,1980,60.19,69.2016383845487,46.3865295638512,23.6434504500543
138,42,15,1830,60.6,69.2016383845487,46.3865295638512,23.6434504500543
138,42,16,2088,59.06,69.2016383845487,46.3865295638512,23.6434504500543
138,42,17,2136,56.29,69.2016383845487,46.3865295638512,23.6434504500543
138,42,18,2165,52.39,69.2016383845487,46.3865295638512,23.6434504500543
138,42,19,2189,61.31,69.2016383845487,46.3865295638512,23.6434504500543
138,42,20,2229,59.23,69.2016383845487,46.3865295638512,23.6434504500543
138,42,21,2352,44.97,69.2016383845487,46.3865295638512,23.6434504500543
138,42,22,2291,58.86,69.2016383845487,46.3865295638512,23.6434504500543
138,42,23,3021,44.7,69.2016383845487,46.3865295638512,23.6434504500543
138,43,0,231,64.95,73.695488905903,49.3988011650807,25.1788206322047
138,43,1,43,65.67,73.695488905903,49.3988011650807,25.1788206322047
138,43,2,10,64.39,73.695488905903,49.3988011650807,25.1788206322047
138,43,3,3,58.72,73.695488905903,49.3988011650807,25.1788206322047
138,43,4,3,57.92,73.695488905903,49.3988011650807,25.1788206322047
138,43,5,3,55.64,73.695488905903,49.3988011650807,25.1788206322047
138,43,6,6,67.25,73.695488905903,49.3988011650807,25.1788206322047
138,43,7,173,87.11,73.695488905903,49.3988011650807,25.1788206322047
138,43,8,454,98.98,73.695488905903,49.3988011650807,25.1788206322047
138,43,9,936,104.77,73.695488905903,49.3988011650807,25.1788206322047
138,43,10,1289,90.93,73.695488905903,49.3988011650807,25.1788206322047
138,43,11,1307,98.74,73.695488905903,49.3988011650807,25.1788206322047
138,43,12,1334,91.52,73.695488905903,49.3988011650807,25.1788206322047
138,43,13,1279,92.38,73.695488905903,49.3988011650807,25.1788206322047
138,43,14,1575,96.84,73.695488905903,49.3988011650807,25.1788206322047
138,43,15,1314,99.95,73.695488905903,49.3988011650807,25.1788206322047
138,43,16,1232,97.14,73.695488905903,49.3988011650807,25.1788206322047
138,43,17,1089,111.46,73.695488905903,49.3988011650807,25.1788206322047
138,43,18,992,85.94,73.695488905903,49.3988011650807,25.1788206322047
138,43,19,913,75.65,73.695488905903,49.3988011650807,25.1788206322047
138,43,20,823,71.56,73.695488905903,49.3988011650807,25.1788206322047
138,43,21,798,71.3,73.695488905903,49.3988011650807,25.1788206322047
138,43,22,648,71.57,73.695488905903,49.3988011650807,25.1788206322047
138,43,23,661,70,73.695488905903,49.3988011650807,25.1788206322047
138,44,1,2,162.09,393.060527837478,263.472285057736,134.293166039731
138,44,7,2,190.72,393.060527837478,263.472285057736,134.293166039731
138,44,8,2,199.93,393.060527837478,263.472285057736,134.293166039731
138,44,9,6,165.15,393.060527837478,263.472285057736,134.293166039731
138,44,10,6,184.56,393.060527837478,263.472285057736,134.293166039731
138,44,11,5,158.58,393.060527837478,263.472285057736,134.293166039731
138,44,12,6,165.74,393.060527837478,263.472285057736,134.293166039731
138,44,13,2,221.03,393.060527837478,263.472285057736,134.293166039731
138,44,14,10,186.34,393.060527837478,263.472285057736,134.293166039731
138,44,15,3,189.21,393.060527837478,263.472285057736,134.293166039731
138,44,16,9,204.16,393.060527837478,263.472285057736,134.293166039731
138,44,17,3,222.33,393.060527837478,263.472285057736,134.293166039731
138,44,18,8,167.65,393.060527837478,263.472285057736,134.293166039731
138,44,19,11,150.72,393.060527837478,263.472285057736,134.293166039731
138,44,20,8,167.59,393.060527837478,263.472285057736,134.293166039731
138,44,21,10,158.74,393.060527837478,263.472285057736,134.293166039731
138,44,22,6,133.9,393.060527837478,263.472285057736,134.293166039731
138,44,23,9,161.29,393.060527837478,263.472285057736,134.293166039731
138,45,0,324,57.72,120.809514870386,80.9797898423881,41.275811460713
138,45,1,52,53.59,120.809514870386,80.9797898423881,41.275811460713
138,45,2,19,54.44,120.809514870386,80.9797898423881,41.275811460713
138,45,3,6,45.44,120.809514870386,80.9797898423881,41.275811460713
138,45,5,3,53.04,120.809514870386,80.9797898423881,41.275811460713
138,45,6,8,65.27,120.809514870386,80.9797898423881,41.275811460713
138,45,7,125,89.78,120.809514870386,80.9797898423881,41.275811460713
138,45,8,298,91.06,120.809514870386,80.9797898423881,41.275811460713
138,45,9,472,86.72,120.809514870386,80.9797898423881,41.275811460713
138,45,10,632,82.07,120.809514870386,80.9797898423881,41.275811460713
138,45,11,648,81.39,120.809514870386,80.9797898423881,41.275811460713
138,45,12,647,80.51,120.809514870386,80.9797898423881,41.275811460713
138,45,13,601,80.98,120.809514870386,80.9797898423881,41.275811460713
138,45,14,664,93.36,120.809514870386,80.9797898423881,41.275811460713
138,45,15,657,91.22,120.809514870386,80.9797898423881,41.275811460713
138,45,16,569,90.14,120.809514870386,80.9797898423881,41.275811460713
138,45,17,588,86.99,120.809514870386,80.9797898423881,41.275811460713
138,45,18,655,81.17,120.809514870386,80.9797898423881,41.275811460713
138,45,19,529,70.73,120.809514870386,80.9797898423881,41.275811460713
138,45,20,530,66.55,120.809514870386,80.9797898423881,41.275811460713
138,45,21,559,66.65,120.809514870386,80.9797898423881,41.275811460713
138,45,22,557,63.05,120.809514870386,80.9797898423881,41.275811460713
138,45,23,557,61.72,120.809514870386,80.9797898423881,41.275811460713
138,46,0,34,69.07,106.276685758273,71.2382934993484,36.3105211434238
138,46,1,6,68.93,106.276685758273,71.2382934993484,36.3105211434238
138,46,2,5,76.02,106.276685758273,71.2382934993484,36.3105211434238
138,46,7,12,71.48,106.276685758273,71.2382934993484,36.3105211434238
138,46,8,18,71.94,106.276685758273,71.2382934993484,36.3105211434238
138,46,9,25,70.74,106.276685758273,71.2382934993484,36.3105211434238
138,46,10,34,70.37,106.276685758273,71.2382934993484,36.3105211434238
138,46,11,31,76.21,106.276685758273,71.2382934993484,36.3105211434238
138,46,12,47,77.69,106.276685758273,71.2382934993484,36.3105211434238
138,46,13,49,76.84,106.276685758273,71.2382934993484,36.3105211434238
138,46,14,69,77.9,106.276685758273,71.2382934993484,36.3105211434238
138,46,15,48,88.88,106.276685758273,71.2382934993484,36.3105211434238
138,46,16,57,91.72,106.276685758273,71.2382934993484,36.3105211434238
138,46,17,53,82.47,106.276685758273,71.2382934993484,36.3105211434238
138,46,18,75,76.72,106.276685758273,71.2382934993484,36.3105211434238
138,46,19,63,71.4,106.276685758273,71.2382934993484,36.3105211434238
138,46,20,65,67.15,106.276685758273,71.2382934993484,36.3105211434238
138,46,21,62,71.6,106.276685758273,71.2382934993484,36.3105211434238
138,46,22,64,73.62,106.276685758273,71.2382934993484,36.3105211434238
138,46,23,64,70.19,106.276685758273,71.2382934993484,36.3105211434238
138,47,0,173,58.09,72.8933801319591,48.8611398723059,24.9047719319859
138,47,1,44,52.96,72.8933801319591,48.8611398723059,24.9047719319859
138,47,2,20,53.98,72.8933801319591,48.8611398723059,24.9047719319859
138,47,3,4,45.21,72.8933801319591,48.8611398723059,24.9047719319859
138,47,4,2,42.99,72.8933801319591,48.8611398723059,24.9047719319859
138,47,6,8,57.56,72.8933801319591,48.8611398723059,24.9047719319859
138,47,7,66,62.62,72.8933801319591,48.8611398723059,24.9047719319859
138,47,8,101,66.76,72.8933801319591,48.8611398723059,24.9047719319859
138,47,9,128,61.46,72.8933801319591,48.8611398723059,24.9047719319859
138,47,10,166,63.11,72.8933801319591,48.8611398723059,24.9047719319859
138,47,11,105,63.35,72.8933801319591,48.8611398723059,24.9047719319859
138,47,12,117,64.26,72.8933801319591,48.8611398723059,24.9047719319859
138,47,13,122,67.27,72.8933801319591,48.8611398723059,24.9047719319859
138,47,14,126,73.86,72.8933801319591,48.8611398723059,24.9047719319859
138,47,15,121,81.26,72.8933801319591,48.8611398723059,24.9047719319859
138,47,16,122,82.46,72.8933801319591,48.8611398723059,24.9047719319859
138,47,17,127,74.85,72.8933801319591,48.8611398723059,24.9047719319859
138,47,18,127,68.66,72.8933801319591,48.8611398723059,24.9047719319859
138,47,19,127,62.24,72.8933801319591,48.8611398723059,24.9047719319859
138,47,20,125,60.75,72.8933801319591,48.8611398723059,24.9047719319859
138,47,21,115,57.99,72.8933801319591,48.8611398723059,24.9047719319859
138,47,22,143,58.22,72.8933801319591,48.8611398723059,24.9047719319859
138,47,23,194,58.31,72.8933801319591,48.8611398723059,24.9047719319859
138,48,0,3406,88.01,94.2473107075306,63.174886700724,32.2005616164994
138,48,1,683,62.79,94.2473107075306,63.174886700724,32.2005616164994
138,48,2,194,57.97,94.2473107075306,63.174886700724,32.2005616164994
138,48,3,44,54.4,94.2473107075306,63.174886700724,32.2005616164994
138,48,4,39,55.18,94.2473107075306,63.174886700724,32.2005616164994
138,48,5,33,56.76,94.2473107075306,63.174886700724,32.2005616164994
138,48,6,60,69.94,94.2473107075306,63.174886700724,32.2005616164994
138,48,7,982,89.25,94.2473107075306,63.174886700724,32.2005616164994
138,48,8,2687,104.07,94.2473107075306,63.174886700724,32.2005616164994
138,48,9,5089,102.04,94.2473107075306,63.174886700724,32.2005616164994
138,48,10,7235,99.91,94.2473107075306,63.174886700724,32.2005616164994
138,48,11,7579,104.18,94.2473107075306,63.174886700724,32.2005616164994
138,48,12,7152,96.34,94.2473107075306,63.174886700724,32.2005616164994
138,48,13,6995,98.81,94.2473107075306,63.174886700724,32.2005616164994
138,48,14,8301,103.95,94.2473107075306,63.174886700724,32.2005616164994
138,48,15,7586,108.27,94.2473107075306,63.174886700724,32.2005616164994
138,48,16,7288,107.15,94.2473107075306,63.174886700724,32.2005616164994
138,48,17,6934,104.41,94.2473107075306,63.174886700724,32.2005616164994
138,48,18,6619,89.16,94.2473107075306,63.174886700724,32.2005616164994
138,48,19,6298,79.49,94.2473107075306,63.174886700724,32.2005616164994
138,48,20,6257,74.17,94.2473107075306,63.174886700724,32.2005616164994
138,48,21,6157,73.14,94.2473107075306,63.174886700724,32.2005616164994
138,48,22,5567,78.25,94.2473107075306,63.174886700724,32.2005616164994
138,48,23,6302,70.35,94.2473107075306,63.174886700724,32.2005616164994
138,49,0,1465,56,117.953243919789,79.0652037142965,40.299937156739
138,49,1,268,50.4,117.953243919789,79.0652037142965,40.299937156739
138,49,2,64,48.47,117.953243919789,79.0652037142965,40.299937156739
138,49,3,9,48.34,117.953243919789,79.0652037142965,40.299937156739
138,49,4,16,49.5,117.953243919789,79.0652037142965,40.299937156739
138,49,5,13,52.74,117.953243919789,79.0652037142965,40.299937156739
138,49,6,37,57.59,117.953243919789,79.0652037142965,40.299937156739
138,49,7,248,74.67,117.953243919789,79.0652037142965,40.299937156739
138,49,8,683,78.26,117.953243919789,79.0652037142965,40.299937156739
138,49,9,1089,73.67,117.953243919789,79.0652037142965,40.299937156739
138,49,10,1396,70.95,117.953243919789,79.0652037142965,40.299937156739
138,49,11,1394,70.09,117.953243919789,79.0652037142965,40.299937156739
138,49,12,1556,68.68,117.953243919789,79.0652037142965,40.299937156739
138,49,13,1693,70.24,117.953243919789,79.0652037142965,40.299937156739
138,49,14,2023,76.21,117.953243919789,79.0652037142965,40.299937156739
138,49,15,2007,84.42,117.953243919789,79.0652037142965,40.299937156739
138,49,16,2142,82.87,117.953243919789,79.0652037142965,40.299937156739
138,49,17,2295,78.47,117.953243919789,79.0652037142965,40.299937156739
138,49,18,2358,70.99,117.953243919789,79.0652037142965,40.299937156739
138,49,19,2361,65.29,117.953243919789,79.0652037142965,40.299937156739
138,49,20,2601,59.84,117.953243919789,79.0652037142965,40.299937156739
138,49,21,2532,58.98,117.953243919789,79.0652037142965,40.299937156739
138,49,22,2359,59.12,117.953243919789,79.0652037142965,40.299937156739
138,49,23,2769,58.8,117.953243919789,79.0652037142965,40.299937156739
138,50,0,1257,70.96,97.857452300368,65.5947996339304,33.4340035675933
138,50,1,267,65.56,97.857452300368,65.5947996339304,33.4340035675933
138,50,2,47,64.82,97.857452300368,65.5947996339304,33.4340035675933
138,50,3,13,57.85,97.857452300368,65.5947996339304,33.4340035675933
138,50,4,10,58.96,97.857452300368,65.5947996339304,33.4340035675933
138,50,5,12,61.89,97.857452300368,65.5947996339304,33.4340035675933
138,50,6,27,76.11,97.857452300368,65.5947996339304,33.4340035675933
138,50,7,339,97.37,97.857452300368,65.5947996339304,33.4340035675933
138,50,8,860,102.15,97.857452300368,65.5947996339304,33.4340035675933
138,50,9,1541,104.7,97.857452300368,65.5947996339304,33.4340035675933
138,50,10,2119,94.56,97.857452300368,65.5947996339304,33.4340035675933
138,50,11,1878,94.35,97.857452300368,65.5947996339304,33.4340035675933
138,50,12,1896,106.29,97.857452300368,65.5947996339304,33.4340035675933
138,50,13,1726,93.55,97.857452300368,65.5947996339304,33.4340035675933
138,50,14,1985,98.74,97.857452300368,65.5947996339304,33.4340035675933
138,50,15,1990,100.29,97.857452300368,65.5947996339304,33.4340035675933
138,50,16,1853,100.34,97.857452300368,65.5947996339304,33.4340035675933
138,50,17,1868,108.92,97.857452300368,65.5947996339304,33.4340035675933
138,50,18,2042,90.47,97.857452300368,65.5947996339304,33.4340035675933
138,50,19,2099,80.84,97.857452300368,65.5947996339304,33.4340035675933
138,50,20,2210,90.13,97.857452300368,65.5947996339304,33.4340035675933
138,50,21,2148,76.07,97.857452300368,65.5947996339304,33.4340035675933
138,50,22,2036,74.63,97.857452300368,65.5947996339304,33.4340035675933
138,50,23,2452,73.46,97.857452300368,65.5947996339304,33.4340035675933
138,51,0,303,64.85,109.196808292151,73.1956799631643,37.3082109965768
138,51,1,86,60.67,109.196808292151,73.1956799631643,37.3082109965768
138,51,2,17,59.93,109.196808292151,73.1956799631643,37.3082109965768
138,51,3,5,59.03,109.196808292151,73.1956799631643,37.3082109965768
138,51,4,10,57.4,109.196808292151,73.1956799631643,37.3082109965768
138,51,5,10,63.33,109.196808292151,73.1956799631643,37.3082109965768
138,51,6,9,62.38,109.196808292151,73.1956799631643,37.3082109965768
138,51,7,94,65.02,109.196808292151,73.1956799631643,37.3082109965768
138,51,8,222,73.65,109.196808292151,73.1956799631643,37.3082109965768
138,51,9,336,69.09,109.196808292151,73.1956799631643,37.3082109965768
138,51,10,375,67.78,109.196808292151,73.1956799631643,37.3082109965768
138,51,11,318,90.6,109.196808292151,73.1956799631643,37.3082109965768
138,51,12,286,70,109.196808292151,73.1956799631643,37.3082109965768
138,51,13,356,70.07,109.196808292151,73.1956799631643,37.3082109965768
138,51,14,389,73.75,109.196808292151,73.1956799631643,37.3082109965768
138,51,15,344,79.26,109.196808292151,73.1956799631643,37.3082109965768
138,51,16,343,82.01,109.196808292151,73.1956799631643,37.3082109965768
138,51,17,369,76.49,109.196808292151,73.1956799631643,37.3082109965768
138,51,18,343,73.42,109.196808292151,73.1956799631643,37.3082109965768
138,51,19,383,67.2,109.196808292151,73.1956799631643,37.3082109965768
138,51,20,348,64.16,109.196808292151,73.1956799631643,37.3082109965768
138,51,21,360,63.78,109.196808292151,73.1956799631643,37.3082109965768
138,51,22,383,64.71,109.196808292151,73.1956799631643,37.3082109965768
138,51,23,492,65.99,109.196808292151,73.1956799631643,37.3082109965768
138,52,0,354,64.51,137.308695964514,92.0393509953939,46.9129261269547
138,52,1,37,58.31,137.308695964514,92.0393509953939,46.9129261269547
138,52,2,20,56.4,137.308695964514,92.0393509953939,46.9129261269547
138,52,3,4,62.11,137.308695964514,92.0393509953939,46.9129261269547
138,52,5,3,53.51,137.308695964514,92.0393509953939,46.9129261269547
138,52,6,8,66.71,137.308695964514,92.0393509953939,46.9129261269547
138,52,7,49,86.61,137.308695964514,92.0393509953939,46.9129261269547
138,52,8,154,88.58,137.308695964514,92.0393509953939,46.9129261269547
138,52,9,284,85.59,137.308695964514,92.0393509953939,46.9129261269547
138,52,10,384,84.3,137.308695964514,92.0393509953939,46.9129261269547
138,52,11,359,84.49,137.308695964514,92.0393509953939,46.9129261269547
138,52,12,420,80.58,137.308695964514,92.0393509953939,46.9129261269547
138,52,13,468,85.59,137.308695964514,92.0393509953939,46.9129261269547
138,52,14,612,93.25,137.308695964514,92.0393509953939,46.9129261269547
138,52,15,586,97.66,137.308695964514,92.0393509953939,46.9129261269547
138,52,16,611,96.39,137.308695964514,92.0393509953939,46.9129261269547
138,52,17,619,118.2,137.308695964514,92.0393509953939,46.9129261269547
138,52,18,686,83.53,137.308695964514,92.0393509953939,46.9129261269547
138,52,19,759,101.21,137.308695964514,92.0393509953939,46.9129261269547
138,52,20,740,69.27,137.308695964514,92.0393509953939,46.9129261269547
138,52,21,706,66.12,137.308695964514,92.0393509953939,46.9129261269547
138,52,22,549,68.51,137.308695964514,92.0393509953939,46.9129261269547
138,52,23,677,68.5,137.308695964514,92.0393509953939,46.9129261269547
138,53,0,579,38.76,25.3812259190571,17.013281967671,8.67175649865612
138,53,1,141,35.78,25.3812259190571,17.013281967671,8.67175649865612
138,53,2,44,38.13,25.3812259190571,17.013281967671,8.67175649865612
138,53,3,17,30.93,25.3812259190571,17.013281967671,8.67175649865612
138,53,4,16,32.01,25.3812259190571,17.013281967671,8.67175649865612
138,53,5,9,34.13,25.3812259190571,17.013281967671,8.67175649865612
138,53,6,23,33.71,25.3812259190571,17.013281967671,8.67175649865612
138,53,7,142,37.15,25.3812259190571,17.013281967671,8.67175649865612
138,53,8,276,39.96,25.3812259190571,17.013281967671,8.67175649865612
138,53,9,400,38.04,25.3812259190571,17.013281967671,8.67175649865612
138,53,10,518,37.21,25.3812259190571,17.013281967671,8.67175649865612
138,53,11,382,58.61,25.3812259190571,17.013281967671,8.67175649865612
138,53,12,411,41.13,25.3812259190571,17.013281967671,8.67175649865612
138,53,13,402,66.7,25.3812259190571,17.013281967671,8.67175649865612
138,53,14,468,43.78,25.3812259190571,17.013281967671,8.67175649865612
138,53,15,435,45.29,25.3812259190571,17.013281967671,8.67175649865612
138,53,16,388,45.52,25.3812259190571,17.013281967671,8.67175649865612
138,53,17,482,46.39,25.3812259190571,17.013281967671,8.67175649865612
138,53,18,457,42.11,25.3812259190571,17.013281967671,8.67175649865612
138,53,19,498,43.86,25.3812259190571,17.013281967671,8.67175649865612
138,53,20,490,39.66,25.3812259190571,17.013281967671,8.67175649865612
138,53,21,457,39.76,25.3812259190571,17.013281967671,8.67175649865612
138,53,22,519,40.98,25.3812259190571,17.013281967671,8.67175649865612
138,53,23,689,39.22,25.3812259190571,17.013281967671,8.67175649865612
138,54,0,114,63.06,140.521534180513,94.1929476206954,48.0106252990739
138,54,1,21,56.27,140.521534180513,94.1929476206954,48.0106252990739
138,54,2,5,54.04,140.521534180513,94.1929476206954,48.0106252990739
138,54,3,2,55.41,140.521534180513,94.1929476206954,48.0106252990739
138,54,5,2,56.19,140.521534180513,94.1929476206954,48.0106252990739
138,54,6,5,61.53,140.521534180513,94.1929476206954,48.0106252990739
138,54,7,29,80.69,140.521534180513,94.1929476206954,48.0106252990739
138,54,8,41,86.9,140.521534180513,94.1929476206954,48.0106252990739
138,54,9,100,84.21,140.521534180513,94.1929476206954,48.0106252990739
138,54,10,130,86,140.521534180513,94.1929476206954,48.0106252990739
138,54,11,118,83.19,140.521534180513,94.1929476206954,48.0106252990739
138,54,12,149,84.56,140.521534180513,94.1929476206954,48.0106252990739
138,54,13,180,83.56,140.521534180513,94.1929476206954,48.0106252990739
138,54,14,228,95.47,140.521534180513,94.1929476206954,48.0106252990739
138,54,15,195,104.7,140.521534180513,94.1929476206954,48.0106252990739
138,54,16,154,99.58,140.521534180513,94.1929476206954,48.0106252990739
138,54,17,173,100.76,140.521534180513,94.1929476206954,48.0106252990739
138,54,18,224,88.96,140.521534180513,94.1929476206954,48.0106252990739
138,54,19,226,125.58,140.521534180513,94.1929476206954,48.0106252990739
138,54,20,263,69.19,140.521534180513,94.1929476206954,48.0106252990739
138,54,21,261,67.14,140.521534180513,94.1929476206954,48.0106252990739
138,54,22,229,66.01,140.521534180513,94.1929476206954,48.0106252990739
138,54,23,240,69.77,140.521534180513,94.1929476206954,48.0106252990739
138,55,0,105,102.05,230.78950474129,154.70044401577,78.8516044868907
138,55,1,37,96.16,230.78950474129,154.70044401577,78.8516044868907
138,55,2,7,96.21,230.78950474129,154.70044401577,78.8516044868907
138,55,3,3,86.44,230.78950474129,154.70044401577,78.8516044868907
138,55,4,2,80.54,230.78950474129,154.70044401577,78.8516044868907
138,55,5,6,96.2,230.78950474129,154.70044401577,78.8516044868907
138,55,7,27,127.8,230.78950474129,154.70044401577,78.8516044868907
138,55,8,39,120.67,230.78950474129,154.70044401577,78.8516044868907
138,55,9,75,118.13,230.78950474129,154.70044401577,78.8516044868907
138,55,10,108,118.76,230.78950474129,154.70044401577,78.8516044868907
138,55,11,78,118.06,230.78950474129,154.70044401577,78.8516044868907
138,55,12,78,119.56,230.78950474129,154.70044401577,78.8516044868907
138,55,13,72,128.25,230.78950474129,154.70044401577,78.8516044868907
138,55,14,69,133.51,230.78950474129,154.70044401577,78.8516044868907
138,55,15,80,143.26,230.78950474129,154.70044401577,78.8516044868907
138,55,16,92,141.56,230.78950474129,154.70044401577,78.8516044868907
138,55,17,87,136.21,230.78950474129,154.70044401577,78.8516044868907
138,55,18,95,128.81,230.78950474129,154.70044401577,78.8516044868907
138,55,19,119,115.65,230.78950474129,154.70044401577,78.8516044868907
138,55,20,119,116.49,230.78950474129,154.70044401577,78.8516044868907
138,55,21,114,106.3,230.78950474129,154.70044401577,78.8516044868907
138,55,22,133,110.07,230.78950474129,154.70044401577,78.8516044868907
138,55,23,171,110.57,230.78950474129,154.70044401577,78.8516044868907
138,56,0,473,31.98,39.5256179203749,26.49440514695,13.5043332878203
138,56,1,152,31.17,39.5256179203749,26.49440514695,13.5043332878203
138,56,2,67,27.25,39.5256179203749,26.49440514695,13.5043332878203
138,56,3,43,31.24,39.5256179203749,26.49440514695,13.5043332878203
138,56,4,32,36.49,39.5256179203749,26.49440514695,13.5043332878203
138,56,5,80,25.33,39.5256179203749,26.49440514695,13.5043332878203
138,56,6,33,30.6,39.5256179203749,26.49440514695,13.5043332878203
138,56,7,128,34.39,39.5256179203749,26.49440514695,13.5043332878203
138,56,8,211,88,39.5256179203749,26.49440514695,13.5043332878203
138,56,9,340,32.53,39.5256179203749,26.49440514695,13.5043332878203
138,56,10,443,73.81,39.5256179203749,26.49440514695,13.5043332878203
138,56,11,381,33.49,39.5256179203749,26.49440514695,13.5043332878203
138,56,12,465,34.7,39.5256179203749,26.49440514695,13.5043332878203
138,56,13,386,34.74,39.5256179203749,26.49440514695,13.5043332878203
138,56,14,399,36.5,39.5256179203749,26.49440514695,13.5043332878203
138,56,15,444,39.22,39.5256179203749,26.49440514695,13.5043332878203
138,56,16,469,38.65,39.5256179203749,26.49440514695,13.5043332878203
138,56,17,518,39.08,39.5256179203749,26.49440514695,13.5043332878203
138,56,18,476,35.6,39.5256179203749,26.49440514695,13.5043332878203
138,56,19,532,34.26,39.5256179203749,26.49440514695,13.5043332878203
138,56,20,458,33.41,39.5256179203749,26.49440514695,13.5043332878203
138,56,21,573,30.88,39.5256179203749,26.49440514695,13.5043332878203
138,56,22,640,32.73,39.5256179203749,26.49440514695,13.5043332878203
138,56,23,700,33.16,39.5256179203749,26.49440514695,13.5043332878203
138,57,0,35,33.65,31.2206122205665,20.9274792559565,10.6668427986546
138,57,1,8,25.58,31.2206122205665,20.9274792559565,10.6668427986546
138,57,2,3,26.86,31.2206122205665,20.9274792559565,10.6668427986546
138,57,4,5,27.93,31.2206122205665,20.9274792559565,10.6668427986546
138,57,5,4,32.68,31.2206122205665,20.9274792559565,10.6668427986546
138,57,6,9,25.97,31.2206122205665,20.9274792559565,10.6668427986546
138,57,7,7,28.11,31.2206122205665,20.9274792559565,10.6668427986546
138,57,8,28,28.67,31.2206122205665,20.9274792559565,10.6668427986546
138,57,9,37,29.08,31.2206122205665,20.9274792559565,10.6668427986546
138,57,10,52,31.04,31.2206122205665,20.9274792559565,10.6668427986546
138,57,11,34,32.46,31.2206122205665,20.9274792559565,10.6668427986546
138,57,12,38,33.31,31.2206122205665,20.9274792559565,10.6668427986546
138,57,13,48,31.25,31.2206122205665,20.9274792559565,10.6668427986546
138,57,14,68,37.14,31.2206122205665,20.9274792559565,10.6668427986546
138,57,15,47,31.76,31.2206122205665,20.9274792559565,10.6668427986546
138,57,16,45,32.33,31.2206122205665,20.9274792559565,10.6668427986546
138,57,17,50,32.55,31.2206122205665,20.9274792559565,10.6668427986546
138,57,18,45,31.46,31.2206122205665,20.9274792559565,10.6668427986546
138,57,19,33,43.96,31.2206122205665,20.9274792559565,10.6668427986546
138,57,20,32,32,31.2206122205665,20.9274792559565,10.6668427986546
138,57,21,33,31.23,31.2206122205665,20.9274792559565,10.6668427986546
138,57,22,52,29.58,31.2206122205665,20.9274792559565,10.6668427986546
138,57,23,46,28.83,31.2206122205665,20.9274792559565,10.6668427986546
138,58,0,61,58.48,80.7865956486075,54.1520388085745,27.6015700760186
138,58,1,24,52.46,80.7865956486075,54.1520388085745,27.6015700760186
138,58,2,4,48.34,80.7865956486075,54.1520388085745,27.6015700760186
138,58,7,16,54.28,80.7865956486075,54.1520388085745,27.6015700760186
138,58,8,29,62.01,80.7865956486075,54.1520388085745,27.6015700760186
138,58,9,73,64.32,80.7865956486075,54.1520388085745,27.6015700760186
138,58,10,90,56.95,80.7865956486075,54.1520388085745,27.6015700760186
138,58,11,43,55.7,80.7865956486075,54.1520388085745,27.6015700760186
138,58,12,50,57.26,80.7865956486075,54.1520388085745,27.6015700760186
138,58,13,61,59.22,80.7865956486075,54.1520388085745,27.6015700760186
138,58,14,93,61.27,80.7865956486075,54.1520388085745,27.6015700760186
138,58,15,64,66.74,80.7865956486075,54.1520388085745,27.6015700760186
138,58,16,83,69.77,80.7865956486075,54.1520388085745,27.6015700760186
138,58,17,71,66.32,80.7865956486075,54.1520388085745,27.6015700760186
138,58,18,125,58.78,80.7865956486075,54.1520388085745,27.6015700760186
138,58,19,97,54.75,80.7865956486075,54.1520388085745,27.6015700760186
138,58,20,83,56.09,80.7865956486075,54.1520388085745,27.6015700760186
138,58,21,78,53.95,80.7865956486075,54.1520388085745,27.6015700760186
138,58,22,88,56.67,80.7865956486075,54.1520388085745,27.6015700760186
138,58,23,118,56.06,80.7865956486075,54.1520388085745,27.6015700760186
138,59,0,5,55.9,67.4562886344509,45.2166046939763,23.0471337833138
138,59,8,4,59.44,67.4562886344509,45.2166046939763,23.0471337833138
138,59,9,9,67.61,67.4562886344509,45.2166046939763,23.0471337833138
138,59,10,8,61.82,67.4562886344509,45.2166046939763,23.0471337833138
138,59,11,8,70.31,67.4562886344509,45.2166046939763,23.0471337833138
138,59,12,7,67.75,67.4562886344509,45.2166046939763,23.0471337833138
138,59,13,7,59.71,67.4562886344509,45.2166046939763,23.0471337833138
138,59,14,6,81.57,67.4562886344509,45.2166046939763,23.0471337833138
138,59,15,3,72.31,67.4562886344509,45.2166046939763,23.0471337833138
138,59,16,4,91.8,67.4562886344509,45.2166046939763,23.0471337833138
138,59,17,5,62.39,67.4562886344509,45.2166046939763,23.0471337833138
138,59,18,7,72.11,67.4562886344509,45.2166046939763,23.0471337833138
138,59,19,8,49.12,67.4562886344509,45.2166046939763,23.0471337833138
138,59,20,6,61.78,67.4562886344509,45.2166046939763,23.0471337833138
138,59,21,5,52.82,67.4562886344509,45.2166046939763,23.0471337833138
138,59,22,8,50.72,67.4562886344509,45.2166046939763,23.0471337833138
138,59,23,12,55.65,67.4562886344509,45.2166046939763,23.0471337833138
138,60,0,150,121.74,61.2397075630983,41.0495700921372,20.9231750164346
138,60,1,47,50.34,61.2397075630983,41.0495700921372,20.9231750164346
138,60,2,15,47.45,61.2397075630983,41.0495700921372,20.9231750164346
138,60,3,4,44.34,61.2397075630983,41.0495700921372,20.9231750164346
138,60,4,4,43.23,61.2397075630983,41.0495700921372,20.9231750164346
138,60,5,7,41.59,61.2397075630983,41.0495700921372,20.9231750164346
138,60,6,4,41.21,61.2397075630983,41.0495700921372,20.9231750164346
138,60,7,46,56.57,61.2397075630983,41.0495700921372,20.9231750164346
138,60,8,72,59.13,61.2397075630983,41.0495700921372,20.9231750164346
138,60,9,116,56.29,61.2397075630983,41.0495700921372,20.9231750164346
138,60,10,123,53.59,61.2397075630983,41.0495700921372,20.9231750164346
138,60,11,104,53.55,61.2397075630983,41.0495700921372,20.9231750164346
138,60,12,111,58.15,61.2397075630983,41.0495700921372,20.9231750164346
138,60,13,109,135.97,61.2397075630983,41.0495700921372,20.9231750164346
138,60,14,124,62.26,61.2397075630983,41.0495700921372,20.9231750164346
138,60,15,107,72.08,61.2397075630983,41.0495700921372,20.9231750164346
138,60,16,115,75.15,61.2397075630983,41.0495700921372,20.9231750164346
138,60,17,112,66.72,61.2397075630983,41.0495700921372,20.9231750164346
138,60,18,128,63.59,61.2397075630983,41.0495700921372,20.9231750164346
138,60,19,116,92.66,61.2397075630983,41.0495700921372,20.9231750164346
138,60,20,129,53.19,61.2397075630983,41.0495700921372,20.9231750164346
138,60,21,127,53.42,61.2397075630983,41.0495700921372,20.9231750164346
138,60,22,145,88.48,61.2397075630983,41.0495700921372,20.9231750164346
138,60,23,197,55.12,61.2397075630983,41.0495700921372,20.9231750164346
138,61,0,2378,65.38,120.530431651305,80.7927176531321,41.1804598127488
138,61,1,516,61.78,120.530431651305,80.7927176531321,41.1804598127488
138,61,2,150,57.63,120.530431651305,80.7927176531321,41.1804598127488
138,61,3,40,55.52,120.530431651305,80.7927176531321,41.1804598127488
138,61,4,39,53.17,120.530431651305,80.7927176531321,41.1804598127488
138,61,5,33,59.27,120.530431651305,80.7927176531321,41.1804598127488
138,61,6,54,77.19,120.530431651305,80.7927176531321,41.1804598127488
138,61,7,381,84.12,120.530431651305,80.7927176531321,41.1804598127488
138,61,8,1119,84.92,120.530431651305,80.7927176531321,41.1804598127488
138,61,9,1765,79.16,120.530431651305,80.7927176531321,41.1804598127488
138,61,10,2181,90.45,120.530431651305,80.7927176531321,41.1804598127488
138,61,11,2101,79.56,120.530431651305,80.7927176531321,41.1804598127488
138,61,12,2089,78.96,120.530431651305,80.7927176531321,41.1804598127488
138,61,13,2095,82.18,120.530431651305,80.7927176531321,41.1804598127488
138,61,14,2364,89.75,120.530431651305,80.7927176531321,41.1804598127488
138,61,15,2450,95.78,120.530431651305,80.7927176531321,41.1804598127488
138,61,16,2663,106.12,120.530431651305,80.7927176531321,41.1804598127488
138,61,17,2768,91.18,120.530431651305,80.7927176531321,41.1804598127488
138,61,18,2963,83.57,120.530431651305,80.7927176531321,41.1804598127488
138,61,19,3004,86.78,120.530431651305,80.7927176531321,41.1804598127488
138,61,20,3199,70.95,120.530431651305,80.7927176531321,41.1804598127488
138,61,21,3258,80.19,120.530431651305,80.7927176531321,41.1804598127488
138,61,22,3168,79.06,120.530431651305,80.7927176531321,41.1804598127488
138,61,23,4024,76.71,120.530431651305,80.7927176531321,41.1804598127488
138,62,0,735,68.22,131.454915163005,88.1155049341112,44.9129217982007
138,62,1,148,65.17,131.454915163005,88.1155049341112,44.9129217982007
138,62,2,40,65.36,131.454915163005,88.1155049341112,44.9129217982007
138,62,3,7,59.2,131.454915163005,88.1155049341112,44.9129217982007
138,62,4,5,64.84,131.454915163005,88.1155049341112,44.9129217982007
138,62,5,16,61.34,131.454915163005,88.1155049341112,44.9129217982007
138,62,6,16,74.3,131.454915163005,88.1155049341112,44.9129217982007
138,62,7,138,91.99,131.454915163005,88.1155049341112,44.9129217982007
138,62,8,377,91.36,131.454915163005,88.1155049341112,44.9129217982007
138,62,9,574,83.54,131.454915163005,88.1155049341112,44.9129217982007
138,62,10,726,83.8,131.454915163005,88.1155049341112,44.9129217982007
138,62,11,648,84.52,131.454915163005,88.1155049341112,44.9129217982007
138,62,12,657,85.7,131.454915163005,88.1155049341112,44.9129217982007
138,62,13,600,88.6,131.454915163005,88.1155049341112,44.9129217982007
138,62,14,782,98.21,131.454915163005,88.1155049341112,44.9129217982007
138,62,15,676,104.63,131.454915163005,88.1155049341112,44.9129217982007
138,62,16,778,125.67,131.454915163005,88.1155049341112,44.9129217982007
138,62,17,814,99.98,131.454915163005,88.1155049341112,44.9129217982007
138,62,18,853,88.79,131.454915163005,88.1155049341112,44.9129217982007
138,62,19,896,81.01,131.454915163005,88.1155049341112,44.9129217982007
138,62,20,980,76.03,131.454915163005,88.1155049341112,44.9129217982007
138,62,21,925,74.59,131.454915163005,88.1155049341112,44.9129217982007
138,62,22,919,73.89,131.454915163005,88.1155049341112,44.9129217982007
138,62,23,1134,93.03,131.454915163005,88.1155049341112,44.9129217982007
138,63,0,198,60.34,98.6607734309795,66.1332735811411,33.7084664819184
138,63,1,34,55.76,98.6607734309795,66.1332735811411,33.7084664819184
138,63,2,12,56.1,98.6607734309795,66.1332735811411,33.7084664819184
138,63,3,5,48.13,98.6607734309795,66.1332735811411,33.7084664819184
138,63,4,8,49.51,98.6607734309795,66.1332735811411,33.7084664819184
138,63,5,6,48.66,98.6607734309795,66.1332735811411,33.7084664819184
138,63,6,12,57.45,98.6607734309795,66.1332735811411,33.7084664819184
138,63,7,57,64.83,98.6607734309795,66.1332735811411,33.7084664819184
138,63,8,113,64.01,98.6607734309795,66.1332735811411,33.7084664819184
138,63,9,168,59.54,98.6607734309795,66.1332735811411,33.7084664819184
138,63,10,186,63.16,98.6607734309795,66.1332735811411,33.7084664819184
138,63,11,175,60.82,98.6607734309795,66.1332735811411,33.7084664819184
138,63,12,172,67.76,98.6607734309795,66.1332735811411,33.7084664819184
138,63,13,163,66.91,98.6607734309795,66.1332735811411,33.7084664819184
138,63,14,162,69.64,98.6607734309795,66.1332735811411,33.7084664819184
138,63,15,175,80.16,98.6607734309795,66.1332735811411,33.7084664819184
138,63,16,193,82.08,98.6607734309795,66.1332735811411,33.7084664819184
138,63,17,196,78.21,98.6607734309795,66.1332735811411,33.7084664819184
138,63,18,180,70.84,98.6607734309795,66.1332735811411,33.7084664819184
138,63,19,201,63.89,98.6607734309795,66.1332735811411,33.7084664819184
138,63,20,193,63.11,98.6607734309795,66.1332735811411,33.7084664819184
138,63,21,203,61.78,98.6607734309795,66.1332735811411,33.7084664819184
138,63,22,214,64.15,98.6607734309795,66.1332735811411,33.7084664819184
138,63,23,355,60.21,98.6607734309795,66.1332735811411,33.7084664819184
138,64,0,194,60.1,109.432165103657,73.3534419172139,37.3886230683258
138,64,1,48,61.34,109.432165103657,73.3534419172139,37.3886230683258
138,64,2,20,56.68,109.432165103657,73.3534419172139,37.3886230683258
138,64,4,2,51.96,109.432165103657,73.3534419172139,37.3886230683258
138,64,5,3,56.85,109.432165103657,73.3534419172139,37.3886230683258
138,64,6,7,51.31,109.432165103657,73.3534419172139,37.3886230683258
138,64,7,30,62.31,109.432165103657,73.3534419172139,37.3886230683258
138,64,8,91,68.48,109.432165103657,73.3534419172139,37.3886230683258
138,64,9,165,62.43,109.432165103657,73.3534419172139,37.3886230683258
138,64,10,239,60.48,109.432165103657,73.3534419172139,37.3886230683258
138,64,11,171,64.93,109.432165103657,73.3534419172139,37.3886230683258
138,64,12,182,67.76,109.432165103657,73.3534419172139,37.3886230683258
138,64,13,207,97.54,109.432165103657,73.3534419172139,37.3886230683258
138,64,14,308,83.86,109.432165103657,73.3534419172139,37.3886230683258
138,64,15,270,85.89,109.432165103657,73.3534419172139,37.3886230683258
138,64,16,282,82.4,109.432165103657,73.3534419172139,37.3886230683258
138,64,17,277,77.32,109.432165103657,73.3534419172139,37.3886230683258
138,64,18,341,70.05,109.432165103657,73.3534419172139,37.3886230683258
138,64,19,353,65.01,109.432165103657,73.3534419172139,37.3886230683258
138,64,20,345,63.51,109.432165103657,73.3534419172139,37.3886230683258
138,64,21,307,63.21,109.432165103657,73.3534419172139,37.3886230683258
138,64,22,366,61.59,109.432165103657,73.3534419172139,37.3886230683258
138,64,23,365,100.54,109.432165103657,73.3534419172139,37.3886230683258
138,65,0,1367,55.87,124.766821181257,83.632410654086,42.6278658030805
138,65,1,246,51.44,124.766821181257,83.632410654086,42.6278658030805
138,65,2,55,51.88,124.766821181257,83.632410654086,42.6278658030805
138,65,3,19,46.23,124.766821181257,83.632410654086,42.6278658030805
138,65,4,13,41.23,124.766821181257,83.632410654086,42.6278658030805
138,65,5,19,42.72,124.766821181257,83.632410654086,42.6278658030805
138,65,6,33,63.97,124.766821181257,83.632410654086,42.6278658030805
138,65,7,467,80.87,124.766821181257,83.632410654086,42.6278658030805
138,65,8,1040,96.12,124.766821181257,83.632410654086,42.6278658030805
138,65,9,1713,92.31,124.766821181257,83.632410654086,42.6278658030805
138,65,10,2286,87.24,124.766821181257,83.632410654086,42.6278658030805
138,65,11,2466,83.07,124.766821181257,83.632410654086,42.6278658030805
138,65,12,2430,73.31,124.766821181257,83.632410654086,42.6278658030805
138,65,13,2585,75.97,124.766821181257,83.632410654086,42.6278658030805
138,65,14,3100,82.38,124.766821181257,83.632410654086,42.6278658030805
138,65,15,2891,88.69,124.766821181257,83.632410654086,42.6278658030805
138,65,16,2894,98.74,124.766821181257,83.632410654086,42.6278658030805
138,65,17,2724,85.09,124.766821181257,83.632410654086,42.6278658030805
138,65,18,2723,73.99,124.766821181257,83.632410654086,42.6278658030805
138,65,19,2553,82.96,124.766821181257,83.632410654086,42.6278658030805
138,65,20,2687,59.79,124.766821181257,83.632410654086,42.6278658030805
138,65,21,2753,57.65,124.766821181257,83.632410654086,42.6278658030805
138,65,22,2203,58.3,124.766821181257,83.632410654086,42.6278658030805
138,65,23,2631,57.97,124.766821181257,83.632410654086,42.6278658030805
138,66,0,578,57.6,119.568691070924,80.1480536118466,40.8518712664535
138,66,1,89,54.96,119.568691070924,80.1480536118466,40.8518712664535
138,66,2,34,52.2,119.568691070924,80.1480536118466,40.8518712664535
138,66,3,7,47.57,119.568691070924,80.1480536118466,40.8518712664535
138,66,4,5,40.25,119.568691070924,80.1480536118466,40.8518712664535
138,66,5,3,53.87,119.568691070924,80.1480536118466,40.8518712664535
138,66,6,11,66.46,119.568691070924,80.1480536118466,40.8518712664535
138,66,7,203,80.95,119.568691070924,80.1480536118466,40.8518712664535
138,66,8,535,85.6,119.568691070924,80.1480536118466,40.8518712664535
138,66,9,792,79.5,119.568691070924,80.1480536118466,40.8518712664535
138,66,10,1005,75.76,119.568691070924,80.1480536118466,40.8518712664535
138,66,11,845,75.7,119.568691070924,80.1480536118466,40.8518712664535
138,66,12,802,75.59,119.568691070924,80.1480536118466,40.8518712664535
138,66,13,789,78.54,119.568691070924,80.1480536118466,40.8518712664535
138,66,14,917,82.91,119.568691070924,80.1480536118466,40.8518712664535
138,66,15,939,88.33,119.568691070924,80.1480536118466,40.8518712664535
138,66,16,973,89.09,119.568691070924,80.1480536118466,40.8518712664535
138,66,17,978,86.78,119.568691070924,80.1480536118466,40.8518712664535
138,66,18,1057,76.39,119.568691070924,80.1480536118466,40.8518712664535
138,66,19,1243,67.46,119.568691070924,80.1480536118466,40.8518712664535
138,66,20,1256,62.58,119.568691070924,80.1480536118466,40.8518712664535
138,66,21,1155,60.1,119.568691070924,80.1480536118466,40.8518712664535
138,66,22,1026,61.17,119.568691070924,80.1480536118466,40.8518712664535
138,66,23,1105,59.66,119.568691070924,80.1480536118466,40.8518712664535
138,67,0,75,85.82,200.960097819334,134.705503168149,68.660081266087
138,67,1,36,84.53,200.960097819334,134.705503168149,68.660081266087
138,67,2,4,72.47,200.960097819334,134.705503168149,68.660081266087
138,67,4,2,63.67,200.960097819334,134.705503168149,68.660081266087
138,67,6,2,78.67,200.960097819334,134.705503168149,68.660081266087
138,67,7,11,117.28,200.960097819334,134.705503168149,68.660081266087
138,67,8,43,108.33,200.960097819334,134.705503168149,68.660081266087
138,67,9,93,106.41,200.960097819334,134.705503168149,68.660081266087
138,67,10,96,103.13,200.960097819334,134.705503168149,68.660081266087
138,67,11,74,104.86,200.960097819334,134.705503168149,68.660081266087
138,67,12,84,105.09,200.960097819334,134.705503168149,68.660081266087
138,67,13,76,108.88,200.960097819334,134.705503168149,68.660081266087
138,67,14,98,117.53,200.960097819334,134.705503168149,68.660081266087
138,67,15,110,128.81,200.960097819334,134.705503168149,68.660081266087
138,67,16,114,134.13,200.960097819334,134.705503168149,68.660081266087
138,67,17,126,125.01,200.960097819334,134.705503168149,68.660081266087
138,67,18,128,107.74,200.960097819334,134.705503168149,68.660081266087
138,67,19,166,99.62,200.960097819334,134.705503168149,68.660081266087
138,67,20,127,91.15,200.960097819334,134.705503168149,68.660081266087
138,67,21,151,91.86,200.960097819334,134.705503168149,68.660081266087
138,67,22,136,88.46,200.960097819334,134.705503168149,68.660081266087
138,67,23,140,90.95,200.960097819334,134.705503168149,68.660081266087
138,68,0,2710,67.41,105.461462296521,70.6918413041045,36.0319916754283
138,68,1,525,93.37,105.461462296521,70.6918413041045,36.0319916754283
138,68,2,149,58.25,105.461462296521,70.6918413041045,36.0319916754283
138,68,3,22,50.69,105.461462296521,70.6918413041045,36.0319916754283
138,68,4,35,57.38,105.461462296521,70.6918413041045,36.0319916754283
138,68,5,45,56.62,105.461462296521,70.6918413041045,36.0319916754283
138,68,6,94,68.03,105.461462296521,70.6918413041045,36.0319916754283
138,68,7,1289,111.66,105.461462296521,70.6918413041045,36.0319916754283
138,68,8,3138,109.92,105.461462296521,70.6918413041045,36.0319916754283
138,68,9,5685,100.2,105.461462296521,70.6918413041045,36.0319916754283
138,68,10,7125,92.34,105.461462296521,70.6918413041045,36.0319916754283
138,68,11,7036,98.89,105.461462296521,70.6918413041045,36.0319916754283
138,68,12,6546,96,105.461462296521,70.6918413041045,36.0319916754283
138,68,13,6504,90.23,105.461462296521,70.6918413041045,36.0319916754283
138,68,14,7492,94.78,105.461462296521,70.6918413041045,36.0319916754283
138,68,15,6873,101.09,105.461462296521,70.6918413041045,36.0319916754283
138,68,16,6524,94.45,105.461462296521,70.6918413041045,36.0319916754283
138,68,17,6172,92.23,105.461462296521,70.6918413041045,36.0319916754283
138,68,18,6080,83.64,105.461462296521,70.6918413041045,36.0319916754283
138,68,19,5779,81.89,105.461462296521,70.6918413041045,36.0319916754283
138,68,20,5796,71.14,105.461462296521,70.6918413041045,36.0319916754283
138,68,21,5779,69.27,105.461462296521,70.6918413041045,36.0319916754283
138,68,22,4998,68.41,105.461462296521,70.6918413041045,36.0319916754283
138,68,23,5275,76.57,105.461462296521,70.6918413041045,36.0319916754283
138,69,0,477,51.73,66.4799745766677,44.5621719094041,22.7135660587953
138,69,1,118,50.64,66.4799745766677,44.5621719094041,22.7135660587953
138,69,2,31,48.13,66.4799745766677,44.5621719094041,22.7135660587953
138,69,3,8,46.17,66.4799745766677,44.5621719094041,22.7135660587953
138,69,4,14,44.78,66.4799745766677,44.5621719094041,22.7135660587953
138,69,5,12,53.81,66.4799745766677,44.5621719094041,22.7135660587953
138,69,6,17,46.23,66.4799745766677,44.5621719094041,22.7135660587953
138,69,7,119,58.21,66.4799745766677,44.5621719094041,22.7135660587953
138,69,8,248,59.1,66.4799745766677,44.5621719094041,22.7135660587953
138,69,9,315,56.71,66.4799745766677,44.5621719094041,22.7135660587953
138,69,10,381,56.71,66.4799745766677,44.5621719094041,22.7135660587953
138,69,11,321,56.57,66.4799745766677,44.5621719094041,22.7135660587953
138,69,12,323,56.98,66.4799745766677,44.5621719094041,22.7135660587953
138,69,13,288,58.69,66.4799745766677,44.5621719094041,22.7135660587953
138,69,14,356,61.46,66.4799745766677,44.5621719094041,22.7135660587953
138,69,15,329,67.65,66.4799745766677,44.5621719094041,22.7135660587953
138,69,16,351,134.74,66.4799745766677,44.5621719094041,22.7135660587953
138,69,17,392,65.64,66.4799745766677,44.5621719094041,22.7135660587953
138,69,18,354,56.28,66.4799745766677,44.5621719094041,22.7135660587953
138,69,19,412,52.51,66.4799745766677,44.5621719094041,22.7135660587953
138,69,20,399,51.46,66.4799745766677,44.5621719094041,22.7135660587953
138,69,21,391,49.78,66.4799745766677,44.5621719094041,22.7135660587953
138,69,22,451,52.27,66.4799745766677,44.5621719094041,22.7135660587953
138,69,23,590,78.32,66.4799745766677,44.5621719094041,22.7135660587953
138,70,0,1399,21.8,15.0430272309908,10.0834870917735,5.13960474430273
138,70,1,465,19.78,15.0430272309908,10.0834870917735,5.13960474430273
138,70,2,282,86.09,15.0430272309908,10.0834870917735,5.13960474430273
138,70,3,68,18.71,15.0430272309908,10.0834870917735,5.13960474430273
138,70,4,69,15.46,15.0430272309908,10.0834870917735,5.13960474430273
138,70,5,55,17.84,15.0430272309908,10.0834870917735,5.13960474430273
138,70,6,117,16.45,15.0430272309908,10.0834870917735,5.13960474430273
138,70,7,390,22.76,15.0430272309908,10.0834870917735,5.13960474430273
138,70,8,778,18.42,15.0430272309908,10.0834870917735,5.13960474430273
138,70,9,1210,21.62,15.0430272309908,10.0834870917735,5.13960474430273
138,70,10,1488,20.25,15.0430272309908,10.0834870917735,5.13960474430273
138,70,11,1239,22.94,15.0430272309908,10.0834870917735,5.13960474430273
138,70,12,1422,20.12,15.0430272309908,10.0834870917735,5.13960474430273
138,70,13,1314,20.89,15.0430272309908,10.0834870917735,5.13960474430273
138,70,14,1518,24.84,15.0430272309908,10.0834870917735,5.13960474430273
138,70,15,1610,24.76,15.0430272309908,10.0834870917735,5.13960474430273
138,70,16,1527,21.96,15.0430272309908,10.0834870917735,5.13960474430273
138,70,17,1492,21.82,15.0430272309908,10.0834870917735,5.13960474430273
138,70,18,1586,22.36,15.0430272309908,10.0834870917735,5.13960474430273
138,70,19,1656,21.13,15.0430272309908,10.0834870917735,5.13960474430273
138,70,20,1761,23.26,15.0430272309908,10.0834870917735,5.13960474430273
138,70,21,1857,23.19,15.0430272309908,10.0834870917735,5.13960474430273
138,70,22,2058,23.8,15.0430272309908,10.0834870917735,5.13960474430273
138,70,23,2177,21.62,15.0430272309908,10.0834870917735,5.13960474430273
138,71,0,295,85.35,149.61003717468,100.28505934914,51.1158056853194
138,71,1,61,78.84,149.61003717468,100.28505934914,51.1158056853194
138,71,2,21,73.89,149.61003717468,100.28505934914,51.1158056853194
138,71,3,4,75.65,149.61003717468,100.28505934914,51.1158056853194
138,71,4,4,68.04,149.61003717468,100.28505934914,51.1158056853194
138,71,5,7,71.31,149.61003717468,100.28505934914,51.1158056853194
138,71,6,11,89.49,149.61003717468,100.28505934914,51.1158056853194
138,71,7,54,105.64,149.61003717468,100.28505934914,51.1158056853194
138,71,8,188,99.48,149.61003717468,100.28505934914,51.1158056853194
138,71,9,243,93.15,149.61003717468,100.28505934914,51.1158056853194
138,71,10,314,92.43,149.61003717468,100.28505934914,51.1158056853194
138,71,11,276,93.71,149.61003717468,100.28505934914,51.1158056853194
138,71,12,239,97.03,149.61003717468,100.28505934914,51.1158056853194
138,71,13,231,98.38,149.61003717468,100.28505934914,51.1158056853194
138,71,14,253,107.72,149.61003717468,100.28505934914,51.1158056853194
138,71,15,211,117.34,149.61003717468,100.28505934914,51.1158056853194
138,71,16,226,118.53,149.61003717468,100.28505934914,51.1158056853194
138,71,17,257,111.24,149.61003717468,100.28505934914,51.1158056853194
138,71,18,277,103.47,149.61003717468,100.28505934914,51.1158056853194
138,71,19,303,95.15,149.61003717468,100.28505934914,51.1158056853194
138,71,20,264,90.87,149.61003717468,100.28505934914,51.1158056853194
138,71,21,270,89.46,149.61003717468,100.28505934914,51.1158056853194
138,71,22,330,87.73,149.61003717468,100.28505934914,51.1158056853194
138,71,23,448,88.29,149.61003717468,100.28505934914,51.1158056853194
138,72,0,250,77.25,137.526806152684,92.185552370504,46.9874457127191
138,72,1,77,74.77,137.526806152684,92.185552370504,46.9874457127191
138,72,2,18,64.77,137.526806152684,92.185552370504,46.9874457127191
138,72,3,7,69.06,137.526806152684,92.185552370504,46.9874457127191
138,72,4,8,63.37,137.526806152684,92.185552370504,46.9874457127191
138,72,5,8,70.75,137.526806152684,92.185552370504,46.9874457127191
138,72,6,10,78.03,137.526806152684,92.185552370504,46.9874457127191
138,72,7,64,85.44,137.526806152684,92.185552370504,46.9874457127191
138,72,8,199,85.71,137.526806152684,92.185552370504,46.9874457127191
138,72,9,238,83.14,137.526806152684,92.185552370504,46.9874457127191
138,72,10,258,85.26,137.526806152684,92.185552370504,46.9874457127191
138,72,11,216,84.45,137.526806152684,92.185552370504,46.9874457127191
138,72,12,227,86.2,137.526806152684,92.185552370504,46.9874457127191
138,72,13,219,86.21,137.526806152684,92.185552370504,46.9874457127191
138,72,14,199,102.1,137.526806152684,92.185552370504,46.9874457127191
138,72,15,195,104.37,137.526806152684,92.185552370504,46.9874457127191
138,72,16,244,110.05,137.526806152684,92.185552370504,46.9874457127191
138,72,17,235,102.19,137.526806152684,92.185552370504,46.9874457127191
138,72,18,234,98.36,137.526806152684,92.185552370504,46.9874457127191
138,72,19,260,85.21,137.526806152684,92.185552370504,46.9874457127191
138,72,20,266,83.15,137.526806152684,92.185552370504,46.9874457127191
138,72,21,254,80.9,137.526806152684,92.185552370504,46.9874457127191
138,72,22,364,77.45,137.526806152684,92.185552370504,46.9874457127191
138,72,23,401,79.77,137.526806152684,92.185552370504,46.9874457127191
138,73,0,228,48.98,58.7267847228708,39.3651335333935,20.0646091205295
138,73,1,57,40.97,58.7267847228708,39.3651335333935,20.0646091205295
138,73,2,12,36.43,58.7267847228708,39.3651335333935,20.0646091205295
138,73,3,8,37.91,58.7267847228708,39.3651335333935,20.0646091205295
138,73,4,8,41.49,58.7267847228708,39.3651335333935,20.0646091205295
138,73,5,9,39.35,58.7267847228708,39.3651335333935,20.0646091205295
138,73,6,12,42.24,58.7267847228708,39.3651335333935,20.0646091205295
138,73,7,61,44.69,58.7267847228708,39.3651335333935,20.0646091205295
138,73,8,110,43.92,58.7267847228708,39.3651335333935,20.0646091205295
138,73,9,184,43.91,58.7267847228708,39.3651335333935,20.0646091205295
138,73,10,213,43.77,58.7267847228708,39.3651335333935,20.0646091205295
138,73,11,178,45.37,58.7267847228708,39.3651335333935,20.0646091205295
138,73,12,189,46.02,58.7267847228708,39.3651335333935,20.0646091205295
138,73,13,187,46.95,58.7267847228708,39.3651335333935,20.0646091205295
138,73,14,220,51.07,58.7267847228708,39.3651335333935,20.0646091205295
138,73,15,192,49.69,58.7267847228708,39.3651335333935,20.0646091205295
138,73,16,214,53.23,58.7267847228708,39.3651335333935,20.0646091205295
138,73,17,232,53.25,58.7267847228708,39.3651335333935,20.0646091205295
138,73,18,254,49.72,58.7267847228708,39.3651335333935,20.0646091205295
138,73,19,224,46.11,58.7267847228708,39.3651335333935,20.0646091205295
138,73,20,267,46.08,58.7267847228708,39.3651335333935,20.0646091205295
138,73,21,231,43.93,58.7267847228708,39.3651335333935,20.0646091205295
138,73,22,289,45.2,58.7267847228708,39.3651335333935,20.0646091205295
138,73,23,316,42.85,58.7267847228708,39.3651335333935,20.0646091205295
138,74,0,1224,41.25,56.9531210691325,38.1762295792232,19.4586187178285
138,74,1,310,38.51,56.9531210691325,38.1762295792232,19.4586187178285
138,74,2,78,35.91,56.9531210691325,38.1762295792232,19.4586187178285
138,74,3,25,33.58,56.9531210691325,38.1762295792232,19.4586187178285
138,74,4,22,32.67,56.9531210691325,38.1762295792232,19.4586187178285
138,74,5,24,33.73,56.9531210691325,38.1762295792232,19.4586187178285
138,74,6,59,40.65,56.9531210691325,38.1762295792232,19.4586187178285
138,74,7,354,57,56.9531210691325,38.1762295792232,19.4586187178285
138,74,8,851,54.6,56.9531210691325,38.1762295792232,19.4586187178285
138,74,9,1280,52.06,56.9531210691325,38.1762295792232,19.4586187178285
138,74,10,1678,45.47,56.9531210691325,38.1762295792232,19.4586187178285
138,74,11,1341,63.42,56.9531210691325,38.1762295792232,19.4586187178285
138,74,12,1564,60.68,56.9531210691325,38.1762295792232,19.4586187178285
138,74,13,1519,45.85,56.9531210691325,38.1762295792232,19.4586187178285
138,74,14,1857,53.85,56.9531210691325,38.1762295792232,19.4586187178285
138,74,15,1828,51.65,56.9531210691325,38.1762295792232,19.4586187178285
138,74,16,2004,50.08,56.9531210691325,38.1762295792232,19.4586187178285
138,74,17,1909,47.89,56.9531210691325,38.1762295792232,19.4586187178285
138,74,18,1914,59.7,56.9531210691325,38.1762295792232,19.4586187178285
138,74,19,1918,43.03,56.9531210691325,38.1762295792232,19.4586187178285
138,74,20,1846,40.67,56.9531210691325,38.1762295792232,19.4586187178285
138,74,21,1646,40.68,56.9531210691325,38.1762295792232,19.4586187178285
138,74,22,1583,41.45,56.9531210691325,38.1762295792232,19.4586187178285
138,74,23,2015,40.33,56.9531210691325,38.1762295792232,19.4586187178285
138,75,0,1478,45.53,59.2170038540399,39.6937321728416,20.2320975212096
138,75,1,321,42.74,59.2170038540399,39.6937321728416,20.2320975212096
138,75,2,93,42.23,59.2170038540399,39.6937321728416,20.2320975212096
138,75,3,23,41.64,59.2170038540399,39.6937321728416,20.2320975212096
138,75,4,28,41.37,59.2170038540399,39.6937321728416,20.2320975212096
138,75,5,17,39.83,59.2170038540399,39.6937321728416,20.2320975212096
138,75,6,32,51.17,59.2170038540399,39.6937321728416,20.2320975212096
138,75,7,398,61.31,59.2170038540399,39.6937321728416,20.2320975212096
138,75,8,862,64.76,59.2170038540399,39.6937321728416,20.2320975212096
138,75,9,1260,60.03,59.2170038540399,39.6937321728416,20.2320975212096
138,75,10,1633,56.88,59.2170038540399,39.6937321728416,20.2320975212096
138,75,11,1285,54.61,59.2170038540399,39.6937321728416,20.2320975212096
138,75,12,1285,61.18,59.2170038540399,39.6937321728416,20.2320975212096
138,75,13,1405,53.95,59.2170038540399,39.6937321728416,20.2320975212096
138,75,14,1668,73.43,59.2170038540399,39.6937321728416,20.2320975212096
138,75,15,1653,59.86,59.2170038540399,39.6937321728416,20.2320975212096
138,75,16,1775,58.28,59.2170038540399,39.6937321728416,20.2320975212096
138,75,17,1851,57.8,59.2170038540399,39.6937321728416,20.2320975212096
138,75,18,2056,67.76,59.2170038540399,39.6937321728416,20.2320975212096
138,75,19,2169,48.61,59.2170038540399,39.6937321728416,20.2320975212096
138,75,20,2166,46.99,59.2170038540399,39.6937321728416,20.2320975212096
138,75,21,2203,45.53,59.2170038540399,39.6937321728416,20.2320975212096
138,75,22,2111,46.08,59.2170038540399,39.6937321728416,20.2320975212096
138,75,23,2343,66.77,59.2170038540399,39.6937321728416,20.2320975212096
138,76,0,443,69.65,122.895002021957,82.3777121122889,41.9883395638541
138,76,1,125,62.22,122.895002021957,82.3777121122889,41.9883395638541
138,76,2,46,63.79,122.895002021957,82.3777121122889,41.9883395638541
138,76,3,7,54.69,122.895002021957,82.3777121122889,41.9883395638541
138,76,4,14,59.5,122.895002021957,82.3777121122889,41.9883395638541
138,76,5,15,65.6,122.895002021957,82.3777121122889,41.9883395638541
138,76,6,33,62.68,122.895002021957,82.3777121122889,41.9883395638541
138,76,7,143,72.04,122.895002021957,82.3777121122889,41.9883395638541
138,76,8,252,73.93,122.895002021957,82.3777121122889,41.9883395638541
138,76,9,375,72.98,122.895002021957,82.3777121122889,41.9883395638541
138,76,10,399,73.09,122.895002021957,82.3777121122889,41.9883395638541
138,76,11,367,73.77,122.895002021957,82.3777121122889,41.9883395638541
138,76,12,336,75.98,122.895002021957,82.3777121122889,41.9883395638541
138,76,13,312,94.25,122.895002021957,82.3777121122889,41.9883395638541
138,76,14,422,84.63,122.895002021957,82.3777121122889,41.9883395638541
138,76,15,328,92.99,122.895002021957,82.3777121122889,41.9883395638541
138,76,16,331,94.31,122.895002021957,82.3777121122889,41.9883395638541
138,76,17,379,91.2,122.895002021957,82.3777121122889,41.9883395638541
138,76,18,386,83.04,122.895002021957,82.3777121122889,41.9883395638541
138,76,19,413,77.23,122.895002021957,82.3777121122889,41.9883395638541
138,76,20,350,71.47,122.895002021957,82.3777121122889,41.9883395638541
138,76,21,363,69.48,122.895002021957,82.3777121122889,41.9883395638541
138,76,22,461,76.34,122.895002021957,82.3777121122889,41.9883395638541
138,76,23,664,71.07,122.895002021957,82.3777121122889,41.9883395638541
138,77,0,144,64.46,118.166533371389,79.2081737029164,40.3728096883459
138,77,1,45,56.07,118.166533371389,79.2081737029164,40.3728096883459
138,77,2,17,58.78,118.166533371389,79.2081737029164,40.3728096883459
138,77,3,9,56.12,118.166533371389,79.2081737029164,40.3728096883459
138,77,4,7,58.71,118.166533371389,79.2081737029164,40.3728096883459
138,77,5,24,53.93,118.166533371389,79.2081737029164,40.3728096883459
138,77,6,7,62.79,118.166533371389,79.2081737029164,40.3728096883459
138,77,7,48,72.18,118.166533371389,79.2081737029164,40.3728096883459
138,77,8,109,72.1,118.166533371389,79.2081737029164,40.3728096883459
138,77,9,121,68.71,118.166533371389,79.2081737029164,40.3728096883459
138,77,10,148,70.44,118.166533371389,79.2081737029164,40.3728096883459
138,77,11,131,72.94,118.166533371389,79.2081737029164,40.3728096883459
138,77,12,117,69.01,118.166533371389,79.2081737029164,40.3728096883459
138,77,13,117,75.88,118.166533371389,79.2081737029164,40.3728096883459
138,77,14,124,80.14,118.166533371389,79.2081737029164,40.3728096883459
138,77,15,130,87.02,118.166533371389,79.2081737029164,40.3728096883459
138,77,16,147,89.92,118.166533371389,79.2081737029164,40.3728096883459
138,77,17,158,88.32,118.166533371389,79.2081737029164,40.3728096883459
138,77,18,149,141.04,118.166533371389,79.2081737029164,40.3728096883459
138,77,19,142,71.19,118.166533371389,79.2081737029164,40.3728096883459
138,77,20,127,65.97,118.166533371389,79.2081737029164,40.3728096883459
138,77,21,140,65.14,118.166533371389,79.2081737029164,40.3728096883459
138,77,22,195,68.31,118.166533371389,79.2081737029164,40.3728096883459
138,77,23,253,67.47,118.166533371389,79.2081737029164,40.3728096883459
138,78,0,216,56.66,72.7044050664437,48.7344680525629,24.8402066600919
138,78,1,72,50.91,72.7044050664437,48.7344680525629,24.8402066600919
138,78,2,17,48.3,72.7044050664437,48.7344680525629,24.8402066600919
138,78,3,8,45.43,72.7044050664437,48.7344680525629,24.8402066600919
138,78,4,8,45.89,72.7044050664437,48.7344680525629,24.8402066600919
138,78,5,7,48.65,72.7044050664437,48.7344680525629,24.8402066600919
138,78,6,7,47.91,72.7044050664437,48.7344680525629,24.8402066600919
138,78,7,54,60.84,72.7044050664437,48.7344680525629,24.8402066600919
138,78,8,101,65.98,72.7044050664437,48.7344680525629,24.8402066600919
138,78,9,208,63.2,72.7044050664437,48.7344680525629,24.8402066600919
138,78,10,235,62.16,72.7044050664437,48.7344680525629,24.8402066600919
138,78,11,179,62.82,72.7044050664437,48.7344680525629,24.8402066600919
138,78,12,195,64.68,72.7044050664437,48.7344680525629,24.8402066600919
138,78,13,191,65.43,72.7044050664437,48.7344680525629,24.8402066600919
138,78,14,268,69.1,72.7044050664437,48.7344680525629,24.8402066600919
138,78,15,203,79.14,72.7044050664437,48.7344680525629,24.8402066600919
138,78,16,183,78.98,72.7044050664437,48.7344680525629,24.8402066600919
138,78,17,196,126.89,72.7044050664437,48.7344680525629,24.8402066600919
138,78,18,206,67.47,72.7044050664437,48.7344680525629,24.8402066600919
138,78,19,241,59.15,72.7044050664437,48.7344680525629,24.8402066600919
138,78,20,197,57.53,72.7044050664437,48.7344680525629,24.8402066600919
138,78,21,210,55.34,72.7044050664437,48.7344680525629,24.8402066600919
138,78,22,245,57.35,72.7044050664437,48.7344680525629,24.8402066600919
138,78,23,312,58.6,72.7044050664437,48.7344680525629,24.8402066600919
138,79,0,3131,59.25,103.919294756259,69.6581114406403,35.5050942973455
138,79,1,593,55.59,103.919294756259,69.6581114406403,35.5050942973455
138,79,2,146,51.64,103.919294756259,69.6581114406403,35.5050942973455
138,79,3,19,51.73,103.919294756259,69.6581114406403,35.5050942973455
138,79,4,11,49.62,103.919294756259,69.6581114406403,35.5050942973455
138,79,5,17,50.46,103.919294756259,69.6581114406403,35.5050942973455
138,79,6,57,64.23,103.919294756259,69.6581114406403,35.5050942973455
138,79,7,612,78.02,103.919294756259,69.6581114406403,35.5050942973455
138,79,8,1500,84.91,103.919294756259,69.6581114406403,35.5050942973455
138,79,9,2613,79.68,103.919294756259,69.6581114406403,35.5050942973455
138,79,10,3576,83.6,103.919294756259,69.6581114406403,35.5050942973455
138,79,11,3495,74.33,103.919294756259,69.6581114406403,35.5050942973455
138,79,12,3747,81.89,103.919294756259,69.6581114406403,35.5050942973455
138,79,13,3826,80.43,103.919294756259,69.6581114406403,35.5050942973455
138,79,14,4658,85.83,103.919294756259,69.6581114406403,35.5050942973455
138,79,15,4361,86.98,103.919294756259,69.6581114406403,35.5050942973455
138,79,16,4878,81.5,103.919294756259,69.6581114406403,35.5050942973455
138,79,17,4940,78.37,103.919294756259,69.6581114406403,35.5050942973455
138,79,18,5355,72.96,103.919294756259,69.6581114406403,35.5050942973455
138,79,19,5633,65.98,103.919294756259,69.6581114406403,35.5050942973455
138,79,20,5995,69.07,103.919294756259,69.6581114406403,35.5050942973455
138,79,21,6166,71.88,103.919294756259,69.6581114406403,35.5050942973455
138,79,22,5441,67.83,103.919294756259,69.6581114406403,35.5050942973455
138,79,23,5922,60.12,103.919294756259,69.6581114406403,35.5050942973455
138,80,0,1983,44.45,82.4097047376826,55.240024577457,28.1561219655177
138,80,1,373,43.02,82.4097047376826,55.240024577457,28.1561219655177
138,80,2,89,39.77,82.4097047376826,55.240024577457,28.1561219655177
138,80,3,13,36.69,82.4097047376826,55.240024577457,28.1561219655177
138,80,4,21,35.81,82.4097047376826,55.240024577457,28.1561219655177
138,80,5,18,39.63,82.4097047376826,55.240024577457,28.1561219655177
138,80,6,39,47.11,82.4097047376826,55.240024577457,28.1561219655177
138,80,7,328,57.68,82.4097047376826,55.240024577457,28.1561219655177
138,80,8,829,62.36,82.4097047376826,55.240024577457,28.1561219655177
138,80,9,1409,56.05,82.4097047376826,55.240024577457,28.1561219655177
138,80,10,1832,53.9,82.4097047376826,55.240024577457,28.1561219655177
138,80,11,1572,59,82.4097047376826,55.240024577457,28.1561219655177
138,80,12,1723,50.9,82.4097047376826,55.240024577457,28.1561219655177
138,80,13,1888,57.3,82.4097047376826,55.240024577457,28.1561219655177
138,80,14,2336,54.2,82.4097047376826,55.240024577457,28.1561219655177
138,80,15,2302,56.55,82.4097047376826,55.240024577457,28.1561219655177
138,80,16,2649,68.61,82.4097047376826,55.240024577457,28.1561219655177
138,80,17,2601,58.74,82.4097047376826,55.240024577457,28.1561219655177
138,80,18,2810,53.05,82.4097047376826,55.240024577457,28.1561219655177
138,80,19,2977,48.75,82.4097047376826,55.240024577457,28.1561219655177
138,80,20,2970,46.83,82.4097047376826,55.240024577457,28.1561219655177
138,80,21,3081,57.09,82.4097047376826,55.240024577457,28.1561219655177
138,80,22,2847,45.05,82.4097047376826,55.240024577457,28.1561219655177
138,80,23,3387,45.05,82.4097047376826,55.240024577457,28.1561219655177
138,81,0,222,64.48,114.228782456279,76.5686610627128,39.027436647773
138,81,1,71,60.64,114.228782456279,76.5686610627128,39.027436647773
138,81,2,25,58.79,114.228782456279,76.5686610627128,39.027436647773
138,81,3,3,57.83,114.228782456279,76.5686610627128,39.027436647773
138,81,4,6,53.04,114.228782456279,76.5686610627128,39.027436647773
138,81,5,7,54.79,114.228782456279,76.5686610627128,39.027436647773
138,81,6,5,60.96,114.228782456279,76.5686610627128,39.027436647773
138,81,7,56,65.28,114.228782456279,76.5686610627128,39.027436647773
138,81,8,127,114.43,114.228782456279,76.5686610627128,39.027436647773
138,81,9,209,69.92,114.228782456279,76.5686610627128,39.027436647773
138,81,10,251,69.29,114.228782456279,76.5686610627128,39.027436647773
138,81,11,165,67.95,114.228782456279,76.5686610627128,39.027436647773
138,81,12,182,69.39,114.228782456279,76.5686610627128,39.027436647773
138,81,13,222,93.01,114.228782456279,76.5686610627128,39.027436647773
138,81,14,228,75.42,114.228782456279,76.5686610627128,39.027436647773
138,81,15,199,79.14,114.228782456279,76.5686610627128,39.027436647773
138,81,16,221,83,114.228782456279,76.5686610627128,39.027436647773
138,81,17,232,80.2,114.228782456279,76.5686610627128,39.027436647773
138,81,18,232,75.03,114.228782456279,76.5686610627128,39.027436647773
138,81,19,240,68.46,114.228782456279,76.5686610627128,39.027436647773
138,81,20,269,65.96,114.228782456279,76.5686610627128,39.027436647773
138,81,21,231,66.7,114.228782456279,76.5686610627128,39.027436647773
138,81,22,299,70.4,114.228782456279,76.5686610627128,39.027436647773
138,81,23,361,68.22,114.228782456279,76.5686610627128,39.027436647773
138,82,0,1034,34.49,39.7118616175558,26.6192461040001,13.5679653596718
138,82,1,261,31.99,39.7118616175558,26.6192461040001,13.5679653596718
138,82,2,92,34.63,39.7118616175558,26.6192461040001,13.5679653596718
138,82,3,30,28.79,39.7118616175558,26.6192461040001,13.5679653596718
138,82,4,53,28.9,39.7118616175558,26.6192461040001,13.5679653596718
138,82,5,40,28.48,39.7118616175558,26.6192461040001,13.5679653596718
138,82,6,119,30.77,39.7118616175558,26.6192461040001,13.5679653596718
138,82,7,343,36.3,39.7118616175558,26.6192461040001,13.5679653596718
138,82,8,679,35.09,39.7118616175558,26.6192461040001,13.5679653596718
138,82,9,1052,35.22,39.7118616175558,26.6192461040001,13.5679653596718
138,82,10,1332,35.57,39.7118616175558,26.6192461040001,13.5679653596718
138,82,11,1097,41.45,39.7118616175558,26.6192461040001,13.5679653596718
138,82,12,1044,39.9,39.7118616175558,26.6192461040001,13.5679653596718
138,82,13,864,37.41,39.7118616175558,26.6192461040001,13.5679653596718
138,82,14,1048,39.88,39.7118616175558,26.6192461040001,13.5679653596718
138,82,15,1014,40.33,39.7118616175558,26.6192461040001,13.5679653596718
138,82,16,956,42.01,39.7118616175558,26.6192461040001,13.5679653596718
138,82,17,1124,42.83,39.7118616175558,26.6192461040001,13.5679653596718
138,82,18,1050,61.79,39.7118616175558,26.6192461040001,13.5679653596718
138,82,19,1067,37.88,39.7118616175558,26.6192461040001,13.5679653596718
138,82,20,1039,37,39.7118616175558,26.6192461040001,13.5679653596718
138,82,21,1073,37.42,39.7118616175558,26.6192461040001,13.5679653596718
138,82,22,1185,35.56,39.7118616175558,26.6192461040001,13.5679653596718
138,82,23,1388,35.81,39.7118616175558,26.6192461040001,13.5679653596718
138,83,0,424,32.37,43.3986818756104,29.0905574903941,14.8276053642217
138,83,1,110,33.16,43.3986818756104,29.0905574903941,14.8276053642217
138,83,2,41,32.53,43.3986818756104,29.0905574903941,14.8276053642217
138,83,3,7,32.23,43.3986818756104,29.0905574903941,14.8276053642217
138,83,4,21,28.56,43.3986818756104,29.0905574903941,14.8276053642217
138,83,5,25,30.72,43.3986818756104,29.0905574903941,14.8276053642217
138,83,6,25,29.24,43.3986818756104,29.0905574903941,14.8276053642217
138,83,7,216,30.7,43.3986818756104,29.0905574903941,14.8276053642217
138,83,8,478,32.56,43.3986818756104,29.0905574903941,14.8276053642217
138,83,9,540,31.11,43.3986818756104,29.0905574903941,14.8276053642217
138,83,10,665,31.56,43.3986818756104,29.0905574903941,14.8276053642217
138,83,11,547,34.46,43.3986818756104,29.0905574903941,14.8276053642217
138,83,12,501,32.42,43.3986818756104,29.0905574903941,14.8276053642217
138,83,13,481,33.17,43.3986818756104,29.0905574903941,14.8276053642217
138,83,14,581,64.32,43.3986818756104,29.0905574903941,14.8276053642217
138,83,15,567,35.25,43.3986818756104,29.0905574903941,14.8276053642217
138,83,16,633,34.87,43.3986818756104,29.0905574903941,14.8276053642217
138,83,17,696,35.37,43.3986818756104,29.0905574903941,14.8276053642217
138,83,18,606,36.24,43.3986818756104,29.0905574903941,14.8276053642217
138,83,19,587,35.12,43.3986818756104,29.0905574903941,14.8276053642217
138,83,20,548,33.48,43.3986818756104,29.0905574903941,14.8276053642217
138,83,21,526,31.67,43.3986818756104,29.0905574903941,14.8276053642217
138,83,22,618,31.03,43.3986818756104,29.0905574903941,14.8276053642217
138,83,23,692,46.61,43.3986818756104,29.0905574903941,14.8276053642217
138,84,0,11,138.15,364.351412008571,244.228286198209,124.484401776178
138,84,8,9,201.04,364.351412008571,244.228286198209,124.484401776178
138,84,9,5,150.45,364.351412008571,244.228286198209,124.484401776178
138,84,10,8,170.57,364.351412008571,244.228286198209,124.484401776178
138,84,11,18,151.65,364.351412008571,244.228286198209,124.484401776178
138,84,12,4,152.09,364.351412008571,244.228286198209,124.484401776178
138,84,13,6,170,364.351412008571,244.228286198209,124.484401776178
138,84,14,8,195.18,364.351412008571,244.228286198209,124.484401776178
138,84,15,10,213.76,364.351412008571,244.228286198209,124.484401776178
138,84,16,10,195.07,364.351412008571,244.228286198209,124.484401776178
138,84,17,11,204.36,364.351412008571,244.228286198209,124.484401776178
138,84,18,11,163.91,364.351412008571,244.228286198209,124.484401776178
138,84,19,8,164.25,364.351412008571,244.228286198209,124.484401776178
138,84,20,12,161.27,364.351412008571,244.228286198209,124.484401776178
138,84,21,23,148.74,364.351412008571,244.228286198209,124.484401776178
138,84,22,12,147.38,364.351412008571,244.228286198209,124.484401776178
138,84,23,15,150.59,364.351412008571,244.228286198209,124.484401776178
138,85,0,358,80.63,151.95308696258,101.855628352897,51.9163327083122
138,85,1,71,73.42,151.95308696258,101.855628352897,51.9163327083122
138,85,2,25,74.44,151.95308696258,101.855628352897,51.9163327083122
138,85,3,6,68.88,151.95308696258,101.855628352897,51.9163327083122
138,85,4,7,61.72,151.95308696258,101.855628352897,51.9163327083122
138,85,5,4,63.27,151.95308696258,101.855628352897,51.9163327083122
138,85,6,6,93.29,151.95308696258,101.855628352897,51.9163327083122
138,85,7,60,98.21,151.95308696258,101.855628352897,51.9163327083122
138,85,8,161,100.95,151.95308696258,101.855628352897,51.9163327083122
138,85,9,225,96.81,151.95308696258,101.855628352897,51.9163327083122
138,85,10,334,118.64,151.95308696258,101.855628352897,51.9163327083122
138,85,11,264,96.67,151.95308696258,101.855628352897,51.9163327083122
138,85,12,258,96.61,151.95308696258,101.855628352897,51.9163327083122
138,85,13,235,101.64,151.95308696258,101.855628352897,51.9163327083122
138,85,14,295,111.13,151.95308696258,101.855628352897,51.9163327083122
138,85,15,308,119.9,151.95308696258,101.855628352897,51.9163327083122
138,85,16,360,120.34,151.95308696258,101.855628352897,51.9163327083122
138,85,17,355,119.52,151.95308696258,101.855628352897,51.9163327083122
138,85,18,393,104.16,151.95308696258,101.855628352897,51.9163327083122
138,85,19,411,94.88,151.95308696258,101.855628352897,51.9163327083122
138,85,20,407,88.91,151.95308696258,101.855628352897,51.9163327083122
138,85,21,448,85.79,151.95308696258,101.855628352897,51.9163327083122
138,85,22,493,85.4,151.95308696258,101.855628352897,51.9163327083122
138,85,23,544,84.49,151.95308696258,101.855628352897,51.9163327083122
138,86,0,163,93,208.030879200233,139.44511652444,71.0758863413003
138,86,1,35,86.15,208.030879200233,139.44511652444,71.0758863413003
138,86,2,12,79.85,208.030879200233,139.44511652444,71.0758863413003
138,86,3,5,77.31,208.030879200233,139.44511652444,71.0758863413003
138,86,4,2,72.28,208.030879200233,139.44511652444,71.0758863413003
138,86,6,5,96.67,208.030879200233,139.44511652444,71.0758863413003
138,86,7,34,90.9,208.030879200233,139.44511652444,71.0758863413003
138,86,8,68,100.86,208.030879200233,139.44511652444,71.0758863413003
138,86,9,112,95.11,208.030879200233,139.44511652444,71.0758863413003
138,86,10,126,100.11,208.030879200233,139.44511652444,71.0758863413003
138,86,11,123,101.71,208.030879200233,139.44511652444,71.0758863413003
138,86,12,116,104.46,208.030879200233,139.44511652444,71.0758863413003
138,86,13,102,106.98,208.030879200233,139.44511652444,71.0758863413003
138,86,14,132,117.64,208.030879200233,139.44511652444,71.0758863413003
138,86,15,110,122.98,208.030879200233,139.44511652444,71.0758863413003
138,86,16,114,123.69,208.030879200233,139.44511652444,71.0758863413003
138,86,17,131,119.33,208.030879200233,139.44511652444,71.0758863413003
138,86,18,149,106.56,208.030879200233,139.44511652444,71.0758863413003
138,86,19,139,94.4,208.030879200233,139.44511652444,71.0758863413003
138,86,20,159,92.43,208.030879200233,139.44511652444,71.0758863413003
138,86,21,144,90.03,208.030879200233,139.44511652444,71.0758863413003
138,86,22,170,94.91,208.030879200233,139.44511652444,71.0758863413003
138,86,23,268,138.7,208.030879200233,139.44511652444,71.0758863413003
138,87,0,2260,84.66,130.38753414263,87.4000290810341,44.5482401106613
138,87,1,434,65.41,130.38753414263,87.4000290810341,44.5482401106613
138,87,2,113,63.29,130.38753414263,87.4000290810341,44.5482401106613
138,87,3,30,59.63,130.38753414263,87.4000290810341,44.5482401106613
138,87,4,16,53.56,130.38753414263,87.4000290810341,44.5482401106613
138,87,5,14,71.44,130.38753414263,87.4000290810341,44.5482401106613
138,87,6,46,79.95,130.38753414263,87.4000290810341,44.5482401106613
138,87,7,981,106.81,130.38753414263,87.4000290810341,44.5482401106613
138,87,8,2177,101.39,130.38753414263,87.4000290810341,44.5482401106613
138,87,9,3635,94.79,130.38753414263,87.4000290810341,44.5482401106613
138,87,10,4582,91.28,130.38753414263,87.4000290810341,44.5482401106613
138,87,11,4246,93.84,130.38753414263,87.4000290810341,44.5482401106613
138,87,12,4089,85.76,130.38753414263,87.4000290810341,44.5482401106613
138,87,13,4055,87.36,130.38753414263,87.4000290810341,44.5482401106613
138,87,14,4811,94.55,130.38753414263,87.4000290810341,44.5482401106613
138,87,15,4373,97.94,130.38753414263,87.4000290810341,44.5482401106613
138,87,16,4625,105.7,130.38753414263,87.4000290810341,44.5482401106613
138,87,17,4502,101.56,130.38753414263,87.4000290810341,44.5482401106613
138,87,18,4604,94.98,130.38753414263,87.4000290810341,44.5482401106613
138,87,19,4517,79.03,130.38753414263,87.4000290810341,44.5482401106613
138,87,20,4738,74.43,130.38753414263,87.4000290810341,44.5482401106613
138,87,21,4872,74.12,130.38753414263,87.4000290810341,44.5482401106613
138,87,22,4252,80.93,130.38753414263,87.4000290810341,44.5482401106613
138,87,23,4654,79.6,130.38753414263,87.4000290810341,44.5482401106613
138,88,0,474,73.19,135.129326509002,90.5784985063686,46.1683221705073
138,88,1,85,66.05,135.129326509002,90.5784985063686,46.1683221705073
138,88,2,27,65,135.129326509002,90.5784985063686,46.1683221705073
138,88,3,2,47.87,135.129326509002,90.5784985063686,46.1683221705073
138,88,4,2,58.24,135.129326509002,90.5784985063686,46.1683221705073
138,88,6,23,80.08,135.129326509002,90.5784985063686,46.1683221705073
138,88,7,633,95.98,135.129326509002,90.5784985063686,46.1683221705073
138,88,8,1088,104.9,135.129326509002,90.5784985063686,46.1683221705073
138,88,9,1517,97.24,135.129326509002,90.5784985063686,46.1683221705073
138,88,10,1673,93.89,135.129326509002,90.5784985063686,46.1683221705073
138,88,11,1544,90.33,135.129326509002,90.5784985063686,46.1683221705073
138,88,12,1274,86.71,135.129326509002,90.5784985063686,46.1683221705073
138,88,13,1225,87.3,135.129326509002,90.5784985063686,46.1683221705073
138,88,14,1367,95.43,135.129326509002,90.5784985063686,46.1683221705073
138,88,15,1263,100.06,135.129326509002,90.5784985063686,46.1683221705073
138,88,16,1153,103.82,135.129326509002,90.5784985063686,46.1683221705073
138,88,17,1157,97,135.129326509002,90.5784985063686,46.1683221705073
138,88,18,1197,88.18,135.129326509002,90.5784985063686,46.1683221705073
138,88,19,1085,80.29,135.129326509002,90.5784985063686,46.1683221705073
138,88,20,1094,77.12,135.129326509002,90.5784985063686,46.1683221705073
138,88,21,1098,74.56,135.129326509002,90.5784985063686,46.1683221705073
138,88,22,911,74.45,135.129326509002,90.5784985063686,46.1683221705073
138,88,23,902,74.4,135.129326509002,90.5784985063686,46.1683221705073
138,89,0,1002,81.44,163.006603600745,109.264907790351,55.6928801865822
138,89,1,210,77.26,163.006603600745,109.264907790351,55.6928801865822
138,89,2,62,73.49,163.006603600745,109.264907790351,55.6928801865822
138,89,3,13,69.77,163.006603600745,109.264907790351,55.6928801865822
138,89,4,19,70.56,163.006603600745,109.264907790351,55.6928801865822
138,89,5,21,82.82,163.006603600745,109.264907790351,55.6928801865822
138,89,6,30,87.11,163.006603600745,109.264907790351,55.6928801865822
138,89,7,125,106.59,163.006603600745,109.264907790351,55.6928801865822
138,89,8,437,104.81,163.006603600745,109.264907790351,55.6928801865822
138,89,9,659,100.77,163.006603600745,109.264907790351,55.6928801865822
138,89,10,787,100.2,163.006603600745,109.264907790351,55.6928801865822
138,89,11,783,100.18,163.006603600745,109.264907790351,55.6928801865822
138,89,12,831,102.92,163.006603600745,109.264907790351,55.6928801865822
138,89,13,752,105.05,163.006603600745,109.264907790351,55.6928801865822
138,89,14,994,117.43,163.006603600745,109.264907790351,55.6928801865822
138,89,15,1013,141.37,163.006603600745,109.264907790351,55.6928801865822
138,89,16,1078,128.17,163.006603600745,109.264907790351,55.6928801865822
138,89,17,1155,145.78,163.006603600745,109.264907790351,55.6928801865822
138,89,18,1232,108.39,163.006603600745,109.264907790351,55.6928801865822
138,89,19,1334,111.96,163.006603600745,109.264907790351,55.6928801865822
138,89,20,1378,90.07,163.006603600745,109.264907790351,55.6928801865822
138,89,21,1432,87.92,163.006603600745,109.264907790351,55.6928801865822
138,89,22,1406,86.55,163.006603600745,109.264907790351,55.6928801865822
138,89,23,1671,86.46,163.006603600745,109.264907790351,55.6928801865822
138,90,0,2070,65.28,105.291341504425,70.577807686748,35.9738681596801
138,90,1,364,60.55,105.291341504425,70.577807686748,35.9738681596801
138,90,2,85,58.2,105.291341504425,70.577807686748,35.9738681596801
138,90,3,24,59.35,105.291341504425,70.577807686748,35.9738681596801
138,90,4,9,48.86,105.291341504425,70.577807686748,35.9738681596801
138,90,5,14,53.63,105.291341504425,70.577807686748,35.9738681596801
138,90,6,32,67.9,105.291341504425,70.577807686748,35.9738681596801
138,90,7,616,111.8,105.291341504425,70.577807686748,35.9738681596801
138,90,8,1631,94.85,105.291341504425,70.577807686748,35.9738681596801
138,90,9,2946,93.24,105.291341504425,70.577807686748,35.9738681596801
138,90,10,4088,92.29,105.291341504425,70.577807686748,35.9738681596801
138,90,11,3807,82.85,105.291341504425,70.577807686748,35.9738681596801
138,90,12,4014,80.68,105.291341504425,70.577807686748,35.9738681596801
138,90,13,4009,86.67,105.291341504425,70.577807686748,35.9738681596801
138,90,14,4694,85.16,105.291341504425,70.577807686748,35.9738681596801
138,90,15,4430,87.31,105.291341504425,70.577807686748,35.9738681596801
138,90,16,4344,87.3,105.291341504425,70.577807686748,35.9738681596801
138,90,17,4222,83.65,105.291341504425,70.577807686748,35.9738681596801
138,90,18,4443,85.01,105.291341504425,70.577807686748,35.9738681596801
138,90,19,4224,71.65,105.291341504425,70.577807686748,35.9738681596801
138,90,20,4563,67.38,105.291341504425,70.577807686748,35.9738681596801
138,90,21,4664,66.93,105.291341504425,70.577807686748,35.9738681596801
138,90,22,3786,66.35,105.291341504425,70.577807686748,35.9738681596801
138,90,23,4096,66.56,105.291341504425,70.577807686748,35.9738681596801
138,91,0,278,92.41,165.840070658074,111.164208247554,56.6609633062266
138,91,1,53,86.62,165.840070658074,111.164208247554,56.6609633062266
138,91,2,20,90.35,165.840070658074,111.164208247554,56.6609633062266
138,91,3,5,78.79,165.840070658074,111.164208247554,56.6609633062266
138,91,5,9,90.9,165.840070658074,111.164208247554,56.6609633062266
138,91,6,10,109.01,165.840070658074,111.164208247554,56.6609633062266
138,91,7,53,104.15,165.840070658074,111.164208247554,56.6609633062266
138,91,8,169,107.81,165.840070658074,111.164208247554,56.6609633062266
138,91,9,249,101.03,165.840070658074,111.164208247554,56.6609633062266
138,91,10,256,101.81,165.840070658074,111.164208247554,56.6609633062266
138,91,11,212,101.79,165.840070658074,111.164208247554,56.6609633062266
138,91,12,224,105.18,165.840070658074,111.164208247554,56.6609633062266
138,91,13,176,165.76,165.840070658074,111.164208247554,56.6609633062266
138,91,14,241,115.27,165.840070658074,111.164208247554,56.6609633062266
138,91,15,208,139.86,165.840070658074,111.164208247554,56.6609633062266
138,91,16,223,127.43,165.840070658074,111.164208247554,56.6609633062266
138,91,17,216,118.41,165.840070658074,111.164208247554,56.6609633062266
138,91,18,266,117.65,165.840070658074,111.164208247554,56.6609633062266
138,91,19,240,104.13,165.840070658074,111.164208247554,56.6609633062266
138,91,20,251,99.33,165.840070658074,111.164208247554,56.6609633062266
138,91,21,256,100.27,165.840070658074,111.164208247554,56.6609633062266
138,91,22,294,97.81,165.840070658074,111.164208247554,56.6609633062266
138,91,23,435,96.31,165.840070658074,111.164208247554,56.6609633062266
138,92,0,2575,33.28,39.9052330175258,26.7488648293786,13.6340326843823
138,92,1,710,35.33,39.9052330175258,26.7488648293786,13.6340326843823
138,92,2,209,31.27,39.9052330175258,26.7488648293786,13.6340326843823
138,92,3,69,30.04,39.9052330175258,26.7488648293786,13.6340326843823
138,92,4,51,30.34,39.9052330175258,26.7488648293786,13.6340326843823
138,92,5,70,31.53,39.9052330175258,26.7488648293786,13.6340326843823
138,92,6,85,30.73,39.9052330175258,26.7488648293786,13.6340326843823
138,92,7,486,33.24,39.9052330175258,26.7488648293786,13.6340326843823
138,92,8,1206,33.74,39.9052330175258,26.7488648293786,13.6340326843823
138,92,9,1984,35.3,39.9052330175258,26.7488648293786,13.6340326843823
138,92,10,2712,43,39.9052330175258,26.7488648293786,13.6340326843823
138,92,11,2574,37.89,39.9052330175258,26.7488648293786,13.6340326843823
138,92,12,2585,52.06,39.9052330175258,26.7488648293786,13.6340326843823
138,92,13,2508,40.4,39.9052330175258,26.7488648293786,13.6340326843823
138,92,14,2892,40.89,39.9052330175258,26.7488648293786,13.6340326843823
138,92,15,2718,42.73,39.9052330175258,26.7488648293786,13.6340326843823
138,92,16,2903,42.43,39.9052330175258,26.7488648293786,13.6340326843823
138,92,17,3127,42.76,39.9052330175258,26.7488648293786,13.6340326843823
138,92,18,3049,51.92,39.9052330175258,26.7488648293786,13.6340326843823
138,92,19,3057,35.82,39.9052330175258,26.7488648293786,13.6340326843823
138,92,20,3052,35.26,39.9052330175258,26.7488648293786,13.6340326843823
138,92,21,2932,34.03,39.9052330175258,26.7488648293786,13.6340326843823
138,92,22,2995,34.11,39.9052330175258,26.7488648293786,13.6340326843823
138,92,23,3416,45.97,39.9052330175258,26.7488648293786,13.6340326843823
138,93,0,58,39.41,46.6965530682016,31.3011525448468,15.9543569260764
138,93,1,13,31.5,46.6965530682016,31.3011525448468,15.9543569260764
138,93,2,5,26.68,46.6965530682016,31.3011525448468,15.9543569260764
138,93,3,2,19.6,46.6965530682016,31.3011525448468,15.9543569260764
138,93,5,2,34.17,46.6965530682016,31.3011525448468,15.9543569260764
138,93,6,52,26.68,46.6965530682016,31.3011525448468,15.9543569260764
138,93,7,71,30.28,46.6965530682016,31.3011525448468,15.9543569260764
138,93,8,223,45.24,46.6965530682016,31.3011525448468,15.9543569260764
138,93,9,528,37.83,46.6965530682016,31.3011525448468,15.9543569260764
138,93,10,719,44.42,46.6965530682016,31.3011525448468,15.9543569260764
138,93,11,673,46.45,46.6965530682016,31.3011525448468,15.9543569260764
138,93,12,509,40.1,46.6965530682016,31.3011525448468,15.9543569260764
138,93,13,564,37.56,46.6965530682016,31.3011525448468,15.9543569260764
138,93,14,315,43.14,46.6965530682016,31.3011525448468,15.9543569260764
138,93,15,254,43.28,46.6965530682016,31.3011525448468,15.9543569260764
138,93,16,268,50.87,46.6965530682016,31.3011525448468,15.9543569260764
138,93,17,291,49.84,46.6965530682016,31.3011525448468,15.9543569260764
138,93,18,309,49.23,46.6965530682016,31.3011525448468,15.9543569260764
138,93,19,252,44.51,46.6965530682016,31.3011525448468,15.9543569260764
138,93,20,132,47.96,46.6965530682016,31.3011525448468,15.9543569260764
138,93,21,116,46.31,46.6965530682016,31.3011525448468,15.9543569260764
138,93,22,68,47.37,46.6965530682016,31.3011525448468,15.9543569260764
138,93,23,81,44.41,46.6965530682016,31.3011525448468,15.9543569260764
138,94,0,84,57.13,88.4972682157338,59.3205774348514,30.2360005466439
138,94,1,31,59.58,88.4972682157338,59.3205774348514,30.2360005466439
138,94,2,10,60.62,88.4972682157338,59.3205774348514,30.2360005466439
138,94,3,4,51.3,88.4972682157338,59.3205774348514,30.2360005466439
138,94,4,4,53.26,88.4972682157338,59.3205774348514,30.2360005466439
138,94,5,6,46.11,88.4972682157338,59.3205774348514,30.2360005466439
138,94,6,5,51.44,88.4972682157338,59.3205774348514,30.2360005466439
138,94,7,23,65.62,88.4972682157338,59.3205774348514,30.2360005466439
138,94,8,52,70.1,88.4972682157338,59.3205774348514,30.2360005466439
138,94,9,88,67.58,88.4972682157338,59.3205774348514,30.2360005466439
138,94,10,96,63.8,88.4972682157338,59.3205774348514,30.2360005466439
138,94,11,61,69.74,88.4972682157338,59.3205774348514,30.2360005466439
138,94,12,76,70.8,88.4972682157338,59.3205774348514,30.2360005466439
138,94,13,65,72.06,88.4972682157338,59.3205774348514,30.2360005466439
138,94,14,81,81.05,88.4972682157338,59.3205774348514,30.2360005466439
138,94,15,64,86.58,88.4972682157338,59.3205774348514,30.2360005466439
138,94,16,76,93.53,88.4972682157338,59.3205774348514,30.2360005466439
138,94,17,82,80.79,88.4972682157338,59.3205774348514,30.2360005466439
138,94,18,89,74.59,88.4972682157338,59.3205774348514,30.2360005466439
138,94,19,109,69.26,88.4972682157338,59.3205774348514,30.2360005466439
138,94,20,87,66.11,88.4972682157338,59.3205774348514,30.2360005466439
138,94,21,66,58.16,88.4972682157338,59.3205774348514,30.2360005466439
138,94,22,98,63.06,88.4972682157338,59.3205774348514,30.2360005466439
138,94,23,136,62.57,88.4972682157338,59.3205774348514,30.2360005466439
138,95,0,1649,55.83,62.4577313379559,41.8660232449937,21.3393253481334
138,95,1,365,77.89,62.4577313379559,41.8660232449937,21.3393253481334
138,95,2,91,35.37,62.4577313379559,41.8660232449937,21.3393253481334
138,95,3,41,32.69,62.4577313379559,41.8660232449937,21.3393253481334
138,95,4,36,31.98,62.4577313379559,41.8660232449937,21.3393253481334
138,95,5,38,31.81,62.4577313379559,41.8660232449937,21.3393253481334
138,95,6,62,33.78,62.4577313379559,41.8660232449937,21.3393253481334
138,95,7,300,39.06,62.4577313379559,41.8660232449937,21.3393253481334
138,95,8,685,38.56,62.4577313379559,41.8660232449937,21.3393253481334
138,95,9,1106,37.12,62.4577313379559,41.8660232449937,21.3393253481334
138,95,10,1629,54.55,62.4577313379559,41.8660232449937,21.3393253481334
138,95,11,1357,58.2,62.4577313379559,41.8660232449937,21.3393253481334
138,95,12,1388,39.29,62.4577313379559,41.8660232449937,21.3393253481334
138,95,13,1423,43.49,62.4577313379559,41.8660232449937,21.3393253481334
138,95,14,2016,42.6,62.4577313379559,41.8660232449937,21.3393253481334
138,95,15,1844,47.13,62.4577313379559,41.8660232449937,21.3393253481334
138,95,16,1964,48.94,62.4577313379559,41.8660232449937,21.3393253481334
138,95,17,2102,47.33,62.4577313379559,41.8660232449937,21.3393253481334
138,95,18,2246,57.25,62.4577313379559,41.8660232449937,21.3393253481334
138,95,19,2487,43.42,62.4577313379559,41.8660232449937,21.3393253481334
138,95,20,2349,52.83,62.4577313379559,41.8660232449937,21.3393253481334
138,95,21,2341,38.91,62.4577313379559,41.8660232449937,21.3393253481334
138,95,22,2348,37.9,62.4577313379559,41.8660232449937,21.3393253481334
138,95,23,2728,50.9,62.4577313379559,41.8660232449937,21.3393253481334
138,96,0,11,55.54,84.6808234747292,56.7623774999935,28.9320730062598
138,96,1,5,46.33,84.6808234747292,56.7623774999935,28.9320730062598
138,96,2,2,57.97,84.6808234747292,56.7623774999935,28.9320730062598
138,96,6,2,49.04,84.6808234747292,56.7623774999935,28.9320730062598
138,96,7,8,67.89,84.6808234747292,56.7623774999935,28.9320730062598
138,96,8,11,65.11,84.6808234747292,56.7623774999935,28.9320730062598
138,96,9,14,64.17,84.6808234747292,56.7623774999935,28.9320730062598
138,96,10,29,53.77,84.6808234747292,56.7623774999935,28.9320730062598
138,96,11,16,57.67,84.6808234747292,56.7623774999935,28.9320730062598
138,96,12,17,58.71,84.6808234747292,56.7623774999935,28.9320730062598
138,96,13,19,63.03,84.6808234747292,56.7623774999935,28.9320730062598
138,96,14,18,61.45,84.6808234747292,56.7623774999935,28.9320730062598
138,96,15,18,80.88,84.6808234747292,56.7623774999935,28.9320730062598
138,96,16,17,69.86,84.6808234747292,56.7623774999935,28.9320730062598
138,96,17,31,70.62,84.6808234747292,56.7623774999935,28.9320730062598
138,96,18,23,72.95,84.6808234747292,56.7623774999935,28.9320730062598
138,96,19,20,54.88,84.6808234747292,56.7623774999935,28.9320730062598
138,96,20,18,50.04,84.6808234747292,56.7623774999935,28.9320730062598
138,96,21,18,56.73,84.6808234747292,56.7623774999935,28.9320730062598
138,96,22,25,60.97,84.6808234747292,56.7623774999935,28.9320730062598
138,96,23,27,52.81,84.6808234747292,56.7623774999935,28.9320730062598
138,97,0,1145,56.57,122.007681544494,81.7829325879696,41.6851774100095
138,97,1,215,52.91,122.007681544494,81.7829325879696,41.6851774100095
138,97,2,52,50.2,122.007681544494,81.7829325879696,41.6851774100095
138,97,3,7,56.74,122.007681544494,81.7829325879696,41.6851774100095
138,97,4,8,56.4,122.007681544494,81.7829325879696,41.6851774100095
138,97,5,10,50.29,122.007681544494,81.7829325879696,41.6851774100095
138,97,6,26,67.49,122.007681544494,81.7829325879696,41.6851774100095
138,97,7,264,80.73,122.007681544494,81.7829325879696,41.6851774100095
138,97,8,636,85.3,122.007681544494,81.7829325879696,41.6851774100095
138,97,9,932,76.92,122.007681544494,81.7829325879696,41.6851774100095
138,97,10,1237,73.58,122.007681544494,81.7829325879696,41.6851774100095
138,97,11,1172,72.6,122.007681544494,81.7829325879696,41.6851774100095
138,97,12,1299,70.19,122.007681544494,81.7829325879696,41.6851774100095
138,97,13,1298,72.28,122.007681544494,81.7829325879696,41.6851774100095
138,97,14,1568,78.69,122.007681544494,81.7829325879696,41.6851774100095
138,97,15,1568,82.43,122.007681544494,81.7829325879696,41.6851774100095
138,97,16,1696,83.6,122.007681544494,81.7829325879696,41.6851774100095
138,97,17,1756,80.25,122.007681544494,81.7829325879696,41.6851774100095
138,97,18,1927,72.93,122.007681544494,81.7829325879696,41.6851774100095
138,97,19,2019,79.23,122.007681544494,81.7829325879696,41.6851774100095
138,97,20,2233,60.66,122.007681544494,81.7829325879696,41.6851774100095
138,97,21,2079,73.39,122.007681544494,81.7829325879696,41.6851774100095
138,97,22,1817,59.82,122.007681544494,81.7829325879696,41.6851774100095
138,97,23,2142,59.14,122.007681544494,81.7829325879696,41.6851774100095
138,98,0,156,46.94,89.7307775831263,60.1474107306164,30.6574416900682
138,98,1,36,46.72,89.7307775831263,60.1474107306164,30.6574416900682
138,98,2,13,39.98,89.7307775831263,60.1474107306164,30.6574416900682
138,98,3,2,37.62,89.7307775831263,60.1474107306164,30.6574416900682
138,98,5,2,45.13,89.7307775831263,60.1474107306164,30.6574416900682
138,98,6,5,40.77,89.7307775831263,60.1474107306164,30.6574416900682
138,98,7,58,48.51,89.7307775831263,60.1474107306164,30.6574416900682
138,98,8,173,46.97,89.7307775831263,60.1474107306164,30.6574416900682
138,98,9,261,43.68,89.7307775831263,60.1474107306164,30.6574416900682
138,98,10,348,80.35,89.7307775831263,60.1474107306164,30.6574416900682
138,98,11,466,46.52,89.7307775831263,60.1474107306164,30.6574416900682
138,98,12,316,51.04,89.7307775831263,60.1474107306164,30.6574416900682
138,98,13,518,51.2,89.7307775831263,60.1474107306164,30.6574416900682
138,98,14,433,57.52,89.7307775831263,60.1474107306164,30.6574416900682
138,98,15,443,68.93,89.7307775831263,60.1474107306164,30.6574416900682
138,98,16,285,58.87,89.7307775831263,60.1474107306164,30.6574416900682
138,98,17,357,57.38,89.7307775831263,60.1474107306164,30.6574416900682
138,98,18,408,52.99,89.7307775831263,60.1474107306164,30.6574416900682
138,98,19,322,50.26,89.7307775831263,60.1474107306164,30.6574416900682
138,98,20,284,48.05,89.7307775831263,60.1474107306164,30.6574416900682
138,98,21,277,46.12,89.7307775831263,60.1474107306164,30.6574416900682
138,98,22,219,48.53,89.7307775831263,60.1474107306164,30.6574416900682
138,98,23,276,47.64,89.7307775831263,60.1474107306164,30.6574416900682
138,100,0,1374,65.55,95.3923725600952,63.9424327692328,32.591783758133
138,100,1,294,59.07,95.3923725600952,63.9424327692328,32.591783758133
138,100,2,85,57.1,95.3923725600952,63.9424327692328,32.591783758133
138,100,3,25,58.05,95.3923725600952,63.9424327692328,32.591783758133
138,100,4,31,52.09,95.3923725600952,63.9424327692328,32.591783758133
138,100,5,28,55.25,95.3923725600952,63.9424327692328,32.591783758133
138,100,6,62,68.21,95.3923725600952,63.9424327692328,32.591783758133
138,100,7,1542,85.78,95.3923725600952,63.9424327692328,32.591783758133
138,100,8,3598,101.18,95.3923725600952,63.9424327692328,32.591783758133
138,100,9,6047,101.72,95.3923725600952,63.9424327692328,32.591783758133
138,100,10,7547,96.39,95.3923725600952,63.9424327692328,32.591783758133
138,100,11,6866,88.2,95.3923725600952,63.9424327692328,32.591783758133
138,100,12,6418,85.64,95.3923725600952,63.9424327692328,32.591783758133
138,100,13,5973,92.13,95.3923725600952,63.9424327692328,32.591783758133
138,100,14,6608,98.51,95.3923725600952,63.9424327692328,32.591783758133
138,100,15,5572,91.99,95.3923725600952,63.9424327692328,32.591783758133
138,100,16,5234,92.68,95.3923725600952,63.9424327692328,32.591783758133
138,100,17,4590,89.99,95.3923725600952,63.9424327692328,32.591783758133
138,100,18,4174,87.71,95.3923725600952,63.9424327692328,32.591783758133
138,100,19,3588,73,95.3923725600952,63.9424327692328,32.591783758133
138,100,20,3341,67.25,95.3923725600952,63.9424327692328,32.591783758133
138,100,21,3258,66.31,95.3923725600952,63.9424327692328,32.591783758133
138,100,22,2626,65.49,95.3923725600952,63.9424327692328,32.591783758133
138,100,23,2763,66.3,95.3923725600952,63.9424327692328,32.591783758133
138,101,0,171,61.19,134.833569152264,90.3802494808786,46.0672736321705
138,101,1,28,70.06,134.833569152264,90.3802494808786,46.0672736321705
138,101,2,13,55.2,134.833569152264,90.3802494808786,46.0672736321705
138,101,3,3,73.93,134.833569152264,90.3802494808786,46.0672736321705
138,101,5,3,46.12,134.833569152264,90.3802494808786,46.0672736321705
138,101,6,3,52.29,134.833569152264,90.3802494808786,46.0672736321705
138,101,7,25,72.92,134.833569152264,90.3802494808786,46.0672736321705
138,101,8,89,74.31,134.833569152264,90.3802494808786,46.0672736321705
138,101,9,164,67.42,134.833569152264,90.3802494808786,46.0672736321705
138,101,10,191,64.75,134.833569152264,90.3802494808786,46.0672736321705
138,101,11,191,65.69,134.833569152264,90.3802494808786,46.0672736321705
138,101,12,166,70.17,134.833569152264,90.3802494808786,46.0672736321705
138,101,13,175,76.71,134.833569152264,90.3802494808786,46.0672736321705
138,101,14,233,86.52,134.833569152264,90.3802494808786,46.0672736321705
138,101,15,218,91.94,134.833569152264,90.3802494808786,46.0672736321705
138,101,16,219,88.92,134.833569152264,90.3802494808786,46.0672736321705
138,101,17,234,84.8,134.833569152264,90.3802494808786,46.0672736321705
138,101,18,262,76.67,134.833569152264,90.3802494808786,46.0672736321705
138,101,19,250,70.72,134.833569152264,90.3802494808786,46.0672736321705
138,101,20,248,66.53,134.833569152264,90.3802494808786,46.0672736321705
138,101,21,224,63.66,134.833569152264,90.3802494808786,46.0672736321705
138,101,22,267,61.53,134.833569152264,90.3802494808786,46.0672736321705
138,101,23,286,63.61,134.833569152264,90.3802494808786,46.0672736321705
138,102,0,248,52.67,77.736243522724,52.1073581858244,26.5593859453082
138,102,1,56,53.15,77.736243522724,52.1073581858244,26.5593859453082
138,102,2,16,53.55,77.736243522724,52.1073581858244,26.5593859453082
138,102,3,9,43.95,77.736243522724,52.1073581858244,26.5593859453082
138,102,5,3,46.9,77.736243522724,52.1073581858244,26.5593859453082
138,102,6,12,47.97,77.736243522724,52.1073581858244,26.5593859453082
138,102,7,47,56.4,77.736243522724,52.1073581858244,26.5593859453082
138,102,8,144,58.54,77.736243522724,52.1073581858244,26.5593859453082
138,102,9,227,54.25,77.736243522724,52.1073581858244,26.5593859453082
138,102,10,255,56.61,77.736243522724,52.1073581858244,26.5593859453082
138,102,11,193,59.98,77.736243522724,52.1073581858244,26.5593859453082
138,102,12,172,57.4,77.736243522724,52.1073581858244,26.5593859453082
138,102,13,221,59.53,77.736243522724,52.1073581858244,26.5593859453082
138,102,14,288,63.56,77.736243522724,52.1073581858244,26.5593859453082
138,102,15,238,69.29,77.736243522724,52.1073581858244,26.5593859453082
138,102,16,223,72.32,77.736243522724,52.1073581858244,26.5593859453082
138,102,17,301,71.22,77.736243522724,52.1073581858244,26.5593859453082
138,102,18,317,63.6,77.736243522724,52.1073581858244,26.5593859453082
138,102,19,351,58.12,77.736243522724,52.1073581858244,26.5593859453082
138,102,20,290,53.88,77.736243522724,52.1073581858244,26.5593859453082
138,102,21,284,53.06,77.736243522724,52.1073581858244,26.5593859453082
138,102,22,331,54.97,77.736243522724,52.1073581858244,26.5593859453082
138,102,23,411,53.12,77.736243522724,52.1073581858244,26.5593859453082
138,106,0,265,72.33,144.131650834957,96.6128438374548,49.2440587297095
138,106,1,45,68.71,144.131650834957,96.6128438374548,49.2440587297095
138,106,2,8,82.51,144.131650834957,96.6128438374548,49.2440587297095
138,106,3,2,53.88,144.131650834957,96.6128438374548,49.2440587297095
138,106,4,3,52.75,144.131650834957,96.6128438374548,49.2440587297095
138,106,5,3,61,144.131650834957,96.6128438374548,49.2440587297095
138,106,6,2,74.5,144.131650834957,96.6128438374548,49.2440587297095
138,106,7,59,88.87,144.131650834957,96.6128438374548,49.2440587297095
138,106,8,125,93.31,144.131650834957,96.6128438374548,49.2440587297095
138,106,9,236,92.93,144.131650834957,96.6128438374548,49.2440587297095
138,106,10,340,90.08,144.131650834957,96.6128438374548,49.2440587297095
138,106,11,340,88.65,144.131650834957,96.6128438374548,49.2440587297095
138,106,12,380,90.64,144.131650834957,96.6128438374548,49.2440587297095
138,106,13,443,94.32,144.131650834957,96.6128438374548,49.2440587297095
138,106,14,568,99.45,144.131650834957,96.6128438374548,49.2440587297095
138,106,15,486,103.98,144.131650834957,96.6128438374548,49.2440587297095
138,106,16,532,105.34,144.131650834957,96.6128438374548,49.2440587297095
138,106,17,503,101.87,144.131650834957,96.6128438374548,49.2440587297095
138,106,18,495,92.44,144.131650834957,96.6128438374548,49.2440587297095
138,106,19,513,81.74,144.131650834957,96.6128438374548,49.2440587297095
138,106,20,514,75.11,144.131650834957,96.6128438374548,49.2440587297095
138,106,21,522,73.23,144.131650834957,96.6128438374548,49.2440587297095
138,106,22,458,74.05,144.131650834957,96.6128438374548,49.2440587297095
138,106,23,493,73.36,144.131650834957,96.6128438374548,49.2440587297095
138,107,0,2188,57.68,98.0059973862069,65.6943708460676,33.4847555217178
138,107,1,419,52.55,98.0059973862069,65.6943708460676,33.4847555217178
138,107,2,103,50.12,98.0059973862069,65.6943708460676,33.4847555217178
138,107,3,21,49.31,98.0059973862069,65.6943708460676,33.4847555217178
138,107,4,13,43.51,98.0059973862069,65.6943708460676,33.4847555217178
138,107,5,15,51.05,98.0059973862069,65.6943708460676,33.4847555217178
138,107,6,43,64.45,98.0059973862069,65.6943708460676,33.4847555217178
138,107,7,698,92.76,98.0059973862069,65.6943708460676,33.4847555217178
138,107,8,1636,90.9,98.0059973862069,65.6943708460676,33.4847555217178
138,107,9,2878,79.38,98.0059973862069,65.6943708460676,33.4847555217178
138,107,10,3605,81.9,98.0059973862069,65.6943708460676,33.4847555217178
138,107,11,3233,80.07,98.0059973862069,65.6943708460676,33.4847555217178
138,107,12,3447,76.68,98.0059973862069,65.6943708460676,33.4847555217178
138,107,13,3556,68.63,98.0059973862069,65.6943708460676,33.4847555217178
138,107,14,4316,73.22,98.0059973862069,65.6943708460676,33.4847555217178
138,107,15,4116,76.82,98.0059973862069,65.6943708460676,33.4847555217178
138,107,16,4132,74.25,98.0059973862069,65.6943708460676,33.4847555217178
138,107,17,4079,72.17,98.0059973862069,65.6943708460676,33.4847555217178
138,107,18,4511,67.39,98.0059973862069,65.6943708460676,33.4847555217178
138,107,19,4700,68.27,98.0059973862069,65.6943708460676,33.4847555217178
138,107,20,4816,56.85,98.0059973862069,65.6943708460676,33.4847555217178
138,107,21,4793,57.1,98.0059973862069,65.6943708460676,33.4847555217178
138,107,22,4021,56.38,98.0059973862069,65.6943708460676,33.4847555217178
138,107,23,4430,57.79,98.0059973862069,65.6943708460676,33.4847555217178
138,108,0,43,101.79,217.581486567014,145.84698129692,74.3389494322286
138,108,1,17,95.04,217.581486567014,145.84698129692,74.3389494322286
138,108,2,8,93.83,217.581486567014,145.84698129692,74.3389494322286
138,108,4,4,70.45,217.581486567014,145.84698129692,74.3389494322286
138,108,7,13,126.99,217.581486567014,145.84698129692,74.3389494322286
138,108,8,37,111.23,217.581486567014,145.84698129692,74.3389494322286
138,108,9,41,107.85,217.581486567014,145.84698129692,74.3389494322286
138,108,10,48,120.02,217.581486567014,145.84698129692,74.3389494322286
138,108,11,41,116.53,217.581486567014,145.84698129692,74.3389494322286
138,108,12,56,120.75,217.581486567014,145.84698129692,74.3389494322286
138,108,13,28,124.72,217.581486567014,145.84698129692,74.3389494322286
138,108,14,41,134.22,217.581486567014,145.84698129692,74.3389494322286
138,108,15,54,135.82,217.581486567014,145.84698129692,74.3389494322286
138,108,16,56,139.97,217.581486567014,145.84698129692,74.3389494322286
138,108,17,62,134.74,217.581486567014,145.84698129692,74.3389494322286
138,108,18,55,122.23,217.581486567014,145.84698129692,74.3389494322286
138,108,19,63,114.02,217.581486567014,145.84698129692,74.3389494322286
138,108,20,74,103.76,217.581486567014,145.84698129692,74.3389494322286
138,108,21,61,104.33,217.581486567014,145.84698129692,74.3389494322286
138,108,22,87,103.91,217.581486567014,145.84698129692,74.3389494322286
138,108,23,110,108.73,217.581486567014,145.84698129692,74.3389494322286
138,109,0,15,131.5,326.161271789291,218.629064710343,111.4363481602
138,109,1,3,130.41,326.161271789291,218.629064710343,111.4363481602
138,109,7,2,135.7,326.161271789291,218.629064710343,111.4363481602
138,109,8,5,166.03,326.161271789291,218.629064710343,111.4363481602
138,109,9,9,154.42,326.161271789291,218.629064710343,111.4363481602
138,109,10,13,152.39,326.161271789291,218.629064710343,111.4363481602
138,109,11,8,161.3,326.161271789291,218.629064710343,111.4363481602
138,109,12,7,160.22,326.161271789291,218.629064710343,111.4363481602
138,109,13,14,154.46,326.161271789291,218.629064710343,111.4363481602
138,109,14,16,184.93,326.161271789291,218.629064710343,111.4363481602
138,109,15,12,191.44,326.161271789291,218.629064710343,111.4363481602
138,109,16,18,179.33,326.161271789291,218.629064710343,111.4363481602
138,109,17,14,163.73,326.161271789291,218.629064710343,111.4363481602
138,109,18,18,157.37,326.161271789291,218.629064710343,111.4363481602
138,109,19,14,141.51,326.161271789291,218.629064710343,111.4363481602
138,109,20,16,145.12,326.161271789291,218.629064710343,111.4363481602
138,109,21,21,145.38,326.161271789291,218.629064710343,111.4363481602
138,109,22,22,141.33,326.161271789291,218.629064710343,111.4363481602
138,109,23,26,135.48,326.161271789291,218.629064710343,111.4363481602
138,111,0,4,78.64,161.83277711784,108.478080511067,55.2918303135819
138,111,9,3,101.64,161.83277711784,108.478080511067,55.2918303135819
138,111,10,4,96.89,161.83277711784,108.478080511067,55.2918303135819
138,111,11,4,97.18,161.83277711784,108.478080511067,55.2918303135819
138,111,13,4,98.85,161.83277711784,108.478080511067,55.2918303135819
138,111,14,8,107.78,161.83277711784,108.478080511067,55.2918303135819
138,111,15,4,115.41,161.83277711784,108.478080511067,55.2918303135819
138,111,16,3,111.84,161.83277711784,108.478080511067,55.2918303135819
138,111,17,6,109.41,161.83277711784,108.478080511067,55.2918303135819
138,111,18,4,92.25,161.83277711784,108.478080511067,55.2918303135819
138,111,20,6,75.83,161.83277711784,108.478080511067,55.2918303135819
138,111,21,6,69.03,161.83277711784,108.478080511067,55.2918303135819
138,111,22,3,69.14,161.83277711784,108.478080511067,55.2918303135819
138,111,23,3,86.15,161.83277711784,108.478080511067,55.2918303135819
138,112,0,2371,45.4,78.7278757916969,52.7720589159657,26.8981872939966
138,112,1,387,41.59,78.7278757916969,52.7720589159657,26.8981872939966
138,112,2,113,40.64,78.7278757916969,52.7720589159657,26.8981872939966
138,112,3,12,37.33,78.7278757916969,52.7720589159657,26.8981872939966
138,112,4,16,34.63,78.7278757916969,52.7720589159657,26.8981872939966
138,112,5,19,41.22,78.7278757916969,52.7720589159657,26.8981872939966
138,112,6,46,48.31,78.7278757916969,52.7720589159657,26.8981872939966
138,112,7,457,57.13,78.7278757916969,52.7720589159657,26.8981872939966
138,112,8,1060,69.94,78.7278757916969,52.7720589159657,26.8981872939966
138,112,9,1767,54.81,78.7278757916969,52.7720589159657,26.8981872939966
138,112,10,2499,58.93,78.7278757916969,52.7720589159657,26.8981872939966
138,112,11,2185,50.38,78.7278757916969,52.7720589159657,26.8981872939966
138,112,12,2396,49.47,78.7278757916969,52.7720589159657,26.8981872939966
138,112,13,2577,49.47,78.7278757916969,52.7720589159657,26.8981872939966
138,112,14,3022,52.46,78.7278757916969,52.7720589159657,26.8981872939966
138,112,15,3017,53.18,78.7278757916969,52.7720589159657,26.8981872939966
138,112,16,3346,63.84,78.7278757916969,52.7720589159657,26.8981872939966
138,112,17,3510,51.69,78.7278757916969,52.7720589159657,26.8981872939966
138,112,18,3777,59.2,78.7278757916969,52.7720589159657,26.8981872939966
138,112,19,3943,46.72,78.7278757916969,52.7720589159657,26.8981872939966
138,112,20,3873,61.42,78.7278757916969,52.7720589159657,26.8981872939966
138,112,21,3962,45.21,78.7278757916969,52.7720589159657,26.8981872939966
138,112,22,3606,44.83,78.7278757916969,52.7720589159657,26.8981872939966
138,112,23,4082,45.76,78.7278757916969,52.7720589159657,26.8981872939966
138,113,0,969,65.61,107.375005739483,71.974508038025,36.6857734446731
138,113,1,204,60.85,107.375005739483,71.974508038025,36.6857734446731
138,113,2,50,60.77,107.375005739483,71.974508038025,36.6857734446731
138,113,3,2,47.59,107.375005739483,71.974508038025,36.6857734446731
138,113,4,7,50.23,107.375005739483,71.974508038025,36.6857734446731
138,113,5,4,55.84,107.375005739483,71.974508038025,36.6857734446731
138,113,6,15,71.3,107.375005739483,71.974508038025,36.6857734446731
138,113,7,421,85.6,107.375005739483,71.974508038025,36.6857734446731
138,113,8,880,93.69,107.375005739483,71.974508038025,36.6857734446731
138,113,9,1538,90.05,107.375005739483,71.974508038025,36.6857734446731
138,113,10,2106,90.31,107.375005739483,71.974508038025,36.6857734446731
138,113,11,1948,82.78,107.375005739483,71.974508038025,36.6857734446731
138,113,12,2176,80.27,107.375005739483,71.974508038025,36.6857734446731
138,113,13,2330,79.67,107.375005739483,71.974508038025,36.6857734446731
138,113,14,2574,84.04,107.375005739483,71.974508038025,36.6857734446731
138,113,15,2529,88.69,107.375005739483,71.974508038025,36.6857734446731
138,113,16,2487,107.46,107.375005739483,71.974508038025,36.6857734446731
138,113,17,2422,84.48,107.375005739483,71.974508038025,36.6857734446731
138,113,18,2608,78.99,107.375005739483,71.974508038025,36.6857734446731
138,113,19,2730,73.52,107.375005739483,71.974508038025,36.6857734446731
138,113,20,2611,68.78,107.375005739483,71.974508038025,36.6857734446731
138,113,21,2475,68.72,107.375005739483,71.974508038025,36.6857734446731
138,113,22,2018,67.24,107.375005739483,71.974508038025,36.6857734446731
138,113,23,2158,73.05,107.375005739483,71.974508038025,36.6857734446731
138,114,0,705,65.87,111.601152985377,74.8073355366101,38.129680053469
138,114,1,113,59.1,111.601152985377,74.8073355366101,38.129680053469
138,114,2,33,58.66,111.601152985377,74.8073355366101,38.129680053469
138,114,3,9,50.01,111.601152985377,74.8073355366101,38.129680053469
138,114,4,8,49.89,111.601152985377,74.8073355366101,38.129680053469
138,114,5,4,50.11,111.601152985377,74.8073355366101,38.129680053469
138,114,6,20,65.32,111.601152985377,74.8073355366101,38.129680053469
138,114,7,189,86.35,111.601152985377,74.8073355366101,38.129680053469
138,114,8,465,95.69,111.601152985377,74.8073355366101,38.129680053469
138,114,9,867,88.65,111.601152985377,74.8073355366101,38.129680053469
138,114,10,1013,86.4,111.601152985377,74.8073355366101,38.129680053469
138,114,11,1056,82.43,111.601152985377,74.8073355366101,38.129680053469
138,114,12,1076,102.15,111.601152985377,74.8073355366101,38.129680053469
138,114,13,1076,81.9,111.601152985377,74.8073355366101,38.129680053469
138,114,14,1144,105.62,111.601152985377,74.8073355366101,38.129680053469
138,114,15,1264,91.12,111.601152985377,74.8073355366101,38.129680053469
138,114,16,1330,91.69,111.601152985377,74.8073355366101,38.129680053469
138,114,17,1393,87.63,111.601152985377,74.8073355366101,38.129680053469
138,114,18,1418,81.41,111.601152985377,74.8073355366101,38.129680053469
138,114,19,1527,77.98,111.601152985377,74.8073355366101,38.129680053469
138,114,20,1538,71.57,111.601152985377,74.8073355366101,38.129680053469
138,114,21,1525,70.1,111.601152985377,74.8073355366101,38.129680053469
138,114,22,1316,68.45,111.601152985377,74.8073355366101,38.129680053469
138,114,23,1434,68,111.601152985377,74.8073355366101,38.129680053469
138,115,0,32,267.72,240.55501943978,161.246363257602,82.188092874781
138,115,1,4,103.47,240.55501943978,161.246363257602,82.188092874781
138,115,2,2,84.47,240.55501943978,161.246363257602,82.188092874781
138,115,7,3,110.52,240.55501943978,161.246363257602,82.188092874781
138,115,8,10,116.73,240.55501943978,161.246363257602,82.188092874781
138,115,9,17,114.34,240.55501943978,161.246363257602,82.188092874781
138,115,10,18,116.29,240.55501943978,161.246363257602,82.188092874781
138,115,11,23,120.5,240.55501943978,161.246363257602,82.188092874781
138,115,12,15,117.76,240.55501943978,161.246363257602,82.188092874781
138,115,13,17,121.68,240.55501943978,161.246363257602,82.188092874781
138,115,14,17,166.01,240.55501943978,161.246363257602,82.188092874781
138,115,15,28,146.15,240.55501943978,161.246363257602,82.188092874781
138,115,16,26,139.3,240.55501943978,161.246363257602,82.188092874781
138,115,17,36,137.73,240.55501943978,161.246363257602,82.188092874781
138,115,18,26,131.15,240.55501943978,161.246363257602,82.188092874781
138,115,19,27,127.75,240.55501943978,161.246363257602,82.188092874781
138,115,20,25,104.42,240.55501943978,161.246363257602,82.188092874781
138,115,21,21,99.51,240.55501943978,161.246363257602,82.188092874781
138,115,22,23,114.18,240.55501943978,161.246363257602,82.188092874781
138,115,23,30,100.23,240.55501943978,161.246363257602,82.188092874781
138,116,0,1131,51.72,79.950097963876,53.5913262952773,27.3157720512576
138,116,1,261,48.69,79.950097963876,53.5913262952773,27.3157720512576
138,116,2,62,53.05,79.950097963876,53.5913262952773,27.3157720512576
138,116,3,21,44.94,79.950097963876,53.5913262952773,27.3157720512576
138,116,4,20,40.43,79.950097963876,53.5913262952773,27.3157720512576
138,116,5,18,43.11,79.950097963876,53.5913262952773,27.3157720512576
138,116,6,23,50.2,79.950097963876,53.5913262952773,27.3157720512576
138,116,7,201,58.11,79.950097963876,53.5913262952773,27.3157720512576
138,116,8,586,64.31,79.950097963876,53.5913262952773,27.3157720512576
138,116,9,895,80.33,79.950097963876,53.5913262952773,27.3157720512576
138,116,10,1118,57.76,79.950097963876,53.5913262952773,27.3157720512576
138,116,11,980,58.68,79.950097963876,53.5913262952773,27.3157720512576
138,116,12,1018,59.18,79.950097963876,53.5913262952773,27.3157720512576
138,116,13,983,61.1,79.950097963876,53.5913262952773,27.3157720512576
138,116,14,1233,64.95,79.950097963876,53.5913262952773,27.3157720512576
138,116,15,1188,70.91,79.950097963876,53.5913262952773,27.3157720512576
138,116,16,1317,70.53,79.950097963876,53.5913262952773,27.3157720512576
138,116,17,1354,66.52,79.950097963876,53.5913262952773,27.3157720512576
138,116,18,1381,59.56,79.950097963876,53.5913262952773,27.3157720512576
138,116,19,1499,53.52,79.950097963876,53.5913262952773,27.3157720512576
138,116,20,1464,52.82,79.950097963876,53.5913262952773,27.3157720512576
138,116,21,1520,50.91,79.950097963876,53.5913262952773,27.3157720512576
138,116,22,1489,51.11,79.950097963876,53.5913262952773,27.3157720512576
138,116,23,1943,52.12,79.950097963876,53.5913262952773,27.3157720512576
138,117,0,101,101.69,205.252366640829,137.582652600333,70.1265789902508
138,117,1,16,90.48,205.252366640829,137.582652600333,70.1265789902508
138,117,2,8,93.11,205.252366640829,137.582652600333,70.1265789902508
138,117,3,3,81.82,205.252366640829,137.582652600333,70.1265789902508
138,117,4,4,83.19,205.252366640829,137.582652600333,70.1265789902508
138,117,6,3,87.63,205.252366640829,137.582652600333,70.1265789902508
138,117,7,13,112.04,205.252366640829,137.582652600333,70.1265789902508
138,117,8,46,102.79,205.252366640829,137.582652600333,70.1265789902508
138,117,9,52,99.29,205.252366640829,137.582652600333,70.1265789902508
138,117,10,79,103.4,205.252366640829,137.582652600333,70.1265789902508
138,117,11,73,108.75,205.252366640829,137.582652600333,70.1265789902508
138,117,12,64,108.85,205.252366640829,137.582652600333,70.1265789902508
138,117,13,47,114.62,205.252366640829,137.582652600333,70.1265789902508
138,117,14,69,121.65,205.252366640829,137.582652600333,70.1265789902508
138,117,15,57,129.29,205.252366640829,137.582652600333,70.1265789902508
138,117,16,72,128.25,205.252366640829,137.582652600333,70.1265789902508
138,117,17,71,122.93,205.252366640829,137.582652600333,70.1265789902508
138,117,18,75,121.32,205.252366640829,137.582652600333,70.1265789902508
138,117,19,85,108.2,205.252366640829,137.582652600333,70.1265789902508
138,117,20,76,103.68,205.252366640829,137.582652600333,70.1265789902508
138,117,21,78,100.52,205.252366640829,137.582652600333,70.1265789902508
138,117,22,103,100.64,205.252366640829,137.582652600333,70.1265789902508
138,117,23,148,100.21,205.252366640829,137.582652600333,70.1265789902508
138,118,0,21,119.18,289.795630057921,194.252822259163,99.0116531900865
138,118,1,5,93.02,289.795630057921,194.252822259163,99.0116531900865
138,118,2,2,113.48,289.795630057921,194.252822259163,99.0116531900865
138,118,7,4,127.09,289.795630057921,194.252822259163,99.0116531900865
138,118,8,14,147.37,289.795630057921,194.252822259163,99.0116531900865
138,118,9,16,136.7,289.795630057921,194.252822259163,99.0116531900865
138,118,10,25,134.46,289.795630057921,194.252822259163,99.0116531900865
138,118,11,23,147.64,289.795630057921,194.252822259163,99.0116531900865
138,118,12,13,142.67,289.795630057921,194.252822259163,99.0116531900865
138,118,13,21,142.26,289.795630057921,194.252822259163,99.0116531900865
138,118,14,24,156.36,289.795630057921,194.252822259163,99.0116531900865
138,118,15,23,181.04,289.795630057921,194.252822259163,99.0116531900865
138,118,16,28,162.41,289.795630057921,194.252822259163,99.0116531900865
138,118,17,36,157.86,289.795630057921,194.252822259163,99.0116531900865
138,118,18,29,141.7,289.795630057921,194.252822259163,99.0116531900865
138,118,19,32,137.57,289.795630057921,194.252822259163,99.0116531900865
138,118,20,35,121.44,289.795630057921,194.252822259163,99.0116531900865
138,118,21,39,114.78,289.795630057921,194.252822259163,99.0116531900865
138,118,22,37,128.34,289.795630057921,194.252822259163,99.0116531900865
138,118,23,42,120.89,289.795630057921,194.252822259163,99.0116531900865
138,119,0,283,50.16,76.9240058575432,51.5629073989888,26.2818766053753
138,119,1,75,46.95,76.9240058575432,51.5629073989888,26.2818766053753
138,119,2,22,41.39,76.9240058575432,51.5629073989888,26.2818766053753
138,119,3,8,43.62,76.9240058575432,51.5629073989888,26.2818766053753
138,119,4,7,39.9,76.9240058575432,51.5629073989888,26.2818766053753
138,119,5,11,35.68,76.9240058575432,51.5629073989888,26.2818766053753
138,119,6,10,42.7,76.9240058575432,51.5629073989888,26.2818766053753
138,119,7,82,52.77,76.9240058575432,51.5629073989888,26.2818766053753
138,119,8,140,62.45,76.9240058575432,51.5629073989888,26.2818766053753
138,119,9,202,59.39,76.9240058575432,51.5629073989888,26.2818766053753
138,119,10,290,57.23,76.9240058575432,51.5629073989888,26.2818766053753
138,119,11,204,55.78,76.9240058575432,51.5629073989888,26.2818766053753
138,119,12,242,56.34,76.9240058575432,51.5629073989888,26.2818766053753
138,119,13,213,54.52,76.9240058575432,51.5629073989888,26.2818766053753
138,119,14,241,65.45,76.9240058575432,51.5629073989888,26.2818766053753
138,119,15,216,68.14,76.9240058575432,51.5629073989888,26.2818766053753
138,119,16,231,73.66,76.9240058575432,51.5629073989888,26.2818766053753
138,119,17,268,67.4,76.9240058575432,51.5629073989888,26.2818766053753
138,119,18,228,63.1,76.9240058575432,51.5629073989888,26.2818766053753
138,119,19,266,56.32,76.9240058575432,51.5629073989888,26.2818766053753
138,119,20,235,51.29,76.9240058575432,51.5629073989888,26.2818766053753
138,119,21,247,53.08,76.9240058575432,51.5629073989888,26.2818766053753
138,119,22,307,50.82,76.9240058575432,51.5629073989888,26.2818766053753
138,119,23,382,51.84,76.9240058575432,51.5629073989888,26.2818766053753
138,120,0,45,50.25,86.571751918552,58.0298851805934,29.5781281287944
138,120,1,3,41.23,86.571751918552,58.0298851805934,29.5781281287944
138,120,6,2,62.75,86.571751918552,58.0298851805934,29.5781281287944
138,120,7,9,63.79,86.571751918552,58.0298851805934,29.5781281287944
138,120,8,25,72.86,86.571751918552,58.0298851805934,29.5781281287944
138,120,9,61,57.09,86.571751918552,58.0298851805934,29.5781281287944
138,120,10,67,59.76,86.571751918552,58.0298851805934,29.5781281287944
138,120,11,67,61.82,86.571751918552,58.0298851805934,29.5781281287944
138,120,12,72,58.61,86.571751918552,58.0298851805934,29.5781281287944
138,120,13,71,68.42,86.571751918552,58.0298851805934,29.5781281287944
138,120,14,81,68.58,86.571751918552,58.0298851805934,29.5781281287944
138,120,15,66,88.33,86.571751918552,58.0298851805934,29.5781281287944
138,120,16,69,80.75,86.571751918552,58.0298851805934,29.5781281287944
138,120,17,66,77.54,86.571751918552,58.0298851805934,29.5781281287944
138,120,18,64,65.77,86.571751918552,58.0298851805934,29.5781281287944
138,120,19,44,59.27,86.571751918552,58.0298851805934,29.5781281287944
138,120,20,71,57.47,86.571751918552,58.0298851805934,29.5781281287944
138,120,21,74,49.33,86.571751918552,58.0298851805934,29.5781281287944
138,120,22,53,53.47,86.571751918552,58.0298851805934,29.5781281287944
138,120,23,65,55.56,86.571751918552,58.0298851805934,29.5781281287944
138,121,0,359,62.06,77.116741728033,51.6921001227912,26.347726794912
138,121,1,92,39.45,77.116741728033,51.6921001227912,26.347726794912
138,121,2,18,38.98,77.116741728033,51.6921001227912,26.347726794912
138,121,3,7,52.5,77.116741728033,51.6921001227912,26.347726794912
138,121,4,15,36.8,77.116741728033,51.6921001227912,26.347726794912
138,121,5,20,33.24,77.116741728033,51.6921001227912,26.347726794912
138,121,6,15,35.68,77.116741728033,51.6921001227912,26.347726794912
138,121,7,95,45.36,77.116741728033,51.6921001227912,26.347726794912
138,121,8,239,43.97,77.116741728033,51.6921001227912,26.347726794912
138,121,9,361,40.97,77.116741728033,51.6921001227912,26.347726794912
138,121,10,429,44.7,77.116741728033,51.6921001227912,26.347726794912
138,121,11,346,44.45,77.116741728033,51.6921001227912,26.347726794912
138,121,12,403,44.41,77.116741728033,51.6921001227912,26.347726794912
138,121,13,342,46.74,77.116741728033,51.6921001227912,26.347726794912
138,121,14,393,55.16,77.116741728033,51.6921001227912,26.347726794912
138,121,15,426,59.92,77.116741728033,51.6921001227912,26.347726794912
138,121,16,368,57.68,77.116741728033,51.6921001227912,26.347726794912
138,121,17,395,52.83,77.116741728033,51.6921001227912,26.347726794912
138,121,18,428,49.73,77.116741728033,51.6921001227912,26.347726794912
138,121,19,442,51.52,77.116741728033,51.6921001227912,26.347726794912
138,121,20,476,43.45,77.116741728033,51.6921001227912,26.347726794912
138,121,21,375,42.38,77.116741728033,51.6921001227912,26.347726794912
138,121,22,458,42.22,77.116741728033,51.6921001227912,26.347726794912
138,121,23,574,43.43,77.116741728033,51.6921001227912,26.347726794912
138,122,0,139,53.11,114.621529075579,76.831922931832,39.1616225637368
138,122,1,35,48.79,114.621529075579,76.831922931832,39.1616225637368
138,122,2,13,48.74,114.621529075579,76.831922931832,39.1616225637368
138,122,3,2,46.3,114.621529075579,76.831922931832,39.1616225637368
138,122,4,13,52.96,114.621529075579,76.831922931832,39.1616225637368
138,122,5,31,49.46,114.621529075579,76.831922931832,39.1616225637368
138,122,6,5,46.53,114.621529075579,76.831922931832,39.1616225637368
138,122,7,34,61.52,114.621529075579,76.831922931832,39.1616225637368
138,122,8,81,60.31,114.621529075579,76.831922931832,39.1616225637368
138,122,9,105,54.33,114.621529075579,76.831922931832,39.1616225637368
138,122,10,126,59.48,114.621529075579,76.831922931832,39.1616225637368
138,122,11,135,57.5,114.621529075579,76.831922931832,39.1616225637368
138,122,12,104,58.06,114.621529075579,76.831922931832,39.1616225637368
138,122,13,99,63.16,114.621529075579,76.831922931832,39.1616225637368
138,122,14,146,74.75,114.621529075579,76.831922931832,39.1616225637368
138,122,15,103,79.54,114.621529075579,76.831922931832,39.1616225637368
138,122,16,109,78.43,114.621529075579,76.831922931832,39.1616225637368
138,122,17,119,73.09,114.621529075579,76.831922931832,39.1616225637368
138,122,18,113,66.29,114.621529075579,76.831922931832,39.1616225637368
138,122,19,130,60.21,114.621529075579,76.831922931832,39.1616225637368
138,122,20,148,61.01,114.621529075579,76.831922931832,39.1616225637368
138,122,21,151,59.54,114.621529075579,76.831922931832,39.1616225637368
138,122,22,151,55.37,114.621529075579,76.831922931832,39.1616225637368
138,122,23,185,55,114.621529075579,76.831922931832,39.1616225637368
138,123,0,108,93.38,201.044472725886,134.762060486568,68.6889088194349
138,123,1,21,94.4,201.044472725886,134.762060486568,68.6889088194349
138,123,2,4,94.55,201.044472725886,134.762060486568,68.6889088194349
138,123,3,2,66.39,201.044472725886,134.762060486568,68.6889088194349
138,123,4,6,93.28,201.044472725886,134.762060486568,68.6889088194349
138,123,5,2,86.95,201.044472725886,134.762060486568,68.6889088194349
138,123,6,4,91.83,201.044472725886,134.762060486568,68.6889088194349
138,123,7,20,118.7,201.044472725886,134.762060486568,68.6889088194349
138,123,8,46,123.91,201.044472725886,134.762060486568,68.6889088194349
138,123,9,74,114.52,201.044472725886,134.762060486568,68.6889088194349
138,123,10,96,114.46,201.044472725886,134.762060486568,68.6889088194349
138,123,11,84,115.15,201.044472725886,134.762060486568,68.6889088194349
138,123,12,71,115.25,201.044472725886,134.762060486568,68.6889088194349
138,123,13,56,122.61,201.044472725886,134.762060486568,68.6889088194349
138,123,14,80,132.09,201.044472725886,134.762060486568,68.6889088194349
138,123,15,112,145.19,201.044472725886,134.762060486568,68.6889088194349
138,123,16,91,149.36,201.044472725886,134.762060486568,68.6889088194349
138,123,17,119,141.11,201.044472725886,134.762060486568,68.6889088194349
138,123,18,151,126.9,201.044472725886,134.762060486568,68.6889088194349
138,123,19,177,114,201.044472725886,134.762060486568,68.6889088194349
138,123,20,167,104.68,201.044472725886,134.762060486568,68.6889088194349
138,123,21,178,111.01,201.044472725886,134.762060486568,68.6889088194349
138,123,22,158,103.18,201.044472725886,134.762060486568,68.6889088194349
138,123,23,221,155.9,201.044472725886,134.762060486568,68.6889088194349
138,124,0,102,72.83,127.871780115978,85.7136947505633,43.6887069108381
138,124,1,23,69.44,127.871780115978,85.7136947505633,43.6887069108381
138,124,2,4,61.29,127.871780115978,85.7136947505633,43.6887069108381
138,124,5,3,76.48,127.871780115978,85.7136947505633,43.6887069108381
138,124,6,10,64.26,127.871780115978,85.7136947505633,43.6887069108381
138,124,7,20,74.59,127.871780115978,85.7136947505633,43.6887069108381
138,124,8,58,75.74,127.871780115978,85.7136947505633,43.6887069108381
138,124,9,63,76.34,127.871780115978,85.7136947505633,43.6887069108381
138,124,10,101,78.13,127.871780115978,85.7136947505633,43.6887069108381
138,124,11,74,78.07,127.871780115978,85.7136947505633,43.6887069108381
138,124,12,74,84.83,127.871780115978,85.7136947505633,43.6887069108381
138,124,13,125,78.34,127.871780115978,85.7136947505633,43.6887069108381
138,124,14,100,86.92,127.871780115978,85.7136947505633,43.6887069108381
138,124,15,128,92.09,127.871780115978,85.7136947505633,43.6887069108381
138,124,16,108,97.5,127.871780115978,85.7136947505633,43.6887069108381
138,124,17,106,94.97,127.871780115978,85.7136947505633,43.6887069108381
138,124,18,111,86.31,127.871780115978,85.7136947505633,43.6887069108381
138,124,19,126,86.98,127.871780115978,85.7136947505633,43.6887069108381
138,124,20,132,73.31,127.871780115978,85.7136947505633,43.6887069108381
138,124,21,150,69.17,127.871780115978,85.7136947505633,43.6887069108381
138,124,22,148,71.45,127.871780115978,85.7136947505633,43.6887069108381
138,124,23,160,70.61,127.871780115978,85.7136947505633,43.6887069108381
138,125,0,580,69.73,119.81566440328,80.3136022325184,40.9362522418516
138,125,1,109,66.49,119.81566440328,80.3136022325184,40.9362522418516
138,125,2,29,66.52,119.81566440328,80.3136022325184,40.9362522418516
138,125,3,4,64.68,119.81566440328,80.3136022325184,40.9362522418516
138,125,4,10,55.78,119.81566440328,80.3136022325184,40.9362522418516
138,125,5,7,57.04,119.81566440328,80.3136022325184,40.9362522418516
138,125,6,20,75.58,119.81566440328,80.3136022325184,40.9362522418516
138,125,7,376,100.4,119.81566440328,80.3136022325184,40.9362522418516
138,125,8,979,109.3,119.81566440328,80.3136022325184,40.9362522418516
138,125,9,1728,102.14,119.81566440328,80.3136022325184,40.9362522418516
138,125,10,2288,98.71,119.81566440328,80.3136022325184,40.9362522418516
138,125,11,2228,95.67,119.81566440328,80.3136022325184,40.9362522418516
138,125,12,2013,107.72,119.81566440328,80.3136022325184,40.9362522418516
138,125,13,1927,100.61,119.81566440328,80.3136022325184,40.9362522418516
138,125,14,1954,107.02,119.81566440328,80.3136022325184,40.9362522418516
138,125,15,1778,110.07,119.81566440328,80.3136022325184,40.9362522418516
138,125,16,1608,107.94,119.81566440328,80.3136022325184,40.9362522418516
138,125,17,1587,102.69,119.81566440328,80.3136022325184,40.9362522418516
138,125,18,1507,95.07,119.81566440328,80.3136022325184,40.9362522418516
138,125,19,1475,85.03,119.81566440328,80.3136022325184,40.9362522418516
138,125,20,1464,96.77,119.81566440328,80.3136022325184,40.9362522418516
138,125,21,1463,94.4,119.81566440328,80.3136022325184,40.9362522418516
138,125,22,1238,75.49,119.81566440328,80.3136022325184,40.9362522418516
138,125,23,1273,74.54,119.81566440328,80.3136022325184,40.9362522418516
138,126,0,160,48.3,38.4014186310329,25.740843456966,13.1202390551687
138,126,1,41,45.7,38.4014186310329,25.740843456966,13.1202390551687
138,126,2,15,40.46,38.4014186310329,25.740843456966,13.1202390551687
138,126,3,2,37.31,38.4014186310329,25.740843456966,13.1202390551687
138,126,4,9,40.23,38.4014186310329,25.740843456966,13.1202390551687
138,126,5,9,39.55,38.4014186310329,25.740843456966,13.1202390551687
138,126,6,7,45.89,38.4014186310329,25.740843456966,13.1202390551687
138,126,7,77,54.93,38.4014186310329,25.740843456966,13.1202390551687
138,126,8,142,61.38,38.4014186310329,25.740843456966,13.1202390551687
138,126,9,235,56.13,38.4014186310329,25.740843456966,13.1202390551687
138,126,10,231,52.5,38.4014186310329,25.740843456966,13.1202390551687
138,126,11,159,53.06,38.4014186310329,25.740843456966,13.1202390551687
138,126,12,156,52.24,38.4014186310329,25.740843456966,13.1202390551687
138,126,13,141,53.36,38.4014186310329,25.740843456966,13.1202390551687
138,126,14,169,57.41,38.4014186310329,25.740843456966,13.1202390551687
138,126,15,131,62.61,38.4014186310329,25.740843456966,13.1202390551687
138,126,16,120,65.9,38.4014186310329,25.740843456966,13.1202390551687
138,126,17,153,63.89,38.4014186310329,25.740843456966,13.1202390551687
138,126,18,156,58.23,38.4014186310329,25.740843456966,13.1202390551687
138,126,19,176,51.8,38.4014186310329,25.740843456966,13.1202390551687
138,126,20,140,49.27,38.4014186310329,25.740843456966,13.1202390551687
138,126,21,141,47.53,38.4014186310329,25.740843456966,13.1202390551687
138,126,22,166,51.34,38.4014186310329,25.740843456966,13.1202390551687
138,126,23,246,50.09,38.4014186310329,25.740843456966,13.1202390551687
138,127,0,452,59.32,101.230807167636,67.8559921278181,34.5865449021132
138,127,1,92,59.02,101.230807167636,67.8559921278181,34.5865449021132
138,127,2,30,53.38,101.230807167636,67.8559921278181,34.5865449021132
138,127,3,6,48.05,101.230807167636,67.8559921278181,34.5865449021132
138,127,4,10,45.5,101.230807167636,67.8559921278181,34.5865449021132
138,127,5,5,46.27,101.230807167636,67.8559921278181,34.5865449021132
138,127,6,12,51.73,101.230807167636,67.8559921278181,34.5865449021132
138,127,7,83,66.14,101.230807167636,67.8559921278181,34.5865449021132
138,127,8,193,68.16,101.230807167636,67.8559921278181,34.5865449021132
138,127,9,317,66.01,101.230807167636,67.8559921278181,34.5865449021132
138,127,10,390,63.77,101.230807167636,67.8559921278181,34.5865449021132
138,127,11,292,64.96,101.230807167636,67.8559921278181,34.5865449021132
138,127,12,323,65.36,101.230807167636,67.8559921278181,34.5865449021132
138,127,13,381,71.14,101.230807167636,67.8559921278181,34.5865449021132
138,127,14,490,74.68,101.230807167636,67.8559921278181,34.5865449021132
138,127,15,420,85.94,101.230807167636,67.8559921278181,34.5865449021132
138,127,16,438,81.94,101.230807167636,67.8559921278181,34.5865449021132
138,127,17,466,79.38,101.230807167636,67.8559921278181,34.5865449021132
138,127,18,483,100.26,101.230807167636,67.8559921278181,34.5865449021132
138,127,19,561,62.16,101.230807167636,67.8559921278181,34.5865449021132
138,127,20,550,59.51,101.230807167636,67.8559921278181,34.5865449021132
138,127,21,531,58.09,101.230807167636,67.8559921278181,34.5865449021132
138,127,22,563,58.94,101.230807167636,67.8559921278181,34.5865449021132
138,127,23,715,58.25,101.230807167636,67.8559921278181,34.5865449021132
138,128,0,14,61.59,108.929982640881,73.0168241405283,37.2170472725397
138,128,1,3,65.77,108.929982640881,73.0168241405283,37.2170472725397
138,128,2,3,63.71,108.929982640881,73.0168241405283,37.2170472725397
138,128,7,8,70.61,108.929982640881,73.0168241405283,37.2170472725397
138,128,8,15,66.91,108.929982640881,73.0168241405283,37.2170472725397
138,128,9,31,80.21,108.929982640881,73.0168241405283,37.2170472725397
138,128,10,43,67.21,108.929982640881,73.0168241405283,37.2170472725397
138,128,11,27,70.23,108.929982640881,73.0168241405283,37.2170472725397
138,128,12,23,62.97,108.929982640881,73.0168241405283,37.2170472725397
138,128,13,31,72.12,108.929982640881,73.0168241405283,37.2170472725397
138,128,14,21,80.79,108.929982640881,73.0168241405283,37.2170472725397
138,128,15,27,84.16,108.929982640881,73.0168241405283,37.2170472725397
138,128,16,28,91.93,108.929982640881,73.0168241405283,37.2170472725397
138,128,17,26,73.66,108.929982640881,73.0168241405283,37.2170472725397
138,128,18,29,76.32,108.929982640881,73.0168241405283,37.2170472725397
138,128,19,28,67.56,108.929982640881,73.0168241405283,37.2170472725397
138,128,20,30,59.07,108.929982640881,73.0168241405283,37.2170472725397
138,128,21,32,62.02,108.929982640881,73.0168241405283,37.2170472725397
138,128,22,22,61.84,108.929982640881,73.0168241405283,37.2170472725397
138,128,23,31,60.13,108.929982640881,73.0168241405283,37.2170472725397
138,129,0,2531,38.83,22.6551960339547,15.1859976893051,7.74038039227512
138,129,1,703,22.8,22.6551960339547,15.1859976893051,7.74038039227512
138,129,2,263,23.3,22.6551960339547,15.1859976893051,7.74038039227512
138,129,3,106,21.42,22.6551960339547,15.1859976893051,7.74038039227512
138,129,4,114,22.47,22.6551960339547,15.1859976893051,7.74038039227512
138,129,5,203,27.53,22.6551960339547,15.1859976893051,7.74038039227512
138,129,6,129,21.49,22.6551960339547,15.1859976893051,7.74038039227512
138,129,7,721,24.98,22.6551960339547,15.1859976893051,7.74038039227512
138,129,8,1303,27.02,22.6551960339547,15.1859976893051,7.74038039227512
138,129,9,2002,26.62,22.6551960339547,15.1859976893051,7.74038039227512
138,129,10,2653,26.33,22.6551960339547,15.1859976893051,7.74038039227512
138,129,11,2192,27.21,22.6551960339547,15.1859976893051,7.74038039227512
138,129,12,2451,32.42,22.6551960339547,15.1859976893051,7.74038039227512
138,129,13,2154,30.7,22.6551960339547,15.1859976893051,7.74038039227512
138,129,14,2657,28.55,22.6551960339547,15.1859976893051,7.74038039227512
138,129,15,2620,31.85,22.6551960339547,15.1859976893051,7.74038039227512
138,129,16,2617,28.9,22.6551960339547,15.1859976893051,7.74038039227512
138,129,17,2868,28.64,22.6551960339547,15.1859976893051,7.74038039227512
138,129,18,2923,29.1,22.6551960339547,15.1859976893051,7.74038039227512
138,129,19,3042,28.91,22.6551960339547,15.1859976893051,7.74038039227512
138,129,20,2857,26.27,22.6551960339547,15.1859976893051,7.74038039227512
138,129,21,2909,49.95,22.6551960339547,15.1859976893051,7.74038039227512
138,129,22,3440,26.1,22.6551960339547,15.1859976893051,7.74038039227512
138,129,23,3538,26.52,22.6551960339547,15.1859976893051,7.74038039227512
138,130,0,555,48.43,100.164536966159,67.1412608674253,34.2222427372586
138,130,1,153,45.81,100.164536966159,67.1412608674253,34.2222427372586
138,130,2,54,41.47,100.164536966159,67.1412608674253,34.2222427372586
138,130,3,20,40.61,100.164536966159,67.1412608674253,34.2222427372586
138,130,4,29,39.23,100.164536966159,67.1412608674253,34.2222427372586
138,130,5,30,41.67,100.164536966159,67.1412608674253,34.2222427372586
138,130,6,38,45.48,100.164536966159,67.1412608674253,34.2222427372586
138,130,7,227,51.67,100.164536966159,67.1412608674253,34.2222427372586
138,130,8,486,52.88,100.164536966159,67.1412608674253,34.2222427372586
138,130,9,780,50.6,100.164536966159,67.1412608674253,34.2222427372586
138,130,10,1023,51.84,100.164536966159,67.1412608674253,34.2222427372586
138,130,11,861,52.68,100.164536966159,67.1412608674253,34.2222427372586
138,130,12,855,60.72,100.164536966159,67.1412608674253,34.2222427372586
138,130,13,792,56.95,100.164536966159,67.1412608674253,34.2222427372586
138,130,14,1021,64.74,100.164536966159,67.1412608674253,34.2222427372586
138,130,15,1037,68.18,100.164536966159,67.1412608674253,34.2222427372586
138,130,16,1030,71.07,100.164536966159,67.1412608674253,34.2222427372586
138,130,17,932,67.6,100.164536966159,67.1412608674253,34.2222427372586
138,130,18,900,60.3,100.164536966159,67.1412608674253,34.2222427372586
138,130,19,828,54.67,100.164536966159,67.1412608674253,34.2222427372586
138,130,20,759,51.58,100.164536966159,67.1412608674253,34.2222427372586
138,130,21,688,49.04,100.164536966159,67.1412608674253,34.2222427372586
138,130,22,840,49.3,100.164536966159,67.1412608674253,34.2222427372586
138,130,23,905,49.99,100.164536966159,67.1412608674253,34.2222427372586
138,131,0,261,47.27,98.6259444353431,66.109927367475,33.6965667978679
138,131,1,75,47.48,98.6259444353431,66.109927367475,33.6965667978679
138,131,2,22,43.38,98.6259444353431,66.109927367475,33.6965667978679
138,131,3,8,43.57,98.6259444353431,66.109927367475,33.6965667978679
138,131,4,6,45.52,98.6259444353431,66.109927367475,33.6965667978679
138,131,5,6,44.72,98.6259444353431,66.109927367475,33.6965667978679
138,131,6,10,49.58,98.6259444353431,66.109927367475,33.6965667978679
138,131,7,61,46.33,98.6259444353431,66.109927367475,33.6965667978679
138,131,8,126,51.62,98.6259444353431,66.109927367475,33.6965667978679
138,131,9,228,49.97,98.6259444353431,66.109927367475,33.6965667978679
138,131,10,312,49.54,98.6259444353431,66.109927367475,33.6965667978679
138,131,11,241,49.29,98.6259444353431,66.109927367475,33.6965667978679
138,131,12,214,56.08,98.6259444353431,66.109927367475,33.6965667978679
138,131,13,259,54.81,98.6259444353431,66.109927367475,33.6965667978679
138,131,14,313,62.44,98.6259444353431,66.109927367475,33.6965667978679
138,131,15,264,68.44,98.6259444353431,66.109927367475,33.6965667978679
138,131,16,328,65.05,98.6259444353431,66.109927367475,33.6965667978679
138,131,17,287,63.55,98.6259444353431,66.109927367475,33.6965667978679
138,131,18,312,57.82,98.6259444353431,66.109927367475,33.6965667978679
138,131,19,339,55.42,98.6259444353431,66.109927367475,33.6965667978679
138,131,20,322,49,98.6259444353431,66.109927367475,33.6965667978679
138,131,21,300,50.19,98.6259444353431,66.109927367475,33.6965667978679
138,131,22,364,48.73,98.6259444353431,66.109927367475,33.6965667978679
138,131,23,455,50.1,98.6259444353431,66.109927367475,33.6965667978679
138,132,0,968,77.92,154.544487131814,103.592669026616,52.8017111896291
138,132,1,290,67.34,154.544487131814,103.592669026616,52.8017111896291
138,132,2,150,64.14,154.544487131814,103.592669026616,52.8017111896291
138,132,3,203,60.27,154.544487131814,103.592669026616,52.8017111896291
138,132,4,533,59.89,154.544487131814,103.592669026616,52.8017111896291
138,132,5,987,88.97,154.544487131814,103.592669026616,52.8017111896291
138,132,6,1210,67.16,154.544487131814,103.592669026616,52.8017111896291
138,132,7,1661,70,154.544487131814,103.592669026616,52.8017111896291
138,132,8,2752,73.18,154.544487131814,103.592669026616,52.8017111896291
138,132,9,3282,82.77,154.544487131814,103.592669026616,52.8017111896291
138,132,10,3978,81.42,154.544487131814,103.592669026616,52.8017111896291
138,132,11,4473,87.96,154.544487131814,103.592669026616,52.8017111896291
138,132,12,4946,86.03,154.544487131814,103.592669026616,52.8017111896291
138,132,13,5567,84.97,154.544487131814,103.592669026616,52.8017111896291
138,132,14,6271,91.74,154.544487131814,103.592669026616,52.8017111896291
138,132,15,6272,102.32,154.544487131814,103.592669026616,52.8017111896291
138,132,16,6356,94.01,154.544487131814,103.592669026616,52.8017111896291
138,132,17,5617,89.98,154.544487131814,103.592669026616,52.8017111896291
138,132,18,5041,80.96,154.544487131814,103.592669026616,52.8017111896291
138,132,19,4427,83.14,154.544487131814,103.592669026616,52.8017111896291
138,132,20,3438,70.24,154.544487131814,103.592669026616,52.8017111896291
138,132,21,2585,78.13,154.544487131814,103.592669026616,52.8017111896291
138,132,22,1542,75.32,154.544487131814,103.592669026616,52.8017111896291
138,132,23,1362,89.36,154.544487131814,103.592669026616,52.8017111896291
138,133,0,286,79.12,166.126716440969,111.356349696702,56.7588987817846
138,133,1,55,65.86,166.126716440969,111.356349696702,56.7588987817846
138,133,2,17,73.61,166.126716440969,111.356349696702,56.7588987817846
138,133,3,4,80.93,166.126716440969,111.356349696702,56.7588987817846
138,133,4,2,56.22,166.126716440969,111.356349696702,56.7588987817846
138,133,5,4,70.71,166.126716440969,111.356349696702,56.7588987817846
138,133,7,37,99.1,166.126716440969,111.356349696702,56.7588987817846
138,133,8,77,97.46,166.126716440969,111.356349696702,56.7588987817846
138,133,9,137,93.89,166.126716440969,111.356349696702,56.7588987817846
138,133,10,158,92.12,166.126716440969,111.356349696702,56.7588987817846
138,133,11,197,94.64,166.126716440969,111.356349696702,56.7588987817846
138,133,12,209,94.08,166.126716440969,111.356349696702,56.7588987817846
138,133,13,207,102.19,166.126716440969,111.356349696702,56.7588987817846
138,133,14,244,110.88,166.126716440969,111.356349696702,56.7588987817846
138,133,15,278,124.77,166.126716440969,111.356349696702,56.7588987817846
138,133,16,283,119.59,166.126716440969,111.356349696702,56.7588987817846
138,133,17,304,120.55,166.126716440969,111.356349696702,56.7588987817846
138,133,18,318,102.26,166.126716440969,111.356349696702,56.7588987817846
138,133,19,329,90.92,166.126716440969,111.356349696702,56.7588987817846
138,133,20,353,84.35,166.126716440969,111.356349696702,56.7588987817846
138,133,21,385,81.08,166.126716440969,111.356349696702,56.7588987817846
138,133,22,324,79.34,166.126716440969,111.356349696702,56.7588987817846
138,133,23,429,131.84,166.126716440969,111.356349696702,56.7588987817846
138,134,0,998,41.97,81.5079595113608,54.6355760040374,27.8480314480846
138,134,1,238,40.8,81.5079595113608,54.6355760040374,27.8480314480846
138,134,2,83,39.3,81.5079595113608,54.6355760040374,27.8480314480846
138,134,3,13,41.3,81.5079595113608,54.6355760040374,27.8480314480846
138,134,4,10,34.47,81.5079595113608,54.6355760040374,27.8480314480846
138,134,5,12,43.72,81.5079595113608,54.6355760040374,27.8480314480846
138,134,6,34,37.35,81.5079595113608,54.6355760040374,27.8480314480846
138,134,7,120,44.15,81.5079595113608,54.6355760040374,27.8480314480846
138,134,8,343,47.41,81.5079595113608,54.6355760040374,27.8480314480846
138,134,9,475,43.32,81.5079595113608,54.6355760040374,27.8480314480846
138,134,10,594,44.1,81.5079595113608,54.6355760040374,27.8480314480846
138,134,11,532,44.39,81.5079595113608,54.6355760040374,27.8480314480846
138,134,12,561,44.85,81.5079595113608,54.6355760040374,27.8480314480846
138,134,13,624,46.54,81.5079595113608,54.6355760040374,27.8480314480846
138,134,14,797,51.32,81.5079595113608,54.6355760040374,27.8480314480846
138,134,15,784,56.01,81.5079595113608,54.6355760040374,27.8480314480846
138,134,16,798,57.23,81.5079595113608,54.6355760040374,27.8480314480846
138,134,17,877,54.45,81.5079595113608,54.6355760040374,27.8480314480846
138,134,18,1025,49.49,81.5079595113608,54.6355760040374,27.8480314480846
138,134,19,1124,45.41,81.5079595113608,54.6355760040374,27.8480314480846
138,134,20,1173,42.01,81.5079595113608,54.6355760040374,27.8480314480846
138,134,21,1255,42.64,81.5079595113608,54.6355760040374,27.8480314480846
138,134,22,1239,41.81,81.5079595113608,54.6355760040374,27.8480314480846
138,134,23,1570,42.61,81.5079595113608,54.6355760040374,27.8480314480846
138,135,0,470,40.25,66.6317199120866,44.6638882798817,22.7654114110551
138,135,1,142,36.66,66.6317199120866,44.6638882798817,22.7654114110551
138,135,2,37,41.09,66.6317199120866,44.6638882798817,22.7654114110551
138,135,3,12,45.06,66.6317199120866,44.6638882798817,22.7654114110551
138,135,4,11,33.69,66.6317199120866,44.6638882798817,22.7654114110551
138,135,5,12,39.29,66.6317199120866,44.6638882798817,22.7654114110551
138,135,6,21,34.25,66.6317199120866,44.6638882798817,22.7654114110551
138,135,7,122,40.72,66.6317199120866,44.6638882798817,22.7654114110551
138,135,8,277,39.1,66.6317199120866,44.6638882798817,22.7654114110551
138,135,9,470,38.49,66.6317199120866,44.6638882798817,22.7654114110551
138,135,10,637,40.55,66.6317199120866,44.6638882798817,22.7654114110551
138,135,11,471,40.99,66.6317199120866,44.6638882798817,22.7654114110551
138,135,12,470,40.9,66.6317199120866,44.6638882798817,22.7654114110551
138,135,13,431,42.61,66.6317199120866,44.6638882798817,22.7654114110551
138,135,14,515,45.3,66.6317199120866,44.6638882798817,22.7654114110551
138,135,15,516,49.15,66.6317199120866,44.6638882798817,22.7654114110551
138,135,16,475,83.18,66.6317199120866,44.6638882798817,22.7654114110551
138,135,17,516,48.28,66.6317199120866,44.6638882798817,22.7654114110551
138,135,18,516,45.85,66.6317199120866,44.6638882798817,22.7654114110551
138,135,19,610,46.8,66.6317199120866,44.6638882798817,22.7654114110551
138,135,20,529,41.7,66.6317199120866,44.6638882798817,22.7654114110551
138,135,21,528,41.41,66.6317199120866,44.6638882798817,22.7654114110551
138,135,22,733,39.47,66.6317199120866,44.6638882798817,22.7654114110551
138,135,23,858,39.86,66.6317199120866,44.6638882798817,22.7654114110551
138,136,0,155,59.97,97.0615279407834,65.0612838140983,33.1620678360539
138,136,1,42,52.89,97.0615279407834,65.0612838140983,33.1620678360539
138,136,2,10,52.35,97.0615279407834,65.0612838140983,33.1620678360539
138,136,4,3,45.28,97.0615279407834,65.0612838140983,33.1620678360539
138,136,5,3,53.11,97.0615279407834,65.0612838140983,33.1620678360539
138,136,6,5,49.5,97.0615279407834,65.0612838140983,33.1620678360539
138,136,7,49,65.8,97.0615279407834,65.0612838140983,33.1620678360539
138,136,8,80,70.86,97.0615279407834,65.0612838140983,33.1620678360539
138,136,9,130,63.87,97.0615279407834,65.0612838140983,33.1620678360539
138,136,10,158,65.53,97.0615279407834,65.0612838140983,33.1620678360539
138,136,11,108,66.08,97.0615279407834,65.0612838140983,33.1620678360539
138,136,12,115,72.74,97.0615279407834,65.0612838140983,33.1620678360539
138,136,13,106,74.8,97.0615279407834,65.0612838140983,33.1620678360539
138,136,14,132,76.26,97.0615279407834,65.0612838140983,33.1620678360539
138,136,15,123,89.46,97.0615279407834,65.0612838140983,33.1620678360539
138,136,16,119,85.05,97.0615279407834,65.0612838140983,33.1620678360539
138,136,17,138,84.31,97.0615279407834,65.0612838140983,33.1620678360539
138,136,18,116,71.79,97.0615279407834,65.0612838140983,33.1620678360539
138,136,19,160,65.51,97.0615279407834,65.0612838140983,33.1620678360539
138,136,20,145,60,97.0615279407834,65.0612838140983,33.1620678360539
138,136,21,142,57.02,97.0615279407834,65.0612838140983,33.1620678360539
138,136,22,168,59,97.0615279407834,65.0612838140983,33.1620678360539
138,136,23,208,58.39,97.0615279407834,65.0612838140983,33.1620678360539
138,137,0,1580,52.74,90.8813634953139,60.9186596298818,31.0505511834038
138,137,1,338,49.8,90.8813634953139,60.9186596298818,31.0505511834038
138,137,2,74,47.37,90.8813634953139,60.9186596298818,31.0505511834038
138,137,3,16,49.2,90.8813634953139,60.9186596298818,31.0505511834038
138,137,4,8,47.25,90.8813634953139,60.9186596298818,31.0505511834038
138,137,5,24,53.06,90.8813634953139,60.9186596298818,31.0505511834038
138,137,6,31,55.03,90.8813634953139,60.9186596298818,31.0505511834038
138,137,7,401,69.46,90.8813634953139,60.9186596298818,31.0505511834038
138,137,8,901,77.39,90.8813634953139,60.9186596298818,31.0505511834038
138,137,9,1446,70.29,90.8813634953139,60.9186596298818,31.0505511834038
138,137,10,1788,65.94,90.8813634953139,60.9186596298818,31.0505511834038
138,137,11,1404,64.25,90.8813634953139,60.9186596298818,31.0505511834038
138,137,12,1476,61.57,90.8813634953139,60.9186596298818,31.0505511834038
138,137,13,1581,62.32,90.8813634953139,60.9186596298818,31.0505511834038
138,137,14,1962,66.98,90.8813634953139,60.9186596298818,31.0505511834038
138,137,15,1871,82.97,90.8813634953139,60.9186596298818,31.0505511834038
138,137,16,2105,80.68,90.8813634953139,60.9186596298818,31.0505511834038
138,137,17,2282,66.94,90.8813634953139,60.9186596298818,31.0505511834038
138,137,18,2641,60.6,90.8813634953139,60.9186596298818,31.0505511834038
138,137,19,2734,54.74,90.8813634953139,60.9186596298818,31.0505511834038
138,137,20,2937,51.55,90.8813634953139,60.9186596298818,31.0505511834038
138,137,21,3105,51.72,90.8813634953139,60.9186596298818,31.0505511834038
138,137,22,2784,51.98,90.8813634953139,60.9186596298818,31.0505511834038
138,137,23,3091,53.62,90.8813634953139,60.9186596298818,31.0505511834038
138,139,0,135,70.4,148.45804436322,99.5128673916431,50.7222155103986
138,139,1,38,61.92,148.45804436322,99.5128673916431,50.7222155103986
138,139,2,18,60.5,148.45804436322,99.5128673916431,50.7222155103986
138,139,3,3,56.39,148.45804436322,99.5128673916431,50.7222155103986
138,139,4,3,60.04,148.45804436322,99.5128673916431,50.7222155103986
138,139,5,8,57.77,148.45804436322,99.5128673916431,50.7222155103986
138,139,6,13,81.94,148.45804436322,99.5128673916431,50.7222155103986
138,139,7,49,74.84,148.45804436322,99.5128673916431,50.7222155103986
138,139,8,92,77.81,148.45804436322,99.5128673916431,50.7222155103986
138,139,9,166,72.41,148.45804436322,99.5128673916431,50.7222155103986
138,139,10,202,74.36,148.45804436322,99.5128673916431,50.7222155103986
138,139,11,129,75.68,148.45804436322,99.5128673916431,50.7222155103986
138,139,12,146,79.28,148.45804436322,99.5128673916431,50.7222155103986
138,139,13,121,112.95,148.45804436322,99.5128673916431,50.7222155103986
138,139,14,164,95.04,148.45804436322,99.5128673916431,50.7222155103986
138,139,15,105,98.52,148.45804436322,99.5128673916431,50.7222155103986
138,139,16,137,98.37,148.45804436322,99.5128673916431,50.7222155103986
138,139,17,153,91.4,148.45804436322,99.5128673916431,50.7222155103986
138,139,18,157,85.09,148.45804436322,99.5128673916431,50.7222155103986
138,139,19,152,77.72,148.45804436322,99.5128673916431,50.7222155103986
138,139,20,148,72.74,148.45804436322,99.5128673916431,50.7222155103986
138,139,21,168,70.88,148.45804436322,99.5128673916431,50.7222155103986
138,139,22,186,75.21,148.45804436322,99.5128673916431,50.7222155103986
138,139,23,236,72.34,148.45804436322,99.5128673916431,50.7222155103986
138,140,0,1620,70.17,65.9076521312631,44.1785386219045,22.5180262176114
138,140,1,322,49.55,65.9076521312631,44.1785386219045,22.5180262176114
138,140,2,64,48,65.9076521312631,44.1785386219045,22.5180262176114
138,140,3,24,45.49,65.9076521312631,44.1785386219045,22.5180262176114
138,140,4,12,42.57,65.9076521312631,44.1785386219045,22.5180262176114
138,140,5,17,50.26,65.9076521312631,44.1785386219045,22.5180262176114
138,140,6,43,52.47,65.9076521312631,44.1785386219045,22.5180262176114
138,140,7,541,71.04,65.9076521312631,44.1785386219045,22.5180262176114
138,140,8,1110,76.09,65.9076521312631,44.1785386219045,22.5180262176114
138,140,9,1754,77.56,65.9076521312631,44.1785386219045,22.5180262176114
138,140,10,2275,66.54,65.9076521312631,44.1785386219045,22.5180262176114
138,140,11,1817,64.56,65.9076521312631,44.1785386219045,22.5180262176114
138,140,12,1927,83.99,65.9076521312631,44.1785386219045,22.5180262176114
138,140,13,2152,63.15,65.9076521312631,44.1785386219045,22.5180262176114
138,140,14,2737,70.36,65.9076521312631,44.1785386219045,22.5180262176114
138,140,15,2300,69.41,65.9076521312631,44.1785386219045,22.5180262176114
138,140,16,2498,66.94,65.9076521312631,44.1785386219045,22.5180262176114
138,140,17,2809,66.99,65.9076521312631,44.1785386219045,22.5180262176114
138,140,18,3002,72.88,65.9076521312631,44.1785386219045,22.5180262176114
138,140,19,3292,56.84,65.9076521312631,44.1785386219045,22.5180262176114
138,140,20,3232,53.4,65.9076521312631,44.1785386219045,22.5180262176114
138,140,21,3192,52.74,65.9076521312631,44.1785386219045,22.5180262176114
138,140,22,2797,71.1,65.9076521312631,44.1785386219045,22.5180262176114
138,140,23,3085,52.91,65.9076521312631,44.1785386219045,22.5180262176114
138,141,0,2242,69.34,69.5204438500143,46.6002279602209,23.7523736114404
138,141,1,495,51.94,69.5204438500143,46.6002279602209,23.7523736114404
138,141,2,108,51.9,69.5204438500143,46.6002279602209,23.7523736114404
138,141,3,23,48.5,69.5204438500143,46.6002279602209,23.7523736114404
138,141,4,17,44.59,69.5204438500143,46.6002279602209,23.7523736114404
138,141,5,12,48.65,69.5204438500143,46.6002279602209,23.7523736114404
138,141,6,49,56.79,69.5204438500143,46.6002279602209,23.7523736114404
138,141,7,472,71.06,69.5204438500143,46.6002279602209,23.7523736114404
138,141,8,1206,94.4,69.5204438500143,46.6002279602209,23.7523736114404
138,141,9,2024,72.96,69.5204438500143,46.6002279602209,23.7523736114404
138,141,10,3053,70.24,69.5204438500143,46.6002279602209,23.7523736114404
138,141,11,2260,80.41,69.5204438500143,46.6002279602209,23.7523736114404
138,141,12,2800,82.43,69.5204438500143,46.6002279602209,23.7523736114404
138,141,13,3005,70.27,69.5204438500143,46.6002279602209,23.7523736114404
138,141,14,4187,71.36,69.5204438500143,46.6002279602209,23.7523736114404
138,141,15,3795,75.04,69.5204438500143,46.6002279602209,23.7523736114404
138,141,16,3972,71.54,69.5204438500143,46.6002279602209,23.7523736114404
138,141,17,4057,76.91,69.5204438500143,46.6002279602209,23.7523736114404
138,141,18,4906,72.71,69.5204438500143,46.6002279602209,23.7523736114404
138,141,19,4987,60.04,69.5204438500143,46.6002279602209,23.7523736114404
138,141,20,4867,56.89,69.5204438500143,46.6002279602209,23.7523736114404
138,141,21,4901,64.96,69.5204438500143,46.6002279602209,23.7523736114404
138,141,22,4240,56.13,69.5204438500143,46.6002279602209,23.7523736114404
138,141,23,4771,54.84,69.5204438500143,46.6002279602209,23.7523736114404
138,142,0,1751,83.23,86.3522158143031,57.8827280001017,29.5031213641574
138,142,1,339,65.18,86.3522158143031,57.8827280001017,29.5031213641574
138,142,2,81,63.42,86.3522158143031,57.8827280001017,29.5031213641574
138,142,3,21,60.85,86.3522158143031,57.8827280001017,29.5031213641574
138,142,4,10,56.35,86.3522158143031,57.8827280001017,29.5031213641574
138,142,5,16,62.71,86.3522158143031,57.8827280001017,29.5031213641574
138,142,6,32,70.39,86.3522158143031,57.8827280001017,29.5031213641574
138,142,7,464,91.98,86.3522158143031,57.8827280001017,29.5031213641574
138,142,8,1193,96.26,86.3522158143031,57.8827280001017,29.5031213641574
138,142,9,2170,94.75,86.3522158143031,57.8827280001017,29.5031213641574
138,142,10,3196,90.9,86.3522158143031,57.8827280001017,29.5031213641574
138,142,11,3012,99.98,86.3522158143031,57.8827280001017,29.5031213641574
138,142,12,3295,88.56,86.3522158143031,57.8827280001017,29.5031213641574
138,142,13,3477,99.3,86.3522158143031,57.8827280001017,29.5031213641574
138,142,14,4292,93.62,86.3522158143031,57.8827280001017,29.5031213641574
138,142,15,3922,102.62,86.3522158143031,57.8827280001017,29.5031213641574
138,142,16,3941,92,86.3522158143031,57.8827280001017,29.5031213641574
138,142,17,3923,90.06,86.3522158143031,57.8827280001017,29.5031213641574
138,142,18,4091,84.43,86.3522158143031,57.8827280001017,29.5031213641574
138,142,19,4034,75.62,86.3522158143031,57.8827280001017,29.5031213641574
138,142,20,4040,72.06,86.3522158143031,57.8827280001017,29.5031213641574
138,142,21,4071,69.89,86.3522158143031,57.8827280001017,29.5031213641574
138,142,22,3399,69.96,86.3522158143031,57.8827280001017,29.5031213641574
138,142,23,3828,77.72,86.3522158143031,57.8827280001017,29.5031213641574
138,143,0,1237,72.51,91.1918682434246,61.1267939748797,31.1566383194577
138,143,1,258,68.09,91.1918682434246,61.1267939748797,31.1566383194577
138,143,2,73,67.41,91.1918682434246,61.1267939748797,31.1566383194577
138,143,3,11,62.11,91.1918682434246,61.1267939748797,31.1566383194577
138,143,4,14,61.81,91.1918682434246,61.1267939748797,31.1566383194577
138,143,5,13,62.59,91.1918682434246,61.1267939748797,31.1566383194577
138,143,6,36,78.87,91.1918682434246,61.1267939748797,31.1566383194577
138,143,7,204,94.86,91.1918682434246,61.1267939748797,31.1566383194577
138,143,8,516,96.8,91.1918682434246,61.1267939748797,31.1566383194577
138,143,9,1039,92.82,91.1918682434246,61.1267939748797,31.1566383194577
138,143,10,1510,89.66,91.1918682434246,61.1267939748797,31.1566383194577
138,143,11,1257,89.63,91.1918682434246,61.1267939748797,31.1566383194577
138,143,12,1555,88.51,91.1918682434246,61.1267939748797,31.1566383194577
138,143,13,1577,95.05,91.1918682434246,61.1267939748797,31.1566383194577
138,143,14,2064,98.72,91.1918682434246,61.1267939748797,31.1566383194577
138,143,15,1983,100.15,91.1918682434246,61.1267939748797,31.1566383194577
138,143,16,2103,94.28,91.1918682434246,61.1267939748797,31.1566383194577
138,143,17,2331,102.41,91.1918682434246,61.1267939748797,31.1566383194577
138,143,18,2594,97.3,91.1918682434246,61.1267939748797,31.1566383194577
138,143,19,2759,79.1,91.1918682434246,61.1267939748797,31.1566383194577
138,143,20,2742,75.61,91.1918682434246,61.1267939748797,31.1566383194577
138,143,21,2844,74.72,91.1918682434246,61.1267939748797,31.1566383194577
138,143,22,2400,73.37,91.1918682434246,61.1267939748797,31.1566383194577
138,143,23,2784,72.57,91.1918682434246,61.1267939748797,31.1566383194577
138,144,0,976,60.66,115.141128495107,77.1802154635979,39.3391490416682
138,144,1,190,55.96,115.141128495107,77.1802154635979,39.3391490416682
138,144,2,38,54.18,115.141128495107,77.1802154635979,39.3391490416682
138,144,3,12,53.13,115.141128495107,77.1802154635979,39.3391490416682
138,144,4,10,55.28,115.141128495107,77.1802154635979,39.3391490416682
138,144,5,6,54.97,115.141128495107,77.1802154635979,39.3391490416682
138,144,6,20,72.88,115.141128495107,77.1802154635979,39.3391490416682
138,144,7,367,88.87,115.141128495107,77.1802154635979,39.3391490416682
138,144,8,1032,96.47,115.141128495107,77.1802154635979,39.3391490416682
138,144,9,1822,90.99,115.141128495107,77.1802154635979,39.3391490416682
138,144,10,2364,87.99,115.141128495107,77.1802154635979,39.3391490416682
138,144,11,2207,86.61,115.141128495107,77.1802154635979,39.3391490416682
138,144,12,2298,83.36,115.141128495107,77.1802154635979,39.3391490416682
138,144,13,2006,88.16,115.141128495107,77.1802154635979,39.3391490416682
138,144,14,2388,88.19,115.141128495107,77.1802154635979,39.3391490416682
138,144,15,2237,93.1,115.141128495107,77.1802154635979,39.3391490416682
138,144,16,2232,92.97,115.141128495107,77.1802154635979,39.3391490416682
138,144,17,2080,100.09,115.141128495107,77.1802154635979,39.3391490416682
138,144,18,2066,82.09,115.141128495107,77.1802154635979,39.3391490416682
138,144,19,2071,73.95,115.141128495107,77.1802154635979,39.3391490416682
138,144,20,2217,68.42,115.141128495107,77.1802154635979,39.3391490416682
138,144,21,2170,67.77,115.141128495107,77.1802154635979,39.3391490416682
138,144,22,1853,80.6,115.141128495107,77.1802154635979,39.3391490416682
138,144,23,1991,63.26,115.141128495107,77.1802154635979,39.3391490416682
138,145,0,3204,45.26,68.7608880217821,46.091090319781,23.4928635621398
138,145,1,626,41.71,68.7608880217821,46.091090319781,23.4928635621398
138,145,2,136,43.39,68.7608880217821,46.091090319781,23.4928635621398
138,145,3,55,37.3,68.7608880217821,46.091090319781,23.4928635621398
138,145,4,33,37.57,68.7608880217821,46.091090319781,23.4928635621398
138,145,5,44,38.54,68.7608880217821,46.091090319781,23.4928635621398
138,145,6,87,45.97,68.7608880217821,46.091090319781,23.4928635621398
138,145,7,685,55.4,68.7608880217821,46.091090319781,23.4928635621398
138,145,8,1591,61.2,68.7608880217821,46.091090319781,23.4928635621398
138,145,9,2515,53.77,68.7608880217821,46.091090319781,23.4928635621398
138,145,10,3250,52.66,68.7608880217821,46.091090319781,23.4928635621398
138,145,11,2760,57.57,68.7608880217821,46.091090319781,23.4928635621398
138,145,12,2973,51.05,68.7608880217821,46.091090319781,23.4928635621398
138,145,13,3090,68.86,68.7608880217821,46.091090319781,23.4928635621398
138,145,14,3694,54.14,68.7608880217821,46.091090319781,23.4928635621398
138,145,15,3783,64.98,68.7608880217821,46.091090319781,23.4928635621398
138,145,16,4168,64.54,68.7608880217821,46.091090319781,23.4928635621398
138,145,17,4432,53.47,68.7608880217821,46.091090319781,23.4928635621398
138,145,18,4849,51.07,68.7608880217821,46.091090319781,23.4928635621398
138,145,19,5309,47.97,68.7608880217821,46.091090319781,23.4928635621398
138,145,20,5299,47.23,68.7608880217821,46.091090319781,23.4928635621398
138,145,21,5720,55.16,68.7608880217821,46.091090319781,23.4928635621398
138,145,22,5173,67.03,68.7608880217821,46.091090319781,23.4928635621398
138,145,23,5696,45.99,68.7608880217821,46.091090319781,23.4928635621398
138,146,0,1331,39.32,54.399527125667,36.4645307854113,18.5861571218128
138,146,1,298,38.1,54.399527125667,36.4645307854113,18.5861571218128
138,146,2,84,34.9,54.399527125667,36.4645307854113,18.5861571218128
138,146,3,22,45.32,54.399527125667,36.4645307854113,18.5861571218128
138,146,4,29,32.4,54.399527125667,36.4645307854113,18.5861571218128
138,146,5,33,34.96,54.399527125667,36.4645307854113,18.5861571218128
138,146,6,43,41.37,54.399527125667,36.4645307854113,18.5861571218128
138,146,7,421,48.13,54.399527125667,36.4645307854113,18.5861571218128
138,146,8,893,51.74,54.399527125667,36.4645307854113,18.5861571218128
138,146,9,1575,48.88,54.399527125667,36.4645307854113,18.5861571218128
138,146,10,1709,55.41,54.399527125667,36.4645307854113,18.5861571218128
138,146,11,1548,46.58,54.399527125667,36.4645307854113,18.5861571218128
138,146,12,1480,46.76,54.399527125667,36.4645307854113,18.5861571218128
138,146,13,1542,47.96,54.399527125667,36.4645307854113,18.5861571218128
138,146,14,1883,56.4,54.399527125667,36.4645307854113,18.5861571218128
138,146,15,1742,50.16,54.399527125667,36.4645307854113,18.5861571218128
138,146,16,1896,53.44,54.399527125667,36.4645307854113,18.5861571218128
138,146,17,2007,48.85,54.399527125667,36.4645307854113,18.5861571218128
138,146,18,1944,46.38,54.399527125667,36.4645307854113,18.5861571218128
138,146,19,1989,43.47,54.399527125667,36.4645307854113,18.5861571218128
138,146,20,2099,41.67,54.399527125667,36.4645307854113,18.5861571218128
138,146,21,2195,41.46,54.399527125667,36.4645307854113,18.5861571218128
138,146,22,1961,56.95,54.399527125667,36.4645307854113,18.5861571218128
138,146,23,2338,40.73,54.399527125667,36.4645307854113,18.5861571218128
138,147,0,195,47.14,49.5476886573374,33.2122963903301,16.9284766810671
138,147,1,58,47.45,49.5476886573374,33.2122963903301,16.9284766810671
138,147,2,9,43.59,49.5476886573374,33.2122963903301,16.9284766810671
138,147,3,4,40.03,49.5476886573374,33.2122963903301,16.9284766810671
138,147,4,8,44.81,49.5476886573374,33.2122963903301,16.9284766810671
138,147,5,6,44.79,49.5476886573374,33.2122963903301,16.9284766810671
138,147,6,15,39.11,49.5476886573374,33.2122963903301,16.9284766810671
138,147,7,54,53.13,49.5476886573374,33.2122963903301,16.9284766810671
138,147,8,97,55.66,49.5476886573374,33.2122963903301,16.9284766810671
138,147,9,114,56.35,49.5476886573374,33.2122963903301,16.9284766810671
138,147,10,138,50.6,49.5476886573374,33.2122963903301,16.9284766810671
138,147,11,107,52.46,49.5476886573374,33.2122963903301,16.9284766810671
138,147,12,145,50.51,49.5476886573374,33.2122963903301,16.9284766810671
138,147,13,130,49.52,49.5476886573374,33.2122963903301,16.9284766810671
138,147,14,148,53.98,49.5476886573374,33.2122963903301,16.9284766810671
138,147,15,130,65.09,49.5476886573374,33.2122963903301,16.9284766810671
138,147,16,122,67.08,49.5476886573374,33.2122963903301,16.9284766810671
138,147,17,137,57.5,49.5476886573374,33.2122963903301,16.9284766810671
138,147,18,134,53.55,49.5476886573374,33.2122963903301,16.9284766810671
138,147,19,154,47.35,49.5476886573374,33.2122963903301,16.9284766810671
138,147,20,162,48.57,49.5476886573374,33.2122963903301,16.9284766810671
138,147,21,132,47.29,49.5476886573374,33.2122963903301,16.9284766810671
138,147,22,176,45.82,49.5476886573374,33.2122963903301,16.9284766810671
138,147,23,200,48.74,49.5476886573374,33.2122963903301,16.9284766810671
138,148,0,1671,56.31,112.146129535444,75.1726386051703,38.3158768886702
138,148,1,312,95.16,112.146129535444,75.1726386051703,38.3158768886702
138,148,2,78,49.65,112.146129535444,75.1726386051703,38.3158768886702
138,148,3,10,52.01,112.146129535444,75.1726386051703,38.3158768886702
138,148,4,19,41.85,112.146129535444,75.1726386051703,38.3158768886702
138,148,5,15,52.21,112.146129535444,75.1726386051703,38.3158768886702
138,148,6,22,56.86,112.146129535444,75.1726386051703,38.3158768886702
138,148,7,412,79,112.146129535444,75.1726386051703,38.3158768886702
138,148,8,1087,86,112.146129535444,75.1726386051703,38.3158768886702
138,148,9,2320,82.09,112.146129535444,75.1726386051703,38.3158768886702
138,148,10,3169,82.55,112.146129535444,75.1726386051703,38.3158768886702
138,148,11,3096,76.62,112.146129535444,75.1726386051703,38.3158768886702
138,148,12,3367,74.8,112.146129535444,75.1726386051703,38.3158768886702
138,148,13,3019,78.64,112.146129535444,75.1726386051703,38.3158768886702
138,148,14,3609,80.57,112.146129535444,75.1726386051703,38.3158768886702
138,148,15,3408,86.87,112.146129535444,75.1726386051703,38.3158768886702
138,148,16,3342,84.29,112.146129535444,75.1726386051703,38.3158768886702
138,148,17,3213,81.5,112.146129535444,75.1726386051703,38.3158768886702
138,148,18,3129,75.73,112.146129535444,75.1726386051703,38.3158768886702
138,148,19,3130,76.66,112.146129535444,75.1726386051703,38.3158768886702
138,148,20,3266,62.77,112.146129535444,75.1726386051703,38.3158768886702
138,148,21,3235,61.41,112.146129535444,75.1726386051703,38.3158768886702
138,148,22,2844,72.15,112.146129535444,75.1726386051703,38.3158768886702
138,148,23,3118,70.12,112.146129535444,75.1726386051703,38.3158768886702
138,149,0,107,99.72,191.718661483659,128.510878737221,65.5026496331006
138,149,1,26,89.26,191.718661483659,128.510878737221,65.5026496331006
138,149,2,13,86.97,191.718661483659,128.510878737221,65.5026496331006
138,149,3,2,74.72,191.718661483659,128.510878737221,65.5026496331006
138,149,5,2,97.46,191.718661483659,128.510878737221,65.5026496331006
138,149,6,3,127.23,191.718661483659,128.510878737221,65.5026496331006
138,149,7,15,124.86,191.718661483659,128.510878737221,65.5026496331006
138,149,8,45,120.25,191.718661483659,128.510878737221,65.5026496331006
138,149,9,70,113.39,191.718661483659,128.510878737221,65.5026496331006
138,149,10,87,121.68,191.718661483659,128.510878737221,65.5026496331006
138,149,11,109,116.37,191.718661483659,128.510878737221,65.5026496331006
138,149,12,86,116.59,191.718661483659,128.510878737221,65.5026496331006
138,149,13,72,122.26,191.718661483659,128.510878737221,65.5026496331006
138,149,14,75,129.04,191.718661483659,128.510878737221,65.5026496331006
138,149,15,114,139.81,191.718661483659,128.510878737221,65.5026496331006
138,149,16,94,136.99,191.718661483659,128.510878737221,65.5026496331006
138,149,17,115,135.08,191.718661483659,128.510878737221,65.5026496331006
138,149,18,152,121.35,191.718661483659,128.510878737221,65.5026496331006
138,149,19,156,122.64,191.718661483659,128.510878737221,65.5026496331006
138,149,20,132,106.54,191.718661483659,128.510878737221,65.5026496331006
138,149,21,166,104.42,191.718661483659,128.510878737221,65.5026496331006
138,149,22,185,102.94,191.718661483659,128.510878737221,65.5026496331006
138,149,23,222,105,191.718661483659,128.510878737221,65.5026496331006
138,150,0,48,107.84,215.517427074144,144.463422194525,73.6337423087436
138,150,1,3,89.27,215.517427074144,144.463422194525,73.6337423087436
138,150,2,3,82.39,215.517427074144,144.463422194525,73.6337423087436
138,150,7,13,110.09,215.517427074144,144.463422194525,73.6337423087436
138,150,8,20,110.34,215.517427074144,144.463422194525,73.6337423087436
138,150,9,27,111.92,215.517427074144,144.463422194525,73.6337423087436
138,150,10,42,115.46,215.517427074144,144.463422194525,73.6337423087436
138,150,11,42,180.67,215.517427074144,144.463422194525,73.6337423087436
138,150,12,28,114.95,215.517427074144,144.463422194525,73.6337423087436
138,150,13,37,121.32,215.517427074144,144.463422194525,73.6337423087436
138,150,14,54,126.44,215.517427074144,144.463422194525,73.6337423087436
138,150,15,53,133.19,215.517427074144,144.463422194525,73.6337423087436
138,150,16,50,134.62,215.517427074144,144.463422194525,73.6337423087436
138,150,17,59,135.28,215.517427074144,144.463422194525,73.6337423087436
138,150,18,61,118.68,215.517427074144,144.463422194525,73.6337423087436
138,150,19,54,116.95,215.517427074144,144.463422194525,73.6337423087436
138,150,20,60,107.93,215.517427074144,144.463422194525,73.6337423087436
138,150,21,43,106.83,215.517427074144,144.463422194525,73.6337423087436
138,150,22,53,113.82,215.517427074144,144.463422194525,73.6337423087436
138,150,23,68,106.77,215.517427074144,144.463422194525,73.6337423087436
138,151,0,977,57.64,78.7730333851193,52.8023284889298,26.9136158495547
138,151,1,223,55.14,78.7730333851193,52.8023284889298,26.9136158495547
138,151,2,57,51.86,78.7730333851193,52.8023284889298,26.9136158495547
138,151,3,13,54.14,78.7730333851193,52.8023284889298,26.9136158495547
138,151,4,11,55.4,78.7730333851193,52.8023284889298,26.9136158495547
138,151,5,9,55.44,78.7730333851193,52.8023284889298,26.9136158495547
138,151,6,17,62.5,78.7730333851193,52.8023284889298,26.9136158495547
138,151,7,155,74.49,78.7730333851193,52.8023284889298,26.9136158495547
138,151,8,374,76.21,78.7730333851193,52.8023284889298,26.9136158495547
138,151,9,757,83.92,78.7730333851193,52.8023284889298,26.9136158495547
138,151,10,998,70.5,78.7730333851193,52.8023284889298,26.9136158495547
138,151,11,924,70.44,78.7730333851193,52.8023284889298,26.9136158495547
138,151,12,993,89.14,78.7730333851193,52.8023284889298,26.9136158495547
138,151,13,1149,69.77,78.7730333851193,52.8023284889298,26.9136158495547
138,151,14,1353,78.77,78.7730333851193,52.8023284889298,26.9136158495547
138,151,15,1347,78.19,78.7730333851193,52.8023284889298,26.9136158495547
138,151,16,1491,89.26,78.7730333851193,52.8023284889298,26.9136158495547
138,151,17,1592,72.56,78.7730333851193,52.8023284889298,26.9136158495547
138,151,18,1689,66.89,78.7730333851193,52.8023284889298,26.9136158495547
138,151,19,1784,61.72,78.7730333851193,52.8023284889298,26.9136158495547
138,151,20,1954,60.17,78.7730333851193,52.8023284889298,26.9136158495547
138,151,21,1814,59.48,78.7730333851193,52.8023284889298,26.9136158495547
138,151,22,1699,58.73,78.7730333851193,52.8023284889298,26.9136158495547
138,151,23,2028,59.14,78.7730333851193,52.8023284889298,26.9136158495547
138,152,0,376,52.69,77.3920451286781,51.8766386630796,26.441787029089
138,152,1,87,55.39,77.3920451286781,51.8766386630796,26.441787029089
138,152,2,20,45.29,77.3920451286781,51.8766386630796,26.441787029089
138,152,3,6,65.74,77.3920451286781,51.8766386630796,26.441787029089
138,152,4,6,46.22,77.3920451286781,51.8766386630796,26.441787029089
138,152,5,4,43.66,77.3920451286781,51.8766386630796,26.441787029089
138,152,6,9,50.61,77.3920451286781,51.8766386630796,26.441787029089
138,152,7,117,65.04,77.3920451286781,51.8766386630796,26.441787029089
138,152,8,262,69.57,77.3920451286781,51.8766386630796,26.441787029089
138,152,9,373,64.28,77.3920451286781,51.8766386630796,26.441787029089
138,152,10,445,61.35,77.3920451286781,51.8766386630796,26.441787029089
138,152,11,348,58.18,77.3920451286781,51.8766386630796,26.441787029089
138,152,12,386,59.03,77.3920451286781,51.8766386630796,26.441787029089
138,152,13,382,60.26,77.3920451286781,51.8766386630796,26.441787029089
138,152,14,389,64.75,77.3920451286781,51.8766386630796,26.441787029089
138,152,15,443,68.92,77.3920451286781,51.8766386630796,26.441787029089
138,152,16,440,69.48,77.3920451286781,51.8766386630796,26.441787029089
138,152,17,490,64.5,77.3920451286781,51.8766386630796,26.441787029089
138,152,18,495,60.45,77.3920451286781,51.8766386630796,26.441787029089
138,152,19,476,57.64,77.3920451286781,51.8766386630796,26.441787029089
138,152,20,448,53.61,77.3920451286781,51.8766386630796,26.441787029089
138,152,21,543,52.7,77.3920451286781,51.8766386630796,26.441787029089
138,152,22,531,54.08,77.3920451286781,51.8766386630796,26.441787029089
138,152,23,637,53.07,77.3920451286781,51.8766386630796,26.441787029089
138,153,0,47,65.73,108.946388263002,73.0278209881937,37.2226524218218
138,153,1,14,63.8,108.946388263002,73.0278209881937,37.2226524218218
138,153,2,6,53.82,108.946388263002,73.0278209881937,37.2226524218218
138,153,3,2,59.39,108.946388263002,73.0278209881937,37.2226524218218
138,153,6,2,55.72,108.946388263002,73.0278209881937,37.2226524218218
138,153,7,14,71.39,108.946388263002,73.0278209881937,37.2226524218218
138,153,8,24,73.29,108.946388263002,73.0278209881937,37.2226524218218
138,153,9,58,67.72,108.946388263002,73.0278209881937,37.2226524218218
138,153,10,55,68.42,108.946388263002,73.0278209881937,37.2226524218218
138,153,11,47,68.5,108.946388263002,73.0278209881937,37.2226524218218
138,153,12,43,71.52,108.946388263002,73.0278209881937,37.2226524218218
138,153,13,49,71.27,108.946388263002,73.0278209881937,37.2226524218218
138,153,14,44,79.21,108.946388263002,73.0278209881937,37.2226524218218
138,153,15,50,84.09,108.946388263002,73.0278209881937,37.2226524218218
138,153,16,58,92.08,108.946388263002,73.0278209881937,37.2226524218218
138,153,17,65,85.53,108.946388263002,73.0278209881937,37.2226524218218
138,153,18,41,80.51,108.946388263002,73.0278209881937,37.2226524218218
138,153,19,86,66.79,108.946388263002,73.0278209881937,37.2226524218218
138,153,20,50,63.36,108.946388263002,73.0278209881937,37.2226524218218
138,153,21,61,58.51,108.946388263002,73.0278209881937,37.2226524218218
138,153,22,73,61.67,108.946388263002,73.0278209881937,37.2226524218218
138,153,23,94,71.89,108.946388263002,73.0278209881937,37.2226524218218
138,154,0,2,87.25,195.604186511713,131.115383858665,66.830179163005
138,154,7,2,100.37,195.604186511713,131.115383858665,66.830179163005
138,154,8,5,103.84,195.604186511713,131.115383858665,66.830179163005
138,154,9,5,103.35,195.604186511713,131.115383858665,66.830179163005
138,154,10,4,127.98,195.604186511713,131.115383858665,66.830179163005
138,154,11,11,106.14,195.604186511713,131.115383858665,66.830179163005
138,154,12,4,122.18,195.604186511713,131.115383858665,66.830179163005
138,154,13,9,127.07,195.604186511713,131.115383858665,66.830179163005
138,154,14,3,108.54,195.604186511713,131.115383858665,66.830179163005
138,154,15,3,124.3,195.604186511713,131.115383858665,66.830179163005
138,154,16,6,144.75,195.604186511713,131.115383858665,66.830179163005
138,154,17,4,148.59,195.604186511713,131.115383858665,66.830179163005
138,154,18,2,157.61,195.604186511713,131.115383858665,66.830179163005
138,154,19,5,104.42,195.604186511713,131.115383858665,66.830179163005
138,154,20,3,112.35,195.604186511713,131.115383858665,66.830179163005
138,154,21,5,138.27,195.604186511713,131.115383858665,66.830179163005
138,154,22,6,119.65,195.604186511713,131.115383858665,66.830179163005
138,154,23,6,110.56,195.604186511713,131.115383858665,66.830179163005
138,155,0,153,100.91,175.145423080635,117.4016762516,59.8402325267113
138,155,1,36,96.65,175.145423080635,117.4016762516,59.8402325267113
138,155,2,14,88.99,175.145423080635,117.4016762516,59.8402325267113
138,155,6,3,86.46,175.145423080635,117.4016762516,59.8402325267113
138,155,7,35,111.24,175.145423080635,117.4016762516,59.8402325267113
138,155,8,60,107.13,175.145423080635,117.4016762516,59.8402325267113
138,155,9,99,104.78,175.145423080635,117.4016762516,59.8402325267113
138,155,10,127,110.05,175.145423080635,117.4016762516,59.8402325267113
138,155,11,124,112.88,175.145423080635,117.4016762516,59.8402325267113
138,155,12,112,113.16,175.145423080635,117.4016762516,59.8402325267113
138,155,13,106,114.98,175.145423080635,117.4016762516,59.8402325267113
138,155,14,118,148.43,175.145423080635,117.4016762516,59.8402325267113
138,155,15,128,147.47,175.145423080635,117.4016762516,59.8402325267113
138,155,16,155,133.59,175.145423080635,117.4016762516,59.8402325267113
138,155,17,158,126.19,175.145423080635,117.4016762516,59.8402325267113
138,155,18,159,126.42,175.145423080635,117.4016762516,59.8402325267113
138,155,19,184,108.45,175.145423080635,117.4016762516,59.8402325267113
138,155,20,169,103.11,175.145423080635,117.4016762516,59.8402325267113
138,155,21,174,101.59,175.145423080635,117.4016762516,59.8402325267113
138,155,22,212,102.29,175.145423080635,117.4016762516,59.8402325267113
138,155,23,240,105.94,175.145423080635,117.4016762516,59.8402325267113
138,156,0,21,120.14,281.56126184097,188.733245358214,96.1982967223812
138,156,1,7,108.09,281.56126184097,188.733245358214,96.1982967223812
138,156,2,3,91.81,281.56126184097,188.733245358214,96.1982967223812
138,156,7,5,131.71,281.56126184097,188.733245358214,96.1982967223812
138,156,8,9,143.45,281.56126184097,188.733245358214,96.1982967223812
138,156,9,11,134.13,281.56126184097,188.733245358214,96.1982967223812
138,156,10,18,144.02,281.56126184097,188.733245358214,96.1982967223812
138,156,11,13,131.02,281.56126184097,188.733245358214,96.1982967223812
138,156,12,12,137.97,281.56126184097,188.733245358214,96.1982967223812
138,156,13,10,157.52,281.56126184097,188.733245358214,96.1982967223812
138,156,14,16,179.95,281.56126184097,188.733245358214,96.1982967223812
138,156,15,20,169.42,281.56126184097,188.733245358214,96.1982967223812
138,156,16,14,167,281.56126184097,188.733245358214,96.1982967223812
138,156,17,12,160.95,281.56126184097,188.733245358214,96.1982967223812
138,156,18,22,135.3,281.56126184097,188.733245358214,96.1982967223812
138,156,19,17,136.85,281.56126184097,188.733245358214,96.1982967223812
138,156,20,18,118.92,281.56126184097,188.733245358214,96.1982967223812
138,156,21,11,124.28,281.56126184097,188.733245358214,96.1982967223812
138,156,22,19,111.08,281.56126184097,188.733245358214,96.1982967223812
138,156,23,29,120.9,281.56126184097,188.733245358214,96.1982967223812
138,157,0,405,38.52,60.4938700689978,40.5496279841531,20.6683519768764
138,157,1,115,37.35,60.4938700689978,40.5496279841531,20.6683519768764
138,157,2,38,33.55,60.4938700689978,40.5496279841531,20.6683519768764
138,157,3,8,33.45,60.4938700689978,40.5496279841531,20.6683519768764
138,157,4,12,33.16,60.4938700689978,40.5496279841531,20.6683519768764
138,157,5,11,31.77,60.4938700689978,40.5496279841531,20.6683519768764
138,157,6,18,33.87,60.4938700689978,40.5496279841531,20.6683519768764
138,157,7,80,40.97,60.4938700689978,40.5496279841531,20.6683519768764
138,157,8,148,44.82,60.4938700689978,40.5496279841531,20.6683519768764
138,157,9,323,44.39,60.4938700689978,40.5496279841531,20.6683519768764
138,157,10,437,40.73,60.4938700689978,40.5496279841531,20.6683519768764
138,157,11,320,41.02,60.4938700689978,40.5496279841531,20.6683519768764
138,157,12,372,42.54,60.4938700689978,40.5496279841531,20.6683519768764
138,157,13,386,40.6,60.4938700689978,40.5496279841531,20.6683519768764
138,157,14,495,42.82,60.4938700689978,40.5496279841531,20.6683519768764
138,157,15,442,44.18,60.4938700689978,40.5496279841531,20.6683519768764
138,157,16,470,44.86,60.4938700689978,40.5496279841531,20.6683519768764
138,157,17,536,44.87,60.4938700689978,40.5496279841531,20.6683519768764
138,157,18,565,40.8,60.4938700689978,40.5496279841531,20.6683519768764
138,157,19,575,42.07,60.4938700689978,40.5496279841531,20.6683519768764
138,157,20,521,37.82,60.4938700689978,40.5496279841531,20.6683519768764
138,157,21,487,37.93,60.4938700689978,40.5496279841531,20.6683519768764
138,157,22,563,37.6,60.4938700689978,40.5496279841531,20.6683519768764
138,157,23,662,39.43,60.4938700689978,40.5496279841531,20.6683519768764
138,158,0,615,76.57,117.070679713873,78.4736123649385,39.9984000319154
138,158,1,107,68.87,117.070679713873,78.4736123649385,39.9984000319154
138,158,2,25,66.35,117.070679713873,78.4736123649385,39.9984000319154
138,158,3,3,54.4,117.070679713873,78.4736123649385,39.9984000319154
138,158,4,7,56.44,117.070679713873,78.4736123649385,39.9984000319154
138,158,5,5,69.55,117.070679713873,78.4736123649385,39.9984000319154
138,158,6,9,78.86,117.070679713873,78.4736123649385,39.9984000319154
138,158,7,217,101.48,117.070679713873,78.4736123649385,39.9984000319154
138,158,8,564,109.2,117.070679713873,78.4736123649385,39.9984000319154
138,158,9,991,104.17,117.070679713873,78.4736123649385,39.9984000319154
138,158,10,1552,102.52,117.070679713873,78.4736123649385,39.9984000319154
138,158,11,1330,107.99,117.070679713873,78.4736123649385,39.9984000319154
138,158,12,1424,95.06,117.070679713873,78.4736123649385,39.9984000319154
138,158,13,1528,110.02,117.070679713873,78.4736123649385,39.9984000319154
138,158,14,1603,102.9,117.070679713873,78.4736123649385,39.9984000319154
138,158,15,1537,103.62,117.070679713873,78.4736123649385,39.9984000319154
138,158,16,1539,103.35,117.070679713873,78.4736123649385,39.9984000319154
138,158,17,1552,100.61,117.070679713873,78.4736123649385,39.9984000319154
138,158,18,1536,95.24,117.070679713873,78.4736123649385,39.9984000319154
138,158,19,1669,87.93,117.070679713873,78.4736123649385,39.9984000319154
138,158,20,1585,81.4,117.070679713873,78.4736123649385,39.9984000319154
138,158,21,1523,81.51,117.070679713873,78.4736123649385,39.9984000319154
138,158,22,1225,77.8,117.070679713873,78.4736123649385,39.9984000319154
138,158,23,1374,77.32,117.070679713873,78.4736123649385,39.9984000319154
138,159,0,306,47.67,53.7733622441549,36.0448063906405,18.3722214593747
138,159,1,82,43.3,53.7733622441549,36.0448063906405,18.3722214593747
138,159,2,18,38.25,53.7733622441549,36.0448063906405,18.3722214593747
138,159,3,5,37.89,53.7733622441549,36.0448063906405,18.3722214593747
138,159,4,10,37.01,53.7733622441549,36.0448063906405,18.3722214593747
138,159,5,13,46.74,53.7733622441549,36.0448063906405,18.3722214593747
138,159,6,18,44.16,53.7733622441549,36.0448063906405,18.3722214593747
138,159,7,106,51.01,53.7733622441549,36.0448063906405,18.3722214593747
138,159,8,159,52.85,53.7733622441549,36.0448063906405,18.3722214593747
138,159,9,252,52.47,53.7733622441549,36.0448063906405,18.3722214593747
138,159,10,276,49.31,53.7733622441549,36.0448063906405,18.3722214593747
138,159,11,229,50.6,53.7733622441549,36.0448063906405,18.3722214593747
138,159,12,269,52.15,53.7733622441549,36.0448063906405,18.3722214593747
138,159,13,212,50.78,53.7733622441549,36.0448063906405,18.3722214593747
138,159,14,302,54.26,53.7733622441549,36.0448063906405,18.3722214593747
138,159,15,277,59.59,53.7733622441549,36.0448063906405,18.3722214593747
138,159,16,238,63.88,53.7733622441549,36.0448063906405,18.3722214593747
138,159,17,278,57.83,53.7733622441549,36.0448063906405,18.3722214593747
138,159,18,257,51.22,53.7733622441549,36.0448063906405,18.3722214593747
138,159,19,276,49.05,53.7733622441549,36.0448063906405,18.3722214593747
138,159,20,256,50,53.7733622441549,36.0448063906405,18.3722214593747
138,159,21,227,45.13,53.7733622441549,36.0448063906405,18.3722214593747
138,159,22,285,46.34,53.7733622441549,36.0448063906405,18.3722214593747
138,159,23,389,46.82,53.7733622441549,36.0448063906405,18.3722214593747
138,160,0,341,44.31,62.2417616367208,41.7212566590414,21.2655370817128
138,160,1,104,40.1,62.2417616367208,41.7212566590414,21.2655370817128
138,160,2,32,41.34,62.2417616367208,41.7212566590414,21.2655370817128
138,160,3,9,34.48,62.2417616367208,41.7212566590414,21.2655370817128
138,160,4,6,39.54,62.2417616367208,41.7212566590414,21.2655370817128
138,160,5,26,36.66,62.2417616367208,41.7212566590414,21.2655370817128
138,160,6,16,43.94,62.2417616367208,41.7212566590414,21.2655370817128
138,160,7,97,107.41,62.2417616367208,41.7212566590414,21.2655370817128
138,160,8,160,48.97,62.2417616367208,41.7212566590414,21.2655370817128
138,160,9,314,45.83,62.2417616367208,41.7212566590414,21.2655370817128
138,160,10,419,44.84,62.2417616367208,41.7212566590414,21.2655370817128
138,160,11,274,46.72,62.2417616367208,41.7212566590414,21.2655370817128
138,160,12,299,46.76,62.2417616367208,41.7212566590414,21.2655370817128
138,160,13,353,47.92,62.2417616367208,41.7212566590414,21.2655370817128
138,160,14,446,53.08,62.2417616367208,41.7212566590414,21.2655370817128
138,160,15,390,54.72,62.2417616367208,41.7212566590414,21.2655370817128
138,160,16,425,54.39,62.2417616367208,41.7212566590414,21.2655370817128
138,160,17,419,53.52,62.2417616367208,41.7212566590414,21.2655370817128
138,160,18,502,49.33,62.2417616367208,41.7212566590414,21.2655370817128
138,160,19,492,47.1,62.2417616367208,41.7212566590414,21.2655370817128
138,160,20,456,45.45,62.2417616367208,41.7212566590414,21.2655370817128
138,160,21,481,44.36,62.2417616367208,41.7212566590414,21.2655370817128
138,160,22,582,44.88,62.2417616367208,41.7212566590414,21.2655370817128
138,160,23,570,43.91,62.2417616367208,41.7212566590414,21.2655370817128
138,161,0,1645,66.34,85.5847351768901,57.3682782831859,29.2409037224129
138,161,1,303,61.19,85.5847351768901,57.3682782831859,29.2409037224129
138,161,2,83,59.23,85.5847351768901,57.3682782831859,29.2409037224129
138,161,3,25,62.73,85.5847351768901,57.3682782831859,29.2409037224129
138,161,4,17,55.8,85.5847351768901,57.3682782831859,29.2409037224129
138,161,5,19,56.32,85.5847351768901,57.3682782831859,29.2409037224129
138,161,6,132,71.39,85.5847351768901,57.3682782831859,29.2409037224129
138,161,7,4035,105.53,85.5847351768901,57.3682782831859,29.2409037224129
138,161,8,8334,105.14,85.5847351768901,57.3682782831859,29.2409037224129
138,161,9,13871,100.1,85.5847351768901,57.3682782831859,29.2409037224129
138,161,10,15804,94.58,85.5847351768901,57.3682782831859,29.2409037224129
138,161,11,13820,98.78,85.5847351768901,57.3682782831859,29.2409037224129
138,161,12,12381,93.68,85.5847351768901,57.3682782831859,29.2409037224129
138,161,13,11227,94.96,85.5847351768901,57.3682782831859,29.2409037224129
138,161,14,12028,96.47,85.5847351768901,57.3682782831859,29.2409037224129
138,161,15,10042,94.9,85.5847351768901,57.3682782831859,29.2409037224129
138,161,16,8732,100.99,85.5847351768901,57.3682782831859,29.2409037224129
138,161,17,7442,90.76,85.5847351768901,57.3682782831859,29.2409037224129
138,161,18,6589,91.02,85.5847351768901,57.3682782831859,29.2409037224129
138,161,19,5628,81.04,85.5847351768901,57.3682782831859,29.2409037224129
138,161,20,5325,69.96,85.5847351768901,57.3682782831859,29.2409037224129
138,161,21,4952,67.81,85.5847351768901,57.3682782831859,29.2409037224129
138,161,22,3746,67.55,85.5847351768901,57.3682782831859,29.2409037224129
138,161,23,3718,67.4,85.5847351768901,57.3682782831859,29.2409037224129
138,162,0,2384,58.24,81.7839405922205,54.8205687999482,27.9423232186667
138,162,1,456,55.87,81.7839405922205,54.8205687999482,27.9423232186667
138,162,2,119,50.81,81.7839405922205,54.8205687999482,27.9423232186667
138,162,3,34,47.83,81.7839405922205,54.8205687999482,27.9423232186667
138,162,4,35,46.19,81.7839405922205,54.8205687999482,27.9423232186667
138,162,5,22,44.52,81.7839405922205,54.8205687999482,27.9423232186667
138,162,6,114,63.52,81.7839405922205,54.8205687999482,27.9423232186667
138,162,7,3115,88.28,81.7839405922205,54.8205687999482,27.9423232186667
138,162,8,5993,96.87,81.7839405922205,54.8205687999482,27.9423232186667
138,162,9,10038,94.4,81.7839405922205,54.8205687999482,27.9423232186667
138,162,10,11934,84.43,81.7839405922205,54.8205687999482,27.9423232186667
138,162,11,10381,82.84,81.7839405922205,54.8205687999482,27.9423232186667
138,162,12,9755,82.1,81.7839405922205,54.8205687999482,27.9423232186667
138,162,13,9220,83.13,81.7839405922205,54.8205687999482,27.9423232186667
138,162,14,9989,83.87,81.7839405922205,54.8205687999482,27.9423232186667
138,162,15,8748,85.61,81.7839405922205,54.8205687999482,27.9423232186667
138,162,16,8251,84.69,81.7839405922205,54.8205687999482,27.9423232186667
138,162,17,7591,82.17,81.7839405922205,54.8205687999482,27.9423232186667
138,162,18,6933,70.8,81.7839405922205,54.8205687999482,27.9423232186667
138,162,19,6543,62.84,81.7839405922205,54.8205687999482,27.9423232186667
138,162,20,6493,59.04,81.7839405922205,54.8205687999482,27.9423232186667
138,162,21,6186,73.1,81.7839405922205,54.8205687999482,27.9423232186667
138,162,22,4994,58.71,81.7839405922205,54.8205687999482,27.9423232186667
138,162,23,4888,67.84,81.7839405922205,54.8205687999482,27.9423232186667
138,163,0,2122,70.22,84.1532628313956,56.4087484826755,28.7518264944541
138,163,1,399,66.09,84.1532628313956,56.4087484826755,28.7518264944541
138,163,2,106,60.83,84.1532628313956,56.4087484826755,28.7518264944541
138,163,3,13,53.59,84.1532628313956,56.4087484826755,28.7518264944541
138,163,4,18,58.88,84.1532628313956,56.4087484826755,28.7518264944541
138,163,5,12,62.46,84.1532628313956,56.4087484826755,28.7518264944541
138,163,6,59,85.71,84.1532628313956,56.4087484826755,28.7518264944541
138,163,7,1261,93.9,84.1532628313956,56.4087484826755,28.7518264944541
138,163,8,3242,104.38,84.1532628313956,56.4087484826755,28.7518264944541
138,163,9,6123,105.4,84.1532628313956,56.4087484826755,28.7518264944541
138,163,10,8727,100.96,84.1532628313956,56.4087484826755,28.7518264944541
138,163,11,8275,102.5,84.1532628313956,56.4087484826755,28.7518264944541
138,163,12,8289,105.26,84.1532628313956,56.4087484826755,28.7518264944541
138,163,13,8025,99.7,84.1532628313956,56.4087484826755,28.7518264944541
138,163,14,9221,107.15,84.1532628313956,56.4087484826755,28.7518264944541
138,163,15,7864,103.07,84.1532628313956,56.4087484826755,28.7518264944541
138,163,16,7092,110.5,84.1532628313956,56.4087484826755,28.7518264944541
138,163,17,6230,98.37,84.1532628313956,56.4087484826755,28.7518264944541
138,163,18,5874,95.96,84.1532628313956,56.4087484826755,28.7518264944541
138,163,19,5247,80.54,84.1532628313956,56.4087484826755,28.7518264944541
138,163,20,5354,75.96,84.1532628313956,56.4087484826755,28.7518264944541
138,163,21,5114,82.24,84.1532628313956,56.4087484826755,28.7518264944541
138,163,22,4147,82.56,84.1532628313956,56.4087484826755,28.7518264944541
138,163,23,4281,71.64,84.1532628313956,56.4087484826755,28.7518264944541
138,164,0,2938,58.51,94.120991981748,63.0902140333599,32.1574035265513
138,164,1,576,85.13,94.120991981748,63.0902140333599,32.1574035265513
138,164,2,155,55.66,94.120991981748,63.0902140333599,32.1574035265513
138,164,3,32,52.16,94.120991981748,63.0902140333599,32.1574035265513
138,164,4,28,57.61,94.120991981748,63.0902140333599,32.1574035265513
138,164,5,20,48.19,94.120991981748,63.0902140333599,32.1574035265513
138,164,6,77,61.66,94.120991981748,63.0902140333599,32.1574035265513
138,164,7,1968,87.6,94.120991981748,63.0902140333599,32.1574035265513
138,164,8,4843,90.41,94.120991981748,63.0902140333599,32.1574035265513
138,164,9,8290,91.46,94.120991981748,63.0902140333599,32.1574035265513
138,164,10,11334,84.48,94.120991981748,63.0902140333599,32.1574035265513
138,164,11,11347,83.93,94.120991981748,63.0902140333599,32.1574035265513
138,164,12,10744,84.65,94.120991981748,63.0902140333599,32.1574035265513
138,164,13,10152,82.86,94.120991981748,63.0902140333599,32.1574035265513
138,164,14,11542,81.3,94.120991981748,63.0902140333599,32.1574035265513
138,164,15,10193,82.9,94.120991981748,63.0902140333599,32.1574035265513
138,164,16,9529,84.73,94.120991981748,63.0902140333599,32.1574035265513
138,164,17,8767,82.87,94.120991981748,63.0902140333599,32.1574035265513
138,164,18,8233,76.99,94.120991981748,63.0902140333599,32.1574035265513
138,164,19,7653,71.18,94.120991981748,63.0902140333599,32.1574035265513
138,164,20,7444,60.96,94.120991981748,63.0902140333599,32.1574035265513
138,164,21,7003,65.92,94.120991981748,63.0902140333599,32.1574035265513
138,164,22,5840,71.42,94.120991981748,63.0902140333599,32.1574035265513
138,164,23,5859,60.6,94.120991981748,63.0902140333599,32.1574035265513
138,165,0,285,89.94,178.157857778054,119.420940454198,60.8694617785777
138,165,1,70,83.42,178.157857778054,119.420940454198,60.8694617785777
138,165,2,15,78.51,178.157857778054,119.420940454198,60.8694617785777
138,165,3,3,70.84,178.157857778054,119.420940454198,60.8694617785777
138,165,4,6,77.55,178.157857778054,119.420940454198,60.8694617785777
138,165,5,2,80.73,178.157857778054,119.420940454198,60.8694617785777
138,165,6,7,91.94,178.157857778054,119.420940454198,60.8694617785777
138,165,7,34,118.75,178.157857778054,119.420940454198,60.8694617785777
138,165,8,134,116.13,178.157857778054,119.420940454198,60.8694617785777
138,165,9,221,112.66,178.157857778054,119.420940454198,60.8694617785777
138,165,10,231,109.17,178.157857778054,119.420940454198,60.8694617785777
138,165,11,233,111.09,178.157857778054,119.420940454198,60.8694617785777
138,165,12,229,111.06,178.157857778054,119.420940454198,60.8694617785777
138,165,13,169,115.77,178.157857778054,119.420940454198,60.8694617785777
138,165,14,229,125.56,178.157857778054,119.420940454198,60.8694617785777
138,165,15,235,136.08,178.157857778054,119.420940454198,60.8694617785777
138,165,16,220,136.19,178.157857778054,119.420940454198,60.8694617785777
138,165,17,247,133.39,178.157857778054,119.420940454198,60.8694617785777
138,165,18,348,117.6,178.157857778054,119.420940454198,60.8694617785777
138,165,19,374,107.9,178.157857778054,119.420940454198,60.8694617785777
138,165,20,363,101.32,178.157857778054,119.420940454198,60.8694617785777
138,165,21,352,97.59,178.157857778054,119.420940454198,60.8694617785777
138,165,22,402,96.68,178.157857778054,119.420940454198,60.8694617785777
138,165,23,446,95.1,178.157857778054,119.420940454198,60.8694617785777
138,166,0,1156,56.8,78.3988986819761,52.5515423677721,26.7857888858886
138,166,1,218,53.22,78.3988986819761,52.5515423677721,26.7857888858886
138,166,2,58,51.9,78.3988986819761,52.5515423677721,26.7857888858886
138,166,3,14,53.42,78.3988986819761,52.5515423677721,26.7857888858886
138,166,4,6,48.11,78.3988986819761,52.5515423677721,26.7857888858886
138,166,5,14,46.46,78.3988986819761,52.5515423677721,26.7857888858886
138,166,6,33,52.68,78.3988986819761,52.5515423677721,26.7857888858886
138,166,7,276,114.94,78.3988986819761,52.5515423677721,26.7857888858886
138,166,8,699,72.76,78.3988986819761,52.5515423677721,26.7857888858886
138,166,9,1042,68.6,78.3988986819761,52.5515423677721,26.7857888858886
138,166,10,1303,65.81,78.3988986819761,52.5515423677721,26.7857888858886
138,166,11,1334,64.62,78.3988986819761,52.5515423677721,26.7857888858886
138,166,12,1399,64.21,78.3988986819761,52.5515423677721,26.7857888858886
138,166,13,1334,65.24,78.3988986819761,52.5515423677721,26.7857888858886
138,166,14,1572,70.6,78.3988986819761,52.5515423677721,26.7857888858886
138,166,15,1618,88.44,78.3988986819761,52.5515423677721,26.7857888858886
138,166,16,1714,74.85,78.3988986819761,52.5515423677721,26.7857888858886
138,166,17,1715,69.65,78.3988986819761,52.5515423677721,26.7857888858886
138,166,18,1647,67,78.3988986819761,52.5515423677721,26.7857888858886
138,166,19,1710,58.26,78.3988986819761,52.5515423677721,26.7857888858886
138,166,20,1836,57.84,78.3988986819761,52.5515423677721,26.7857888858886
138,166,21,1902,55.63,78.3988986819761,52.5515423677721,26.7857888858886
138,166,22,1635,73.41,78.3988986819761,52.5515423677721,26.7857888858886
138,166,23,1934,56.17,78.3988986819761,52.5515423677721,26.7857888858886
138,167,0,309,99.09,58.2498367100275,39.045430653308,19.901654933719
138,167,1,81,50.76,58.2498367100275,39.045430653308,19.901654933719
138,167,2,29,46.59,58.2498367100275,39.045430653308,19.901654933719
138,167,3,9,48.56,58.2498367100275,39.045430653308,19.901654933719
138,167,4,10,47.33,58.2498367100275,39.045430653308,19.901654933719
138,167,5,4,45.52,58.2498367100275,39.045430653308,19.901654933719
138,167,6,6,50.57,58.2498367100275,39.045430653308,19.901654933719
138,167,7,89,58.23,58.2498367100275,39.045430653308,19.901654933719
138,167,8,147,58.29,58.2498367100275,39.045430653308,19.901654933719
138,167,9,201,57.04,58.2498367100275,39.045430653308,19.901654933719
138,167,10,272,60.64,58.2498367100275,39.045430653308,19.901654933719
138,167,11,233,54.13,58.2498367100275,39.045430653308,19.901654933719
138,167,12,234,56.42,58.2498367100275,39.045430653308,19.901654933719
138,167,13,183,58.93,58.2498367100275,39.045430653308,19.901654933719
138,167,14,230,62.31,58.2498367100275,39.045430653308,19.901654933719
138,167,15,219,71.86,58.2498367100275,39.045430653308,19.901654933719
138,167,16,217,67.85,58.2498367100275,39.045430653308,19.901654933719
138,167,17,215,64.73,58.2498367100275,39.045430653308,19.901654933719
138,167,18,230,57.68,58.2498367100275,39.045430653308,19.901654933719
138,167,19,245,57.49,58.2498367100275,39.045430653308,19.901654933719
138,167,20,199,52.69,58.2498367100275,39.045430653308,19.901654933719
138,167,21,259,50.11,58.2498367100275,39.045430653308,19.901654933719
138,167,22,405,50.88,58.2498367100275,39.045430653308,19.901654933719
138,167,23,357,54.84,58.2498367100275,39.045430653308,19.901654933719
138,168,0,715,43.36,47.1247768550741,31.5881951035695,16.1006639806896
138,168,1,181,41.32,47.1247768550741,31.5881951035695,16.1006639806896
138,168,2,65,37,47.1247768550741,31.5881951035695,16.1006639806896
138,168,3,19,34.05,47.1247768550741,31.5881951035695,16.1006639806896
138,168,4,24,36.36,47.1247768550741,31.5881951035695,16.1006639806896
138,168,5,15,38.91,47.1247768550741,31.5881951035695,16.1006639806896
138,168,6,21,33.68,47.1247768550741,31.5881951035695,16.1006639806896
138,168,7,177,47.21,47.1247768550741,31.5881951035695,16.1006639806896
138,168,8,451,49.23,47.1247768550741,31.5881951035695,16.1006639806896
138,168,9,648,45.24,47.1247768550741,31.5881951035695,16.1006639806896
138,168,10,784,45.06,47.1247768550741,31.5881951035695,16.1006639806896
138,168,11,646,45.42,47.1247768550741,31.5881951035695,16.1006639806896
138,168,12,628,45.35,47.1247768550741,31.5881951035695,16.1006639806896
138,168,13,601,47.24,47.1247768550741,31.5881951035695,16.1006639806896
138,168,14,747,58.21,47.1247768550741,31.5881951035695,16.1006639806896
138,168,15,670,55.2,47.1247768550741,31.5881951035695,16.1006639806896
138,168,16,701,55.05,47.1247768550741,31.5881951035695,16.1006639806896
138,168,17,781,50.8,47.1247768550741,31.5881951035695,16.1006639806896
138,168,18,740,45.95,47.1247768550741,31.5881951035695,16.1006639806896
138,168,19,733,41.59,47.1247768550741,31.5881951035695,16.1006639806896
138,168,20,720,42.08,47.1247768550741,31.5881951035695,16.1006639806896
138,168,21,823,41.34,47.1247768550741,31.5881951035695,16.1006639806896
138,168,22,900,42.58,47.1247768550741,31.5881951035695,16.1006639806896
138,168,23,1033,43.66,47.1247768550741,31.5881951035695,16.1006639806896
138,169,0,239,58.55,80.4273816287149,53.9112541661517,27.4788409170195
138,169,1,78,55.69,80.4273816287149,53.9112541661517,27.4788409170195
138,169,2,19,58.74,80.4273816287149,53.9112541661517,27.4788409170195
138,169,3,8,48.5,80.4273816287149,53.9112541661517,27.4788409170195
138,169,4,7,41.7,80.4273816287149,53.9112541661517,27.4788409170195
138,169,5,5,44.73,80.4273816287149,53.9112541661517,27.4788409170195
138,169,6,6,52.71,80.4273816287149,53.9112541661517,27.4788409170195
138,169,7,81,65.74,80.4273816287149,53.9112541661517,27.4788409170195
138,169,8,130,68.52,80.4273816287149,53.9112541661517,27.4788409170195
138,169,9,204,65.02,80.4273816287149,53.9112541661517,27.4788409170195
138,169,10,265,65.73,80.4273816287149,53.9112541661517,27.4788409170195
138,169,11,183,65.52,80.4273816287149,53.9112541661517,27.4788409170195
138,169,12,191,66.37,80.4273816287149,53.9112541661517,27.4788409170195
138,169,13,190,67.49,80.4273816287149,53.9112541661517,27.4788409170195
138,169,14,236,75.8,80.4273816287149,53.9112541661517,27.4788409170195
138,169,15,197,86.06,80.4273816287149,53.9112541661517,27.4788409170195
138,169,16,194,133.81,80.4273816287149,53.9112541661517,27.4788409170195
138,169,17,255,79.52,80.4273816287149,53.9112541661517,27.4788409170195
138,169,18,249,70.63,80.4273816287149,53.9112541661517,27.4788409170195
138,169,19,269,63.47,80.4273816287149,53.9112541661517,27.4788409170195
138,169,20,245,59.59,80.4273816287149,53.9112541661517,27.4788409170195
138,169,21,237,77.87,80.4273816287149,53.9112541661517,27.4788409170195
138,169,22,274,60.26,80.4273816287149,53.9112541661517,27.4788409170195
138,169,23,381,58.4,80.4273816287149,53.9112541661517,27.4788409170195
138,170,0,2674,53.37,89.3679595386081,59.9042102755229,30.5334811790427
138,170,1,547,49.82,89.3679595386081,59.9042102755229,30.5334811790427
138,170,2,137,46.21,89.3679595386081,59.9042102755229,30.5334811790427
138,170,3,19,46.99,89.3679595386081,59.9042102755229,30.5334811790427
138,170,4,20,45.94,89.3679595386081,59.9042102755229,30.5334811790427
138,170,5,18,47.27,89.3679595386081,59.9042102755229,30.5334811790427
138,170,6,74,66.07,89.3679595386081,59.9042102755229,30.5334811790427
138,170,7,1912,78.62,89.3679595386081,59.9042102755229,30.5334811790427
138,170,8,4228,93.45,89.3679595386081,59.9042102755229,30.5334811790427
138,170,9,6713,85.76,89.3679595386081,59.9042102755229,30.5334811790427
138,170,10,7889,86.71,89.3679595386081,59.9042102755229,30.5334811790427
138,170,11,6840,73.04,89.3679595386081,59.9042102755229,30.5334811790427
138,170,12,6786,69.65,89.3679595386081,59.9042102755229,30.5334811790427
138,170,13,6026,70.8,89.3679595386081,59.9042102755229,30.5334811790427
138,170,14,6907,83.4,89.3679595386081,59.9042102755229,30.5334811790427
138,170,15,6350,80.82,89.3679595386081,59.9042102755229,30.5334811790427
138,170,16,5922,76.36,89.3679595386081,59.9042102755229,30.5334811790427
138,170,17,5839,71.61,89.3679595386081,59.9042102755229,30.5334811790427
138,170,18,5986,64.34,89.3679595386081,59.9042102755229,30.5334811790427
138,170,19,5852,57.66,89.3679595386081,59.9042102755229,30.5334811790427
138,170,20,5934,53.74,89.3679595386081,59.9042102755229,30.5334811790427
138,170,21,5975,59.96,89.3679595386081,59.9042102755229,30.5334811790427
138,170,22,5143,52.66,89.3679595386081,59.9042102755229,30.5334811790427
138,170,23,5627,62.44,89.3679595386081,59.9042102755229,30.5334811790427
138,171,0,381,40.07,52.5069395452392,35.1959109694491,17.9395351382179
138,171,1,102,36.15,52.5069395452392,35.1959109694491,17.9395351382179
138,171,2,33,33.22,52.5069395452392,35.1959109694491,17.9395351382179
138,171,3,9,32.11,52.5069395452392,35.1959109694491,17.9395351382179
138,171,4,13,34.82,52.5069395452392,35.1959109694491,17.9395351382179
138,171,5,12,32.42,52.5069395452392,35.1959109694491,17.9395351382179
138,171,6,16,38.1,52.5069395452392,35.1959109694491,17.9395351382179
138,171,7,92,37.92,52.5069395452392,35.1959109694491,17.9395351382179
138,171,8,241,38.31,52.5069395452392,35.1959109694491,17.9395351382179
138,171,9,366,37.45,52.5069395452392,35.1959109694491,17.9395351382179
138,171,10,481,40.13,52.5069395452392,35.1959109694491,17.9395351382179
138,171,11,383,42,52.5069395452392,35.1959109694491,17.9395351382179
138,171,12,452,41.3,52.5069395452392,35.1959109694491,17.9395351382179
138,171,13,502,42.06,52.5069395452392,35.1959109694491,17.9395351382179
138,171,14,521,45.76,52.5069395452392,35.1959109694491,17.9395351382179
138,171,15,479,46.01,52.5069395452392,35.1959109694491,17.9395351382179
138,171,16,497,47.98,52.5069395452392,35.1959109694491,17.9395351382179
138,171,17,570,48.17,52.5069395452392,35.1959109694491,17.9395351382179
138,171,18,631,46.89,52.5069395452392,35.1959109694491,17.9395351382179
138,171,19,647,39.9,52.5069395452392,35.1959109694491,17.9395351382179
138,171,20,601,39.83,52.5069395452392,35.1959109694491,17.9395351382179
138,171,21,588,38.19,52.5069395452392,35.1959109694491,17.9395351382179
138,171,22,595,39.27,52.5069395452392,35.1959109694491,17.9395351382179
138,171,23,683,40.16,52.5069395452392,35.1959109694491,17.9395351382179
138,172,0,15,104.32,285.843943966197,191.603968734884,97.66151905331
138,172,1,4,115.18,285.843943966197,191.603968734884,97.66151905331
138,172,7,5,147.79,285.843943966197,191.603968734884,97.66151905331
138,172,8,9,141.11,285.843943966197,191.603968734884,97.66151905331
138,172,9,7,139.55,285.843943966197,191.603968734884,97.66151905331
138,172,10,14,126.53,285.843943966197,191.603968734884,97.66151905331
138,172,11,8,122.83,285.843943966197,191.603968734884,97.66151905331
138,172,12,11,133.29,285.843943966197,191.603968734884,97.66151905331
138,172,13,10,143.89,285.843943966197,191.603968734884,97.66151905331
138,172,14,14,152.39,285.843943966197,191.603968734884,97.66151905331
138,172,15,18,154.08,285.843943966197,191.603968734884,97.66151905331
138,172,16,15,160.06,285.843943966197,191.603968734884,97.66151905331
138,172,17,13,160.41,285.843943966197,191.603968734884,97.66151905331
138,172,18,14,140.27,285.843943966197,191.603968734884,97.66151905331
138,172,19,23,130.71,285.843943966197,191.603968734884,97.66151905331
138,172,20,17,125.74,285.843943966197,191.603968734884,97.66151905331
138,172,21,16,112.79,285.843943966197,191.603968734884,97.66151905331
138,172,22,29,126.51,285.843943966197,191.603968734884,97.66151905331
138,172,23,18,112.43,285.843943966197,191.603968734884,97.66151905331
138,173,0,344,29.3,27.2299683598958,18.2525119612062,9.30339834002387
138,173,1,107,27.59,27.2299683598958,18.2525119612062,9.30339834002387
138,173,2,33,28.02,27.2299683598958,18.2525119612062,9.30339834002387
138,173,3,23,25.72,27.2299683598958,18.2525119612062,9.30339834002387
138,173,4,24,26.41,27.2299683598958,18.2525119612062,9.30339834002387
138,173,5,24,27.4,27.2299683598958,18.2525119612062,9.30339834002387
138,173,6,24,26.58,27.2299683598958,18.2525119612062,9.30339834002387
138,173,7,94,30.21,27.2299683598958,18.2525119612062,9.30339834002387
138,173,8,164,31.32,27.2299683598958,18.2525119612062,9.30339834002387
138,173,9,318,56.71,27.2299683598958,18.2525119612062,9.30339834002387
138,173,10,417,29.37,27.2299683598958,18.2525119612062,9.30339834002387
138,173,11,361,71.03,27.2299683598958,18.2525119612062,9.30339834002387
138,173,12,336,50.79,27.2299683598958,18.2525119612062,9.30339834002387
138,173,13,340,31.36,27.2299683598958,18.2525119612062,9.30339834002387
138,173,14,355,34.38,27.2299683598958,18.2525119612062,9.30339834002387
138,173,15,348,33.74,27.2299683598958,18.2525119612062,9.30339834002387
138,173,16,349,35.88,27.2299683598958,18.2525119612062,9.30339834002387
138,173,17,381,42.34,27.2299683598958,18.2525119612062,9.30339834002387
138,173,18,314,37.2,27.2299683598958,18.2525119612062,9.30339834002387
138,173,19,330,36.12,27.2299683598958,18.2525119612062,9.30339834002387
138,173,20,389,32.31,27.2299683598958,18.2525119612062,9.30339834002387
138,173,21,305,30.76,27.2299683598958,18.2525119612062,9.30339834002387
138,173,22,448,29.04,27.2299683598958,18.2525119612062,9.30339834002387
138,173,23,465,30.19,27.2299683598958,18.2525119612062,9.30339834002387
138,174,0,230,60.99,106.285028023045,71.2438854003568,36.3133713638575
138,174,1,47,61.41,106.285028023045,71.2438854003568,36.3133713638575
138,174,2,23,56.44,106.285028023045,71.2438854003568,36.3133713638575
138,174,3,3,55.18,106.285028023045,71.2438854003568,36.3133713638575
138,174,4,5,55.44,106.285028023045,71.2438854003568,36.3133713638575
138,174,5,6,52.29,106.285028023045,71.2438854003568,36.3133713638575
138,174,6,7,57.24,106.285028023045,71.2438854003568,36.3133713638575
138,174,7,80,73.51,106.285028023045,71.2438854003568,36.3133713638575
138,174,8,156,77.58,106.285028023045,71.2438854003568,36.3133713638575
138,174,9,193,71.24,106.285028023045,71.2438854003568,36.3133713638575
138,174,10,204,70.87,106.285028023045,71.2438854003568,36.3133713638575
138,174,11,185,69.23,106.285028023045,71.2438854003568,36.3133713638575
138,174,12,295,66.52,106.285028023045,71.2438854003568,36.3133713638575
138,174,13,180,72.91,106.285028023045,71.2438854003568,36.3133713638575
138,174,14,175,79.09,106.285028023045,71.2438854003568,36.3133713638575
138,174,15,182,91.28,106.285028023045,71.2438854003568,36.3133713638575
138,174,16,227,91.17,106.285028023045,71.2438854003568,36.3133713638575
138,174,17,237,85.7,106.285028023045,71.2438854003568,36.3133713638575
138,174,18,204,74.95,106.285028023045,71.2438854003568,36.3133713638575
138,174,19,247,67.17,106.285028023045,71.2438854003568,36.3133713638575
138,174,20,222,63.68,106.285028023045,71.2438854003568,36.3133713638575
138,174,21,235,63.22,106.285028023045,71.2438854003568,36.3133713638575
138,174,22,303,65.13,106.285028023045,71.2438854003568,36.3133713638575
138,174,23,342,66.74,106.285028023045,71.2438854003568,36.3133713638575
138,175,0,179,51.58,102.444830757861,68.6697639181081,35.0013285296508
138,175,1,36,48.72,102.444830757861,68.6697639181081,35.0013285296508
138,175,2,12,46.64,102.444830757861,68.6697639181081,35.0013285296508
138,175,3,3,49.62,102.444830757861,68.6697639181081,35.0013285296508
138,175,4,3,53.96,102.444830757861,68.6697639181081,35.0013285296508
138,175,6,5,54.45,102.444830757861,68.6697639181081,35.0013285296508
138,175,7,55,60.77,102.444830757861,68.6697639181081,35.0013285296508
138,175,8,80,61.09,102.444830757861,68.6697639181081,35.0013285296508
138,175,9,159,56.58,102.444830757861,68.6697639181081,35.0013285296508
138,175,10,186,52.24,102.444830757861,68.6697639181081,35.0013285296508
138,175,11,147,57.94,102.444830757861,68.6697639181081,35.0013285296508
138,175,12,183,60.51,102.444830757861,68.6697639181081,35.0013285296508
138,175,13,192,62.66,102.444830757861,68.6697639181081,35.0013285296508
138,175,14,280,75.25,102.444830757861,68.6697639181081,35.0013285296508
138,175,15,194,76.08,102.444830757861,68.6697639181081,35.0013285296508
138,175,16,234,72.19,102.444830757861,68.6697639181081,35.0013285296508
138,175,17,273,68.44,102.444830757861,68.6697639181081,35.0013285296508
138,175,18,274,64.26,102.444830757861,68.6697639181081,35.0013285296508
138,175,19,321,58.46,102.444830757861,68.6697639181081,35.0013285296508
138,175,20,285,54.99,102.444830757861,68.6697639181081,35.0013285296508
138,175,21,280,53.56,102.444830757861,68.6697639181081,35.0013285296508
138,175,22,286,53.99,102.444830757861,68.6697639181081,35.0013285296508
138,175,23,331,95.91,102.444830757861,68.6697639181081,35.0013285296508
138,176,0,7,125.9,302.922479026425,203.051876471927,103.496575951994
138,176,1,4,105.11,302.922479026425,203.051876471927,103.496575951994
138,176,8,5,153.38,302.922479026425,203.051876471927,103.496575951994
138,176,9,6,135.52,302.922479026425,203.051876471927,103.496575951994
138,176,10,8,143.44,302.922479026425,203.051876471927,103.496575951994
138,176,11,6,142.77,302.922479026425,203.051876471927,103.496575951994
138,176,12,4,138.47,302.922479026425,203.051876471927,103.496575951994
138,176,13,7,152.63,302.922479026425,203.051876471927,103.496575951994
138,176,14,16,151.7,302.922479026425,203.051876471927,103.496575951994
138,176,15,9,162.19,302.922479026425,203.051876471927,103.496575951994
138,176,16,11,175.07,302.922479026425,203.051876471927,103.496575951994
138,176,17,5,168.78,302.922479026425,203.051876471927,103.496575951994
138,176,18,14,147.42,302.922479026425,203.051876471927,103.496575951994
138,176,19,25,142.87,302.922479026425,203.051876471927,103.496575951994
138,176,20,15,129.28,302.922479026425,203.051876471927,103.496575951994
138,176,21,17,127.78,302.922479026425,203.051876471927,103.496575951994
138,176,22,9,131.81,302.922479026425,203.051876471927,103.496575951994
138,176,23,15,135.52,302.922479026425,203.051876471927,103.496575951994
138,177,0,428,63.51,110.892893378824,74.3325822512081,37.8876958851136
138,177,1,85,61.47,110.892893378824,74.3325822512081,37.8876958851136
138,177,2,31,61.84,110.892893378824,74.3325822512081,37.8876958851136
138,177,3,13,54.72,110.892893378824,74.3325822512081,37.8876958851136
138,177,4,57,52.8,110.892893378824,74.3325822512081,37.8876958851136
138,177,5,5,60.88,110.892893378824,74.3325822512081,37.8876958851136
138,177,6,11,56.84,110.892893378824,74.3325822512081,37.8876958851136
138,177,7,113,70.15,110.892893378824,74.3325822512081,37.8876958851136
138,177,8,287,70.11,110.892893378824,74.3325822512081,37.8876958851136
138,177,9,373,66.76,110.892893378824,74.3325822512081,37.8876958851136
138,177,10,450,67.41,110.892893378824,74.3325822512081,37.8876958851136
138,177,11,421,68.09,110.892893378824,74.3325822512081,37.8876958851136
138,177,12,396,68.32,110.892893378824,74.3325822512081,37.8876958851136
138,177,13,367,71.92,110.892893378824,74.3325822512081,37.8876958851136
138,177,14,449,77.75,110.892893378824,74.3325822512081,37.8876958851136
138,177,15,439,84,110.892893378824,74.3325822512081,37.8876958851136
138,177,16,474,89.09,110.892893378824,74.3325822512081,37.8876958851136
138,177,17,520,89.87,110.892893378824,74.3325822512081,37.8876958851136
138,177,18,425,75.63,110.892893378824,74.3325822512081,37.8876958851136
138,177,19,486,70.31,110.892893378824,74.3325822512081,37.8876958851136
138,177,20,516,66.25,110.892893378824,74.3325822512081,37.8876958851136
138,177,21,506,63.3,110.892893378824,74.3325822512081,37.8876958851136
138,177,22,520,65.97,110.892893378824,74.3325822512081,37.8876958851136
138,177,23,657,91.59,110.892893378824,74.3325822512081,37.8876958851136
138,178,0,76,89.31,185.957050424635,124.648814948504,63.5341360434436
138,178,1,18,77.17,185.957050424635,124.648814948504,63.5341360434436
138,178,2,3,67.8,185.957050424635,124.648814948504,63.5341360434436
138,178,7,12,120.49,185.957050424635,124.648814948504,63.5341360434436
138,178,8,28,123.11,185.957050424635,124.648814948504,63.5341360434436
138,178,9,36,113.65,185.957050424635,124.648814948504,63.5341360434436
138,178,10,86,110.7,185.957050424635,124.648814948504,63.5341360434436
138,178,11,59,108.8,185.957050424635,124.648814948504,63.5341360434436
138,178,12,66,114.84,185.957050424635,124.648814948504,63.5341360434436
138,178,13,43,117.64,185.957050424635,124.648814948504,63.5341360434436
138,178,14,62,131.14,185.957050424635,124.648814948504,63.5341360434436
138,178,15,65,145.86,185.957050424635,124.648814948504,63.5341360434436
138,178,16,73,146.38,185.957050424635,124.648814948504,63.5341360434436
138,178,17,91,139.87,185.957050424635,124.648814948504,63.5341360434436
138,178,18,110,122.66,185.957050424635,124.648814948504,63.5341360434436
138,178,19,136,107.06,185.957050424635,124.648814948504,63.5341360434436
138,178,20,124,102.38,185.957050424635,124.648814948504,63.5341360434436
138,178,21,111,92.31,185.957050424635,124.648814948504,63.5341360434436
138,178,22,97,92.94,185.957050424635,124.648814948504,63.5341360434436
138,178,23,153,100.35,185.957050424635,124.648814948504,63.5341360434436
138,179,0,1349,29,43.9611248195144,29.4675684521924,15.0197697722561
138,179,1,340,27.56,43.9611248195144,29.4675684521924,15.0197697722561
138,179,2,101,24.97,43.9611248195144,29.4675684521924,15.0197697722561
138,179,3,27,25.02,43.9611248195144,29.4675684521924,15.0197697722561
138,179,4,37,25.03,43.9611248195144,29.4675684521924,15.0197697722561
138,179,5,39,27.08,43.9611248195144,29.4675684521924,15.0197697722561
138,179,6,49,25.77,43.9611248195144,29.4675684521924,15.0197697722561
138,179,7,294,35.34,43.9611248195144,29.4675684521924,15.0197697722561
138,179,8,746,32.98,43.9611248195144,29.4675684521924,15.0197697722561
138,179,9,1084,31.08,43.9611248195144,29.4675684521924,15.0197697722561
138,179,10,1405,30.76,43.9611248195144,29.4675684521924,15.0197697722561
138,179,11,1096,31.72,43.9611248195144,29.4675684521924,15.0197697722561
138,179,12,1167,31.55,43.9611248195144,29.4675684521924,15.0197697722561
138,179,13,1138,31.95,43.9611248195144,29.4675684521924,15.0197697722561
138,179,14,1381,33.78,43.9611248195144,29.4675684521924,15.0197697722561
138,179,15,1446,35.32,43.9611248195144,29.4675684521924,15.0197697722561
138,179,16,1560,36.62,43.9611248195144,29.4675684521924,15.0197697722561
138,179,17,1671,32.92,43.9611248195144,29.4675684521924,15.0197697722561
138,179,18,1825,32.01,43.9611248195144,29.4675684521924,15.0197697722561
138,179,19,1926,31.27,43.9611248195144,29.4675684521924,15.0197697722561
138,179,20,1826,30.66,43.9611248195144,29.4675684521924,15.0197697722561
138,179,21,1867,29.99,43.9611248195144,29.4675684521924,15.0197697722561
138,179,22,2046,28.74,43.9611248195144,29.4675684521924,15.0197697722561
138,179,23,2222,29.69,43.9611248195144,29.4675684521924,15.0197697722561
138,180,0,76,66.3,109.500715590245,73.3993919734117,37.4120440460774
138,180,1,23,61.55,109.500715590245,73.3993919734117,37.4120440460774
138,180,2,5,52.94,109.500715590245,73.3993919734117,37.4120440460774
138,180,6,4,62.66,109.500715590245,73.3993919734117,37.4120440460774
138,180,7,37,69.93,109.500715590245,73.3993919734117,37.4120440460774
138,180,8,44,69.48,109.500715590245,73.3993919734117,37.4120440460774
138,180,9,61,67.89,109.500715590245,73.3993919734117,37.4120440460774
138,180,10,71,67.73,109.500715590245,73.3993919734117,37.4120440460774
138,180,11,83,69.9,109.500715590245,73.3993919734117,37.4120440460774
138,180,12,67,71.03,109.500715590245,73.3993919734117,37.4120440460774
138,180,13,51,77.16,109.500715590245,73.3993919734117,37.4120440460774
138,180,14,69,80.02,109.500715590245,73.3993919734117,37.4120440460774
138,180,15,81,88.24,109.500715590245,73.3993919734117,37.4120440460774
138,180,16,72,88.85,109.500715590245,73.3993919734117,37.4120440460774
138,180,17,68,84.02,109.500715590245,73.3993919734117,37.4120440460774
138,180,18,95,75.25,109.500715590245,73.3993919734117,37.4120440460774
138,180,19,72,71.45,109.500715590245,73.3993919734117,37.4120440460774
138,180,20,82,66.48,109.500715590245,73.3993919734117,37.4120440460774
138,180,21,81,67.65,109.500715590245,73.3993919734117,37.4120440460774
138,180,22,86,67.66,109.500715590245,73.3993919734117,37.4120440460774
138,180,23,138,71.72,109.500715590245,73.3993919734117,37.4120440460774
138,181,0,1922,70.7,142.056342635465,95.221744617883,48.5350083700834
138,181,1,372,66.86,142.056342635465,95.221744617883,48.5350083700834
138,181,2,89,64.36,142.056342635465,95.221744617883,48.5350083700834
138,181,3,19,61.28,142.056342635465,95.221744617883,48.5350083700834
138,181,4,15,62.93,142.056342635465,95.221744617883,48.5350083700834
138,181,5,20,60.3,142.056342635465,95.221744617883,48.5350083700834
138,181,6,33,79.23,142.056342635465,95.221744617883,48.5350083700834
138,181,7,251,95.61,142.056342635465,95.221744617883,48.5350083700834
138,181,8,783,96.75,142.056342635465,95.221744617883,48.5350083700834
138,181,9,1283,91.44,142.056342635465,95.221744617883,48.5350083700834
138,181,10,1892,89.73,142.056342635465,95.221744617883,48.5350083700834
138,181,11,1903,87.97,142.056342635465,95.221744617883,48.5350083700834
138,181,12,2089,93.2,142.056342635465,95.221744617883,48.5350083700834
138,181,13,2417,95.58,142.056342635465,95.221744617883,48.5350083700834
138,181,14,2936,102.59,142.056342635465,95.221744617883,48.5350083700834
138,181,15,2874,110.09,142.056342635465,95.221744617883,48.5350083700834
138,181,16,3251,113.71,142.056342635465,95.221744617883,48.5350083700834
138,181,17,3364,100.93,142.056342635465,95.221744617883,48.5350083700834
138,181,18,3668,99.44,142.056342635465,95.221744617883,48.5350083700834
138,181,19,3883,84.72,142.056342635465,95.221744617883,48.5350083700834
138,181,20,4202,76.65,142.056342635465,95.221744617883,48.5350083700834
138,181,21,4369,74.08,142.056342635465,95.221744617883,48.5350083700834
138,181,22,3499,84.52,142.056342635465,95.221744617883,48.5350083700834
138,181,23,4036,72.97,142.056342635465,95.221744617883,48.5350083700834
138,182,0,211,58.13,65.7400956898467,44.0662239136864,22.4607788386086
138,182,1,56,48.59,65.7400956898467,44.0662239136864,22.4607788386086
138,182,2,22,60.28,65.7400956898467,44.0662239136864,22.4607788386086
138,182,3,6,45.4,65.7400956898467,44.0662239136864,22.4607788386086
138,182,4,7,42.71,65.7400956898467,44.0662239136864,22.4607788386086
138,182,5,9,40.6,65.7400956898467,44.0662239136864,22.4607788386086
138,182,6,14,47.58,65.7400956898467,44.0662239136864,22.4607788386086
138,182,7,58,57.59,65.7400956898467,44.0662239136864,22.4607788386086
138,182,8,138,61.1,65.7400956898467,44.0662239136864,22.4607788386086
138,182,9,222,58.53,65.7400956898467,44.0662239136864,22.4607788386086
138,182,10,211,57.94,65.7400956898467,44.0662239136864,22.4607788386086
138,182,11,172,57.84,65.7400956898467,44.0662239136864,22.4607788386086
138,182,12,209,59.61,65.7400956898467,44.0662239136864,22.4607788386086
138,182,13,223,59.88,65.7400956898467,44.0662239136864,22.4607788386086
138,182,14,253,62.3,65.7400956898467,44.0662239136864,22.4607788386086
138,182,15,187,72.43,65.7400956898467,44.0662239136864,22.4607788386086
138,182,16,216,73.6,65.7400956898467,44.0662239136864,22.4607788386086
138,182,17,224,68.52,65.7400956898467,44.0662239136864,22.4607788386086
138,182,18,236,65.02,65.7400956898467,44.0662239136864,22.4607788386086
138,182,19,254,54.73,65.7400956898467,44.0662239136864,22.4607788386086
138,182,20,274,57.05,65.7400956898467,44.0662239136864,22.4607788386086
138,182,21,223,58.23,65.7400956898467,44.0662239136864,22.4607788386086
138,182,22,257,57.1,65.7400956898467,44.0662239136864,22.4607788386086
138,182,23,346,58.04,65.7400956898467,44.0662239136864,22.4607788386086
138,183,0,85,55.61,83.7931723772502,56.1673763578704,28.6287978926916
138,183,1,27,53.03,83.7931723772502,56.1673763578704,28.6287978926916
138,183,2,8,51.29,83.7931723772502,56.1673763578704,28.6287978926916
138,183,3,2,48.13,83.7931723772502,56.1673763578704,28.6287978926916
138,183,5,3,45.53,83.7931723772502,56.1673763578704,28.6287978926916
138,183,6,4,48.55,83.7931723772502,56.1673763578704,28.6287978926916
138,183,7,24,69.73,83.7931723772502,56.1673763578704,28.6287978926916
138,183,8,53,62.93,83.7931723772502,56.1673763578704,28.6287978926916
138,183,9,81,59.47,83.7931723772502,56.1673763578704,28.6287978926916
138,183,10,117,60.94,83.7931723772502,56.1673763578704,28.6287978926916
138,183,11,78,55.06,83.7931723772502,56.1673763578704,28.6287978926916
138,183,12,82,56.08,83.7931723772502,56.1673763578704,28.6287978926916
138,183,13,97,60.8,83.7931723772502,56.1673763578704,28.6287978926916
138,183,14,125,60.59,83.7931723772502,56.1673763578704,28.6287978926916
138,183,15,106,67.92,83.7931723772502,56.1673763578704,28.6287978926916
138,183,16,127,66.72,83.7931723772502,56.1673763578704,28.6287978926916
138,183,17,101,62.93,83.7931723772502,56.1673763578704,28.6287978926916
138,183,18,134,59,83.7931723772502,56.1673763578704,28.6287978926916
138,183,19,126,58.85,83.7931723772502,56.1673763578704,28.6287978926916
138,183,20,137,57.41,83.7931723772502,56.1673763578704,28.6287978926916
138,183,21,140,53.92,83.7931723772502,56.1673763578704,28.6287978926916
138,183,22,137,56.81,83.7931723772502,56.1673763578704,28.6287978926916
138,183,23,156,56.37,83.7931723772502,56.1673763578704,28.6287978926916
138,184,0,13,92.16,110.391943511381,73.9967906951321,37.7165412181816
138,184,7,4,68.58,110.391943511381,73.9967906951321,37.7165412181816
138,184,8,9,66.61,110.391943511381,73.9967906951321,37.7165412181816
138,184,9,10,62.63,110.391943511381,73.9967906951321,37.7165412181816
138,184,10,12,71.17,110.391943511381,73.9967906951321,37.7165412181816
138,184,11,9,60.24,110.391943511381,73.9967906951321,37.7165412181816
138,184,12,8,68.36,110.391943511381,73.9967906951321,37.7165412181816
138,184,13,13,66.56,110.391943511381,73.9967906951321,37.7165412181816
138,184,14,10,72.04,110.391943511381,73.9967906951321,37.7165412181816
138,184,15,12,74.33,110.391943511381,73.9967906951321,37.7165412181816
138,184,16,12,105.02,110.391943511381,73.9967906951321,37.7165412181816
138,184,17,15,68.32,110.391943511381,73.9967906951321,37.7165412181816
138,184,18,7,62.02,110.391943511381,73.9967906951321,37.7165412181816
138,184,19,10,55.35,110.391943511381,73.9967906951321,37.7165412181816
138,184,20,8,84.4,110.391943511381,73.9967906951321,37.7165412181816
138,184,21,10,56.83,110.391943511381,73.9967906951321,37.7165412181816
138,184,22,10,63.71,110.391943511381,73.9967906951321,37.7165412181816
138,184,23,11,69.31,110.391943511381,73.9967906951321,37.7165412181816
138,185,0,310,60.12,83.6134950004177,56.0469368690525,28.5674092716227
138,185,1,78,59.96,83.6134950004177,56.0469368690525,28.5674092716227
138,185,2,16,54.69,83.6134950004177,56.0469368690525,28.5674092716227
138,185,3,6,54.78,83.6134950004177,56.0469368690525,28.5674092716227
138,185,4,5,45.99,83.6134950004177,56.0469368690525,28.5674092716227
138,185,6,11,51.11,83.6134950004177,56.0469368690525,28.5674092716227
138,185,7,86,65.26,83.6134950004177,56.0469368690525,28.5674092716227
138,185,8,160,64.11,83.6134950004177,56.0469368690525,28.5674092716227
138,185,9,280,64.07,83.6134950004177,56.0469368690525,28.5674092716227
138,185,10,337,66.32,83.6134950004177,56.0469368690525,28.5674092716227
138,185,11,239,61.41,83.6134950004177,56.0469368690525,28.5674092716227
138,185,12,260,66.08,83.6134950004177,56.0469368690525,28.5674092716227
138,185,13,282,63.3,83.6134950004177,56.0469368690525,28.5674092716227
138,185,14,318,70.28,83.6134950004177,56.0469368690525,28.5674092716227
138,185,15,249,87.26,83.6134950004177,56.0469368690525,28.5674092716227
138,185,16,309,75.39,83.6134950004177,56.0469368690525,28.5674092716227
138,185,17,361,74.02,83.6134950004177,56.0469368690525,28.5674092716227
138,185,18,354,67.7,83.6134950004177,56.0469368690525,28.5674092716227
138,185,19,350,59.73,83.6134950004177,56.0469368690525,28.5674092716227
138,185,20,393,60.2,83.6134950004177,56.0469368690525,28.5674092716227
138,185,21,326,101.26,83.6134950004177,56.0469368690525,28.5674092716227
138,185,22,355,60.23,83.6134950004177,56.0469368690525,28.5674092716227
138,185,23,481,61.78,83.6134950004177,56.0469368690525,28.5674092716227
138,186,0,1369,64.51,99.7015078051554,66.8308879287605,34.0640440691246
138,186,1,287,58.85,99.7015078051554,66.8308879287605,34.0640440691246
138,186,2,98,56.81,99.7015078051554,66.8308879287605,34.0640440691246
138,186,3,27,51.95,99.7015078051554,66.8308879287605,34.0640440691246
138,186,4,22,56.13,99.7015078051554,66.8308879287605,34.0640440691246
138,186,5,52,53.63,99.7015078051554,66.8308879287605,34.0640440691246
138,186,6,68,67.31,99.7015078051554,66.8308879287605,34.0640440691246
138,186,7,698,84.92,99.7015078051554,66.8308879287605,34.0640440691246
138,186,8,1846,108.17,99.7015078051554,66.8308879287605,34.0640440691246
138,186,9,3290,90.17,99.7015078051554,66.8308879287605,34.0640440691246
138,186,10,4620,94.94,99.7015078051554,66.8308879287605,34.0640440691246
138,186,11,4455,92.9,99.7015078051554,66.8308879287605,34.0640440691246
138,186,12,4206,90.77,99.7015078051554,66.8308879287605,34.0640440691246
138,186,13,4493,88.17,99.7015078051554,66.8308879287605,34.0640440691246
138,186,14,4875,88.29,99.7015078051554,66.8308879287605,34.0640440691246
138,186,15,4467,99.6,99.7015078051554,66.8308879287605,34.0640440691246
138,186,16,4117,94.89,99.7015078051554,66.8308879287605,34.0640440691246
138,186,17,4122,92.09,99.7015078051554,66.8308879287605,34.0640440691246
138,186,18,3896,77.15,99.7015078051554,66.8308879287605,34.0640440691246
138,186,19,3479,70.6,99.7015078051554,66.8308879287605,34.0640440691246
138,186,20,3522,76.69,99.7015078051554,66.8308879287605,34.0640440691246
138,186,21,3253,66.54,99.7015078051554,66.8308879287605,34.0640440691246
138,186,22,2586,65.49,99.7015078051554,66.8308879287605,34.0640440691246
138,186,23,2703,65.5,99.7015078051554,66.8308879287605,34.0640440691246
138,187,0,6,112.52,266.010295417558,178.309281698025,90.8851493364878
138,187,1,2,115.54,266.010295417558,178.309281698025,90.8851493364878
138,187,8,6,133.5,266.010295417558,178.309281698025,90.8851493364878
138,187,9,7,129.1,266.010295417558,178.309281698025,90.8851493364878
138,187,10,11,132.71,266.010295417558,178.309281698025,90.8851493364878
138,187,11,6,139.34,266.010295417558,178.309281698025,90.8851493364878
138,187,12,3,142.29,266.010295417558,178.309281698025,90.8851493364878
138,187,13,4,128.26,266.010295417558,178.309281698025,90.8851493364878
138,187,14,8,156.26,266.010295417558,178.309281698025,90.8851493364878
138,187,15,18,174.49,266.010295417558,178.309281698025,90.8851493364878
138,187,16,8,168.87,266.010295417558,178.309281698025,90.8851493364878
138,187,17,13,165.89,266.010295417558,178.309281698025,90.8851493364878
138,187,18,10,138.96,266.010295417558,178.309281698025,90.8851493364878
138,187,19,13,117.26,266.010295417558,178.309281698025,90.8851493364878
138,187,20,13,116.46,266.010295417558,178.309281698025,90.8851493364878
138,187,21,10,117.84,266.010295417558,178.309281698025,90.8851493364878
138,187,22,14,129.53,266.010295417558,178.309281698025,90.8851493364878
138,187,23,12,115.15,266.010295417558,178.309281698025,90.8851493364878
138,188,0,1134,74.6,138.391351819123,92.7650657180458,47.2828266184816
138,188,1,233,70.3,138.391351819123,92.7650657180458,47.2828266184816
138,188,2,61,71.35,138.391351819123,92.7650657180458,47.2828266184816
138,188,3,14,62.23,138.391351819123,92.7650657180458,47.2828266184816
138,188,4,17,62.83,138.391351819123,92.7650657180458,47.2828266184816
138,188,5,21,67.42,138.391351819123,92.7650657180458,47.2828266184816
138,188,6,37,82.45,138.391351819123,92.7650657180458,47.2828266184816
138,188,7,195,93.72,138.391351819123,92.7650657180458,47.2828266184816
138,188,8,510,97.54,138.391351819123,92.7650657180458,47.2828266184816
138,188,9,824,88.82,138.391351819123,92.7650657180458,47.2828266184816
138,188,10,1114,104.93,138.391351819123,92.7650657180458,47.2828266184816
138,188,11,961,110.55,138.391351819123,92.7650657180458,47.2828266184816
138,188,12,918,99.07,138.391351819123,92.7650657180458,47.2828266184816
138,188,13,909,94.35,138.391351819123,92.7650657180458,47.2828266184816
138,188,14,1123,103.5,138.391351819123,92.7650657180458,47.2828266184816
138,188,15,1176,113.14,138.391351819123,92.7650657180458,47.2828266184816
138,188,16,1200,113.21,138.391351819123,92.7650657180458,47.2828266184816
138,188,17,1247,108.66,138.391351819123,92.7650657180458,47.2828266184816
138,188,18,1287,94.84,138.391351819123,92.7650657180458,47.2828266184816
138,188,19,1406,86.68,138.391351819123,92.7650657180458,47.2828266184816
138,188,20,1525,97.95,138.391351819123,92.7650657180458,47.2828266184816
138,188,21,1563,79.21,138.391351819123,92.7650657180458,47.2828266184816
138,188,22,1611,77.57,138.391351819123,92.7650657180458,47.2828266184816
138,188,23,1781,77.65,138.391351819123,92.7650657180458,47.2828266184816
138,189,0,901,63.84,129.265264117858,86.6477605958077,44.1648050310634
138,189,1,158,60.28,129.265264117858,86.6477605958077,44.1648050310634
138,189,2,32,58.57,129.265264117858,86.6477605958077,44.1648050310634
138,189,3,4,59.85,129.265264117858,86.6477605958077,44.1648050310634
138,189,4,11,57.39,129.265264117858,86.6477605958077,44.1648050310634
138,189,5,7,52.92,129.265264117858,86.6477605958077,44.1648050310634
138,189,6,36,75.36,129.265264117858,86.6477605958077,44.1648050310634
138,189,7,149,87.3,129.265264117858,86.6477605958077,44.1648050310634
138,189,8,362,89.97,129.265264117858,86.6477605958077,44.1648050310634
138,189,9,661,83.46,129.265264117858,86.6477605958077,44.1648050310634
138,189,10,849,80.59,129.265264117858,86.6477605958077,44.1648050310634
138,189,11,891,80.35,129.265264117858,86.6477605958077,44.1648050310634
138,189,12,955,78.36,129.265264117858,86.6477605958077,44.1648050310634
138,189,13,1023,81.21,129.265264117858,86.6477605958077,44.1648050310634
138,189,14,1326,89.64,129.265264117858,86.6477605958077,44.1648050310634
138,189,15,1256,94.19,129.265264117858,86.6477605958077,44.1648050310634
138,189,16,1447,95.88,129.265264117858,86.6477605958077,44.1648050310634
138,189,17,1421,91.27,129.265264117858,86.6477605958077,44.1648050310634
138,189,18,1608,82.29,129.265264117858,86.6477605958077,44.1648050310634
138,189,19,1698,90.37,129.265264117858,86.6477605958077,44.1648050310634
138,189,20,1833,68.17,129.265264117858,86.6477605958077,44.1648050310634
138,189,21,1867,67.06,129.265264117858,86.6477605958077,44.1648050310634
138,189,22,1509,66.26,129.265264117858,86.6477605958077,44.1648050310634
138,189,23,1809,65.64,129.265264117858,86.6477605958077,44.1648050310634
138,190,0,69,73.01,143.976863758996,96.5090885587826,49.191174135555
138,190,1,10,75.22,143.976863758996,96.5090885587826,49.191174135555
138,190,2,5,64.59,143.976863758996,96.5090885587826,49.191174135555
138,190,4,3,61.45,143.976863758996,96.5090885587826,49.191174135555
138,190,7,21,95.38,143.976863758996,96.5090885587826,49.191174135555
138,190,8,78,97.53,143.976863758996,96.5090885587826,49.191174135555
138,190,9,213,95.65,143.976863758996,96.5090885587826,49.191174135555
138,190,10,155,93.56,143.976863758996,96.5090885587826,49.191174135555
138,190,11,135,88.51,143.976863758996,96.5090885587826,49.191174135555
138,190,12,124,86.24,143.976863758996,96.5090885587826,49.191174135555
138,190,13,127,90.45,143.976863758996,96.5090885587826,49.191174135555
138,190,14,129,103.01,143.976863758996,96.5090885587826,49.191174135555
138,190,15,140,105.15,143.976863758996,96.5090885587826,49.191174135555
138,190,16,149,109.68,143.976863758996,96.5090885587826,49.191174135555
138,190,17,124,104.78,143.976863758996,96.5090885587826,49.191174135555
138,190,18,110,91.42,143.976863758996,96.5090885587826,49.191174135555
138,190,19,112,82.57,143.976863758996,96.5090885587826,49.191174135555
138,190,20,110,76.86,143.976863758996,96.5090885587826,49.191174135555
138,190,21,107,75.4,143.976863758996,96.5090885587826,49.191174135555
138,190,22,128,77.41,143.976863758996,96.5090885587826,49.191174135555
138,190,23,116,74.41,143.976863758996,96.5090885587826,49.191174135555
138,191,0,303,59.42,124.686004495862,83.5782384458279,42.6002539525333
138,191,1,90,56.61,124.686004495862,83.5782384458279,42.6002539525333
138,191,2,30,53.82,124.686004495862,83.5782384458279,42.6002539525333
138,191,3,8,60.81,124.686004495862,83.5782384458279,42.6002539525333
138,191,4,3,50.72,124.686004495862,83.5782384458279,42.6002539525333
138,191,5,11,53.99,124.686004495862,83.5782384458279,42.6002539525333
138,191,6,19,53.75,124.686004495862,83.5782384458279,42.6002539525333
138,191,7,91,66.66,124.686004495862,83.5782384458279,42.6002539525333
138,191,8,197,66.22,124.686004495862,83.5782384458279,42.6002539525333
138,191,9,279,58.38,124.686004495862,83.5782384458279,42.6002539525333
138,191,10,301,60.13,124.686004495862,83.5782384458279,42.6002539525333
138,191,11,253,62.39,124.686004495862,83.5782384458279,42.6002539525333
138,191,12,274,86.97,124.686004495862,83.5782384458279,42.6002539525333
138,191,13,258,70.74,124.686004495862,83.5782384458279,42.6002539525333
138,191,14,291,80.39,124.686004495862,83.5782384458279,42.6002539525333
138,191,15,280,87.61,124.686004495862,83.5782384458279,42.6002539525333
138,191,16,297,84.65,124.686004495862,83.5782384458279,42.6002539525333
138,191,17,325,77.47,124.686004495862,83.5782384458279,42.6002539525333
138,191,18,364,106.77,124.686004495862,83.5782384458279,42.6002539525333
138,191,19,325,66.7,124.686004495862,83.5782384458279,42.6002539525333
138,191,20,297,62.91,124.686004495862,83.5782384458279,42.6002539525333
138,191,21,310,59.12,124.686004495862,83.5782384458279,42.6002539525333
138,191,22,395,60.27,124.686004495862,83.5782384458279,42.6002539525333
138,191,23,497,59.07,124.686004495862,83.5782384458279,42.6002539525333
138,192,0,189,35.54,58.8081432155278,39.4196689203151,20.0924060850918
138,192,1,38,34.57,58.8081432155278,39.4196689203151,20.0924060850918
138,192,2,9,31.49,58.8081432155278,39.4196689203151,20.0924060850918
138,192,3,4,48.16,58.8081432155278,39.4196689203151,20.0924060850918
138,192,4,11,29.21,58.8081432155278,39.4196689203151,20.0924060850918
138,192,5,11,31.6,58.8081432155278,39.4196689203151,20.0924060850918
138,192,6,7,32.38,58.8081432155278,39.4196689203151,20.0924060850918
138,192,7,74,37.58,58.8081432155278,39.4196689203151,20.0924060850918
138,192,8,150,35.22,58.8081432155278,39.4196689203151,20.0924060850918
138,192,9,241,37.37,58.8081432155278,39.4196689203151,20.0924060850918
138,192,10,236,35.82,58.8081432155278,39.4196689203151,20.0924060850918
138,192,11,192,37.6,58.8081432155278,39.4196689203151,20.0924060850918
138,192,12,205,37.5,58.8081432155278,39.4196689203151,20.0924060850918
138,192,13,189,38.92,58.8081432155278,39.4196689203151,20.0924060850918
138,192,14,204,43.67,58.8081432155278,39.4196689203151,20.0924060850918
138,192,15,218,42.33,58.8081432155278,39.4196689203151,20.0924060850918
138,192,16,218,42.8,58.8081432155278,39.4196689203151,20.0924060850918
138,192,17,264,44.4,58.8081432155278,39.4196689203151,20.0924060850918
138,192,18,252,39.7,58.8081432155278,39.4196689203151,20.0924060850918
138,192,19,257,38.55,58.8081432155278,39.4196689203151,20.0924060850918
138,192,20,252,37.18,58.8081432155278,39.4196689203151,20.0924060850918
138,192,21,248,40.45,58.8081432155278,39.4196689203151,20.0924060850918
138,192,22,238,35.6,58.8081432155278,39.4196689203151,20.0924060850918
138,192,23,300,37.78,58.8081432155278,39.4196689203151,20.0924060850918
138,193,0,417,40.13,57.3262232659811,38.4263236013948,19.5860929151152
138,193,1,93,37.78,57.3262232659811,38.4263236013948,19.5860929151152
138,193,2,26,35.68,57.3262232659811,38.4263236013948,19.5860929151152
138,193,3,12,32.18,57.3262232659811,38.4263236013948,19.5860929151152
138,193,4,6,32.01,57.3262232659811,38.4263236013948,19.5860929151152
138,193,5,6,34.42,57.3262232659811,38.4263236013948,19.5860929151152
138,193,6,15,40.69,57.3262232659811,38.4263236013948,19.5860929151152
138,193,7,104,46.97,57.3262232659811,38.4263236013948,19.5860929151152
138,193,8,236,50.08,57.3262232659811,38.4263236013948,19.5860929151152
138,193,9,368,48.1,57.3262232659811,38.4263236013948,19.5860929151152
138,193,10,482,48.84,57.3262232659811,38.4263236013948,19.5860929151152
138,193,11,475,47.7,57.3262232659811,38.4263236013948,19.5860929151152
138,193,12,518,156.99,57.3262232659811,38.4263236013948,19.5860929151152
138,193,13,438,50.49,57.3262232659811,38.4263236013948,19.5860929151152
138,193,14,572,50.52,57.3262232659811,38.4263236013948,19.5860929151152
138,193,15,506,48.97,57.3262232659811,38.4263236013948,19.5860929151152
138,193,16,570,79.27,57.3262232659811,38.4263236013948,19.5860929151152
138,193,17,568,48.15,57.3262232659811,38.4263236013948,19.5860929151152
138,193,18,548,47.66,57.3262232659811,38.4263236013948,19.5860929151152
138,193,19,532,47.24,57.3262232659811,38.4263236013948,19.5860929151152
138,193,20,532,62.99,57.3262232659811,38.4263236013948,19.5860929151152
138,193,21,580,58.8,57.3262232659811,38.4263236013948,19.5860929151152
138,193,22,580,40.7,57.3262232659811,38.4263236013948,19.5860929151152
138,193,23,670,42,57.3262232659811,38.4263236013948,19.5860929151152
138,194,0,18,57.36,43.2551311875431,28.9943340715359,14.778559797388
138,194,1,4,42.12,43.2551311875431,28.9943340715359,14.778559797388
138,194,2,2,32.56,43.2551311875431,28.9943340715359,14.778559797388
138,194,5,2,41.9,43.2551311875431,28.9943340715359,14.778559797388
138,194,6,6,39.18,43.2551311875431,28.9943340715359,14.778559797388
138,194,7,8,40.22,43.2551311875431,28.9943340715359,14.778559797388
138,194,8,46,61.71,43.2551311875431,28.9943340715359,14.778559797388
138,194,9,59,63.29,43.2551311875431,28.9943340715359,14.778559797388
138,194,10,78,59.37,43.2551311875431,28.9943340715359,14.778559797388
138,194,11,53,54.78,43.2551311875431,28.9943340715359,14.778559797388
138,194,12,38,72.02,43.2551311875431,28.9943340715359,14.778559797388
138,194,13,32,46.91,43.2551311875431,28.9943340715359,14.778559797388
138,194,14,60,64.9,43.2551311875431,28.9943340715359,14.778559797388
138,194,15,61,68.67,43.2551311875431,28.9943340715359,14.778559797388
138,194,16,59,73.1,43.2551311875431,28.9943340715359,14.778559797388
138,194,17,53,60.54,43.2551311875431,28.9943340715359,14.778559797388
138,194,18,48,57.69,43.2551311875431,28.9943340715359,14.778559797388
138,194,19,36,49.46,43.2551311875431,28.9943340715359,14.778559797388
138,194,20,30,54.68,43.2551311875431,28.9943340715359,14.778559797388
138,194,21,24,71.27,43.2551311875431,28.9943340715359,14.778559797388
138,194,22,28,77.95,43.2551311875431,28.9943340715359,14.778559797388
138,194,23,38,61.04,43.2551311875431,28.9943340715359,14.778559797388
138,195,0,119,69.27,152.691108383,102.350331270866,52.1684853060272
138,195,1,43,60.3,152.691108383,102.350331270866,52.1684853060272
138,195,2,5,63.8,152.691108383,102.350331270866,52.1684853060272
138,195,3,2,52.43,152.691108383,102.350331270866,52.1684853060272
138,195,4,4,55.06,152.691108383,102.350331270866,52.1684853060272
138,195,5,2,52.49,152.691108383,102.350331270866,52.1684853060272
138,195,6,6,60.83,152.691108383,102.350331270866,52.1684853060272
138,195,7,54,94.55,152.691108383,102.350331270866,52.1684853060272
138,195,8,188,100.32,152.691108383,102.350331270866,52.1684853060272
138,195,9,353,97.12,152.691108383,102.350331270866,52.1684853060272
138,195,10,485,108.23,152.691108383,102.350331270866,52.1684853060272
138,195,11,377,97.66,152.691108383,102.350331270866,52.1684853060272
138,195,12,359,90.84,152.691108383,102.350331270866,52.1684853060272
138,195,13,249,99.32,152.691108383,102.350331270866,52.1684853060272
138,195,14,265,106.01,152.691108383,102.350331270866,52.1684853060272
138,195,15,243,110.1,152.691108383,102.350331270866,52.1684853060272
138,195,16,240,112.38,152.691108383,102.350331270866,52.1684853060272
138,195,17,216,105.06,152.691108383,102.350331270866,52.1684853060272
138,195,18,224,90.99,152.691108383,102.350331270866,52.1684853060272
138,195,19,229,82.62,152.691108383,102.350331270866,52.1684853060272
138,195,20,226,76.9,152.691108383,102.350331270866,52.1684853060272
138,195,21,228,72.73,152.691108383,102.350331270866,52.1684853060272
138,195,22,192,71.66,152.691108383,102.350331270866,52.1684853060272
138,195,23,226,71.9,152.691108383,102.350331270866,52.1684853060272
138,196,0,555,37.95,54.4444951794882,36.494673308142,18.6015209192196
138,196,1,134,36.36,54.4444951794882,36.494673308142,18.6015209192196
138,196,2,45,37.65,54.4444951794882,36.494673308142,18.6015209192196
138,196,3,15,32.59,54.4444951794882,36.494673308142,18.6015209192196
138,196,4,17,37.81,54.4444951794882,36.494673308142,18.6015209192196
138,196,5,9,36.08,54.4444951794882,36.494673308142,18.6015209192196
138,196,6,19,35.64,54.4444951794882,36.494673308142,18.6015209192196
138,196,7,89,46.1,54.4444951794882,36.494673308142,18.6015209192196
138,196,8,211,41.51,54.4444951794882,36.494673308142,18.6015209192196
138,196,9,383,40.04,54.4444951794882,36.494673308142,18.6015209192196
138,196,10,517,39.26,54.4444951794882,36.494673308142,18.6015209192196
138,196,11,441,40.84,54.4444951794882,36.494673308142,18.6015209192196
138,196,12,428,41.27,54.4444951794882,36.494673308142,18.6015209192196
138,196,13,432,41.89,54.4444951794882,36.494673308142,18.6015209192196
138,196,14,528,56.1,54.4444951794882,36.494673308142,18.6015209192196
138,196,15,505,47.68,54.4444951794882,36.494673308142,18.6015209192196
138,196,16,535,48.96,54.4444951794882,36.494673308142,18.6015209192196
138,196,17,587,49.29,54.4444951794882,36.494673308142,18.6015209192196
138,196,18,597,45.1,54.4444951794882,36.494673308142,18.6015209192196
138,196,19,591,42.15,54.4444951794882,36.494673308142,18.6015209192196
138,196,20,611,39.73,54.4444951794882,36.494673308142,18.6015209192196
138,196,21,668,39.7,54.4444951794882,36.494673308142,18.6015209192196
138,196,22,718,39.5,54.4444951794882,36.494673308142,18.6015209192196
138,196,23,843,39.31,54.4444951794882,36.494673308142,18.6015209192196
138,197,0,366,90.31,93.8670623855504,62.9200025615491,32.0706458721713
138,197,1,93,49.86,93.8670623855504,62.9200025615491,32.0706458721713
138,197,2,34,43.67,93.8670623855504,62.9200025615491,32.0706458721713
138,197,3,13,42.26,93.8670623855504,62.9200025615491,32.0706458721713
138,197,4,24,41.53,93.8670623855504,62.9200025615491,32.0706458721713
138,197,5,50,45.21,93.8670623855504,62.9200025615491,32.0706458721713
138,197,6,40,51.53,93.8670623855504,62.9200025615491,32.0706458721713
138,197,7,128,53.75,93.8670623855504,62.9200025615491,32.0706458721713
138,197,8,249,54.55,93.8670623855504,62.9200025615491,32.0706458721713
138,197,9,310,58.61,93.8670623855504,62.9200025615491,32.0706458721713
138,197,10,390,53.4,93.8670623855504,62.9200025615491,32.0706458721713
138,197,11,327,57.88,93.8670623855504,62.9200025615491,32.0706458721713
138,197,12,366,57.41,93.8670623855504,62.9200025615491,32.0706458721713
138,197,13,311,60.07,93.8670623855504,62.9200025615491,32.0706458721713
138,197,14,369,64.49,93.8670623855504,62.9200025615491,32.0706458721713
138,197,15,341,71.47,93.8670623855504,62.9200025615491,32.0706458721713
138,197,16,360,71.52,93.8670623855504,62.9200025615491,32.0706458721713
138,197,17,382,68.52,93.8670623855504,62.9200025615491,32.0706458721713
138,197,18,386,61.29,93.8670623855504,62.9200025615491,32.0706458721713
138,197,19,420,56.08,93.8670623855504,62.9200025615491,32.0706458721713
138,197,20,386,56.98,93.8670623855504,62.9200025615491,32.0706458721713
138,197,21,424,54.86,93.8670623855504,62.9200025615491,32.0706458721713
138,197,22,567,51.85,93.8670623855504,62.9200025615491,32.0706458721713
138,197,23,586,54.1,93.8670623855504,62.9200025615491,32.0706458721713
138,198,0,1127,74.72,77.8128112570256,52.1586822809431,26.5855460980775
138,198,1,219,49.97,77.8128112570256,52.1586822809431,26.5855460980775
138,198,2,63,47.97,77.8128112570256,52.1586822809431,26.5855460980775
138,198,3,16,45.36,77.8128112570256,52.1586822809431,26.5855460980775
138,198,4,17,40.91,77.8128112570256,52.1586822809431,26.5855460980775
138,198,5,31,41.85,77.8128112570256,52.1586822809431,26.5855460980775
138,198,6,35,46.62,77.8128112570256,52.1586822809431,26.5855460980775
138,198,7,226,57.93,77.8128112570256,52.1586822809431,26.5855460980775
138,198,8,466,60.02,77.8128112570256,52.1586822809431,26.5855460980775
138,198,9,832,70.13,77.8128112570256,52.1586822809431,26.5855460980775
138,198,10,998,57.76,77.8128112570256,52.1586822809431,26.5855460980775
138,198,11,916,57.28,77.8128112570256,52.1586822809431,26.5855460980775
138,198,12,907,58.17,77.8128112570256,52.1586822809431,26.5855460980775
138,198,13,931,58.7,77.8128112570256,52.1586822809431,26.5855460980775
138,198,14,1203,62.67,77.8128112570256,52.1586822809431,26.5855460980775
138,198,15,1141,64.31,77.8128112570256,52.1586822809431,26.5855460980775
138,198,16,1299,69.01,77.8128112570256,52.1586822809431,26.5855460980775
138,198,17,1330,66.51,77.8128112570256,52.1586822809431,26.5855460980775
138,198,18,1363,58.12,77.8128112570256,52.1586822809431,26.5855460980775
138,198,19,1418,56.28,77.8128112570256,52.1586822809431,26.5855460980775
138,198,20,1505,53.45,77.8128112570256,52.1586822809431,26.5855460980775
138,198,21,1383,53.01,77.8128112570256,52.1586822809431,26.5855460980775
138,198,22,1503,52.35,77.8128112570256,52.1586822809431,26.5855460980775
138,198,23,1751,69.62,77.8128112570256,52.1586822809431,26.5855460980775
138,200,0,308,73.39,132.597146275691,88.8811535302175,45.3031767884834
138,200,1,65,77.21,132.597146275691,88.8811535302175,45.3031767884834
138,200,2,23,63.89,132.597146275691,88.8811535302175,45.3031767884834
138,200,3,5,63.85,132.597146275691,88.8811535302175,45.3031767884834
138,200,5,2,65.58,132.597146275691,88.8811535302175,45.3031767884834
138,200,6,5,60.88,132.597146275691,88.8811535302175,45.3031767884834
138,200,7,63,77.74,132.597146275691,88.8811535302175,45.3031767884834
138,200,8,155,82.3,132.597146275691,88.8811535302175,45.3031767884834
138,200,9,274,75.5,132.597146275691,88.8811535302175,45.3031767884834
138,200,10,366,77.8,132.597146275691,88.8811535302175,45.3031767884834
138,200,11,280,78.64,132.597146275691,88.8811535302175,45.3031767884834
138,200,12,330,84.18,132.597146275691,88.8811535302175,45.3031767884834
138,200,13,398,83.71,132.597146275691,88.8811535302175,45.3031767884834
138,200,14,504,103.28,132.597146275691,88.8811535302175,45.3031767884834
138,200,15,424,104.33,132.597146275691,88.8811535302175,45.3031767884834
138,200,16,450,104.9,132.597146275691,88.8811535302175,45.3031767884834
138,200,17,467,96.44,132.597146275691,88.8811535302175,45.3031767884834
138,200,18,545,91.31,132.597146275691,88.8811535302175,45.3031767884834
138,200,19,563,77.66,132.597146275691,88.8811535302175,45.3031767884834
138,200,20,541,72.58,132.597146275691,88.8811535302175,45.3031767884834
138,200,21,567,72.76,132.597146275691,88.8811535302175,45.3031767884834
138,200,22,489,74.11,132.597146275691,88.8811535302175,45.3031767884834
138,200,23,553,74.63,132.597146275691,88.8811535302175,45.3031767884834
138,201,0,52,109.87,212.191293850701,142.233882826611,72.4973347337993
138,201,1,16,98.71,212.191293850701,142.233882826611,72.4973347337993
138,201,2,3,84.24,212.191293850701,142.233882826611,72.4973347337993
138,201,5,2,82.59,212.191293850701,142.233882826611,72.4973347337993
138,201,7,14,109.79,212.191293850701,142.233882826611,72.4973347337993
138,201,8,30,108.36,212.191293850701,142.233882826611,72.4973347337993
138,201,9,36,110.45,212.191293850701,142.233882826611,72.4973347337993
138,201,10,51,227.59,212.191293850701,142.233882826611,72.4973347337993
138,201,11,53,120.79,212.191293850701,142.233882826611,72.4973347337993
138,201,12,58,117.95,212.191293850701,142.233882826611,72.4973347337993
138,201,13,64,122.08,212.191293850701,142.233882826611,72.4973347337993
138,201,14,96,125.16,212.191293850701,142.233882826611,72.4973347337993
138,201,15,88,137.62,212.191293850701,142.233882826611,72.4973347337993
138,201,16,78,134.77,212.191293850701,142.233882826611,72.4973347337993
138,201,17,81,131.89,212.191293850701,142.233882826611,72.4973347337993
138,201,18,84,122.8,212.191293850701,142.233882826611,72.4973347337993
138,201,19,90,117.68,212.191293850701,142.233882826611,72.4973347337993
138,201,20,89,112.12,212.191293850701,142.233882826611,72.4973347337993
138,201,21,102,106.28,212.191293850701,142.233882826611,72.4973347337993
138,201,22,79,108.17,212.191293850701,142.233882826611,72.4973347337993
138,201,23,87,112.93,212.191293850701,142.233882826611,72.4973347337993
138,202,0,482,47.33,62.9874038036355,42.2210678373179,21.520293385732
138,202,1,89,43.92,62.9874038036355,42.2210678373179,21.520293385732
138,202,2,29,41.44,62.9874038036355,42.2210678373179,21.520293385732
138,202,3,15,38.3,62.9874038036355,42.2210678373179,21.520293385732
138,202,4,7,32.74,62.9874038036355,42.2210678373179,21.520293385732
138,202,5,9,36.52,62.9874038036355,42.2210678373179,21.520293385732
138,202,6,6,55.08,62.9874038036355,42.2210678373179,21.520293385732
138,202,7,109,54.31,62.9874038036355,42.2210678373179,21.520293385732
138,202,8,288,59.61,62.9874038036355,42.2210678373179,21.520293385732
138,202,9,397,54.11,62.9874038036355,42.2210678373179,21.520293385732
138,202,10,565,54.78,62.9874038036355,42.2210678373179,21.520293385732
138,202,11,488,53.89,62.9874038036355,42.2210678373179,21.520293385732
138,202,12,503,53.88,62.9874038036355,42.2210678373179,21.520293385732
138,202,13,511,55.29,62.9874038036355,42.2210678373179,21.520293385732
138,202,14,643,56.74,62.9874038036355,42.2210678373179,21.520293385732
138,202,15,653,56.52,62.9874038036355,42.2210678373179,21.520293385732
138,202,16,705,55.66,62.9874038036355,42.2210678373179,21.520293385732
138,202,17,765,52.97,62.9874038036355,42.2210678373179,21.520293385732
138,202,18,751,52.74,62.9874038036355,42.2210678373179,21.520293385732
138,202,19,854,49.23,62.9874038036355,42.2210678373179,21.520293385732
138,202,20,857,49.09,62.9874038036355,42.2210678373179,21.520293385732
138,202,21,889,48.88,62.9874038036355,42.2210678373179,21.520293385732
138,202,22,768,47.58,62.9874038036355,42.2210678373179,21.520293385732
138,202,23,840,48.58,62.9874038036355,42.2210678373179,21.520293385732
138,203,0,171,74.33,166.081271509748,111.325887518424,56.7433720543169
138,203,1,35,73.45,166.081271509748,111.325887518424,56.7433720543169
138,203,2,12,71.73,166.081271509748,111.325887518424,56.7433720543169
138,203,4,6,62.13,166.081271509748,111.325887518424,56.7433720543169
138,203,5,3,72.04,166.081271509748,111.325887518424,56.7433720543169
138,203,6,6,72.14,166.081271509748,111.325887518424,56.7433720543169
138,203,7,27,79.75,166.081271509748,111.325887518424,56.7433720543169
138,203,8,70,80.25,166.081271509748,111.325887518424,56.7433720543169
138,203,9,122,78.29,166.081271509748,111.325887518424,56.7433720543169
138,203,10,131,80.17,166.081271509748,111.325887518424,56.7433720543169
138,203,11,135,83.45,166.081271509748,111.325887518424,56.7433720543169
138,203,12,102,84.09,166.081271509748,111.325887518424,56.7433720543169
138,203,13,88,90.47,166.081271509748,111.325887518424,56.7433720543169
138,203,14,116,103.05,166.081271509748,111.325887518424,56.7433720543169
138,203,15,96,103.18,166.081271509748,111.325887518424,56.7433720543169
138,203,16,101,110.77,166.081271509748,111.325887518424,56.7433720543169
138,203,17,137,103.07,166.081271509748,111.325887518424,56.7433720543169
138,203,18,133,91.41,166.081271509748,111.325887518424,56.7433720543169
138,203,19,125,79.7,166.081271509748,111.325887518424,56.7433720543169
138,203,20,130,76.55,166.081271509748,111.325887518424,56.7433720543169
138,203,21,128,71.89,166.081271509748,111.325887518424,56.7433720543169
138,203,22,196,77.42,166.081271509748,111.325887518424,56.7433720543169
138,203,23,230,76.52,166.081271509748,111.325887518424,56.7433720543169
138,204,0,7,136.04,367.191698707434,246.132157927292,125.45481489639
138,204,7,3,139.53,367.191698707434,246.132157927292,125.45481489639
138,204,9,4,150.1,367.191698707434,246.132157927292,125.45481489639
138,204,11,5,140.54,367.191698707434,246.132157927292,125.45481489639
138,204,12,5,144.38,367.191698707434,246.132157927292,125.45481489639
138,204,13,5,187.33,367.191698707434,246.132157927292,125.45481489639
138,204,14,5,187.86,367.191698707434,246.132157927292,125.45481489639
138,204,15,6,174.7,367.191698707434,246.132157927292,125.45481489639
138,204,16,3,205.08,367.191698707434,246.132157927292,125.45481489639
138,204,17,7,176.11,367.191698707434,246.132157927292,125.45481489639
138,204,18,15,168.07,367.191698707434,246.132157927292,125.45481489639
138,204,19,6,158.85,367.191698707434,246.132157927292,125.45481489639
138,204,20,9,153.86,367.191698707434,246.132157927292,125.45481489639
138,204,21,8,136.08,367.191698707434,246.132157927292,125.45481489639
138,204,22,6,153.2,367.191698707434,246.132157927292,125.45481489639
138,204,23,7,170.58,367.191698707434,246.132157927292,125.45481489639
138,205,0,394,62.38,127.14952611396,85.2295608861161,43.4419414135509
138,205,1,106,63.56,127.14952611396,85.2295608861161,43.4419414135509
138,205,2,32,59.25,127.14952611396,85.2295608861161,43.4419414135509
138,205,3,6,64.46,127.14952611396,85.2295608861161,43.4419414135509
138,205,4,11,51.71,127.14952611396,85.2295608861161,43.4419414135509
138,205,5,14,53.54,127.14952611396,85.2295608861161,43.4419414135509
138,205,6,17,67.19,127.14952611396,85.2295608861161,43.4419414135509
138,205,7,111,67.9,127.14952611396,85.2295608861161,43.4419414135509
138,205,8,222,67.56,127.14952611396,85.2295608861161,43.4419414135509
138,205,9,298,65.37,127.14952611396,85.2295608861161,43.4419414135509
138,205,10,406,64.54,127.14952611396,85.2295608861161,43.4419414135509
138,205,11,272,65.63,127.14952611396,85.2295608861161,43.4419414135509
138,205,12,305,67.75,127.14952611396,85.2295608861161,43.4419414135509
138,205,13,287,71.9,127.14952611396,85.2295608861161,43.4419414135509
138,205,14,340,79.89,127.14952611396,85.2295608861161,43.4419414135509
138,205,15,291,83.88,127.14952611396,85.2295608861161,43.4419414135509
138,205,16,312,88.13,127.14952611396,85.2295608861161,43.4419414135509
138,205,17,346,83.41,127.14952611396,85.2295608861161,43.4419414135509
138,205,18,315,73.87,127.14952611396,85.2295608861161,43.4419414135509
138,205,19,346,68.82,127.14952611396,85.2295608861161,43.4419414135509
138,205,20,292,65.32,127.14952611396,85.2295608861161,43.4419414135509
138,205,21,341,63.09,127.14952611396,85.2295608861161,43.4419414135509
138,205,22,374,63.9,127.14952611396,85.2295608861161,43.4419414135509
138,205,23,571,63.74,127.14952611396,85.2295608861161,43.4419414135509
138,206,0,33,114.8,234.49310911442,157.183005957329,80.1169789567276
138,206,1,9,98.66,234.49310911442,157.183005957329,80.1169789567276
138,206,6,2,122.29,234.49310911442,157.183005957329,80.1169789567276
138,206,7,2,134.27,234.49310911442,157.183005957329,80.1169789567276
138,206,8,14,134.32,234.49310911442,157.183005957329,80.1169789567276
138,206,9,22,123.51,234.49310911442,157.183005957329,80.1169789567276
138,206,10,23,134.98,234.49310911442,157.183005957329,80.1169789567276
138,206,11,35,133.57,234.49310911442,157.183005957329,80.1169789567276
138,206,12,25,135,234.49310911442,157.183005957329,80.1169789567276
138,206,13,19,137.02,234.49310911442,157.183005957329,80.1169789567276
138,206,14,30,145.13,234.49310911442,157.183005957329,80.1169789567276
138,206,15,21,151.57,234.49310911442,157.183005957329,80.1169789567276
138,206,16,35,163.36,234.49310911442,157.183005957329,80.1169789567276
138,206,17,18,153.4,234.49310911442,157.183005957329,80.1169789567276
138,206,18,33,137.06,234.49310911442,157.183005957329,80.1169789567276
138,206,19,44,122.93,234.49310911442,157.183005957329,80.1169789567276
138,206,20,47,112.07,234.49310911442,157.183005957329,80.1169789567276
138,206,21,41,114.11,234.49310911442,157.183005957329,80.1169789567276
138,206,22,41,112.89,234.49310911442,157.183005957329,80.1169789567276
138,206,23,52,120.96,234.49310911442,157.183005957329,80.1169789567276
138,207,0,13,31.38,24.5179244609116,16.4346026250194,8.37680068943526
138,207,1,3,30.34,24.5179244609116,16.4346026250194,8.37680068943526
138,207,5,5,31.8,24.5179244609116,16.4346026250194,8.37680068943526
138,207,6,2,16.91,24.5179244609116,16.4346026250194,8.37680068943526
138,207,7,5,20.57,24.5179244609116,16.4346026250194,8.37680068943526
138,207,8,11,26.34,24.5179244609116,16.4346026250194,8.37680068943526
138,207,9,23,25.98,24.5179244609116,16.4346026250194,8.37680068943526
138,207,10,22,19.99,24.5179244609116,16.4346026250194,8.37680068943526
138,207,11,17,24.03,24.5179244609116,16.4346026250194,8.37680068943526
138,207,12,22,22.91,24.5179244609116,16.4346026250194,8.37680068943526
138,207,13,26,36.15,24.5179244609116,16.4346026250194,8.37680068943526
138,207,14,37,32.32,24.5179244609116,16.4346026250194,8.37680068943526
138,207,15,25,45.23,24.5179244609116,16.4346026250194,8.37680068943526
138,207,16,21,36.24,24.5179244609116,16.4346026250194,8.37680068943526
138,207,17,24,36.35,24.5179244609116,16.4346026250194,8.37680068943526
138,207,18,21,32.07,24.5179244609116,16.4346026250194,8.37680068943526
138,207,19,23,28.76,24.5179244609116,16.4346026250194,8.37680068943526
138,207,20,18,36.64,24.5179244609116,16.4346026250194,8.37680068943526
138,207,21,14,37.86,24.5179244609116,16.4346026250194,8.37680068943526
138,207,22,17,30.43,24.5179244609116,16.4346026250194,8.37680068943526
138,207,23,22,40.67,24.5179244609116,16.4346026250194,8.37680068943526
138,208,0,345,53.1,63.6956437324367,42.6958079325317,21.7622708309813
138,208,1,88,50.77,63.6956437324367,42.6958079325317,21.7622708309813
138,208,2,23,53.21,63.6956437324367,42.6958079325317,21.7622708309813
138,208,3,5,48.37,63.6956437324367,42.6958079325317,21.7622708309813
138,208,4,5,44.21,63.6956437324367,42.6958079325317,21.7622708309813
138,208,5,5,38.12,63.6956437324367,42.6958079325317,21.7622708309813
138,208,6,13,57.73,63.6956437324367,42.6958079325317,21.7622708309813
138,208,7,96,59.4,63.6956437324367,42.6958079325317,21.7622708309813
138,208,8,231,59.85,63.6956437324367,42.6958079325317,21.7622708309813
138,208,9,379,59.21,63.6956437324367,42.6958079325317,21.7622708309813
138,208,10,433,55.52,63.6956437324367,42.6958079325317,21.7622708309813
138,208,11,307,59.35,63.6956437324367,42.6958079325317,21.7622708309813
138,208,12,342,60.95,63.6956437324367,42.6958079325317,21.7622708309813
138,208,13,370,59.78,63.6956437324367,42.6958079325317,21.7622708309813
138,208,14,534,61.72,63.6956437324367,42.6958079325317,21.7622708309813
138,208,15,353,65.49,63.6956437324367,42.6958079325317,21.7622708309813
138,208,16,398,69.63,63.6956437324367,42.6958079325317,21.7622708309813
138,208,17,457,65.33,63.6956437324367,42.6958079325317,21.7622708309813
138,208,18,439,62.44,63.6956437324367,42.6958079325317,21.7622708309813
138,208,19,518,56.72,63.6956437324367,42.6958079325317,21.7622708309813
138,208,20,418,54.47,63.6956437324367,42.6958079325317,21.7622708309813
138,208,21,438,57.16,63.6956437324367,42.6958079325317,21.7622708309813
138,208,22,424,56.41,63.6956437324367,42.6958079325317,21.7622708309813
138,208,23,488,56.65,63.6956437324367,42.6958079325317,21.7622708309813
138,209,0,590,71.26,126.491571800017,84.7885277263838,43.2171445650475
138,209,1,104,66.18,126.491571800017,84.7885277263838,43.2171445650475
138,209,2,34,60.27,126.491571800017,84.7885277263838,43.2171445650475
138,209,3,5,63.67,126.491571800017,84.7885277263838,43.2171445650475
138,209,4,3,54.21,126.491571800017,84.7885277263838,43.2171445650475
138,209,5,8,58.81,126.491571800017,84.7885277263838,43.2171445650475
138,209,6,16,67.03,126.491571800017,84.7885277263838,43.2171445650475
138,209,7,207,94.95,126.491571800017,84.7885277263838,43.2171445650475
138,209,8,501,101.4,126.491571800017,84.7885277263838,43.2171445650475
138,209,9,942,93.28,126.491571800017,84.7885277263838,43.2171445650475
138,209,10,1347,91.68,126.491571800017,84.7885277263838,43.2171445650475
138,209,11,1248,89.86,126.491571800017,84.7885277263838,43.2171445650475
138,209,12,1262,94.93,126.491571800017,84.7885277263838,43.2171445650475
138,209,13,1291,89.24,126.491571800017,84.7885277263838,43.2171445650475
138,209,14,1521,96.65,126.491571800017,84.7885277263838,43.2171445650475
138,209,15,1379,102.16,126.491571800017,84.7885277263838,43.2171445650475
138,209,16,1421,101.59,126.491571800017,84.7885277263838,43.2171445650475
138,209,17,1346,96.9,126.491571800017,84.7885277263838,43.2171445650475
138,209,18,1482,106.07,126.491571800017,84.7885277263838,43.2171445650475
138,209,19,1403,96.93,126.491571800017,84.7885277263838,43.2171445650475
138,209,20,1480,75.78,126.491571800017,84.7885277263838,43.2171445650475
138,209,21,1432,74.07,126.491571800017,84.7885277263838,43.2171445650475
138,209,22,1254,73.67,126.491571800017,84.7885277263838,43.2171445650475
138,209,23,1236,72.33,126.491571800017,84.7885277263838,43.2171445650475
138,210,0,121,100.2,203.047735844679,136.104867189608,69.3733442373424
138,210,1,36,93.16,203.047735844679,136.104867189608,69.3733442373424
138,210,2,9,104.49,203.047735844679,136.104867189608,69.3733442373424
138,210,3,2,74.3,203.047735844679,136.104867189608,69.3733442373424
138,210,5,4,103.09,203.047735844679,136.104867189608,69.3733442373424
138,210,6,3,107.02,203.047735844679,136.104867189608,69.3733442373424
138,210,7,17,115.28,203.047735844679,136.104867189608,69.3733442373424
138,210,8,34,111.16,203.047735844679,136.104867189608,69.3733442373424
138,210,9,101,105.42,203.047735844679,136.104867189608,69.3733442373424
138,210,10,100,112.23,203.047735844679,136.104867189608,69.3733442373424
138,210,11,93,111.97,203.047735844679,136.104867189608,69.3733442373424
138,210,12,84,117.16,203.047735844679,136.104867189608,69.3733442373424
138,210,13,75,120.8,203.047735844679,136.104867189608,69.3733442373424
138,210,14,96,132.2,203.047735844679,136.104867189608,69.3733442373424
138,210,15,94,129.11,203.047735844679,136.104867189608,69.3733442373424
138,210,16,103,136.7,203.047735844679,136.104867189608,69.3733442373424
138,210,17,98,132.41,203.047735844679,136.104867189608,69.3733442373424
138,210,18,109,191.08,203.047735844679,136.104867189608,69.3733442373424
138,210,19,144,110.27,203.047735844679,136.104867189608,69.3733442373424
138,210,20,139,103.86,203.047735844679,136.104867189608,69.3733442373424
138,210,21,132,98.95,203.047735844679,136.104867189608,69.3733442373424
138,210,22,149,101.48,203.047735844679,136.104867189608,69.3733442373424
138,210,23,207,104.55,203.047735844679,136.104867189608,69.3733442373424
138,211,0,652,66.71,116.770341591069,78.2722928075144,39.895786427808
138,211,1,101,62.6,116.770341591069,78.2722928075144,39.895786427808
138,211,2,26,55.85,116.770341591069,78.2722928075144,39.895786427808
138,211,3,8,51.04,116.770341591069,78.2722928075144,39.895786427808
138,211,4,4,52.85,116.770341591069,78.2722928075144,39.895786427808
138,211,5,4,49.14,116.770341591069,78.2722928075144,39.895786427808
138,211,6,19,72.39,116.770341591069,78.2722928075144,39.895786427808
138,211,7,274,93.89,116.770341591069,78.2722928075144,39.895786427808
138,211,8,733,103.87,116.770341591069,78.2722928075144,39.895786427808
138,211,9,1390,97.44,116.770341591069,78.2722928075144,39.895786427808
138,211,10,1860,94.6,116.770341591069,78.2722928075144,39.895786427808
138,211,11,1715,99.26,116.770341591069,78.2722928075144,39.895786427808
138,211,12,1873,92.11,116.770341591069,78.2722928075144,39.895786427808
138,211,13,1732,94.09,116.770341591069,78.2722928075144,39.895786427808
138,211,14,1828,115.11,116.770341591069,78.2722928075144,39.895786427808
138,211,15,1814,105.25,116.770341591069,78.2722928075144,39.895786427808
138,211,16,1673,119.35,116.770341591069,78.2722928075144,39.895786427808
138,211,17,1581,113.63,116.770341591069,78.2722928075144,39.895786427808
138,211,18,1679,112.19,116.770341591069,78.2722928075144,39.895786427808
138,211,19,1693,96.04,116.770341591069,78.2722928075144,39.895786427808
138,211,20,1537,91.82,116.770341591069,78.2722928075144,39.895786427808
138,211,21,1602,73.32,116.770341591069,78.2722928075144,39.895786427808
138,211,22,1223,73.12,116.770341591069,78.2722928075144,39.895786427808
138,211,23,1406,69.51,116.770341591069,78.2722928075144,39.895786427808
138,212,0,177,51.2,54.1516115908543,36.2983505972917,18.5014542332689
138,212,1,53,46.76,54.1516115908543,36.2983505972917,18.5014542332689
138,212,2,16,40.28,54.1516115908543,36.2983505972917,18.5014542332689
138,212,3,5,36.71,54.1516115908543,36.2983505972917,18.5014542332689
138,212,4,3,39.28,54.1516115908543,36.2983505972917,18.5014542332689
138,212,5,7,35.58,54.1516115908543,36.2983505972917,18.5014542332689
138,212,6,4,54.35,54.1516115908543,36.2983505972917,18.5014542332689
138,212,7,65,49.43,54.1516115908543,36.2983505972917,18.5014542332689
138,212,8,95,52.82,54.1516115908543,36.2983505972917,18.5014542332689
138,212,9,165,52.46,54.1516115908543,36.2983505972917,18.5014542332689
138,212,10,147,49.97,54.1516115908543,36.2983505972917,18.5014542332689
138,212,11,146,53.86,54.1516115908543,36.2983505972917,18.5014542332689
138,212,12,140,53.12,54.1516115908543,36.2983505972917,18.5014542332689
138,212,13,148,54.91,54.1516115908543,36.2983505972917,18.5014542332689
138,212,14,143,58.5,54.1516115908543,36.2983505972917,18.5014542332689
138,212,15,149,66.54,54.1516115908543,36.2983505972917,18.5014542332689
138,212,16,142,67.32,54.1516115908543,36.2983505972917,18.5014542332689
138,212,17,150,125.67,54.1516115908543,36.2983505972917,18.5014542332689
138,212,18,145,60.35,54.1516115908543,36.2983505972917,18.5014542332689
138,212,19,148,49.65,54.1516115908543,36.2983505972917,18.5014542332689
138,212,20,171,51.72,54.1516115908543,36.2983505972917,18.5014542332689
138,212,21,159,49.66,54.1516115908543,36.2983505972917,18.5014542332689
138,212,22,171,50.57,54.1516115908543,36.2983505972917,18.5014542332689
138,212,23,239,55.19,54.1516115908543,36.2983505972917,18.5014542332689
138,213,0,408,51.33,45.2260164340832,30.3154375726924,15.4519329827217
138,213,1,107,48.72,45.2260164340832,30.3154375726924,15.4519329827217
138,213,2,29,55.14,45.2260164340832,30.3154375726924,15.4519329827217
138,213,3,17,52.96,45.2260164340832,30.3154375726924,15.4519329827217
138,213,4,11,48.78,45.2260164340832,30.3154375726924,15.4519329827217
138,213,5,18,43.93,45.2260164340832,30.3154375726924,15.4519329827217
138,213,6,20,50.2,45.2260164340832,30.3154375726924,15.4519329827217
138,213,7,113,53.83,45.2260164340832,30.3154375726924,15.4519329827217
138,213,8,223,55.85,45.2260164340832,30.3154375726924,15.4519329827217
138,213,9,382,54.71,45.2260164340832,30.3154375726924,15.4519329827217
138,213,10,350,54.14,45.2260164340832,30.3154375726924,15.4519329827217
138,213,11,286,54.88,45.2260164340832,30.3154375726924,15.4519329827217
138,213,12,316,53.56,45.2260164340832,30.3154375726924,15.4519329827217
138,213,13,290,58.42,45.2260164340832,30.3154375726924,15.4519329827217
138,213,14,415,62.63,45.2260164340832,30.3154375726924,15.4519329827217
138,213,15,328,66.48,45.2260164340832,30.3154375726924,15.4519329827217
138,213,16,388,70.57,45.2260164340832,30.3154375726924,15.4519329827217
138,213,17,378,65.62,45.2260164340832,30.3154375726924,15.4519329827217
138,213,18,382,59.86,45.2260164340832,30.3154375726924,15.4519329827217
138,213,19,473,55.31,45.2260164340832,30.3154375726924,15.4519329827217
138,213,20,391,53.4,45.2260164340832,30.3154375726924,15.4519329827217
138,213,21,366,90.68,45.2260164340832,30.3154375726924,15.4519329827217
138,213,22,424,54.49,45.2260164340832,30.3154375726924,15.4519329827217
138,213,23,541,53.98,45.2260164340832,30.3154375726924,15.4519329827217
138,214,0,21,118.12,263.556204472084,176.664280729088,90.0466839616249
138,214,1,2,75.19,263.556204472084,176.664280729088,90.0466839616249
138,214,7,3,192.57,263.556204472084,176.664280729088,90.0466839616249
138,214,8,9,123.54,263.556204472084,176.664280729088,90.0466839616249
138,214,9,19,127.82,263.556204472084,176.664280729088,90.0466839616249
138,214,10,19,109.77,263.556204472084,176.664280729088,90.0466839616249
138,214,11,29,126.8,263.556204472084,176.664280729088,90.0466839616249
138,214,12,22,120.6,263.556204472084,176.664280729088,90.0466839616249
138,214,13,17,131.47,263.556204472084,176.664280729088,90.0466839616249
138,214,14,20,138.42,263.556204472084,176.664280729088,90.0466839616249
138,214,15,17,153.85,263.556204472084,176.664280729088,90.0466839616249
138,214,16,22,154.5,263.556204472084,176.664280729088,90.0466839616249
138,214,17,25,140.93,263.556204472084,176.664280729088,90.0466839616249
138,214,18,29,137.36,263.556204472084,176.664280729088,90.0466839616249
138,214,19,23,119.25,263.556204472084,176.664280729088,90.0466839616249
138,214,20,28,111.6,263.556204472084,176.664280729088,90.0466839616249
138,214,21,29,105.69,263.556204472084,176.664280729088,90.0466839616249
138,214,22,29,113.02,263.556204472084,176.664280729088,90.0466839616249
138,214,23,38,111.3,263.556204472084,176.664280729088,90.0466839616249
138,215,0,266,53.1,109.9118614533,73.6749870341187,37.552516252629
138,215,1,51,51.8,109.9118614533,73.6749870341187,37.552516252629
138,215,2,18,47.6,109.9118614533,73.6749870341187,37.552516252629
138,215,3,5,44.39,109.9118614533,73.6749870341187,37.552516252629
138,215,4,15,41.66,109.9118614533,73.6749870341187,37.552516252629
138,215,5,13,47.64,109.9118614533,73.6749870341187,37.552516252629
138,215,6,15,48.02,109.9118614533,73.6749870341187,37.552516252629
138,215,7,63,58.36,109.9118614533,73.6749870341187,37.552516252629
138,215,8,121,57.12,109.9118614533,73.6749870341187,37.552516252629
138,215,9,189,57.13,109.9118614533,73.6749870341187,37.552516252629
138,215,10,208,58.3,109.9118614533,73.6749870341187,37.552516252629
138,215,11,194,61.2,109.9118614533,73.6749870341187,37.552516252629
138,215,12,198,63.1,109.9118614533,73.6749870341187,37.552516252629
138,215,13,158,65.5,109.9118614533,73.6749870341187,37.552516252629
138,215,14,230,69.36,109.9118614533,73.6749870341187,37.552516252629
138,215,15,213,75.29,109.9118614533,73.6749870341187,37.552516252629
138,215,16,188,78.21,109.9118614533,73.6749870341187,37.552516252629
138,215,17,212,75.67,109.9118614533,73.6749870341187,37.552516252629
138,215,18,202,64.74,109.9118614533,73.6749870341187,37.552516252629
138,215,19,192,60.19,109.9118614533,73.6749870341187,37.552516252629
138,215,20,207,57.16,109.9118614533,73.6749870341187,37.552516252629
138,215,21,224,53.67,109.9118614533,73.6749870341187,37.552516252629
138,215,22,338,54.67,109.9118614533,73.6749870341187,37.552516252629
138,215,23,355,56.36,109.9118614533,73.6749870341187,37.552516252629
138,216,0,595,64.03,115.382467166666,77.3419871164741,39.4216048773378
138,216,1,170,60.06,115.382467166666,77.3419871164741,39.4216048773378
138,216,2,51,58.97,115.382467166666,77.3419871164741,39.4216048773378
138,216,3,17,76.96,115.382467166666,77.3419871164741,39.4216048773378
138,216,4,12,52.22,115.382467166666,77.3419871164741,39.4216048773378
138,216,5,16,48.48,115.382467166666,77.3419871164741,39.4216048773378
138,216,6,32,60.67,115.382467166666,77.3419871164741,39.4216048773378
138,216,7,129,58.55,115.382467166666,77.3419871164741,39.4216048773378
138,216,8,328,62.3,115.382467166666,77.3419871164741,39.4216048773378
138,216,9,344,62.96,115.382467166666,77.3419871164741,39.4216048773378
138,216,10,454,64.99,115.382467166666,77.3419871164741,39.4216048773378
138,216,11,423,69.18,115.382467166666,77.3419871164741,39.4216048773378
138,216,12,443,68.68,115.382467166666,77.3419871164741,39.4216048773378
138,216,13,447,73.43,115.382467166666,77.3419871164741,39.4216048773378
138,216,14,557,76.96,115.382467166666,77.3419871164741,39.4216048773378
138,216,15,543,83.76,115.382467166666,77.3419871164741,39.4216048773378
138,216,16,554,85.56,115.382467166666,77.3419871164741,39.4216048773378
138,216,17,598,107.44,115.382467166666,77.3419871164741,39.4216048773378
138,216,18,655,72.46,115.382467166666,77.3419871164741,39.4216048773378
138,216,19,660,66.75,115.382467166666,77.3419871164741,39.4216048773378
138,216,20,642,62.49,115.382467166666,77.3419871164741,39.4216048773378
138,216,21,698,59.47,115.382467166666,77.3419871164741,39.4216048773378
138,216,22,781,63.22,115.382467166666,77.3419871164741,39.4216048773378
138,216,23,895,66.06,115.382467166666,77.3419871164741,39.4216048773378
138,217,0,220,49.38,102.920359781228,68.9885156357817,35.163797904134
138,217,1,53,45.96,102.920359781228,68.9885156357817,35.163797904134
138,217,2,14,46.74,102.920359781228,68.9885156357817,35.163797904134
138,217,3,3,66.59,102.920359781228,68.9885156357817,35.163797904134
138,217,4,4,36.2,102.920359781228,68.9885156357817,35.163797904134
138,217,5,3,41.75,102.920359781228,68.9885156357817,35.163797904134
138,217,6,7,56.1,102.920359781228,68.9885156357817,35.163797904134
138,217,7,43,62.07,102.920359781228,68.9885156357817,35.163797904134
138,217,8,109,68.52,102.920359781228,68.9885156357817,35.163797904134
138,217,9,179,67.13,102.920359781228,68.9885156357817,35.163797904134
138,217,10,200,64.93,102.920359781228,68.9885156357817,35.163797904134
138,217,11,151,91.5,102.920359781228,68.9885156357817,35.163797904134
138,217,12,213,63.96,102.920359781228,68.9885156357817,35.163797904134
138,217,13,175,58.39,102.920359781228,68.9885156357817,35.163797904134
138,217,14,239,65.24,102.920359781228,68.9885156357817,35.163797904134
138,217,15,214,69.21,102.920359781228,68.9885156357817,35.163797904134
138,217,16,212,83.04,102.920359781228,68.9885156357817,35.163797904134
138,217,17,267,69.04,102.920359781228,68.9885156357817,35.163797904134
138,217,18,280,73.07,102.920359781228,68.9885156357817,35.163797904134
138,217,19,352,56.83,102.920359781228,68.9885156357817,35.163797904134
138,217,20,298,52.38,102.920359781228,68.9885156357817,35.163797904134
138,217,21,349,52.69,102.920359781228,68.9885156357817,35.163797904134
138,217,22,393,51.24,102.920359781228,68.9885156357817,35.163797904134
138,217,23,383,88.43,102.920359781228,68.9885156357817,35.163797904134
138,218,0,206,66.66,137.499281706898,92.1671024674674,46.9780417031423
138,218,1,56,60.82,137.499281706898,92.1671024674674,46.9780417031423
138,218,2,22,55.58,137.499281706898,92.1671024674674,46.9780417031423
138,218,3,9,51.51,137.499281706898,92.1671024674674,46.9780417031423
138,218,4,12,50.95,137.499281706898,92.1671024674674,46.9780417031423
138,218,5,4,62.29,137.499281706898,92.1671024674674,46.9780417031423
138,218,6,11,57.51,137.499281706898,92.1671024674674,46.9780417031423
138,218,7,50,68.32,137.499281706898,92.1671024674674,46.9780417031423
138,218,8,123,70.84,137.499281706898,92.1671024674674,46.9780417031423
138,218,9,146,69.75,137.499281706898,92.1671024674674,46.9780417031423
138,218,10,176,74.38,137.499281706898,92.1671024674674,46.9780417031423
138,218,11,157,76.11,137.499281706898,92.1671024674674,46.9780417031423
138,218,12,143,78.41,137.499281706898,92.1671024674674,46.9780417031423
138,218,13,155,80.25,137.499281706898,92.1671024674674,46.9780417031423
138,218,14,189,85.16,137.499281706898,92.1671024674674,46.9780417031423
138,218,15,178,89.44,137.499281706898,92.1671024674674,46.9780417031423
138,218,16,166,90.51,137.499281706898,92.1671024674674,46.9780417031423
138,218,17,200,86.78,137.499281706898,92.1671024674674,46.9780417031423
138,218,18,175,76.27,137.499281706898,92.1671024674674,46.9780417031423
138,218,19,197,71.69,137.499281706898,92.1671024674674,46.9780417031423
138,218,20,173,68.84,137.499281706898,92.1671024674674,46.9780417031423
138,218,21,179,64.53,137.499281706898,92.1671024674674,46.9780417031423
138,218,22,235,72.15,137.499281706898,92.1671024674674,46.9780417031423
138,218,23,269,70.41,137.499281706898,92.1671024674674,46.9780417031423
138,219,0,192,75.45,150.019546255724,100.559557258986,51.2557186684876
138,219,1,58,65.3,150.019546255724,100.559557258986,51.2557186684876
138,219,2,20,62.07,150.019546255724,100.559557258986,51.2557186684876
138,219,3,4,56.93,150.019546255724,100.559557258986,51.2557186684876
138,219,4,8,57.94,150.019546255724,100.559557258986,51.2557186684876
138,219,6,6,61.31,150.019546255724,100.559557258986,51.2557186684876
138,219,7,51,74,150.019546255724,100.559557258986,51.2557186684876
138,219,8,85,73.08,150.019546255724,100.559557258986,51.2557186684876
138,219,9,164,70.35,150.019546255724,100.559557258986,51.2557186684876
138,219,10,171,74.22,150.019546255724,100.559557258986,51.2557186684876
138,219,11,140,75.64,150.019546255724,100.559557258986,51.2557186684876
138,219,12,178,107.01,150.019546255724,100.559557258986,51.2557186684876
138,219,13,153,109.95,150.019546255724,100.559557258986,51.2557186684876
138,219,14,184,88.14,150.019546255724,100.559557258986,51.2557186684876
138,219,15,167,97.54,150.019546255724,100.559557258986,51.2557186684876
138,219,16,177,95.31,150.019546255724,100.559557258986,51.2557186684876
138,219,17,180,145.22,150.019546255724,100.559557258986,51.2557186684876
138,219,18,253,81.12,150.019546255724,100.559557258986,51.2557186684876
138,219,19,233,73.3,150.019546255724,100.559557258986,51.2557186684876
138,219,20,212,66.47,150.019546255724,100.559557258986,51.2557186684876
138,219,21,208,67.45,150.019546255724,100.559557258986,51.2557186684876
138,219,22,275,69.86,150.019546255724,100.559557258986,51.2557186684876
138,219,23,313,74.21,150.019546255724,100.559557258986,51.2557186684876
138,220,0,408,66.52,115.588415963123,77.4800365927365,39.4919693987271
138,220,1,84,62.7,115.588415963123,77.4800365927365,39.4919693987271
138,220,2,25,72.13,115.588415963123,77.4800365927365,39.4919693987271
138,220,3,7,65.26,115.588415963123,77.4800365927365,39.4919693987271
138,220,4,5,51.92,115.588415963123,77.4800365927365,39.4919693987271
138,220,5,4,47.43,115.588415963123,77.4800365927365,39.4919693987271
138,220,6,5,62.94,115.588415963123,77.4800365927365,39.4919693987271
138,220,7,43,71.69,115.588415963123,77.4800365927365,39.4919693987271
138,220,8,146,73.12,115.588415963123,77.4800365927365,39.4919693987271
138,220,9,274,71.81,115.588415963123,77.4800365927365,39.4919693987271
138,220,10,383,71.64,115.588415963123,77.4800365927365,39.4919693987271
138,220,11,317,73.77,115.588415963123,77.4800365927365,39.4919693987271
138,220,12,335,75.06,115.588415963123,77.4800365927365,39.4919693987271
138,220,13,375,80.06,115.588415963123,77.4800365927365,39.4919693987271
138,220,14,459,117.52,115.588415963123,77.4800365927365,39.4919693987271
138,220,15,414,93.79,115.588415963123,77.4800365927365,39.4919693987271
138,220,16,492,94.28,115.588415963123,77.4800365927365,39.4919693987271
138,220,17,518,91.42,115.588415963123,77.4800365927365,39.4919693987271
138,220,18,553,80.26,115.588415963123,77.4800365927365,39.4919693987271
138,220,19,633,72.22,115.588415963123,77.4800365927365,39.4919693987271
138,220,20,561,66.2,115.588415963123,77.4800365927365,39.4919693987271
138,220,21,550,64.4,115.588415963123,77.4800365927365,39.4919693987271
138,220,22,570,68.75,115.588415963123,77.4800365927365,39.4919693987271
138,220,23,640,67.33,115.588415963123,77.4800365927365,39.4919693987271
138,221,0,26,114.58,231.970425035284,155.492026345447,79.2550780333022
138,221,1,10,95.7,231.970425035284,155.492026345447,79.2550780333022
138,221,5,2,77.48,231.970425035284,155.492026345447,79.2550780333022
138,221,6,3,107.23,231.970425035284,155.492026345447,79.2550780333022
138,221,7,8,113.97,231.970425035284,155.492026345447,79.2550780333022
138,221,8,16,123.21,231.970425035284,155.492026345447,79.2550780333022
138,221,9,19,105.55,231.970425035284,155.492026345447,79.2550780333022
138,221,10,28,125.16,231.970425035284,155.492026345447,79.2550780333022
138,221,11,27,129.8,231.970425035284,155.492026345447,79.2550780333022
138,221,12,30,139.14,231.970425035284,155.492026345447,79.2550780333022
138,221,13,16,132.52,231.970425035284,155.492026345447,79.2550780333022
138,221,14,29,137.7,231.970425035284,155.492026345447,79.2550780333022
138,221,15,32,149.07,231.970425035284,155.492026345447,79.2550780333022
138,221,16,29,153.54,231.970425035284,155.492026345447,79.2550780333022
138,221,17,24,148.86,231.970425035284,155.492026345447,79.2550780333022
138,221,18,38,129.64,231.970425035284,155.492026345447,79.2550780333022
138,221,19,42,113.72,231.970425035284,155.492026345447,79.2550780333022
138,221,20,42,115.49,231.970425035284,155.492026345447,79.2550780333022
138,221,21,41,103.55,231.970425035284,155.492026345447,79.2550780333022
138,221,22,33,112.88,231.970425035284,155.492026345447,79.2550780333022
138,221,23,53,112.21,231.970425035284,155.492026345447,79.2550780333022
138,222,0,52,74.04,137.246464348626,91.9976365395282,46.891664056272
138,222,1,13,70.39,137.246464348626,91.9976365395282,46.891664056272
138,222,2,6,86.44,137.246464348626,91.9976365395282,46.891664056272
138,222,5,2,73.78,137.246464348626,91.9976365395282,46.891664056272
138,222,6,4,78.59,137.246464348626,91.9976365395282,46.891664056272
138,222,7,20,72.43,137.246464348626,91.9976365395282,46.891664056272
138,222,8,47,84.61,137.246464348626,91.9976365395282,46.891664056272
138,222,9,41,77.51,137.246464348626,91.9976365395282,46.891664056272
138,222,10,47,80.57,137.246464348626,91.9976365395282,46.891664056272
138,222,11,43,78.51,137.246464348626,91.9976365395282,46.891664056272
138,222,12,40,76.06,137.246464348626,91.9976365395282,46.891664056272
138,222,13,40,80.36,137.246464348626,91.9976365395282,46.891664056272
138,222,14,45,86.2,137.246464348626,91.9976365395282,46.891664056272
138,222,15,45,95.11,137.246464348626,91.9976365395282,46.891664056272
138,222,16,45,108.08,137.246464348626,91.9976365395282,46.891664056272
138,222,17,41,94.34,137.246464348626,91.9976365395282,46.891664056272
138,222,18,58,88.26,137.246464348626,91.9976365395282,46.891664056272
138,222,19,56,81.49,137.246464348626,91.9976365395282,46.891664056272
138,222,20,61,76.02,137.246464348626,91.9976365395282,46.891664056272
138,222,21,55,75.46,137.246464348626,91.9976365395282,46.891664056272
138,222,22,59,77.99,137.246464348626,91.9976365395282,46.891664056272
138,222,23,86,76.1,137.246464348626,91.9976365395282,46.891664056272
138,223,0,1888,43.15,25.2064178922068,16.8961064513858,8.61203154101653
138,223,1,465,24.02,25.2064178922068,16.8961064513858,8.61203154101653
138,223,2,131,21.7,25.2064178922068,16.8961064513858,8.61203154101653
138,223,3,47,20.48,25.2064178922068,16.8961064513858,8.61203154101653
138,223,4,51,22.04,25.2064178922068,16.8961064513858,8.61203154101653
138,223,5,53,23.95,25.2064178922068,16.8961064513858,8.61203154101653
138,223,6,93,22.83,25.2064178922068,16.8961064513858,8.61203154101653
138,223,7,549,25.08,25.2064178922068,16.8961064513858,8.61203154101653
138,223,8,1164,27.46,25.2064178922068,16.8961064513858,8.61203154101653
138,223,9,1795,27.1,25.2064178922068,16.8961064513858,8.61203154101653
138,223,10,2263,27,25.2064178922068,16.8961064513858,8.61203154101653
138,223,11,1839,27.32,25.2064178922068,16.8961064513858,8.61203154101653
138,223,12,1933,42.43,25.2064178922068,16.8961064513858,8.61203154101653
138,223,13,1889,26.71,25.2064178922068,16.8961064513858,8.61203154101653
138,223,14,2446,41.85,25.2064178922068,16.8961064513858,8.61203154101653
138,223,15,2221,32.34,25.2064178922068,16.8961064513858,8.61203154101653
138,223,16,2431,27.53,25.2064178922068,16.8961064513858,8.61203154101653
138,223,17,2608,41.51,25.2064178922068,16.8961064513858,8.61203154101653
138,223,18,2733,41.21,25.2064178922068,16.8961064513858,8.61203154101653
138,223,19,2804,38.73,25.2064178922068,16.8961064513858,8.61203154101653
138,223,20,2630,25.21,25.2064178922068,16.8961064513858,8.61203154101653
138,223,21,2718,37.49,25.2064178922068,16.8961064513858,8.61203154101653
138,223,22,2675,38.45,25.2064178922068,16.8961064513858,8.61203154101653
138,223,23,3108,25.63,25.2064178922068,16.8961064513858,8.61203154101653
138,224,0,955,58.44,95.1990476025069,63.8128451746333,32.5257323009393
138,224,1,195,53.94,95.1990476025069,63.8128451746333,32.5257323009393
138,224,2,52,52.07,95.1990476025069,63.8128451746333,32.5257323009393
138,224,3,8,46.4,95.1990476025069,63.8128451746333,32.5257323009393
138,224,4,9,50.53,95.1990476025069,63.8128451746333,32.5257323009393
138,224,5,5,51.28,95.1990476025069,63.8128451746333,32.5257323009393
138,224,6,19,54.32,95.1990476025069,63.8128451746333,32.5257323009393
138,224,7,157,75.36,95.1990476025069,63.8128451746333,32.5257323009393
138,224,8,372,83.13,95.1990476025069,63.8128451746333,32.5257323009393
138,224,9,616,76.15,95.1990476025069,63.8128451746333,32.5257323009393
138,224,10,900,71.01,95.1990476025069,63.8128451746333,32.5257323009393
138,224,11,732,67.92,95.1990476025069,63.8128451746333,32.5257323009393
138,224,12,823,66.17,95.1990476025069,63.8128451746333,32.5257323009393
138,224,13,888,67.83,95.1990476025069,63.8128451746333,32.5257323009393
138,224,14,1129,72.52,95.1990476025069,63.8128451746333,32.5257323009393
138,224,15,1133,76.08,95.1990476025069,63.8128451746333,32.5257323009393
138,224,16,1227,78.69,95.1990476025069,63.8128451746333,32.5257323009393
138,224,17,1308,73.8,95.1990476025069,63.8128451746333,32.5257323009393
138,224,18,1506,83.38,95.1990476025069,63.8128451746333,32.5257323009393
138,224,19,1572,60.96,95.1990476025069,63.8128451746333,32.5257323009393
138,224,20,1681,73.5,95.1990476025069,63.8128451746333,32.5257323009393
138,224,21,1805,80.79,95.1990476025069,63.8128451746333,32.5257323009393
138,224,22,1623,73.88,95.1990476025069,63.8128451746333,32.5257323009393
138,224,23,1784,81.72,95.1990476025069,63.8128451746333,32.5257323009393
138,225,0,1619,62.59,104.878943152656,70.3013730707044,35.8329680274961
138,225,1,310,60.13,104.878943152656,70.3013730707044,35.8329680274961
138,225,2,86,55.68,104.878943152656,70.3013730707044,35.8329680274961
138,225,3,21,53.45,104.878943152656,70.3013730707044,35.8329680274961
138,225,4,31,50.25,104.878943152656,70.3013730707044,35.8329680274961
138,225,5,20,56.14,104.878943152656,70.3013730707044,35.8329680274961
138,225,6,31,67.48,104.878943152656,70.3013730707044,35.8329680274961
138,225,7,276,75.97,104.878943152656,70.3013730707044,35.8329680274961
138,225,8,702,77.25,104.878943152656,70.3013730707044,35.8329680274961
138,225,9,1248,72.97,104.878943152656,70.3013730707044,35.8329680274961
138,225,10,1473,72.33,104.878943152656,70.3013730707044,35.8329680274961
138,225,11,1346,72.47,104.878943152656,70.3013730707044,35.8329680274961
138,225,12,1465,80.4,104.878943152656,70.3013730707044,35.8329680274961
138,225,13,1453,74.15,104.878943152656,70.3013730707044,35.8329680274961
138,225,14,1738,78.72,104.878943152656,70.3013730707044,35.8329680274961
138,225,15,1690,83.04,104.878943152656,70.3013730707044,35.8329680274961
138,225,16,1942,82.48,104.878943152656,70.3013730707044,35.8329680274961
138,225,17,1904,79.53,104.878943152656,70.3013730707044,35.8329680274961
138,225,18,1926,72.8,104.878943152656,70.3013730707044,35.8329680274961
138,225,19,1929,72.21,104.878943152656,70.3013730707044,35.8329680274961
138,225,20,2122,66.38,104.878943152656,70.3013730707044,35.8329680274961
138,225,21,2100,65.09,104.878943152656,70.3013730707044,35.8329680274961
138,225,22,2064,64.12,104.878943152656,70.3013730707044,35.8329680274961
138,225,23,2495,63.66,104.878943152656,70.3013730707044,35.8329680274961
138,226,0,1391,55.86,58.1328479683366,38.9670119647948,19.8616845286541
138,226,1,307,36.18,58.1328479683366,38.9670119647948,19.8616845286541
138,226,2,90,30.8,58.1328479683366,38.9670119647948,19.8616845286541
138,226,3,26,30.84,58.1328479683366,38.9670119647948,19.8616845286541
138,226,4,30,29.21,58.1328479683366,38.9670119647948,19.8616845286541
138,226,5,37,31.86,58.1328479683366,38.9670119647948,19.8616845286541
138,226,6,52,34.06,58.1328479683366,38.9670119647948,19.8616845286541
138,226,7,332,40.98,58.1328479683366,38.9670119647948,19.8616845286541
138,226,8,763,47.37,58.1328479683366,38.9670119647948,19.8616845286541
138,226,9,1221,40.86,58.1328479683366,38.9670119647948,19.8616845286541
138,226,10,1469,40.43,58.1328479683366,38.9670119647948,19.8616845286541
138,226,11,1202,40.34,58.1328479683366,38.9670119647948,19.8616845286541
138,226,12,1174,62.25,58.1328479683366,38.9670119647948,19.8616845286541
138,226,13,1245,46.08,58.1328479683366,38.9670119647948,19.8616845286541
138,226,14,1426,41.78,58.1328479683366,38.9670119647948,19.8616845286541
138,226,15,1400,41.92,58.1328479683366,38.9670119647948,19.8616845286541
138,226,16,1428,71.18,58.1328479683366,38.9670119647948,19.8616845286541
138,226,17,1619,41.91,58.1328479683366,38.9670119647948,19.8616845286541
138,226,18,1695,42.03,58.1328479683366,38.9670119647948,19.8616845286541
138,226,19,1693,37.1,58.1328479683366,38.9670119647948,19.8616845286541
138,226,20,1693,36.95,58.1328479683366,38.9670119647948,19.8616845286541
138,226,21,1775,38.18,58.1328479683366,38.9670119647948,19.8616845286541
138,226,22,1759,36.27,58.1328479683366,38.9670119647948,19.8616845286541
138,226,23,2203,37.23,58.1328479683366,38.9670119647948,19.8616845286541
138,227,0,248,79.62,177.418344273973,118.925237378075,60.6167993951567
138,227,1,51,73.41,177.418344273973,118.925237378075,60.6167993951567
138,227,2,11,67.1,177.418344273973,118.925237378075,60.6167993951567
138,227,3,7,59.3,177.418344273973,118.925237378075,60.6167993951567
138,227,4,5,62.22,177.418344273973,118.925237378075,60.6167993951567
138,227,5,7,70.14,177.418344273973,118.925237378075,60.6167993951567
138,227,6,4,83.45,177.418344273973,118.925237378075,60.6167993951567
138,227,7,39,100.92,177.418344273973,118.925237378075,60.6167993951567
138,227,8,89,104.82,177.418344273973,118.925237378075,60.6167993951567
138,227,9,190,98.83,177.418344273973,118.925237378075,60.6167993951567
138,227,10,228,100.42,177.418344273973,118.925237378075,60.6167993951567
138,227,11,201,100.65,177.418344273973,118.925237378075,60.6167993951567
138,227,12,209,101.16,177.418344273973,118.925237378075,60.6167993951567
138,227,13,216,106.62,177.418344273973,118.925237378075,60.6167993951567
138,227,14,251,114.76,177.418344273973,118.925237378075,60.6167993951567
138,227,15,253,123.73,177.418344273973,118.925237378075,60.6167993951567
138,227,16,241,125.32,177.418344273973,118.925237378075,60.6167993951567
138,227,17,263,118.91,177.418344273973,118.925237378075,60.6167993951567
138,227,18,293,104.34,177.418344273973,118.925237378075,60.6167993951567
138,227,19,308,92.91,177.418344273973,118.925237378075,60.6167993951567
138,227,20,303,85.42,177.418344273973,118.925237378075,60.6167993951567
138,227,21,293,83.47,177.418344273973,118.925237378075,60.6167993951567
138,227,22,283,82.76,177.418344273973,118.925237378075,60.6167993951567
138,227,23,374,84.92,177.418344273973,118.925237378075,60.6167993951567
138,228,0,382,75.35,171.956883344986,115.264367133407,58.7508351799476
138,228,1,81,72.04,171.956883344986,115.264367133407,58.7508351799476
138,228,2,14,67.04,171.956883344986,115.264367133407,58.7508351799476
138,228,3,3,59.3,171.956883344986,115.264367133407,58.7508351799476
138,228,4,9,61.78,171.956883344986,115.264367133407,58.7508351799476
138,228,6,14,89.11,171.956883344986,115.264367133407,58.7508351799476
138,228,7,98,101.08,171.956883344986,115.264367133407,58.7508351799476
138,228,8,269,107.36,171.956883344986,115.264367133407,58.7508351799476
138,228,9,428,100.49,171.956883344986,115.264367133407,58.7508351799476
138,228,10,519,100.09,171.956883344986,115.264367133407,58.7508351799476
138,228,11,563,97.65,171.956883344986,115.264367133407,58.7508351799476
138,228,12,513,96.01,171.956883344986,115.264367133407,58.7508351799476
138,228,13,504,99.96,171.956883344986,115.264367133407,58.7508351799476
138,228,14,556,119.08,171.956883344986,115.264367133407,58.7508351799476
138,228,15,546,118.79,171.956883344986,115.264367133407,58.7508351799476
138,228,16,569,118.69,171.956883344986,115.264367133407,58.7508351799476
138,228,17,551,111.52,171.956883344986,115.264367133407,58.7508351799476
138,228,18,526,100.15,171.956883344986,115.264367133407,58.7508351799476
138,228,19,601,116.55,171.956883344986,115.264367133407,58.7508351799476
138,228,20,585,81.85,171.956883344986,115.264367133407,58.7508351799476
138,228,21,588,79.94,171.956883344986,115.264367133407,58.7508351799476
138,228,22,572,79.53,171.956883344986,115.264367133407,58.7508351799476
138,228,23,650,81.97,171.956883344986,115.264367133407,58.7508351799476
138,229,0,2007,55.81,76.2023570946684,51.0791792322105,26.0353178942569
138,229,1,372,51.34,76.2023570946684,51.0791792322105,26.0353178942569
138,229,2,101,49.8,76.2023570946684,51.0791792322105,26.0353178942569
138,229,3,12,54.05,76.2023570946684,51.0791792322105,26.0353178942569
138,229,4,13,46.84,76.2023570946684,51.0791792322105,26.0353178942569
138,229,5,11,55.16,76.2023570946684,51.0791792322105,26.0353178942569
138,229,6,48,62.53,76.2023570946684,51.0791792322105,26.0353178942569
138,229,7,694,76.06,76.2023570946684,51.0791792322105,26.0353178942569
138,229,8,1503,91.16,76.2023570946684,51.0791792322105,26.0353178942569
138,229,9,2516,78.52,76.2023570946684,51.0791792322105,26.0353178942569
138,229,10,3381,78.65,76.2023570946684,51.0791792322105,26.0353178942569
138,229,11,2746,76.79,76.2023570946684,51.0791792322105,26.0353178942569
138,229,12,3087,79.21,76.2023570946684,51.0791792322105,26.0353178942569
138,229,13,3058,74.34,76.2023570946684,51.0791792322105,26.0353178942569
138,229,14,4086,75.14,76.2023570946684,51.0791792322105,26.0353178942569
138,229,15,3559,77.7,76.2023570946684,51.0791792322105,26.0353178942569
138,229,16,3725,83.78,76.2023570946684,51.0791792322105,26.0353178942569
138,229,17,3934,72.53,76.2023570946684,51.0791792322105,26.0353178942569
138,229,18,4275,67.12,76.2023570946684,51.0791792322105,26.0353178942569
138,229,19,4341,61.52,76.2023570946684,51.0791792322105,26.0353178942569
138,229,20,4220,57.81,76.2023570946684,51.0791792322105,26.0353178942569
138,229,21,4258,56.42,76.2023570946684,51.0791792322105,26.0353178942569
138,229,22,3690,76.06,76.2023570946684,51.0791792322105,26.0353178942569
138,229,23,4057,67.31,76.2023570946684,51.0791792322105,26.0353178942569
138,230,0,4888,81.76,90.2631152540394,60.5042418358649,30.8393203224062
138,230,1,986,64.46,90.2631152540394,60.5042418358649,30.8393203224062
138,230,2,239,63.38,90.2631152540394,60.5042418358649,30.8393203224062
138,230,3,62,60.64,90.2631152540394,60.5042418358649,30.8393203224062
138,230,4,48,65.37,90.2631152540394,60.5042418358649,30.8393203224062
138,230,5,49,66.6,90.2631152540394,60.5042418358649,30.8393203224062
138,230,6,135,74.99,90.2631152540394,60.5042418358649,30.8393203224062
138,230,7,3395,97.65,90.2631152540394,60.5042418358649,30.8393203224062
138,230,8,8606,107.08,90.2631152540394,60.5042418358649,30.8393203224062
138,230,9,16131,107.04,90.2631152540394,60.5042418358649,30.8393203224062
138,230,10,21550,104.56,90.2631152540394,60.5042418358649,30.8393203224062
138,230,11,21736,103.1,90.2631152540394,60.5042418358649,30.8393203224062
138,230,12,20670,100.32,90.2631152540394,60.5042418358649,30.8393203224062
138,230,13,19897,102.82,90.2631152540394,60.5042418358649,30.8393203224062
138,230,14,22930,107.02,90.2631152540394,60.5042418358649,30.8393203224062
138,230,15,19869,106.85,90.2631152540394,60.5042418358649,30.8393203224062
138,230,16,18029,107.43,90.2631152540394,60.5042418358649,30.8393203224062
138,230,17,15779,101.03,90.2631152540394,60.5042418358649,30.8393203224062
138,230,18,14193,94.43,90.2631152540394,60.5042418358649,30.8393203224062
138,230,19,12603,86.18,90.2631152540394,60.5042418358649,30.8393203224062
138,230,20,12034,75.21,90.2631152540394,60.5042418358649,30.8393203224062
138,230,21,11625,78.06,90.2631152540394,60.5042418358649,30.8393203224062
138,230,22,9467,80.57,90.2631152540394,60.5042418358649,30.8393203224062
138,230,23,9688,79.53,90.2631152540394,60.5042418358649,30.8393203224062
138,231,0,1380,72.9,124.396608519289,83.3842535151771,42.5013788450609
138,231,1,264,64.71,124.396608519289,83.3842535151771,42.5013788450609
138,231,2,64,61.64,124.396608519289,83.3842535151771,42.5013788450609
138,231,3,18,61.37,124.396608519289,83.3842535151771,42.5013788450609
138,231,4,21,65.99,124.396608519289,83.3842535151771,42.5013788450609
138,231,5,17,64.91,124.396608519289,83.3842535151771,42.5013788450609
138,231,6,63,79.08,124.396608519289,83.3842535151771,42.5013788450609
138,231,7,892,101.85,124.396608519289,83.3842535151771,42.5013788450609
138,231,8,1842,108.11,124.396608519289,83.3842535151771,42.5013788450609
138,231,9,3043,102.14,124.396608519289,83.3842535151771,42.5013788450609
138,231,10,3876,97.5,124.396608519289,83.3842535151771,42.5013788450609
138,231,11,3256,99.6,124.396608519289,83.3842535151771,42.5013788450609
138,231,12,3231,97.75,124.396608519289,83.3842535151771,42.5013788450609
138,231,13,3022,95.92,124.396608519289,83.3842535151771,42.5013788450609
138,231,14,3652,103.42,124.396608519289,83.3842535151771,42.5013788450609
138,231,15,3476,110.6,124.396608519289,83.3842535151771,42.5013788450609
138,231,16,3427,108.52,124.396608519289,83.3842535151771,42.5013788450609
138,231,17,3420,103.04,124.396608519289,83.3842535151771,42.5013788450609
138,231,18,3702,102.11,124.396608519289,83.3842535151771,42.5013788450609
138,231,19,3937,84.51,124.396608519289,83.3842535151771,42.5013788450609
138,231,20,3765,80.08,124.396608519289,83.3842535151771,42.5013788450609
138,231,21,3615,76.71,124.396608519289,83.3842535151771,42.5013788450609
138,231,22,2925,76.6,124.396608519289,83.3842535151771,42.5013788450609
138,231,23,3168,74.38,124.396608519289,83.3842535151771,42.5013788450609
138,232,0,956,56.17,109.537933957565,73.4243398060973,37.4247600835022
138,232,1,176,53.14,109.537933957565,73.4243398060973,37.4247600835022
138,232,2,60,51.26,109.537933957565,73.4243398060973,37.4247600835022
138,232,3,9,53.64,109.537933957565,73.4243398060973,37.4247600835022
138,232,4,9,50.02,109.537933957565,73.4243398060973,37.4247600835022
138,232,5,16,51.68,109.537933957565,73.4243398060973,37.4247600835022
138,232,6,22,66.37,109.537933957565,73.4243398060973,37.4247600835022
138,232,7,181,78.37,109.537933957565,73.4243398060973,37.4247600835022
138,232,8,423,81.78,109.537933957565,73.4243398060973,37.4247600835022
138,232,9,714,78.53,109.537933957565,73.4243398060973,37.4247600835022
138,232,10,931,76.4,109.537933957565,73.4243398060973,37.4247600835022
138,232,11,836,95.44,109.537933957565,73.4243398060973,37.4247600835022
138,232,12,919,70.58,109.537933957565,73.4243398060973,37.4247600835022
138,232,13,899,80.86,109.537933957565,73.4243398060973,37.4247600835022
138,232,14,1100,77.46,109.537933957565,73.4243398060973,37.4247600835022
138,232,15,1106,82.19,109.537933957565,73.4243398060973,37.4247600835022
138,232,16,1148,80.86,109.537933957565,73.4243398060973,37.4247600835022
138,232,17,1239,96.81,109.537933957565,73.4243398060973,37.4247600835022
138,232,18,1420,74.29,109.537933957565,73.4243398060973,37.4247600835022
138,232,19,1457,67.22,109.537933957565,73.4243398060973,37.4247600835022
138,232,20,1577,62.83,109.537933957565,73.4243398060973,37.4247600835022
138,232,21,1611,60.95,109.537933957565,73.4243398060973,37.4247600835022
138,232,22,1516,77.15,109.537933957565,73.4243398060973,37.4247600835022
138,232,23,1618,75.54,109.537933957565,73.4243398060973,37.4247600835022
138,233,0,2317,61.95,82.5111879003276,55.3080497259095,28.1907947302603
138,233,1,484,50.01,82.5111879003276,55.3080497259095,28.1907947302603
138,233,2,111,50.42,82.5111879003276,55.3080497259095,28.1907947302603
138,233,3,23,47.07,82.5111879003276,55.3080497259095,28.1907947302603
138,233,4,15,41.85,82.5111879003276,55.3080497259095,28.1907947302603
138,233,5,22,42.01,82.5111879003276,55.3080497259095,28.1907947302603
138,233,6,52,52.87,82.5111879003276,55.3080497259095,28.1907947302603
138,233,7,1066,73.63,82.5111879003276,55.3080497259095,28.1907947302603
138,233,8,2387,83.22,82.5111879003276,55.3080497259095,28.1907947302603
138,233,9,4287,80.68,82.5111879003276,55.3080497259095,28.1907947302603
138,233,10,5320,77.99,82.5111879003276,55.3080497259095,28.1907947302603
138,233,11,4791,69.78,82.5111879003276,55.3080497259095,28.1907947302603
138,233,12,4639,66.19,82.5111879003276,55.3080497259095,28.1907947302603
138,233,13,4736,67.64,82.5111879003276,55.3080497259095,28.1907947302603
138,233,14,5455,77.3,82.5111879003276,55.3080497259095,28.1907947302603
138,233,15,4988,79.84,82.5111879003276,55.3080497259095,28.1907947302603
138,233,16,5146,78.61,82.5111879003276,55.3080497259095,28.1907947302603
138,233,17,4893,73.95,82.5111879003276,55.3080497259095,28.1907947302603
138,233,18,5123,64.09,82.5111879003276,55.3080497259095,28.1907947302603
138,233,19,5060,64.44,82.5111879003276,55.3080497259095,28.1907947302603
138,233,20,5145,62.18,82.5111879003276,55.3080497259095,28.1907947302603
138,233,21,5077,52.89,82.5111879003276,55.3080497259095,28.1907947302603
138,233,22,4405,52.72,82.5111879003276,55.3080497259095,28.1907947302603
138,233,23,4779,63.34,82.5111879003276,55.3080497259095,28.1907947302603
138,234,0,1329,83.18,101.178602569526,67.8209988792462,34.5687086650315
138,234,1,222,58.57,101.178602569526,67.8209988792462,34.5687086650315
138,234,2,66,57.32,101.178602569526,67.8209988792462,34.5687086650315
138,234,3,14,57.36,101.178602569526,67.8209988792462,34.5687086650315
138,234,4,13,48.32,101.178602569526,67.8209988792462,34.5687086650315
138,234,5,12,59.79,101.178602569526,67.8209988792462,34.5687086650315
138,234,6,47,70.3,101.178602569526,67.8209988792462,34.5687086650315
138,234,7,1039,83.37,101.178602569526,67.8209988792462,34.5687086650315
138,234,8,2389,94.74,101.178602569526,67.8209988792462,34.5687086650315
138,234,9,3863,91.44,101.178602569526,67.8209988792462,34.5687086650315
138,234,10,4786,93.04,101.178602569526,67.8209988792462,34.5687086650315
138,234,11,3907,88.45,101.178602569526,67.8209988792462,34.5687086650315
138,234,12,3646,76.97,101.178602569526,67.8209988792462,34.5687086650315
138,234,13,3339,75.59,101.178602569526,67.8209988792462,34.5687086650315
138,234,14,3854,81.43,101.178602569526,67.8209988792462,34.5687086650315
138,234,15,3516,85.37,101.178602569526,67.8209988792462,34.5687086650315
138,234,16,3279,84.44,101.178602569526,67.8209988792462,34.5687086650315
138,234,17,3318,83.11,101.178602569526,67.8209988792462,34.5687086650315
138,234,18,3476,85.23,101.178602569526,67.8209988792462,34.5687086650315
138,234,19,3584,84.09,101.178602569526,67.8209988792462,34.5687086650315
138,234,20,3474,65.16,101.178602569526,67.8209988792462,34.5687086650315
138,234,21,3354,64.59,101.178602569526,67.8209988792462,34.5687086650315
138,234,22,2804,63,101.178602569526,67.8209988792462,34.5687086650315
138,234,23,2996,64.72,101.178602569526,67.8209988792462,34.5687086650315
138,235,0,243,57.6,86.9091997293948,58.2560797219269,29.6934206389342
138,235,1,68,52.79,86.9091997293948,58.2560797219269,29.6934206389342
138,235,2,24,50.66,86.9091997293948,58.2560797219269,29.6934206389342
138,235,3,9,44.55,86.9091997293948,58.2560797219269,29.6934206389342
138,235,4,5,44.06,86.9091997293948,58.2560797219269,29.6934206389342
138,235,5,6,42.06,86.9091997293948,58.2560797219269,29.6934206389342
138,235,6,13,60.59,86.9091997293948,58.2560797219269,29.6934206389342
138,235,7,77,60.6,86.9091997293948,58.2560797219269,29.6934206389342
138,235,8,127,64.22,86.9091997293948,58.2560797219269,29.6934206389342
138,235,9,211,60.38,86.9091997293948,58.2560797219269,29.6934206389342
138,235,10,236,60.71,86.9091997293948,58.2560797219269,29.6934206389342
138,235,11,178,71,86.9091997293948,58.2560797219269,29.6934206389342
138,235,12,156,66.35,86.9091997293948,58.2560797219269,29.6934206389342
138,235,13,161,72.63,86.9091997293948,58.2560797219269,29.6934206389342
138,235,14,204,73.53,86.9091997293948,58.2560797219269,29.6934206389342
138,235,15,173,79.25,86.9091997293948,58.2560797219269,29.6934206389342
138,235,16,194,84.78,86.9091997293948,58.2560797219269,29.6934206389342
138,235,17,204,78.96,86.9091997293948,58.2560797219269,29.6934206389342
138,235,18,210,71.46,86.9091997293948,58.2560797219269,29.6934206389342
138,235,19,218,66.99,86.9091997293948,58.2560797219269,29.6934206389342
138,235,20,253,61.43,86.9091997293948,58.2560797219269,29.6934206389342
138,235,21,233,56.22,86.9091997293948,58.2560797219269,29.6934206389342
138,235,22,282,57.52,86.9091997293948,58.2560797219269,29.6934206389342
138,235,23,321,57.96,86.9091997293948,58.2560797219269,29.6934206389342
138,236,0,1730,71.56,66.7097869183005,44.7162173515083,22.7920838054708
138,236,1,339,51.39,66.7097869183005,44.7162173515083,22.7920838054708
138,236,2,82,51.63,66.7097869183005,44.7162173515083,22.7920838054708
138,236,3,20,47.51,66.7097869183005,44.7162173515083,22.7920838054708
138,236,4,12,44.75,66.7097869183005,44.7162173515083,22.7920838054708
138,236,5,10,47.57,66.7097869183005,44.7162173515083,22.7920838054708
138,236,6,52,55.12,66.7097869183005,44.7162173515083,22.7920838054708
138,236,7,500,70.86,66.7097869183005,44.7162173515083,22.7920838054708
138,236,8,1159,77.07,66.7097869183005,44.7162173515083,22.7920838054708
138,236,9,2033,70.39,66.7097869183005,44.7162173515083,22.7920838054708
138,236,10,3003,72.62,66.7097869183005,44.7162173515083,22.7920838054708
138,236,11,2353,65.24,66.7097869183005,44.7162173515083,22.7920838054708
138,236,12,2904,64.34,66.7097869183005,44.7162173515083,22.7920838054708
138,236,13,3107,76.33,66.7097869183005,44.7162173515083,22.7920838054708
138,236,14,4164,76.81,66.7097869183005,44.7162173515083,22.7920838054708
138,236,15,3782,83.76,66.7097869183005,44.7162173515083,22.7920838054708
138,236,16,4032,76.54,66.7097869183005,44.7162173515083,22.7920838054708
138,236,17,4104,66.51,66.7097869183005,44.7162173515083,22.7920838054708
138,236,18,4788,69.33,66.7097869183005,44.7162173515083,22.7920838054708
138,236,19,4792,58.25,66.7097869183005,44.7162173515083,22.7920838054708
138,236,20,4572,54.67,66.7097869183005,44.7162173515083,22.7920838054708
138,236,21,4282,53.99,66.7097869183005,44.7162173515083,22.7920838054708
138,236,22,3669,53.44,66.7097869183005,44.7162173515083,22.7920838054708
138,236,23,3855,53.71,66.7097869183005,44.7162173515083,22.7920838054708
138,237,0,1035,60.68,74.0516716813204,49.6375539349244,25.3005141353982
138,237,1,210,58.52,74.0516716813204,49.6375539349244,25.3005141353982
138,237,2,47,58.92,74.0516716813204,49.6375539349244,25.3005141353982
138,237,3,8,54.6,74.0516716813204,49.6375539349244,25.3005141353982
138,237,4,7,64.3,74.0516716813204,49.6375539349244,25.3005141353982
138,237,5,7,58.99,74.0516716813204,49.6375539349244,25.3005141353982
138,237,6,41,64.04,74.0516716813204,49.6375539349244,25.3005141353982
138,237,7,595,84.41,74.0516716813204,49.6375539349244,25.3005141353982
138,237,8,1380,90.83,74.0516716813204,49.6375539349244,25.3005141353982
138,237,9,2570,92.35,74.0516716813204,49.6375539349244,25.3005141353982
138,237,10,3672,84.66,74.0516716813204,49.6375539349244,25.3005141353982
138,237,11,2997,94.65,74.0516716813204,49.6375539349244,25.3005141353982
138,237,12,3583,80.26,74.0516716813204,49.6375539349244,25.3005141353982
138,237,13,3297,96.06,74.0516716813204,49.6375539349244,25.3005141353982
138,237,14,4508,93.62,74.0516716813204,49.6375539349244,25.3005141353982
138,237,15,3681,87.29,74.0516716813204,49.6375539349244,25.3005141353982
138,237,16,3549,83.55,74.0516716813204,49.6375539349244,25.3005141353982
138,237,17,3376,80.76,74.0516716813204,49.6375539349244,25.3005141353982
138,237,18,3430,83.27,74.0516716813204,49.6375539349244,25.3005141353982
138,237,19,3382,78.23,74.0516716813204,49.6375539349244,25.3005141353982
138,237,20,2978,82.12,74.0516716813204,49.6375539349244,25.3005141353982
138,237,21,2844,75.06,74.0516716813204,49.6375539349244,25.3005141353982
138,237,22,2384,75.5,74.0516716813204,49.6375539349244,25.3005141353982
138,237,23,2478,61.46,74.0516716813204,49.6375539349244,25.3005141353982
138,238,0,1834,60.3,80.9984509259493,54.2940474562754,27.6739526072613
138,238,1,359,56.4,80.9984509259493,54.2940474562754,27.6739526072613
138,238,2,84,54.52,80.9984509259493,54.2940474562754,27.6739526072613
138,238,3,15,49.86,80.9984509259493,54.2940474562754,27.6739526072613
138,238,4,8,48.88,80.9984509259493,54.2940474562754,27.6739526072613
138,238,5,12,58.49,80.9984509259493,54.2940474562754,27.6739526072613
138,238,6,34,60.34,80.9984509259493,54.2940474562754,27.6739526072613
138,238,7,300,78.74,80.9984509259493,54.2940474562754,27.6739526072613
138,238,8,725,80.29,80.9984509259493,54.2940474562754,27.6739526072613
138,238,9,1434,75.8,80.9984509259493,54.2940474562754,27.6739526072613
138,238,10,1980,88.3,80.9984509259493,54.2940474562754,27.6739526072613
138,238,11,1816,85.41,80.9984509259493,54.2940474562754,27.6739526072613
138,238,12,2185,71.3,80.9984509259493,54.2940474562754,27.6739526072613
138,238,13,2336,72.43,80.9984509259493,54.2940474562754,27.6739526072613
138,238,14,3094,87.16,80.9984509259493,54.2940474562754,27.6739526072613
138,238,15,2882,79.16,80.9984509259493,54.2940474562754,27.6739526072613
138,238,16,3208,77.3,80.9984509259493,54.2940474562754,27.6739526072613
138,238,17,3437,88.02,80.9984509259493,54.2940474562754,27.6739526072613
138,238,18,3520,79.09,80.9984509259493,54.2940474562754,27.6739526072613
138,238,19,3927,83,80.9984509259493,54.2940474562754,27.6739526072613
138,238,20,4019,62.05,80.9984509259493,54.2940474562754,27.6739526072613
138,238,21,3782,60.99,80.9984509259493,54.2940474562754,27.6739526072613
138,238,22,3282,60.7,80.9984509259493,54.2940474562754,27.6739526072613
138,238,23,3809,59.8,80.9984509259493,54.2940474562754,27.6739526072613
138,239,0,1898,64.8,84.2817704328502,56.4948883746377,28.7957324362551
138,239,1,378,62.95,84.2817704328502,56.4948883746377,28.7957324362551
138,239,2,86,60.34,84.2817704328502,56.4948883746377,28.7957324362551
138,239,3,21,63.29,84.2817704328502,56.4948883746377,28.7957324362551
138,239,4,12,58.39,84.2817704328502,56.4948883746377,28.7957324362551
138,239,5,15,63.78,84.2817704328502,56.4948883746377,28.7957324362551
138,239,6,32,64.4,84.2817704328502,56.4948883746377,28.7957324362551
138,239,7,353,83.96,84.2817704328502,56.4948883746377,28.7957324362551
138,239,8,1125,88.11,84.2817704328502,56.4948883746377,28.7957324362551
138,239,9,2064,83.37,84.2817704328502,56.4948883746377,28.7957324362551
138,239,10,2935,91.39,84.2817704328502,56.4948883746377,28.7957324362551
138,239,11,3078,90.57,84.2817704328502,56.4948883746377,28.7957324362551
138,239,12,3403,79.41,84.2817704328502,56.4948883746377,28.7957324362551
138,239,13,3702,80.43,84.2817704328502,56.4948883746377,28.7957324362551
138,239,14,4744,85.99,84.2817704328502,56.4948883746377,28.7957324362551
138,239,15,4404,98.74,84.2817704328502,56.4948883746377,28.7957324362551
138,239,16,4504,91.71,84.2817704328502,56.4948883746377,28.7957324362551
138,239,17,4360,88.88,84.2817704328502,56.4948883746377,28.7957324362551
138,239,18,4612,76.96,84.2817704328502,56.4948883746377,28.7957324362551
138,239,19,4656,70.18,84.2817704328502,56.4948883746377,28.7957324362551
138,239,20,4659,76.06,84.2817704328502,56.4948883746377,28.7957324362551
138,239,21,4466,66.3,84.2817704328502,56.4948883746377,28.7957324362551
138,239,22,3748,65.82,84.2817704328502,56.4948883746377,28.7957324362551
138,239,23,4034,80.27,84.2817704328502,56.4948883746377,28.7957324362551
138,240,0,35,68.73,124.874092438848,83.704315618733,42.6645161299045
138,240,1,5,71.54,124.874092438848,83.704315618733,42.6645161299045
138,240,2,2,56.51,124.874092438848,83.704315618733,42.6645161299045
138,240,7,3,58.2,124.874092438848,83.704315618733,42.6645161299045
138,240,8,17,75.65,124.874092438848,83.704315618733,42.6645161299045
138,240,9,30,65.43,124.874092438848,83.704315618733,42.6645161299045
138,240,10,45,73.52,124.874092438848,83.704315618733,42.6645161299045
138,240,11,19,82.08,124.874092438848,83.704315618733,42.6645161299045
138,240,12,16,68.55,124.874092438848,83.704315618733,42.6645161299045
138,240,13,16,119.11,124.874092438848,83.704315618733,42.6645161299045
138,240,14,27,84.3,124.874092438848,83.704315618733,42.6645161299045
138,240,15,31,92.88,124.874092438848,83.704315618733,42.6645161299045
138,240,16,17,87.42,124.874092438848,83.704315618733,42.6645161299045
138,240,17,35,86.96,124.874092438848,83.704315618733,42.6645161299045
138,240,18,21,79.03,124.874092438848,83.704315618733,42.6645161299045
138,240,19,35,64.42,124.874092438848,83.704315618733,42.6645161299045
138,240,20,35,63.25,124.874092438848,83.704315618733,42.6645161299045
138,240,21,29,66.05,124.874092438848,83.704315618733,42.6645161299045
138,240,22,35,68.36,124.874092438848,83.704315618733,42.6645161299045
138,240,23,50,68.6,124.874092438848,83.704315618733,42.6645161299045
138,241,0,246,64.46,106.96020289089,71.6964616644333,36.5440517914552
138,241,1,59,60.52,106.96020289089,71.6964616644333,36.5440517914552
138,241,2,27,64.24,106.96020289089,71.6964616644333,36.5440517914552
138,241,3,9,53.6,106.96020289089,71.6964616644333,36.5440517914552
138,241,4,8,50.4,106.96020289089,71.6964616644333,36.5440517914552
138,241,5,9,54.53,106.96020289089,71.6964616644333,36.5440517914552
138,241,6,9,67.25,106.96020289089,71.6964616644333,36.5440517914552
138,241,7,66,72.47,106.96020289089,71.6964616644333,36.5440517914552
138,241,8,110,75.23,106.96020289089,71.6964616644333,36.5440517914552
138,241,9,218,66.8,106.96020289089,71.6964616644333,36.5440517914552
138,241,10,214,70.38,106.96020289089,71.6964616644333,36.5440517914552
138,241,11,200,74.25,106.96020289089,71.6964616644333,36.5440517914552
138,241,12,192,70.51,106.96020289089,71.6964616644333,36.5440517914552
138,241,13,210,75.32,106.96020289089,71.6964616644333,36.5440517914552
138,241,14,236,82.62,106.96020289089,71.6964616644333,36.5440517914552
138,241,15,228,94.96,106.96020289089,71.6964616644333,36.5440517914552
138,241,16,245,90.18,106.96020289089,71.6964616644333,36.5440517914552
138,241,17,262,85.27,106.96020289089,71.6964616644333,36.5440517914552
138,241,18,249,78.48,106.96020289089,71.6964616644333,36.5440517914552
138,241,19,280,68.82,106.96020289089,71.6964616644333,36.5440517914552
138,241,20,279,63.77,106.96020289089,71.6964616644333,36.5440517914552
138,241,21,232,62.08,106.96020289089,71.6964616644333,36.5440517914552
138,241,22,324,66.35,106.96020289089,71.6964616644333,36.5440517914552
138,241,23,408,64.89,106.96020289089,71.6964616644333,36.5440517914552
138,242,0,179,58.31,76.3731014533339,51.193630832288,26.0936544579276
138,242,1,50,52.75,76.3731014533339,51.193630832288,26.0936544579276
138,242,2,15,55.01,76.3731014533339,51.193630832288,26.0936544579276
138,242,3,6,49.62,76.3731014533339,51.193630832288,26.0936544579276
138,242,4,4,48.24,76.3731014533339,51.193630832288,26.0936544579276
138,242,5,7,50.01,76.3731014533339,51.193630832288,26.0936544579276
138,242,6,3,51.26,76.3731014533339,51.193630832288,26.0936544579276
138,242,7,76,59.58,76.3731014533339,51.193630832288,26.0936544579276
138,242,8,177,65.75,76.3731014533339,51.193630832288,26.0936544579276
138,242,9,275,61.84,76.3731014533339,51.193630832288,26.0936544579276
138,242,10,327,63.06,76.3731014533339,51.193630832288,26.0936544579276
138,242,11,254,64.74,76.3731014533339,51.193630832288,26.0936544579276
138,242,12,243,65,76.3731014533339,51.193630832288,26.0936544579276
138,242,13,229,65.93,76.3731014533339,51.193630832288,26.0936544579276
138,242,14,273,67.71,76.3731014533339,51.193630832288,26.0936544579276
138,242,15,281,71.01,76.3731014533339,51.193630832288,26.0936544579276
138,242,16,273,73.65,76.3731014533339,51.193630832288,26.0936544579276
138,242,17,331,70.24,76.3731014533339,51.193630832288,26.0936544579276
138,242,18,287,63.04,76.3731014533339,51.193630832288,26.0936544579276
138,242,19,246,60.18,76.3731014533339,51.193630832288,26.0936544579276
138,242,20,336,57.58,76.3731014533339,51.193630832288,26.0936544579276
138,242,21,250,58.62,76.3731014533339,51.193630832288,26.0936544579276
138,242,22,248,59.07,76.3731014533339,51.193630832288,26.0936544579276
138,242,23,315,59.6,76.3731014533339,51.193630832288,26.0936544579276
138,243,0,1090,57.54,97.2020672255758,65.1554886601263,33.2100845260318
138,243,1,238,54.53,97.2020672255758,65.1554886601263,33.2100845260318
138,243,2,61,49.55,97.2020672255758,65.1554886601263,33.2100845260318
138,243,3,12,45.69,97.2020672255758,65.1554886601263,33.2100845260318
138,243,4,7,45.58,97.2020672255758,65.1554886601263,33.2100845260318
138,243,5,18,52.65,97.2020672255758,65.1554886601263,33.2100845260318
138,243,6,49,43.06,97.2020672255758,65.1554886601263,33.2100845260318
138,243,7,191,63.45,97.2020672255758,65.1554886601263,33.2100845260318
138,243,8,454,69,97.2020672255758,65.1554886601263,33.2100845260318
138,243,9,784,63.2,97.2020672255758,65.1554886601263,33.2100845260318
138,243,10,1106,83.13,97.2020672255758,65.1554886601263,33.2100845260318
138,243,11,940,64.42,97.2020672255758,65.1554886601263,33.2100845260318
138,243,12,1046,73.77,97.2020672255758,65.1554886601263,33.2100845260318
138,243,13,1010,69.53,97.2020672255758,65.1554886601263,33.2100845260318
138,243,14,1335,81.85,97.2020672255758,65.1554886601263,33.2100845260318
138,243,15,1185,83.86,97.2020672255758,65.1554886601263,33.2100845260318
138,243,16,1202,100.88,97.2020672255758,65.1554886601263,33.2100845260318
138,243,17,1251,78.57,97.2020672255758,65.1554886601263,33.2100845260318
138,243,18,1362,70.56,97.2020672255758,65.1554886601263,33.2100845260318
138,243,19,1381,62.12,97.2020672255758,65.1554886601263,33.2100845260318
138,243,20,1364,58.44,97.2020672255758,65.1554886601263,33.2100845260318
138,243,21,1419,57.34,97.2020672255758,65.1554886601263,33.2100845260318
138,243,22,1427,56.38,97.2020672255758,65.1554886601263,33.2100845260318
138,243,23,1802,57.41,97.2020672255758,65.1554886601263,33.2100845260318
138,244,0,1489,54.78,87.3908297667643,58.5789210084746,29.8579744875082
138,244,1,330,52.27,87.3908297667643,58.5789210084746,29.8579744875082
138,244,2,91,50.33,87.3908297667643,58.5789210084746,29.8579744875082
138,244,3,34,48.81,87.3908297667643,58.5789210084746,29.8579744875082
138,244,4,23,48.39,87.3908297667643,58.5789210084746,29.8579744875082
138,244,5,32,39.96,87.3908297667643,58.5789210084746,29.8579744875082
138,244,6,42,51.76,87.3908297667643,58.5789210084746,29.8579744875082
138,244,7,365,64.37,87.3908297667643,58.5789210084746,29.8579744875082
138,244,8,785,66.7,87.3908297667643,58.5789210084746,29.8579744875082
138,244,9,1352,63.11,87.3908297667643,58.5789210084746,29.8579744875082
138,244,10,1511,61.93,87.3908297667643,58.5789210084746,29.8579744875082
138,244,11,1323,63.3,87.3908297667643,58.5789210084746,29.8579744875082
138,244,12,1274,64.53,87.3908297667643,58.5789210084746,29.8579744875082
138,244,13,1364,68.2,87.3908297667643,58.5789210084746,29.8579744875082
138,244,14,1568,74.43,87.3908297667643,58.5789210084746,29.8579744875082
138,244,15,1562,81.29,87.3908297667643,58.5789210084746,29.8579744875082
138,244,16,1602,100.19,87.3908297667643,58.5789210084746,29.8579744875082
138,244,17,1781,88.78,87.3908297667643,58.5789210084746,29.8579744875082
138,244,18,1809,67.09,87.3908297667643,58.5789210084746,29.8579744875082
138,244,19,1829,74.18,87.3908297667643,58.5789210084746,29.8579744875082
138,244,20,1821,55.03,87.3908297667643,58.5789210084746,29.8579744875082
138,244,21,1948,55.26,87.3908297667643,58.5789210084746,29.8579744875082
138,244,22,1964,55.8,87.3908297667643,58.5789210084746,29.8579744875082
138,244,23,2473,56.16,87.3908297667643,58.5789210084746,29.8579744875082
138,245,0,17,115.34,240.843590547638,161.439795270751,82.2866861573857
138,245,1,2,87.82,240.843590547638,161.439795270751,82.2866861573857
138,245,7,4,102.96,240.843590547638,161.439795270751,82.2866861573857
138,245,8,16,137,240.843590547638,161.439795270751,82.2866861573857
138,245,9,11,128.9,240.843590547638,161.439795270751,82.2866861573857
138,245,10,19,119.8,240.843590547638,161.439795270751,82.2866861573857
138,245,11,15,136.25,240.843590547638,161.439795270751,82.2866861573857
138,245,12,22,129.66,240.843590547638,161.439795270751,82.2866861573857
138,245,13,15,129.6,240.843590547638,161.439795270751,82.2866861573857
138,245,14,24,155.54,240.843590547638,161.439795270751,82.2866861573857
138,245,15,16,160.04,240.843590547638,161.439795270751,82.2866861573857
138,245,16,8,157.93,240.843590547638,161.439795270751,82.2866861573857
138,245,17,21,152.9,240.843590547638,161.439795270751,82.2866861573857
138,245,18,25,132.44,240.843590547638,161.439795270751,82.2866861573857
138,245,19,14,116.99,240.843590547638,161.439795270751,82.2866861573857
138,245,20,22,113.42,240.843590547638,161.439795270751,82.2866861573857
138,245,21,18,112.88,240.843590547638,161.439795270751,82.2866861573857
138,245,22,19,109.44,240.843590547638,161.439795270751,82.2866861573857
138,245,23,27,113.23,240.843590547638,161.439795270751,82.2866861573857
138,246,0,1021,92.37,107.291469432354,71.9185128409351,36.6572324074306
138,246,1,187,64.59,107.291469432354,71.9185128409351,36.6572324074306
138,246,2,58,63.01,107.291469432354,71.9185128409351,36.6572324074306
138,246,3,11,57.86,107.291469432354,71.9185128409351,36.6572324074306
138,246,4,13,55.5,107.291469432354,71.9185128409351,36.6572324074306
138,246,5,11,55.19,107.291469432354,71.9185128409351,36.6572324074306
138,246,6,31,74.06,107.291469432354,71.9185128409351,36.6572324074306
138,246,7,857,110.86,107.291469432354,71.9185128409351,36.6572324074306
138,246,8,1930,108.35,107.291469432354,71.9185128409351,36.6572324074306
138,246,9,3321,104.62,107.291469432354,71.9185128409351,36.6572324074306
138,246,10,3487,99.44,107.291469432354,71.9185128409351,36.6572324074306
138,246,11,2718,115.96,107.291469432354,71.9185128409351,36.6572324074306
138,246,12,2390,95.04,107.291469432354,71.9185128409351,36.6572324074306
138,246,13,1967,94.84,107.291469432354,71.9185128409351,36.6572324074306
138,246,14,2134,100.17,107.291469432354,71.9185128409351,36.6572324074306
138,246,15,1867,115.82,107.291469432354,71.9185128409351,36.6572324074306
138,246,16,1781,102.46,107.291469432354,71.9185128409351,36.6572324074306
138,246,17,1818,98.25,107.291469432354,71.9185128409351,36.6572324074306
138,246,18,1937,90.3,107.291469432354,71.9185128409351,36.6572324074306
138,246,19,1983,81.85,107.291469432354,71.9185128409351,36.6572324074306
138,246,20,2039,89.68,107.291469432354,71.9185128409351,36.6572324074306
138,246,21,2003,75.21,107.291469432354,71.9185128409351,36.6572324074306
138,246,22,1699,74.38,107.291469432354,71.9185128409351,36.6572324074306
138,246,23,2033,88.51,107.291469432354,71.9185128409351,36.6572324074306
138,247,0,304,52.85,68.415551460198,45.8596078722935,23.3748757792923
138,247,1,88,50.09,68.415551460198,45.8596078722935,23.3748757792923
138,247,2,29,43.7,68.415551460198,45.8596078722935,23.3748757792923
138,247,3,9,48.85,68.415551460198,45.8596078722935,23.3748757792923
138,247,4,5,42.97,68.415551460198,45.8596078722935,23.3748757792923
138,247,5,8,41.34,68.415551460198,45.8596078722935,23.3748757792923
138,247,6,17,52.01,68.415551460198,45.8596078722935,23.3748757792923
138,247,7,104,59.47,68.415551460198,45.8596078722935,23.3748757792923
138,247,8,206,56.66,68.415551460198,45.8596078722935,23.3748757792923
138,247,9,321,55.28,68.415551460198,45.8596078722935,23.3748757792923
138,247,10,386,54.2,68.415551460198,45.8596078722935,23.3748757792923
138,247,11,307,53.54,68.415551460198,45.8596078722935,23.3748757792923
138,247,12,336,57.4,68.415551460198,45.8596078722935,23.3748757792923
138,247,13,304,60.38,68.415551460198,45.8596078722935,23.3748757792923
138,247,14,338,66.81,68.415551460198,45.8596078722935,23.3748757792923
138,247,15,384,76.12,68.415551460198,45.8596078722935,23.3748757792923
138,247,16,368,71.08,68.415551460198,45.8596078722935,23.3748757792923
138,247,17,370,71.34,68.415551460198,45.8596078722935,23.3748757792923
138,247,18,335,61.44,68.415551460198,45.8596078722935,23.3748757792923
138,247,19,355,54.23,68.415551460198,45.8596078722935,23.3748757792923
138,247,20,278,51.35,68.415551460198,45.8596078722935,23.3748757792923
138,247,21,330,50.79,68.415551460198,45.8596078722935,23.3748757792923
138,247,22,326,50.69,68.415551460198,45.8596078722935,23.3748757792923
138,247,23,380,54.53,68.415551460198,45.8596078722935,23.3748757792923
138,248,0,169,50.98,60.6922112920801,40.6825780301782,20.7361172926929
138,248,1,47,49.79,60.6922112920801,40.6825780301782,20.7361172926929
138,248,2,13,59.05,60.6922112920801,40.6825780301782,20.7361172926929
138,248,3,3,41.15,60.6922112920801,40.6825780301782,20.7361172926929
138,248,4,5,37.91,60.6922112920801,40.6825780301782,20.7361172926929
138,248,5,6,41.07,60.6922112920801,40.6825780301782,20.7361172926929
138,248,6,6,48.25,60.6922112920801,40.6825780301782,20.7361172926929
138,248,7,59,54.12,60.6922112920801,40.6825780301782,20.7361172926929
138,248,8,103,54.26,60.6922112920801,40.6825780301782,20.7361172926929
138,248,9,136,56.63,60.6922112920801,40.6825780301782,20.7361172926929
138,248,10,152,54.46,60.6922112920801,40.6825780301782,20.7361172926929
138,248,11,116,56.57,60.6922112920801,40.6825780301782,20.7361172926929
138,248,12,128,56.59,60.6922112920801,40.6825780301782,20.7361172926929
138,248,13,145,54.39,60.6922112920801,40.6825780301782,20.7361172926929
138,248,14,169,64.57,60.6922112920801,40.6825780301782,20.7361172926929
138,248,15,126,70.36,60.6922112920801,40.6825780301782,20.7361172926929
138,248,16,124,69.1,60.6922112920801,40.6825780301782,20.7361172926929
138,248,17,156,68.03,60.6922112920801,40.6825780301782,20.7361172926929
138,248,18,128,61.01,60.6922112920801,40.6825780301782,20.7361172926929
138,248,19,153,52.97,60.6922112920801,40.6825780301782,20.7361172926929
138,248,20,157,59.71,60.6922112920801,40.6825780301782,20.7361172926929
138,248,21,144,53.89,60.6922112920801,40.6825780301782,20.7361172926929
138,248,22,170,54.62,60.6922112920801,40.6825780301782,20.7361172926929
138,248,23,239,52.39,60.6922112920801,40.6825780301782,20.7361172926929
138,249,0,1471,69.61,112.741291733358,75.5715816003553,38.5192201658617
138,249,1,262,64.25,112.741291733358,75.5715816003553,38.5192201658617
138,249,2,75,61.48,112.741291733358,75.5715816003553,38.5192201658617
138,249,3,15,59.63,112.741291733358,75.5715816003553,38.5192201658617
138,249,4,9,64.79,112.741291733358,75.5715816003553,38.5192201658617
138,249,5,6,58.24,112.741291733358,75.5715816003553,38.5192201658617
138,249,6,22,70.93,112.741291733358,75.5715816003553,38.5192201658617
138,249,7,298,87.12,112.741291733358,75.5715816003553,38.5192201658617
138,249,8,673,100.21,112.741291733358,75.5715816003553,38.5192201658617
138,249,9,1192,94.36,112.741291733358,75.5715816003553,38.5192201658617
138,249,10,1754,89.71,112.741291733358,75.5715816003553,38.5192201658617
138,249,11,1527,87.9,112.741291733358,75.5715816003553,38.5192201658617
138,249,12,1714,87.17,112.741291733358,75.5715816003553,38.5192201658617
138,249,13,1838,90.97,112.741291733358,75.5715816003553,38.5192201658617
138,249,14,2272,90.72,112.741291733358,75.5715816003553,38.5192201658617
138,249,15,2292,94.36,112.741291733358,75.5715816003553,38.5192201658617
138,249,16,2373,93.46,112.741291733358,75.5715816003553,38.5192201658617
138,249,17,2566,92.79,112.741291733358,75.5715816003553,38.5192201658617
138,249,18,3045,100.18,112.741291733358,75.5715816003553,38.5192201658617
138,249,19,3200,79.59,112.741291733358,75.5715816003553,38.5192201658617
138,249,20,3332,90.3,112.741291733358,75.5715816003553,38.5192201658617
138,249,21,3354,84.87,112.741291733358,75.5715816003553,38.5192201658617
138,249,22,2845,72.42,112.741291733358,75.5715816003553,38.5192201658617
138,249,23,3047,81.88,112.741291733358,75.5715816003553,38.5192201658617
138,250,0,180,53.05,61.9252021969697,41.5090637954978,21.1573812980786
138,250,1,49,47.7,61.9252021969697,41.5090637954978,21.1573812980786
138,250,2,9,54.46,61.9252021969697,41.5090637954978,21.1573812980786
138,250,3,6,45.41,61.9252021969697,41.5090637954978,21.1573812980786
138,250,6,4,48.48,61.9252021969697,41.5090637954978,21.1573812980786
138,250,7,55,56.28,61.9252021969697,41.5090637954978,21.1573812980786
138,250,8,63,61.82,61.9252021969697,41.5090637954978,21.1573812980786
138,250,9,120,54,61.9252021969697,41.5090637954978,21.1573812980786
138,250,10,189,54.96,61.9252021969697,41.5090637954978,21.1573812980786
138,250,11,130,56.38,61.9252021969697,41.5090637954978,21.1573812980786
138,250,12,142,59.98,61.9252021969697,41.5090637954978,21.1573812980786
138,250,13,131,58.19,61.9252021969697,41.5090637954978,21.1573812980786
138,250,14,177,59.23,61.9252021969697,41.5090637954978,21.1573812980786
138,250,15,154,66.03,61.9252021969697,41.5090637954978,21.1573812980786
138,250,16,170,68.92,61.9252021969697,41.5090637954978,21.1573812980786
138,250,17,173,69.14,61.9252021969697,41.5090637954978,21.1573812980786
138,250,18,166,58.12,61.9252021969697,41.5090637954978,21.1573812980786
138,250,19,153,55.77,61.9252021969697,41.5090637954978,21.1573812980786
138,250,20,156,54.62,61.9252021969697,41.5090637954978,21.1573812980786
138,250,21,169,52.64,61.9252021969697,41.5090637954978,21.1573812980786
138,250,22,162,54.9,61.9252021969697,41.5090637954978,21.1573812980786
138,250,23,263,56.51,61.9252021969697,41.5090637954978,21.1573812980786
138,251,0,12,104.97,263.663089709338,176.735926940559,90.0832024006365
138,251,1,2,105.54,263.663089709338,176.735926940559,90.0832024006365
138,251,8,5,132.81,263.663089709338,176.735926940559,90.0832024006365
138,251,9,9,129.49,263.663089709338,176.735926940559,90.0832024006365
138,251,10,19,122.6,263.663089709338,176.735926940559,90.0832024006365
138,251,11,11,136.97,263.663089709338,176.735926940559,90.0832024006365
138,251,12,7,135.52,263.663089709338,176.735926940559,90.0832024006365
138,251,13,22,140.36,263.663089709338,176.735926940559,90.0832024006365
138,251,14,13,148.59,263.663089709338,176.735926940559,90.0832024006365
138,251,15,14,160.17,263.663089709338,176.735926940559,90.0832024006365
138,251,16,13,155.88,263.663089709338,176.735926940559,90.0832024006365
138,251,17,22,165.82,263.663089709338,176.735926940559,90.0832024006365
138,251,18,11,135.95,263.663089709338,176.735926940559,90.0832024006365
138,251,19,19,121.79,263.663089709338,176.735926940559,90.0832024006365
138,251,20,23,128.39,263.663089709338,176.735926940559,90.0832024006365
138,251,21,16,113.2,263.663089709338,176.735926940559,90.0832024006365
138,251,22,17,106.8,263.663089709338,176.735926940559,90.0832024006365
138,251,23,19,121.95,263.663089709338,176.735926940559,90.0832024006365
138,252,0,392,40.46,48.3140119330365,32.3853509136057,16.5069783584363
138,252,1,105,39.17,48.3140119330365,32.3853509136057,16.5069783584363
138,252,2,33,32.77,48.3140119330365,32.3853509136057,16.5069783584363
138,252,3,10,33.61,48.3140119330365,32.3853509136057,16.5069783584363
138,252,4,5,32.41,48.3140119330365,32.3853509136057,16.5069783584363
138,252,5,8,37.58,48.3140119330365,32.3853509136057,16.5069783584363
138,252,6,15,35.36,48.3140119330365,32.3853509136057,16.5069783584363
138,252,7,89,40.74,48.3140119330365,32.3853509136057,16.5069783584363
138,252,8,254,40.7,48.3140119330365,32.3853509136057,16.5069783584363
138,252,9,410,39.98,48.3140119330365,32.3853509136057,16.5069783584363
138,252,10,512,39.11,48.3140119330365,32.3853509136057,16.5069783584363
138,252,11,338,41.48,48.3140119330365,32.3853509136057,16.5069783584363
138,252,12,433,42.37,48.3140119330365,32.3853509136057,16.5069783584363
138,252,13,419,43.28,48.3140119330365,32.3853509136057,16.5069783584363
138,252,14,588,43.5,48.3140119330365,32.3853509136057,16.5069783584363
138,252,15,483,45.82,48.3140119330365,32.3853509136057,16.5069783584363
138,252,16,468,50.55,48.3140119330365,32.3853509136057,16.5069783584363
138,252,17,550,48.85,48.3140119330365,32.3853509136057,16.5069783584363
138,252,18,581,43.64,48.3140119330365,32.3853509136057,16.5069783584363
138,252,19,598,40.52,48.3140119330365,32.3853509136057,16.5069783584363
138,252,20,560,39.57,48.3140119330365,32.3853509136057,16.5069783584363
138,252,21,526,73.97,48.3140119330365,32.3853509136057,16.5069783584363
138,252,22,560,40.09,48.3140119330365,32.3853509136057,16.5069783584363
138,252,23,663,40.16,48.3140119330365,32.3853509136057,16.5069783584363
138,253,0,9,34.74,31.4340869931025,21.0705734669974,10.7397786470625
138,253,1,2,27.58,31.4340869931025,21.0705734669974,10.7397786470625
138,253,7,4,36.8,31.4340869931025,21.0705734669974,10.7397786470625
138,253,8,13,34.44,31.4340869931025,21.0705734669974,10.7397786470625
138,253,9,17,26.19,31.4340869931025,21.0705734669974,10.7397786470625
138,253,10,11,36.15,31.4340869931025,21.0705734669974,10.7397786470625
138,253,11,21,33.96,31.4340869931025,21.0705734669974,10.7397786470625
138,253,12,18,46.14,31.4340869931025,21.0705734669974,10.7397786470625
138,253,13,22,30.52,31.4340869931025,21.0705734669974,10.7397786470625
138,253,14,17,38.97,31.4340869931025,21.0705734669974,10.7397786470625
138,253,15,21,37.54,31.4340869931025,21.0705734669974,10.7397786470625
138,253,16,19,33.51,31.4340869931025,21.0705734669974,10.7397786470625
138,253,17,10,45.42,31.4340869931025,21.0705734669974,10.7397786470625
138,253,18,24,38.77,31.4340869931025,21.0705734669974,10.7397786470625
138,253,19,23,39.88,31.4340869931025,21.0705734669974,10.7397786470625
138,253,20,14,30.79,31.4340869931025,21.0705734669974,10.7397786470625
138,253,21,12,29.82,31.4340869931025,21.0705734669974,10.7397786470625
138,253,22,15,31.9,31.4340869931025,21.0705734669974,10.7397786470625
138,253,23,13,30.22,31.4340869931025,21.0705734669974,10.7397786470625
138,254,0,402,106.77,112.177909689401,75.1939411506802,38.3267349046494
138,254,1,115,65.51,112.177909689401,75.1939411506802,38.3267349046494
138,254,2,33,68.65,112.177909689401,75.1939411506802,38.3267349046494
138,254,3,12,61.29,112.177909689401,75.1939411506802,38.3267349046494
138,254,4,6,55.77,112.177909689401,75.1939411506802,38.3267349046494
138,254,5,10,57.33,112.177909689401,75.1939411506802,38.3267349046494
138,254,6,12,62.11,112.177909689401,75.1939411506802,38.3267349046494
138,254,7,92,70.82,112.177909689401,75.1939411506802,38.3267349046494
138,254,8,196,73.61,112.177909689401,75.1939411506802,38.3267349046494
138,254,9,338,72.73,112.177909689401,75.1939411506802,38.3267349046494
138,254,10,382,74.24,112.177909689401,75.1939411506802,38.3267349046494
138,254,11,308,73.08,112.177909689401,75.1939411506802,38.3267349046494
138,254,12,326,72.83,112.177909689401,75.1939411506802,38.3267349046494
138,254,13,286,73.29,112.177909689401,75.1939411506802,38.3267349046494
138,254,14,319,79.65,112.177909689401,75.1939411506802,38.3267349046494
138,254,15,295,89.9,112.177909689401,75.1939411506802,38.3267349046494
138,254,16,309,93.43,112.177909689401,75.1939411506802,38.3267349046494
138,254,17,325,85.5,112.177909689401,75.1939411506802,38.3267349046494
138,254,18,356,76.23,112.177909689401,75.1939411506802,38.3267349046494
138,254,19,370,71.7,112.177909689401,75.1939411506802,38.3267349046494
138,254,20,386,65.95,112.177909689401,75.1939411506802,38.3267349046494
138,254,21,325,65.69,112.177909689401,75.1939411506802,38.3267349046494
138,254,22,426,67.82,112.177909689401,75.1939411506802,38.3267349046494
138,254,23,554,71.41,112.177909689401,75.1939411506802,38.3267349046494
138,255,0,2392,46.35,90.9565641091202,60.9690673308695,31.0762442454157
138,255,1,458,43.62,90.9565641091202,60.9690673308695,31.0762442454157
138,255,2,111,41.01,90.9565641091202,60.9690673308695,31.0762442454157
138,255,3,17,38.03,90.9565641091202,60.9690673308695,31.0762442454157
138,255,4,12,42.73,90.9565641091202,60.9690673308695,31.0762442454157
138,255,5,17,40.53,90.9565641091202,60.9690673308695,31.0762442454157
138,255,6,36,52.25,90.9565641091202,60.9690673308695,31.0762442454157
138,255,7,519,61.14,90.9565641091202,60.9690673308695,31.0762442454157
138,255,8,1449,63.94,90.9565641091202,60.9690673308695,31.0762442454157
138,255,9,2476,64.75,90.9565641091202,60.9690673308695,31.0762442454157
138,255,10,3475,63.98,90.9565641091202,60.9690673308695,31.0762442454157
138,255,11,3123,56.53,90.9565641091202,60.9690673308695,31.0762442454157
138,255,12,3621,66.31,90.9565641091202,60.9690673308695,31.0762442454157
138,255,13,3746,54.79,90.9565641091202,60.9690673308695,31.0762442454157
138,255,14,4502,59.2,90.9565641091202,60.9690673308695,31.0762442454157
138,255,15,4345,73.95,90.9565641091202,60.9690673308695,31.0762442454157
138,255,16,4509,61.48,90.9565641091202,60.9690673308695,31.0762442454157
138,255,17,4610,59.84,90.9565641091202,60.9690673308695,31.0762442454157
138,255,18,4820,64.75,90.9565641091202,60.9690673308695,31.0762442454157
138,255,19,4920,52.98,90.9565641091202,60.9690673308695,31.0762442454157
138,255,20,5044,50.1,90.9565641091202,60.9690673308695,31.0762442454157
138,255,21,4921,48.23,90.9565641091202,60.9690673308695,31.0762442454157
138,255,22,4245,47.61,90.9565641091202,60.9690673308695,31.0762442454157
138,255,23,4871,56.01,90.9565641091202,60.9690673308695,31.0762442454157
138,256,0,2065,47.66,98.2297844552869,65.844377489526,33.5612146721465
138,256,1,418,43.66,98.2297844552869,65.844377489526,33.5612146721465
138,256,2,97,41.54,98.2297844552869,65.844377489526,33.5612146721465
138,256,3,26,42.14,98.2297844552869,65.844377489526,33.5612146721465
138,256,4,11,37.3,98.2297844552869,65.844377489526,33.5612146721465
138,256,5,15,43.17,98.2297844552869,65.844377489526,33.5612146721465
138,256,6,41,53.55,98.2297844552869,65.844377489526,33.5612146721465
138,256,7,429,61.93,98.2297844552869,65.844377489526,33.5612146721465
138,256,8,1095,64.3,98.2297844552869,65.844377489526,33.5612146721465
138,256,9,1860,61.01,98.2297844552869,65.844377489526,33.5612146721465
138,256,10,2437,64.62,98.2297844552869,65.844377489526,33.5612146721465
138,256,11,2129,57.55,98.2297844552869,65.844377489526,33.5612146721465
138,256,12,2410,55.61,98.2297844552869,65.844377489526,33.5612146721465
138,256,13,2473,56.24,98.2297844552869,65.844377489526,33.5612146721465
138,256,14,2870,63.58,98.2297844552869,65.844377489526,33.5612146721465
138,256,15,3064,64.45,98.2297844552869,65.844377489526,33.5612146721465
138,256,16,3052,65.06,98.2297844552869,65.844377489526,33.5612146721465
138,256,17,3203,63.24,98.2297844552869,65.844377489526,33.5612146721465
138,256,18,3338,59.33,98.2297844552869,65.844377489526,33.5612146721465
138,256,19,3556,55.67,98.2297844552869,65.844377489526,33.5612146721465
138,256,20,3726,60.83,98.2297844552869,65.844377489526,33.5612146721465
138,256,21,3689,50.09,98.2297844552869,65.844377489526,33.5612146721465
138,256,22,3343,49.49,98.2297844552869,65.844377489526,33.5612146721465
138,256,23,3862,49.15,98.2297844552869,65.844377489526,33.5612146721465
138,257,0,320,76,155.044405537386,103.927769183793,52.9725134470198
138,257,1,76,69.65,155.044405537386,103.927769183793,52.9725134470198
138,257,2,12,66.84,155.044405537386,103.927769183793,52.9725134470198
138,257,3,3,54.97,155.044405537386,103.927769183793,52.9725134470198
138,257,4,2,54.33,155.044405537386,103.927769183793,52.9725134470198
138,257,6,6,76.08,155.044405537386,103.927769183793,52.9725134470198
138,257,7,36,99.06,155.044405537386,103.927769183793,52.9725134470198
138,257,8,119,105.57,155.044405537386,103.927769183793,52.9725134470198
138,257,9,213,94.59,155.044405537386,103.927769183793,52.9725134470198
138,257,10,317,92.82,155.044405537386,103.927769183793,52.9725134470198
138,257,11,331,93.7,155.044405537386,103.927769183793,52.9725134470198
138,257,12,337,94.89,155.044405537386,103.927769183793,52.9725134470198
138,257,13,380,97.02,155.044405537386,103.927769183793,52.9725134470198
138,257,14,431,109.09,155.044405537386,103.927769183793,52.9725134470198
138,257,15,475,117.78,155.044405537386,103.927769183793,52.9725134470198
138,257,16,557,116.51,155.044405537386,103.927769183793,52.9725134470198
138,257,17,541,111.03,155.044405537386,103.927769183793,52.9725134470198
138,257,18,575,99.28,155.044405537386,103.927769183793,52.9725134470198
138,257,19,630,88.05,155.044405537386,103.927769183793,52.9725134470198
138,257,20,673,82.55,155.044405537386,103.927769183793,52.9725134470198
138,257,21,603,77.75,155.044405537386,103.927769183793,52.9725134470198
138,257,22,557,78.37,155.044405537386,103.927769183793,52.9725134470198
138,257,23,661,78.69,155.044405537386,103.927769183793,52.9725134470198
138,258,0,253,56.44,94.5717257199772,63.3923452308557,32.3114013372212
138,258,1,66,55.59,94.5717257199772,63.3923452308557,32.3114013372212
138,258,2,21,56.7,94.5717257199772,63.3923452308557,32.3114013372212
138,258,3,11,49.86,94.5717257199772,63.3923452308557,32.3114013372212
138,258,4,8,55.99,94.5717257199772,63.3923452308557,32.3114013372212
138,258,5,8,54.83,94.5717257199772,63.3923452308557,32.3114013372212
138,258,6,14,59.6,94.5717257199772,63.3923452308557,32.3114013372212
138,258,7,54,60.52,94.5717257199772,63.3923452308557,32.3114013372212
138,258,8,141,61.96,94.5717257199772,63.3923452308557,32.3114013372212
138,258,9,183,59.1,94.5717257199772,63.3923452308557,32.3114013372212
138,258,10,245,59.62,94.5717257199772,63.3923452308557,32.3114013372212
138,258,11,203,60.03,94.5717257199772,63.3923452308557,32.3114013372212
138,258,12,193,64.69,94.5717257199772,63.3923452308557,32.3114013372212
138,258,13,172,62.27,94.5717257199772,63.3923452308557,32.3114013372212
138,258,14,238,68.49,94.5717257199772,63.3923452308557,32.3114013372212
138,258,15,195,79.38,94.5717257199772,63.3923452308557,32.3114013372212
138,258,16,222,79.35,94.5717257199772,63.3923452308557,32.3114013372212
138,258,17,254,78.48,94.5717257199772,63.3923452308557,32.3114013372212
138,258,18,226,67.78,94.5717257199772,63.3923452308557,32.3114013372212
138,258,19,291,62.4,94.5717257199772,63.3923452308557,32.3114013372212
138,258,20,219,58.88,94.5717257199772,63.3923452308557,32.3114013372212
138,258,21,251,58.49,94.5717257199772,63.3923452308557,32.3114013372212
138,258,22,314,58.9,94.5717257199772,63.3923452308557,32.3114013372212
138,258,23,374,57.38,94.5717257199772,63.3923452308557,32.3114013372212
138,259,0,297,70.22,129.42580469892,86.7553725047668,44.219655369324
138,259,1,79,64,129.42580469892,86.7553725047668,44.219655369324
138,259,2,22,62.74,129.42580469892,86.7553725047668,44.219655369324
138,259,3,6,52.3,129.42580469892,86.7553725047668,44.219655369324
138,259,4,4,52.31,129.42580469892,86.7553725047668,44.219655369324
138,259,5,7,65.53,129.42580469892,86.7553725047668,44.219655369324
138,259,6,5,62.08,129.42580469892,86.7553725047668,44.219655369324
138,259,7,66,70.16,129.42580469892,86.7553725047668,44.219655369324
138,259,8,170,75.45,129.42580469892,86.7553725047668,44.219655369324
138,259,9,264,72.68,129.42580469892,86.7553725047668,44.219655369324
138,259,10,296,72.43,129.42580469892,86.7553725047668,44.219655369324
138,259,11,236,74.26,129.42580469892,86.7553725047668,44.219655369324
138,259,12,278,74.55,129.42580469892,86.7553725047668,44.219655369324
138,259,13,235,75.58,129.42580469892,86.7553725047668,44.219655369324
138,259,14,296,84.11,129.42580469892,86.7553725047668,44.219655369324
138,259,15,261,92.2,129.42580469892,86.7553725047668,44.219655369324
138,259,16,246,92.69,129.42580469892,86.7553725047668,44.219655369324
138,259,17,292,131.68,129.42580469892,86.7553725047668,44.219655369324
138,259,18,273,76.77,129.42580469892,86.7553725047668,44.219655369324
138,259,19,285,70.97,129.42580469892,86.7553725047668,44.219655369324
138,259,20,331,69.7,129.42580469892,86.7553725047668,44.219655369324
138,259,21,303,67.84,129.42580469892,86.7553725047668,44.219655369324
138,259,22,319,69.34,129.42580469892,86.7553725047668,44.219655369324
138,259,23,419,71.06,129.42580469892,86.7553725047668,44.219655369324
138,260,0,993,27.42,43.2471190307555,28.9889634451119,14.7758223617372
138,260,1,266,25.48,43.2471190307555,28.9889634451119,14.7758223617372
138,260,2,85,25.06,43.2471190307555,28.9889634451119,14.7758223617372
138,260,3,39,22.57,43.2471190307555,28.9889634451119,14.7758223617372
138,260,4,55,25.12,43.2471190307555,28.9889634451119,14.7758223617372
138,260,5,53,25.11,43.2471190307555,28.9889634451119,14.7758223617372
138,260,6,64,24.98,43.2471190307555,28.9889634451119,14.7758223617372
138,260,7,442,28.4,43.2471190307555,28.9889634451119,14.7758223617372
138,260,8,914,36.72,43.2471190307555,28.9889634451119,14.7758223617372
138,260,9,1281,30.83,43.2471190307555,28.9889634451119,14.7758223617372
138,260,10,1491,29.7,43.2471190307555,28.9889634451119,14.7758223617372
138,260,11,1212,52,43.2471190307555,28.9889634451119,14.7758223617372
138,260,12,1197,49.6,43.2471190307555,28.9889634451119,14.7758223617372
138,260,13,1157,31.88,43.2471190307555,28.9889634451119,14.7758223617372
138,260,14,1573,50.22,43.2471190307555,28.9889634451119,14.7758223617372
138,260,15,1571,31.7,43.2471190307555,28.9889634451119,14.7758223617372
138,260,16,1700,36.26,43.2471190307555,28.9889634451119,14.7758223617372
138,260,17,1649,32.66,43.2471190307555,28.9889634451119,14.7758223617372
138,260,18,1612,40.55,43.2471190307555,28.9889634451119,14.7758223617372
138,260,19,1571,28.72,43.2471190307555,28.9889634451119,14.7758223617372
138,260,20,1341,29.77,43.2471190307555,28.9889634451119,14.7758223617372
138,260,21,1274,28.58,43.2471190307555,28.9889634451119,14.7758223617372
138,260,22,1537,28.04,43.2471190307555,28.9889634451119,14.7758223617372
138,260,23,1546,29.59,43.2471190307555,28.9889634451119,14.7758223617372
138,261,0,1203,74.6,132.704537526637,88.9531389275744,45.3398681122695
138,261,1,236,68.52,132.704537526637,88.9531389275744,45.3398681122695
138,261,2,53,63.45,132.704537526637,88.9531389275744,45.3398681122695
138,261,3,11,58.56,132.704537526637,88.9531389275744,45.3398681122695
138,261,4,9,58.39,132.704537526637,88.9531389275744,45.3398681122695
138,261,5,15,63.49,132.704537526637,88.9531389275744,45.3398681122695
138,261,6,35,83.92,132.704537526637,88.9531389275744,45.3398681122695
138,261,7,865,98.78,132.704537526637,88.9531389275744,45.3398681122695
138,261,8,1865,106.56,132.704537526637,88.9531389275744,45.3398681122695
138,261,9,3072,100.05,132.704537526637,88.9531389275744,45.3398681122695
138,261,10,3560,95.27,132.704537526637,88.9531389275744,45.3398681122695
138,261,11,3238,96.52,132.704537526637,88.9531389275744,45.3398681122695
138,261,12,2834,90.69,132.704537526637,88.9531389275744,45.3398681122695
138,261,13,2628,90.65,132.704537526637,88.9531389275744,45.3398681122695
138,261,14,3046,108.6,132.704537526637,88.9531389275744,45.3398681122695
138,261,15,2739,108.47,132.704537526637,88.9531389275744,45.3398681122695
138,261,16,2625,107.57,132.704537526637,88.9531389275744,45.3398681122695
138,261,17,2572,111.23,132.704537526637,88.9531389275744,45.3398681122695
138,261,18,2559,92.86,132.704537526637,88.9531389275744,45.3398681122695
138,261,19,2619,82.56,132.704537526637,88.9531389275744,45.3398681122695
138,261,20,2625,78.89,132.704537526637,88.9531389275744,45.3398681122695
138,261,21,2834,77.58,132.704537526637,88.9531389275744,45.3398681122695
138,261,22,2354,75.97,132.704537526637,88.9531389275744,45.3398681122695
138,261,23,2551,76.29,132.704537526637,88.9531389275744,45.3398681122695
138,262,0,1845,47.92,58.1896636870126,39.0050960922169,19.8810962024332
138,262,1,342,44.84,58.1896636870126,39.0050960922169,19.8810962024332
138,262,2,95,44.08,58.1896636870126,39.0050960922169,19.8810962024332
138,262,3,12,43.07,58.1896636870126,39.0050960922169,19.8810962024332
138,262,4,16,40.73,58.1896636870126,39.0050960922169,19.8810962024332
138,262,5,14,43.96,58.1896636870126,39.0050960922169,19.8810962024332
138,262,6,30,49.83,58.1896636870126,39.0050960922169,19.8810962024332
138,262,7,392,66.37,58.1896636870126,39.0050960922169,19.8810962024332
138,262,8,900,65.57,58.1896636870126,39.0050960922169,19.8810962024332
138,262,9,1505,62.95,58.1896636870126,39.0050960922169,19.8810962024332
138,262,10,2138,73.88,58.1896636870126,39.0050960922169,19.8810962024332
138,262,11,1785,56.83,58.1896636870126,39.0050960922169,19.8810962024332
138,262,12,2130,56.3,58.1896636870126,39.0050960922169,19.8810962024332
138,262,13,2408,55.31,58.1896636870126,39.0050960922169,19.8810962024332
138,262,14,3260,63.27,58.1896636870126,39.0050960922169,19.8810962024332
138,262,15,2922,62.19,58.1896636870126,39.0050960922169,19.8810962024332
138,262,16,3157,64.22,58.1896636870126,39.0050960922169,19.8810962024332
138,262,17,3232,70.26,58.1896636870126,39.0050960922169,19.8810962024332
138,262,18,3646,56.88,58.1896636870126,39.0050960922169,19.8810962024332
138,262,19,3778,51.72,58.1896636870126,39.0050960922169,19.8810962024332
138,262,20,3690,48.86,58.1896636870126,39.0050960922169,19.8810962024332
138,262,21,3701,58.36,58.1896636870126,39.0050960922169,19.8810962024332
138,262,22,3116,65.45,58.1896636870126,39.0050960922169,19.8810962024332
138,262,23,3473,59.13,58.1896636870126,39.0050960922169,19.8810962024332
138,263,0,2427,63.34,61.8212858718663,41.4394076746442,21.1218772183936
138,263,1,498,46.53,61.8212858718663,41.4394076746442,21.1218772183936
138,263,2,122,45.1,61.8212858718663,41.4394076746442,21.1218772183936
138,263,3,18,42.86,61.8212858718663,41.4394076746442,21.1218772183936
138,263,4,16,39.53,61.8212858718663,41.4394076746442,21.1218772183936
138,263,5,26,44.18,61.8212858718663,41.4394076746442,21.1218772183936
138,263,6,56,169.32,61.8212858718663,41.4394076746442,21.1218772183936
138,263,7,534,65.75,61.8212858718663,41.4394076746442,21.1218772183936
138,263,8,1149,68.12,61.8212858718663,41.4394076746442,21.1218772183936
138,263,9,2114,73.28,61.8212858718663,41.4394076746442,21.1218772183936
138,263,10,2823,59.07,61.8212858718663,41.4394076746442,21.1218772183936
138,263,11,2147,57.9,61.8212858718663,41.4394076746442,21.1218772183936
138,263,12,2570,56.8,61.8212858718663,41.4394076746442,21.1218772183936
138,263,13,2949,63.28,61.8212858718663,41.4394076746442,21.1218772183936
138,263,14,3740,62.3,61.8212858718663,41.4394076746442,21.1218772183936
138,263,15,3532,63.22,61.8212858718663,41.4394076746442,21.1218772183936
138,263,16,3924,70.01,61.8212858718663,41.4394076746442,21.1218772183936
138,263,17,4162,62.54,61.8212858718663,41.4394076746442,21.1218772183936
138,263,18,4850,56.98,61.8212858718663,41.4394076746442,21.1218772183936
138,263,19,5115,64.13,61.8212858718663,41.4394076746442,21.1218772183936
138,263,20,5180,50.3,61.8212858718663,41.4394076746442,21.1218772183936
138,263,21,5283,57.34,61.8212858718663,41.4394076746442,21.1218772183936
138,263,22,4673,58.22,61.8212858718663,41.4394076746442,21.1218772183936
138,263,23,5143,49.13,61.8212858718663,41.4394076746442,21.1218772183936
139,138,1,7,58.62,148.45804436322,99.5128673916431,50.7222155103986
139,138,2,30,57.36,148.45804436322,99.5128673916431,50.7222155103986
139,138,3,240,56.29,148.45804436322,99.5128673916431,50.7222155103986
139,138,4,394,60.61,148.45804436322,99.5128673916431,50.7222155103986
139,138,5,281,62.07,148.45804436322,99.5128673916431,50.7222155103986
139,138,6,212,76.36,148.45804436322,99.5128673916431,50.7222155103986
139,138,7,148,82.18,148.45804436322,99.5128673916431,50.7222155103986
139,138,8,164,73.19,148.45804436322,99.5128673916431,50.7222155103986
139,138,9,146,71.87,148.45804436322,99.5128673916431,50.7222155103986
139,138,10,175,68.78,148.45804436322,99.5128673916431,50.7222155103986
139,138,11,155,69.59,148.45804436322,99.5128673916431,50.7222155103986
139,138,12,143,70.88,148.45804436322,99.5128673916431,50.7222155103986
139,138,13,140,73.31,148.45804436322,99.5128673916431,50.7222155103986
139,138,14,111,75.98,148.45804436322,99.5128673916431,50.7222155103986
139,138,15,118,75.72,148.45804436322,99.5128673916431,50.7222155103986
139,138,16,91,75.71,148.45804436322,99.5128673916431,50.7222155103986
139,138,17,88,73.01,148.45804436322,99.5128673916431,50.7222155103986
139,138,18,88,70.14,148.45804436322,99.5128673916431,50.7222155103986
139,138,19,54,67.02,148.45804436322,99.5128673916431,50.7222155103986
139,138,20,33,62.8,148.45804436322,99.5128673916431,50.7222155103986
139,138,21,34,59.52,148.45804436322,99.5128673916431,50.7222155103986
139,138,22,121,58.42,148.45804436322,99.5128673916431,50.7222155103986
139,138,23,14,59,148.45804436322,99.5128673916431,50.7222155103986
140,138,0,5,49.32,65.9076521312631,44.1785386219045,22.5180262176114
140,138,1,9,47.57,65.9076521312631,44.1785386219045,22.5180262176114
140,138,2,46,52.47,65.9076521312631,44.1785386219045,22.5180262176114
140,138,3,764,50.2,65.9076521312631,44.1785386219045,22.5180262176114
140,138,4,3441,51.45,65.9076521312631,44.1785386219045,22.5180262176114
140,138,5,4428,51.35,65.9076521312631,44.1785386219045,22.5180262176114
140,138,6,3717,53.23,65.9076521312631,44.1785386219045,22.5180262176114
140,138,7,3526,68.55,65.9076521312631,44.1785386219045,22.5180262176114
140,138,8,3324,60.12,65.9076521312631,44.1785386219045,22.5180262176114
140,138,9,3058,58.92,65.9076521312631,44.1785386219045,22.5180262176114
140,138,10,2539,59.1,65.9076521312631,44.1785386219045,22.5180262176114
140,138,11,2753,63.18,65.9076521312631,44.1785386219045,22.5180262176114
140,138,12,3171,62.67,65.9076521312631,44.1785386219045,22.5180262176114
140,138,13,3112,84.21,65.9076521312631,44.1785386219045,22.5180262176114
140,138,14,3035,66.29,65.9076521312631,44.1785386219045,22.5180262176114
140,138,15,3044,83.38,65.9076521312631,44.1785386219045,22.5180262176114
140,138,16,2874,78.4,65.9076521312631,44.1785386219045,22.5180262176114
140,138,17,2546,80.07,65.9076521312631,44.1785386219045,22.5180262176114
140,138,18,1537,65.79,65.9076521312631,44.1785386219045,22.5180262176114
140,138,19,752,58.43,65.9076521312631,44.1785386219045,22.5180262176114
140,138,20,260,54.79,65.9076521312631,44.1785386219045,22.5180262176114
140,138,21,83,49.13,65.9076521312631,44.1785386219045,22.5180262176114
140,138,22,38,48.96,65.9076521312631,44.1785386219045,22.5180262176114
140,138,23,11,44.5,65.9076521312631,44.1785386219045,22.5180262176114
141,138,0,7,282.9,69.5204438500143,46.6002279602209,23.7523736114404
141,138,1,9,42.58,69.5204438500143,46.6002279602209,23.7523736114404
141,138,2,43,49.26,69.5204438500143,46.6002279602209,23.7523736114404
141,138,3,926,51.38,69.5204438500143,46.6002279602209,23.7523736114404
141,138,4,5173,53.12,69.5204438500143,46.6002279602209,23.7523736114404
141,138,5,7270,53.51,69.5204438500143,46.6002279602209,23.7523736114404
141,138,6,5642,55.36,69.5204438500143,46.6002279602209,23.7523736114404
141,138,7,5817,61.11,69.5204438500143,46.6002279602209,23.7523736114404
141,138,8,5125,71.07,69.5204438500143,46.6002279602209,23.7523736114404
141,138,9,4833,70.51,69.5204438500143,46.6002279602209,23.7523736114404
141,138,10,3415,62.08,69.5204438500143,46.6002279602209,23.7523736114404
141,138,11,3651,79.83,69.5204438500143,46.6002279602209,23.7523736114404
141,138,12,3869,65.83,69.5204438500143,46.6002279602209,23.7523736114404
141,138,13,3973,80.17,69.5204438500143,46.6002279602209,23.7523736114404
141,138,14,3692,72.9,69.5204438500143,46.6002279602209,23.7523736114404
141,138,15,3485,85.82,69.5204438500143,46.6002279602209,23.7523736114404
141,138,16,3310,89.35,69.5204438500143,46.6002279602209,23.7523736114404
141,138,17,3272,77.39,69.5204438500143,46.6002279602209,23.7523736114404
141,138,18,2028,83.04,69.5204438500143,46.6002279602209,23.7523736114404
141,138,19,1092,60.75,69.5204438500143,46.6002279602209,23.7523736114404
141,138,20,380,83.26,69.5204438500143,46.6002279602209,23.7523736114404
141,138,21,104,56.51,69.5204438500143,46.6002279602209,23.7523736114404
141,138,22,50,50.02,69.5204438500143,46.6002279602209,23.7523736114404
141,138,23,32,53.6,69.5204438500143,46.6002279602209,23.7523736114404
142,138,0,23,60.44,86.3522158143031,57.8827280001017,29.5031213641574
142,138,1,14,60.54,86.3522158143031,57.8827280001017,29.5031213641574
142,138,2,97,61,86.3522158143031,57.8827280001017,29.5031213641574
142,138,3,1034,88.51,86.3522158143031,57.8827280001017,29.5031213641574
142,138,4,3865,75.83,86.3522158143031,57.8827280001017,29.5031213641574
142,138,5,5136,77.42,86.3522158143031,57.8827280001017,29.5031213641574
142,138,6,4734,81.23,86.3522158143031,57.8827280001017,29.5031213641574
142,138,7,5004,88.49,86.3522158143031,57.8827280001017,29.5031213641574
142,138,8,4740,85.15,86.3522158143031,57.8827280001017,29.5031213641574
142,138,9,4384,84.65,86.3522158143031,57.8827280001017,29.5031213641574
142,138,10,3844,85.23,86.3522158143031,57.8827280001017,29.5031213641574
142,138,11,4104,88.41,86.3522158143031,57.8827280001017,29.5031213641574
142,138,12,4268,92.75,86.3522158143031,57.8827280001017,29.5031213641574
142,138,13,3930,106.4,86.3522158143031,57.8827280001017,29.5031213641574
142,138,14,3965,103.42,86.3522158143031,57.8827280001017,29.5031213641574
142,138,15,3734,101.61,86.3522158143031,57.8827280001017,29.5031213641574
142,138,16,3407,106.37,86.3522158143031,57.8827280001017,29.5031213641574
142,138,17,2641,109.16,86.3522158143031,57.8827280001017,29.5031213641574
142,138,18,1638,120.2,86.3522158143031,57.8827280001017,29.5031213641574
142,138,19,775,79.48,86.3522158143031,57.8827280001017,29.5031213641574
142,138,20,265,73.67,86.3522158143031,57.8827280001017,29.5031213641574
142,138,21,74,75.96,86.3522158143031,57.8827280001017,29.5031213641574
142,138,22,37,69.77,86.3522158143031,57.8827280001017,29.5031213641574
142,138,23,30,72.81,86.3522158143031,57.8827280001017,29.5031213641574
143,138,0,7,60.43,91.1918682434246,61.1267939748797,31.1566383194577
143,138,1,5,63.17,91.1918682434246,61.1267939748797,31.1566383194577
143,138,2,43,63.55,91.1918682434246,61.1267939748797,31.1566383194577
143,138,3,708,67.22,91.1918682434246,61.1267939748797,31.1566383194577
143,138,4,3038,69.74,91.1918682434246,61.1267939748797,31.1566383194577
143,138,5,3826,71.6,91.1918682434246,61.1267939748797,31.1566383194577
143,138,6,3200,74.51,91.1918682434246,61.1267939748797,31.1566383194577
143,138,7,3123,82.92,91.1918682434246,61.1267939748797,31.1566383194577
143,138,8,2636,87.77,91.1918682434246,61.1267939748797,31.1566383194577
143,138,9,2480,96.08,91.1918682434246,61.1267939748797,31.1566383194577
143,138,10,1864,98.23,91.1918682434246,61.1267939748797,31.1566383194577
143,138,11,1880,85.81,91.1918682434246,61.1267939748797,31.1566383194577
143,138,12,1956,101.04,91.1918682434246,61.1267939748797,31.1566383194577
143,138,13,1899,89.41,91.1918682434246,61.1267939748797,31.1566383194577
143,138,14,1770,108.32,91.1918682434246,61.1267939748797,31.1566383194577
143,138,15,1766,122.81,91.1918682434246,61.1267939748797,31.1566383194577
143,138,16,1729,104.63,91.1918682434246,61.1267939748797,31.1566383194577
143,138,17,1391,97.98,91.1918682434246,61.1267939748797,31.1566383194577
143,138,18,835,88.94,91.1918682434246,61.1267939748797,31.1566383194577
143,138,19,402,82.49,91.1918682434246,61.1267939748797,31.1566383194577
143,138,20,128,74.37,91.1918682434246,61.1267939748797,31.1566383194577
143,138,21,39,71.28,91.1918682434246,61.1267939748797,31.1566383194577
143,138,22,18,73.65,91.1918682434246,61.1267939748797,31.1566383194577
143,138,23,9,76.39,91.1918682434246,61.1267939748797,31.1566383194577
144,138,0,11,66.68,115.141128495107,77.1802154635979,39.3391490416682
144,138,1,15,54.79,115.141128495107,77.1802154635979,39.3391490416682
144,138,2,33,62.81,115.141128495107,77.1802154635979,39.3391490416682
144,138,3,423,61.34,115.141128495107,77.1802154635979,39.3391490416682
144,138,4,1889,60.19,115.141128495107,77.1802154635979,39.3391490416682
144,138,5,2270,58.72,115.141128495107,77.1802154635979,39.3391490416682
144,138,6,2105,61.88,115.141128495107,77.1802154635979,39.3391490416682
144,138,7,2258,67.82,115.141128495107,77.1802154635979,39.3391490416682
144,138,8,2096,72.89,115.141128495107,77.1802154635979,39.3391490416682
144,138,9,2209,68.99,115.141128495107,77.1802154635979,39.3391490416682
144,138,10,2152,74.66,115.141128495107,77.1802154635979,39.3391490416682
144,138,11,2348,75.13,115.141128495107,77.1802154635979,39.3391490416682
144,138,12,2597,79.46,115.141128495107,77.1802154635979,39.3391490416682
144,138,13,2578,83.6,115.141128495107,77.1802154635979,39.3391490416682
144,138,14,2680,91.1,115.141128495107,77.1802154635979,39.3391490416682
144,138,15,2646,100.41,115.141128495107,77.1802154635979,39.3391490416682
144,138,16,2368,104.72,115.141128495107,77.1802154635979,39.3391490416682
144,138,17,1927,103.35,115.141128495107,77.1802154635979,39.3391490416682
144,138,18,1208,87.78,115.141128495107,77.1802154635979,39.3391490416682
144,138,19,576,75.5,115.141128495107,77.1802154635979,39.3391490416682
144,138,20,190,70.51,115.141128495107,77.1802154635979,39.3391490416682
144,138,21,53,55.46,115.141128495107,77.1802154635979,39.3391490416682
144,138,22,29,59.03,115.141128495107,77.1802154635979,39.3391490416682
144,138,23,10,75.61,115.141128495107,77.1802154635979,39.3391490416682
145,138,0,40,40.43,68.7608880217821,46.091090319781,23.4928635621398
145,138,1,38,40.17,68.7608880217821,46.091090319781,23.4928635621398
145,138,2,133,42.83,68.7608880217821,46.091090319781,23.4928635621398
145,138,3,1283,44.37,68.7608880217821,46.091090319781,23.4928635621398
145,138,4,5978,44.64,68.7608880217821,46.091090319781,23.4928635621398
145,138,5,7015,44.36,68.7608880217821,46.091090319781,23.4928635621398
145,138,6,5888,45.41,68.7608880217821,46.091090319781,23.4928635621398
145,138,7,5727,48.59,68.7608880217821,46.091090319781,23.4928635621398
145,138,8,5391,50.08,68.7608880217821,46.091090319781,23.4928635621398
145,138,9,5082,48.69,68.7608880217821,46.091090319781,23.4928635621398
145,138,10,4112,49.99,68.7608880217821,46.091090319781,23.4928635621398
145,138,11,4106,51.78,68.7608880217821,46.091090319781,23.4928635621398
145,138,12,4228,52.24,68.7608880217821,46.091090319781,23.4928635621398
145,138,13,4000,63.19,68.7608880217821,46.091090319781,23.4928635621398
145,138,14,4286,56.52,68.7608880217821,46.091090319781,23.4928635621398
145,138,15,4273,59.51,68.7608880217821,46.091090319781,23.4928635621398
145,138,16,4351,60.26,68.7608880217821,46.091090319781,23.4928635621398
145,138,17,4383,62.06,68.7608880217821,46.091090319781,23.4928635621398
145,138,18,3203,55.75,68.7608880217821,46.091090319781,23.4928635621398
145,138,19,1760,49.09,68.7608880217821,46.091090319781,23.4928635621398
145,138,20,765,45.55,68.7608880217821,46.091090319781,23.4928635621398
145,138,21,330,42.79,68.7608880217821,46.091090319781,23.4928635621398
145,138,22,163,42.87,68.7608880217821,46.091090319781,23.4928635621398
145,138,23,110,42.08,68.7608880217821,46.091090319781,23.4928635621398
146,138,0,25,57.11,54.399527125667,36.4645307854113,18.5861571218128
146,138,1,22,32.58,54.399527125667,36.4645307854113,18.5861571218128
146,138,2,210,32.39,54.399527125667,36.4645307854113,18.5861571218128
146,138,3,906,38.68,54.399527125667,36.4645307854113,18.5861571218128
146,138,4,2870,39.43,54.399527125667,36.4645307854113,18.5861571218128
146,138,5,2988,38.97,54.399527125667,36.4645307854113,18.5861571218128
146,138,6,2472,40.84,54.399527125667,36.4645307854113,18.5861571218128
146,138,7,2423,43.22,54.399527125667,36.4645307854113,18.5861571218128
146,138,8,2303,44.22,54.399527125667,36.4645307854113,18.5861571218128
146,138,9,2211,43.92,54.399527125667,36.4645307854113,18.5861571218128
146,138,10,2023,45.01,54.399527125667,36.4645307854113,18.5861571218128
146,138,11,1988,45.09,54.399527125667,36.4645307854113,18.5861571218128
146,138,12,1951,63.3,54.399527125667,36.4645307854113,18.5861571218128
146,138,13,1734,48.94,54.399527125667,36.4645307854113,18.5861571218128
146,138,14,1805,50.98,54.399527125667,36.4645307854113,18.5861571218128
146,138,15,2051,53.52,54.399527125667,36.4645307854113,18.5861571218128
146,138,16,1913,52.85,54.399527125667,36.4645307854113,18.5861571218128
146,138,17,1666,54,54.399527125667,36.4645307854113,18.5861571218128
146,138,18,1151,49.11,54.399527125667,36.4645307854113,18.5861571218128
146,138,19,634,44.73,54.399527125667,36.4645307854113,18.5861571218128
146,138,20,268,40.93,54.399527125667,36.4645307854113,18.5861571218128
146,138,21,117,39.68,54.399527125667,36.4645307854113,18.5861571218128
146,138,22,65,38.86,54.399527125667,36.4645307854113,18.5861571218128
146,138,23,49,35.71,54.399527125667,36.4645307854113,18.5861571218128
147,138,0,4,43.94,49.5476886573374,33.2122963903301,16.9284766810671
147,138,1,5,43.02,49.5476886573374,33.2122963903301,16.9284766810671
147,138,2,131,35.82,49.5476886573374,33.2122963903301,16.9284766810671
147,138,3,494,39,49.5476886573374,33.2122963903301,16.9284766810671
147,138,4,384,45.25,49.5476886573374,33.2122963903301,16.9284766810671
147,138,5,264,47.02,49.5476886573374,33.2122963903301,16.9284766810671
147,138,6,183,48.84,49.5476886573374,33.2122963903301,16.9284766810671
147,138,7,176,52.29,49.5476886573374,33.2122963903301,16.9284766810671
147,138,8,244,51.36,49.5476886573374,33.2122963903301,16.9284766810671
147,138,9,116,50.42,49.5476886573374,33.2122963903301,16.9284766810671
147,138,10,135,51.25,49.5476886573374,33.2122963903301,16.9284766810671
147,138,11,146,52.97,49.5476886573374,33.2122963903301,16.9284766810671
147,138,12,171,49.81,49.5476886573374,33.2122963903301,16.9284766810671
147,138,13,178,52.79,49.5476886573374,33.2122963903301,16.9284766810671
147,138,14,162,54.98,49.5476886573374,33.2122963903301,16.9284766810671
147,138,15,149,56.84,49.5476886573374,33.2122963903301,16.9284766810671
147,138,16,128,61.74,49.5476886573374,33.2122963903301,16.9284766810671
147,138,17,132,58.44,49.5476886573374,33.2122963903301,16.9284766810671
147,138,18,74,54.18,49.5476886573374,33.2122963903301,16.9284766810671
147,138,19,56,48.5,49.5476886573374,33.2122963903301,16.9284766810671
147,138,20,23,48.21,49.5476886573374,33.2122963903301,16.9284766810671
147,138,21,18,43.81,49.5476886573374,33.2122963903301,16.9284766810671
147,138,22,8,36.04,49.5476886573374,33.2122963903301,16.9284766810671
147,138,23,10,36.53,49.5476886573374,33.2122963903301,16.9284766810671
148,138,0,20,65.11,112.146129535444,75.1726386051703,38.3158768886702
148,138,1,25,56.93,112.146129535444,75.1726386051703,38.3158768886702
148,138,2,80,56.21,112.146129535444,75.1726386051703,38.3158768886702
148,138,3,887,54.93,112.146129535444,75.1726386051703,38.3158768886702
148,138,4,3114,55.27,112.146129535444,75.1726386051703,38.3158768886702
148,138,5,3704,53.33,112.146129535444,75.1726386051703,38.3158768886702
148,138,6,3331,56.83,112.146129535444,75.1726386051703,38.3158768886702
148,138,7,3773,61.48,112.146129535444,75.1726386051703,38.3158768886702
148,138,8,3581,65.43,112.146129535444,75.1726386051703,38.3158768886702
148,138,9,3829,62.6,112.146129535444,75.1726386051703,38.3158768886702
148,138,10,3674,65.06,112.146129535444,75.1726386051703,38.3158768886702
148,138,11,3882,65.8,112.146129535444,75.1726386051703,38.3158768886702
148,138,12,3641,68.62,112.146129535444,75.1726386051703,38.3158768886702
148,138,13,3438,70.84,112.146129535444,75.1726386051703,38.3158768886702
148,138,14,3296,76.26,112.146129535444,75.1726386051703,38.3158768886702
148,138,15,3123,83.37,112.146129535444,75.1726386051703,38.3158768886702
148,138,16,2721,86.03,112.146129535444,75.1726386051703,38.3158768886702
148,138,17,2343,86.57,112.146129535444,75.1726386051703,38.3158768886702
148,138,18,1479,76.62,112.146129535444,75.1726386051703,38.3158768886702
148,138,19,792,64.76,112.146129535444,75.1726386051703,38.3158768886702
148,138,20,290,59.42,112.146129535444,75.1726386051703,38.3158768886702
148,138,21,81,56.98,112.146129535444,75.1726386051703,38.3158768886702
148,138,22,58,54.08,112.146129535444,75.1726386051703,38.3158768886702
148,138,23,32,57.14,112.146129535444,75.1726386051703,38.3158768886702
149,138,1,3,84.02,191.718661483659,128.510878737221,65.5026496331006
149,138,2,26,84.01,191.718661483659,128.510878737221,65.5026496331006
149,138,3,116,88.8,191.718661483659,128.510878737221,65.5026496331006
149,138,4,193,91.36,191.718661483659,128.510878737221,65.5026496331006
149,138,5,196,98.77,191.718661483659,128.510878737221,65.5026496331006
149,138,6,140,108.83,191.718661483659,128.510878737221,65.5026496331006
149,138,7,143,117.51,191.718661483659,128.510878737221,65.5026496331006
149,138,8,110,119.93,191.718661483659,128.510878737221,65.5026496331006
149,138,9,80,114.65,191.718661483659,128.510878737221,65.5026496331006
149,138,10,99,114.5,191.718661483659,128.510878737221,65.5026496331006
149,138,11,95,115.81,191.718661483659,128.510878737221,65.5026496331006
149,138,12,91,112.82,191.718661483659,128.510878737221,65.5026496331006
149,138,13,93,118.52,191.718661483659,128.510878737221,65.5026496331006
149,138,14,87,130.65,191.718661483659,128.510878737221,65.5026496331006
149,138,15,69,140.14,191.718661483659,128.510878737221,65.5026496331006
149,138,16,84,133.96,191.718661483659,128.510878737221,65.5026496331006
149,138,17,65,125.1,191.718661483659,128.510878737221,65.5026496331006
149,138,18,38,117.68,191.718661483659,128.510878737221,65.5026496331006
149,138,19,20,101.58,191.718661483659,128.510878737221,65.5026496331006
149,138,20,9,97.39,191.718661483659,128.510878737221,65.5026496331006
149,138,21,5,90.57,191.718661483659,128.510878737221,65.5026496331006
149,138,22,2,95.6,191.718661483659,128.510878737221,65.5026496331006
150,138,2,4,85.48,215.517427074144,144.463422194525,73.6337423087436
150,138,3,48,82.57,215.517427074144,144.463422194525,73.6337423087436
150,138,4,103,85.04,215.517427074144,144.463422194525,73.6337423087436
150,138,5,61,90.52,215.517427074144,144.463422194525,73.6337423087436
150,138,6,56,100.99,215.517427074144,144.463422194525,73.6337423087436
150,138,7,45,105.29,215.517427074144,144.463422194525,73.6337423087436
150,138,8,37,103.71,215.517427074144,144.463422194525,73.6337423087436
150,138,9,42,101.66,215.517427074144,144.463422194525,73.6337423087436
150,138,10,37,99.62,215.517427074144,144.463422194525,73.6337423087436
150,138,11,46,105.67,215.517427074144,144.463422194525,73.6337423087436
150,138,12,35,105.97,215.517427074144,144.463422194525,73.6337423087436
150,138,13,32,119.46,215.517427074144,144.463422194525,73.6337423087436
150,138,14,42,122.67,215.517427074144,144.463422194525,73.6337423087436
150,138,15,31,128.03,215.517427074144,144.463422194525,73.6337423087436
150,138,16,41,128.31,215.517427074144,144.463422194525,73.6337423087436
150,138,17,34,127.09,215.517427074144,144.463422194525,73.6337423087436
150,138,18,14,108.26,215.517427074144,144.463422194525,73.6337423087436
150,138,19,14,109.58,215.517427074144,144.463422194525,73.6337423087436
150,138,20,7,91.95,215.517427074144,144.463422194525,73.6337423087436
150,138,21,4,87.28,215.517427074144,144.463422194525,73.6337423087436
151,138,0,7,47.8,78.7730333851193,52.8023284889298,26.9136158495547
151,138,1,19,50.36,78.7730333851193,52.8023284889298,26.9136158495547
151,138,2,85,54.89,78.7730333851193,52.8023284889298,26.9136158495547
151,138,3,647,55.13,78.7730333851193,52.8023284889298,26.9136158495547
151,138,4,1958,57.96,78.7730333851193,52.8023284889298,26.9136158495547
151,138,5,2399,58.96,78.7730333851193,52.8023284889298,26.9136158495547
151,138,6,2167,72.03,78.7730333851193,52.8023284889298,26.9136158495547
151,138,7,2211,69.08,78.7730333851193,52.8023284889298,26.9136158495547
151,138,8,1925,85.3,78.7730333851193,52.8023284889298,26.9136158495547
151,138,9,1898,67.97,78.7730333851193,52.8023284889298,26.9136158495547
151,138,10,1402,67.58,78.7730333851193,52.8023284889298,26.9136158495547
151,138,11,1407,70.5,78.7730333851193,52.8023284889298,26.9136158495547
151,138,12,1445,70.43,78.7730333851193,52.8023284889298,26.9136158495547
151,138,13,1364,70.39,78.7730333851193,52.8023284889298,26.9136158495547
151,138,14,1278,92.54,78.7730333851193,52.8023284889298,26.9136158495547
151,138,15,1228,78.91,78.7730333851193,52.8023284889298,26.9136158495547
151,138,16,1136,99.17,78.7730333851193,52.8023284889298,26.9136158495547
151,138,17,1027,77.36,78.7730333851193,52.8023284889298,26.9136158495547
151,138,18,690,71.18,78.7730333851193,52.8023284889298,26.9136158495547
151,138,19,368,67.25,78.7730333851193,52.8023284889298,26.9136158495547
151,138,20,102,62,78.7730333851193,52.8023284889298,26.9136158495547
151,138,21,29,54.11,78.7730333851193,52.8023284889298,26.9136158495547
151,138,22,19,59.94,78.7730333851193,52.8023284889298,26.9136158495547
151,138,23,13,59.33,78.7730333851193,52.8023284889298,26.9136158495547
152,138,0,3,36.3,77.3920451286781,51.8766386630796,26.441787029089
152,138,1,8,44.34,77.3920451286781,51.8766386630796,26.441787029089
152,138,2,45,47.07,77.3920451286781,51.8766386630796,26.441787029089
152,138,3,341,51.25,77.3920451286781,51.8766386630796,26.441787029089
152,138,4,847,51.43,77.3920451286781,51.8766386630796,26.441787029089
152,138,5,815,52.39,77.3920451286781,51.8766386630796,26.441787029089
152,138,6,572,54.47,77.3920451286781,51.8766386630796,26.441787029089
152,138,7,587,62.57,77.3920451286781,51.8766386630796,26.441787029089
152,138,8,566,61.35,77.3920451286781,51.8766386630796,26.441787029089
152,138,9,518,61.09,77.3920451286781,51.8766386630796,26.441787029089
152,138,10,476,59.43,77.3920451286781,51.8766386630796,26.441787029089
152,138,11,455,61.08,77.3920451286781,51.8766386630796,26.441787029089
152,138,12,534,64.39,77.3920451286781,51.8766386630796,26.441787029089
152,138,13,486,63.43,77.3920451286781,51.8766386630796,26.441787029089
152,138,14,550,69.02,77.3920451286781,51.8766386630796,26.441787029089
152,138,15,544,72.79,77.3920451286781,51.8766386630796,26.441787029089
152,138,16,495,76.06,77.3920451286781,51.8766386630796,26.441787029089
152,138,17,450,75.46,77.3920451286781,51.8766386630796,26.441787029089
152,138,18,287,69.65,77.3920451286781,51.8766386630796,26.441787029089
152,138,19,151,61.19,77.3920451286781,51.8766386630796,26.441787029089
152,138,20,66,55.4,77.3920451286781,51.8766386630796,26.441787029089
152,138,21,25,50.21,77.3920451286781,51.8766386630796,26.441787029089
152,138,22,8,64.17,77.3920451286781,51.8766386630796,26.441787029089
152,138,23,9,44.1,77.3920451286781,51.8766386630796,26.441787029089
153,138,2,5,48.15,108.946388263002,73.0278209881937,37.2226524218218
153,138,3,58,55.2,108.946388263002,73.0278209881937,37.2226524218218
153,138,4,124,57.73,108.946388263002,73.0278209881937,37.2226524218218
153,138,5,98,56.92,108.946388263002,73.0278209881937,37.2226524218218
153,138,6,78,61.26,108.946388263002,73.0278209881937,37.2226524218218
153,138,7,59,67.83,108.946388263002,73.0278209881937,37.2226524218218
153,138,8,74,71.87,108.946388263002,73.0278209881937,37.2226524218218
153,138,9,58,67.44,108.946388263002,73.0278209881937,37.2226524218218
153,138,10,53,59.83,108.946388263002,73.0278209881937,37.2226524218218
153,138,11,61,66.27,108.946388263002,73.0278209881937,37.2226524218218
153,138,12,72,67.58,108.946388263002,73.0278209881937,37.2226524218218
153,138,13,52,73.92,108.946388263002,73.0278209881937,37.2226524218218
153,138,14,45,79.03,108.946388263002,73.0278209881937,37.2226524218218
153,138,15,38,78.5,108.946388263002,73.0278209881937,37.2226524218218
153,138,16,26,77.01,108.946388263002,73.0278209881937,37.2226524218218
153,138,17,33,79.74,108.946388263002,73.0278209881937,37.2226524218218
153,138,18,32,69.44,108.946388263002,73.0278209881937,37.2226524218218
153,138,19,17,62.72,108.946388263002,73.0278209881937,37.2226524218218
153,138,20,6,53.38,108.946388263002,73.0278209881937,37.2226524218218
153,138,21,3,53.4,108.946388263002,73.0278209881937,37.2226524218218
153,138,22,2,64.56,108.946388263002,73.0278209881937,37.2226524218218
154,138,2,7,76.35,195.604186511713,131.115383858665,66.830179163005
154,138,3,4,87.94,195.604186511713,131.115383858665,66.830179163005
154,138,4,7,94.4,195.604186511713,131.115383858665,66.830179163005
154,138,6,3,87.61,195.604186511713,131.115383858665,66.830179163005
154,138,7,6,125.27,195.604186511713,131.115383858665,66.830179163005
154,138,8,2,143.78,195.604186511713,131.115383858665,66.830179163005
154,138,9,3,99.38,195.604186511713,131.115383858665,66.830179163005
154,138,10,2,105.66,195.604186511713,131.115383858665,66.830179163005
154,138,11,4,98.95,195.604186511713,131.115383858665,66.830179163005
154,138,12,9,95.79,195.604186511713,131.115383858665,66.830179163005
154,138,13,5,105.47,195.604186511713,131.115383858665,66.830179163005
154,138,14,9,119.41,195.604186511713,131.115383858665,66.830179163005
154,138,15,10,127.23,195.604186511713,131.115383858665,66.830179163005
154,138,16,8,110.46,195.604186511713,131.115383858665,66.830179163005
154,138,17,2,104.88,195.604186511713,131.115383858665,66.830179163005
154,138,18,4,110.51,195.604186511713,131.115383858665,66.830179163005
155,138,0,2,79.24,175.145423080635,117.4016762516,59.8402325267113
155,138,1,27,72.08,175.145423080635,117.4016762516,59.8402325267113
155,138,2,103,77.92,175.145423080635,117.4016762516,59.8402325267113
155,138,3,176,87.49,175.145423080635,117.4016762516,59.8402325267113
155,138,4,257,88.85,175.145423080635,117.4016762516,59.8402325267113
155,138,5,198,95.62,175.145423080635,117.4016762516,59.8402325267113
155,138,6,199,105.96,175.145423080635,117.4016762516,59.8402325267113
155,138,7,168,115.85,175.145423080635,117.4016762516,59.8402325267113
155,138,8,170,110.02,175.145423080635,117.4016762516,59.8402325267113
155,138,9,152,106.39,175.145423080635,117.4016762516,59.8402325267113
155,138,10,110,104.76,175.145423080635,117.4016762516,59.8402325267113
155,138,11,109,103.84,175.145423080635,117.4016762516,59.8402325267113
155,138,12,109,104.98,175.145423080635,117.4016762516,59.8402325267113
155,138,13,106,112.17,175.145423080635,117.4016762516,59.8402325267113
155,138,14,120,120.11,175.145423080635,117.4016762516,59.8402325267113
155,138,15,89,117.88,175.145423080635,117.4016762516,59.8402325267113
155,138,16,101,122.73,175.145423080635,117.4016762516,59.8402325267113
155,138,17,102,118.59,175.145423080635,117.4016762516,59.8402325267113
155,138,18,59,112.03,175.145423080635,117.4016762516,59.8402325267113
155,138,19,40,97.25,175.145423080635,117.4016762516,59.8402325267113
155,138,20,19,96.9,175.145423080635,117.4016762516,59.8402325267113
155,138,21,10,91.23,175.145423080635,117.4016762516,59.8402325267113
155,138,22,3,80.89,175.145423080635,117.4016762516,59.8402325267113
156,138,1,2,90.47,281.56126184097,188.733245358214,96.1982967223812
156,138,2,11,94.2,281.56126184097,188.733245358214,96.1982967223812
156,138,3,15,98.02,281.56126184097,188.733245358214,96.1982967223812
156,138,4,26,107.32,281.56126184097,188.733245358214,96.1982967223812
156,138,5,15,110.39,281.56126184097,188.733245358214,96.1982967223812
156,138,6,21,142.26,281.56126184097,188.733245358214,96.1982967223812
156,138,7,6,152.47,281.56126184097,188.733245358214,96.1982967223812
156,138,8,10,146.98,281.56126184097,188.733245358214,96.1982967223812
156,138,9,18,138.33,281.56126184097,188.733245358214,96.1982967223812
156,138,10,16,132.14,281.56126184097,188.733245358214,96.1982967223812
156,138,11,9,160.52,281.56126184097,188.733245358214,96.1982967223812
156,138,12,17,150.52,281.56126184097,188.733245358214,96.1982967223812
156,138,13,18,148.98,281.56126184097,188.733245358214,96.1982967223812
156,138,14,14,146.4,281.56126184097,188.733245358214,96.1982967223812
156,138,15,12,162.02,281.56126184097,188.733245358214,96.1982967223812
156,138,16,7,173.17,281.56126184097,188.733245358214,96.1982967223812
156,138,17,7,173.21,281.56126184097,188.733245358214,96.1982967223812
156,138,18,3,138.71,281.56126184097,188.733245358214,96.1982967223812
156,138,20,6,110.6,281.56126184097,188.733245358214,96.1982967223812
157,138,0,6,43.35,60.4938700689978,40.5496279841531,20.6683519768764
157,138,1,15,43.18,60.4938700689978,40.5496279841531,20.6683519768764
157,138,2,62,35.29,60.4938700689978,40.5496279841531,20.6683519768764
157,138,3,448,37.75,60.4938700689978,40.5496279841531,20.6683519768764
157,138,4,1015,38.34,60.4938700689978,40.5496279841531,20.6683519768764
157,138,5,934,37.48,60.4938700689978,40.5496279841531,20.6683519768764
157,138,6,627,38.8,60.4938700689978,40.5496279841531,20.6683519768764
157,138,7,669,42.39,60.4938700689978,40.5496279841531,20.6683519768764
157,138,8,661,41.92,60.4938700689978,40.5496279841531,20.6683519768764
157,138,9,596,41.08,60.4938700689978,40.5496279841531,20.6683519768764
157,138,10,513,40.26,60.4938700689978,40.5496279841531,20.6683519768764
157,138,11,591,42.1,60.4938700689978,40.5496279841531,20.6683519768764
157,138,12,537,39.99,60.4938700689978,40.5496279841531,20.6683519768764
157,138,13,403,43.98,60.4938700689978,40.5496279841531,20.6683519768764
157,138,14,361,47.43,60.4938700689978,40.5496279841531,20.6683519768764
157,138,15,349,48.33,60.4938700689978,40.5496279841531,20.6683519768764
157,138,16,319,46.57,60.4938700689978,40.5496279841531,20.6683519768764
157,138,17,359,49.22,60.4938700689978,40.5496279841531,20.6683519768764
157,138,18,243,46.64,60.4938700689978,40.5496279841531,20.6683519768764
157,138,19,161,37.37,60.4938700689978,40.5496279841531,20.6683519768764
157,138,20,81,35.83,60.4938700689978,40.5496279841531,20.6683519768764
157,138,21,51,35.25,60.4938700689978,40.5496279841531,20.6683519768764
157,138,22,23,31.24,60.4938700689978,40.5496279841531,20.6683519768764
157,138,23,8,30.94,60.4938700689978,40.5496279841531,20.6683519768764
158,138,0,4,70.21,117.070679713873,78.4736123649385,39.9984000319154
158,138,2,24,69.37,117.070679713873,78.4736123649385,39.9984000319154
158,138,3,250,72.44,117.070679713873,78.4736123649385,39.9984000319154
158,138,4,1307,74.73,117.070679713873,78.4736123649385,39.9984000319154
158,138,5,1897,75.44,117.070679713873,78.4736123649385,39.9984000319154
158,138,6,1719,79.17,117.070679713873,78.4736123649385,39.9984000319154
158,138,7,1928,86.95,117.070679713873,78.4736123649385,39.9984000319154
158,138,8,1684,92.07,117.070679713873,78.4736123649385,39.9984000319154
158,138,9,1584,108.59,117.070679713873,78.4736123649385,39.9984000319154
158,138,10,1423,96.66,117.070679713873,78.4736123649385,39.9984000319154
158,138,11,1672,97.72,117.070679713873,78.4736123649385,39.9984000319154
158,138,12,1813,100.8,117.070679713873,78.4736123649385,39.9984000319154
158,138,13,1675,105.82,117.070679713873,78.4736123649385,39.9984000319154
158,138,14,1703,126.05,117.070679713873,78.4736123649385,39.9984000319154
158,138,15,1534,118.9,117.070679713873,78.4736123649385,39.9984000319154
158,138,16,1451,121.3,117.070679713873,78.4736123649385,39.9984000319154
158,138,17,1138,115.59,117.070679713873,78.4736123649385,39.9984000319154
158,138,18,646,103.07,117.070679713873,78.4736123649385,39.9984000319154
158,138,19,323,92.64,117.070679713873,78.4736123649385,39.9984000319154
158,138,20,115,85.03,117.070679713873,78.4736123649385,39.9984000319154
158,138,21,21,96.75,117.070679713873,78.4736123649385,39.9984000319154
158,138,22,11,76.62,117.070679713873,78.4736123649385,39.9984000319154
158,138,23,8,81.64,117.070679713873,78.4736123649385,39.9984000319154
159,138,0,3,33.71,53.7733622441549,36.0448063906405,18.3722214593747
159,138,1,11,42.64,53.7733622441549,36.0448063906405,18.3722214593747
159,138,2,62,48.74,53.7733622441549,36.0448063906405,18.3722214593747
159,138,3,403,44.48,53.7733622441549,36.0448063906405,18.3722214593747
159,138,4,724,44.46,53.7733622441549,36.0448063906405,18.3722214593747
159,138,5,561,42.28,53.7733622441549,36.0448063906405,18.3722214593747
159,138,6,403,46,53.7733622441549,36.0448063906405,18.3722214593747
159,138,7,347,49.88,53.7733622441549,36.0448063906405,18.3722214593747
159,138,8,324,51.44,53.7733622441549,36.0448063906405,18.3722214593747
159,138,9,377,48.97,53.7733622441549,36.0448063906405,18.3722214593747
159,138,10,292,49.52,53.7733622441549,36.0448063906405,18.3722214593747
159,138,11,492,51.05,53.7733622441549,36.0448063906405,18.3722214593747
159,138,12,377,51.87,53.7733622441549,36.0448063906405,18.3722214593747
159,138,13,358,49.4,53.7733622441549,36.0448063906405,18.3722214593747
159,138,14,356,54.24,53.7733622441549,36.0448063906405,18.3722214593747
159,138,15,385,58.05,53.7733622441549,36.0448063906405,18.3722214593747
159,138,16,316,59.1,53.7733622441549,36.0448063906405,18.3722214593747
159,138,17,270,58.46,53.7733622441549,36.0448063906405,18.3722214593747
159,138,18,207,51.88,53.7733622441549,36.0448063906405,18.3722214593747
159,138,19,111,45.87,53.7733622441549,36.0448063906405,18.3722214593747
159,138,20,50,44.28,53.7733622441549,36.0448063906405,18.3722214593747
159,138,21,42,46.4,53.7733622441549,36.0448063906405,18.3722214593747
159,138,22,17,44.61,53.7733622441549,36.0448063906405,18.3722214593747
159,138,23,8,46.29,53.7733622441549,36.0448063906405,18.3722214593747
160,138,0,5,32.04,62.2417616367208,41.7212566590414,21.2655370817128
160,138,1,7,39.04,62.2417616367208,41.7212566590414,21.2655370817128
160,138,2,51,38.95,62.2417616367208,41.7212566590414,21.2655370817128
160,138,3,336,39.47,62.2417616367208,41.7212566590414,21.2655370817128
160,138,4,995,39.93,62.2417616367208,41.7212566590414,21.2655370817128
160,138,5,878,39.74,62.2417616367208,41.7212566590414,21.2655370817128
160,138,6,578,43.31,62.2417616367208,41.7212566590414,21.2655370817128
160,138,7,628,47.19,62.2417616367208,41.7212566590414,21.2655370817128
160,138,8,531,47.33,62.2417616367208,41.7212566590414,21.2655370817128
160,138,9,440,42.98,62.2417616367208,41.7212566590414,21.2655370817128
160,138,10,383,44,62.2417616367208,41.7212566590414,21.2655370817128
160,138,11,387,44.49,62.2417616367208,41.7212566590414,21.2655370817128
160,138,12,415,45.09,62.2417616367208,41.7212566590414,21.2655370817128
160,138,13,356,45.36,62.2417616367208,41.7212566590414,21.2655370817128
160,138,14,305,48.63,62.2417616367208,41.7212566590414,21.2655370817128
160,138,15,397,49.75,62.2417616367208,41.7212566590414,21.2655370817128
160,138,16,348,49.45,62.2417616367208,41.7212566590414,21.2655370817128
160,138,17,339,50.51,62.2417616367208,41.7212566590414,21.2655370817128
160,138,18,249,46.27,62.2417616367208,41.7212566590414,21.2655370817128
160,138,19,107,42.37,62.2417616367208,41.7212566590414,21.2655370817128
160,138,20,60,43.7,62.2417616367208,41.7212566590414,21.2655370817128
160,138,21,35,41.82,62.2417616367208,41.7212566590414,21.2655370817128
160,138,22,10,42.32,62.2417616367208,41.7212566590414,21.2655370817128
160,138,23,6,33.19,62.2417616367208,41.7212566590414,21.2655370817128
161,138,0,45,59.89,85.5847351768901,57.3682782831859,29.2409037224129
161,138,1,78,60.72,85.5847351768901,57.3682782831859,29.2409037224129
161,138,2,201,59.71,85.5847351768901,57.3682782831859,29.2409037224129
161,138,3,1431,79.44,85.5847351768901,57.3682782831859,29.2409037224129
161,138,4,4063,80.36,85.5847351768901,57.3682782831859,29.2409037224129
161,138,5,5430,80.11,85.5847351768901,57.3682782831859,29.2409037224129
161,138,6,6472,75.16,85.5847351768901,57.3682782831859,29.2409037224129
161,138,7,7941,76.04,85.5847351768901,57.3682782831859,29.2409037224129
161,138,8,8336,89.41,85.5847351768901,57.3682782831859,29.2409037224129
161,138,9,8821,91.66,85.5847351768901,57.3682782831859,29.2409037224129
161,138,10,9969,95.02,85.5847351768901,57.3682782831859,29.2409037224129
161,138,11,12309,89.12,85.5847351768901,57.3682782831859,29.2409037224129
161,138,12,14647,87.82,85.5847351768901,57.3682782831859,29.2409037224129
161,138,13,15446,93.53,85.5847351768901,57.3682782831859,29.2409037224129
161,138,14,17107,96,85.5847351768901,57.3682782831859,29.2409037224129
161,138,15,17298,101.88,85.5847351768901,57.3682782831859,29.2409037224129
161,138,16,16195,108.02,85.5847351768901,57.3682782831859,29.2409037224129
161,138,17,11528,109.86,85.5847351768901,57.3682782831859,29.2409037224129
161,138,18,5962,99.34,85.5847351768901,57.3682782831859,29.2409037224129
161,138,19,2511,76.83,85.5847351768901,57.3682782831859,29.2409037224129
161,138,20,757,72.21,85.5847351768901,57.3682782831859,29.2409037224129
161,138,21,182,70.28,85.5847351768901,57.3682782831859,29.2409037224129
161,138,22,78,78.71,85.5847351768901,57.3682782831859,29.2409037224129
161,138,23,55,74.68,85.5847351768901,57.3682782831859,29.2409037224129
162,138,0,30,64.98,81.7839405922205,54.8205687999482,27.9423232186667
162,138,1,72,49.34,81.7839405922205,54.8205687999482,27.9423232186667
162,138,2,147,53.97,81.7839405922205,54.8205687999482,27.9423232186667
162,138,3,1267,57.53,81.7839405922205,54.8205687999482,27.9423232186667
162,138,4,4390,58.79,81.7839405922205,54.8205687999482,27.9423232186667
162,138,5,5629,59.54,81.7839405922205,54.8205687999482,27.9423232186667
162,138,6,6271,69.55,81.7839405922205,54.8205687999482,27.9423232186667
162,138,7,7397,76.95,81.7839405922205,54.8205687999482,27.9423232186667
162,138,8,7048,71.9,81.7839405922205,54.8205687999482,27.9423232186667
162,138,9,7369,77.08,81.7839405922205,54.8205687999482,27.9423232186667
162,138,10,7706,72.45,81.7839405922205,54.8205687999482,27.9423232186667
162,138,11,9255,70.05,81.7839405922205,54.8205687999482,27.9423232186667
162,138,12,10815,80.73,81.7839405922205,54.8205687999482,27.9423232186667
162,138,13,11352,79.72,81.7839405922205,54.8205687999482,27.9423232186667
162,138,14,12130,90.64,81.7839405922205,54.8205687999482,27.9423232186667
162,138,15,11883,92.06,81.7839405922205,54.8205687999482,27.9423232186667
162,138,16,11265,99.04,81.7839405922205,54.8205687999482,27.9423232186667
162,138,17,8159,97.42,81.7839405922205,54.8205687999482,27.9423232186667
162,138,18,4303,89.34,81.7839405922205,54.8205687999482,27.9423232186667
162,138,19,1806,70.89,81.7839405922205,54.8205687999482,27.9423232186667
162,138,20,529,65.02,81.7839405922205,54.8205687999482,27.9423232186667
162,138,21,122,61.28,81.7839405922205,54.8205687999482,27.9423232186667
162,138,22,63,151.25,81.7839405922205,54.8205687999482,27.9423232186667
162,138,23,40,58.24,81.7839405922205,54.8205687999482,27.9423232186667
163,138,0,33,71.12,84.1532628313956,56.4087484826755,28.7518264944541
163,138,1,23,55.81,84.1532628313956,56.4087484826755,28.7518264944541
163,138,2,122,61.05,84.1532628313956,56.4087484826755,28.7518264944541
163,138,3,1471,84.15,84.1532628313956,56.4087484826755,28.7518264944541
163,138,4,4611,77.36,84.1532628313956,56.4087484826755,28.7518264944541
163,138,5,5947,79.66,84.1532628313956,56.4087484826755,28.7518264944541
163,138,6,6622,80.43,84.1532628313956,56.4087484826755,28.7518264944541
163,138,7,7854,79.48,84.1532628313956,56.4087484826755,28.7518264944541
163,138,8,7903,89.18,84.1532628313956,56.4087484826755,28.7518264944541
163,138,9,8220,89.26,84.1532628313956,56.4087484826755,28.7518264944541
163,138,10,8378,86.42,84.1532628313956,56.4087484826755,28.7518264944541
163,138,11,9284,96.07,84.1532628313956,56.4087484826755,28.7518264944541
163,138,12,9505,93.59,84.1532628313956,56.4087484826755,28.7518264944541
163,138,13,9370,99.18,84.1532628313956,56.4087484826755,28.7518264944541
163,138,14,9484,98.82,84.1532628313956,56.4087484826755,28.7518264944541
163,138,15,8705,102.39,84.1532628313956,56.4087484826755,28.7518264944541
163,138,16,7612,113.2,84.1532628313956,56.4087484826755,28.7518264944541
163,138,17,5581,115.7,84.1532628313956,56.4087484826755,28.7518264944541
163,138,18,2906,88.45,84.1532628313956,56.4087484826755,28.7518264944541
163,138,19,1341,97.12,84.1532628313956,56.4087484826755,28.7518264944541
163,138,20,428,74.7,84.1532628313956,56.4087484826755,28.7518264944541
163,138,21,99,74.77,84.1532628313956,56.4087484826755,28.7518264944541
163,138,22,51,70.48,84.1532628313956,56.4087484826755,28.7518264944541
163,138,23,44,67.86,84.1532628313956,56.4087484826755,28.7518264944541
164,138,0,45,63.02,94.120991981748,63.0902140333599,32.1574035265513
164,138,1,39,61.02,94.120991981748,63.0902140333599,32.1574035265513
164,138,2,246,55.6,94.120991981748,63.0902140333599,32.1574035265513
164,138,3,2113,58.45,94.120991981748,63.0902140333599,32.1574035265513
164,138,4,5931,61.99,94.120991981748,63.0902140333599,32.1574035265513
164,138,5,7409,60.46,94.120991981748,63.0902140333599,32.1574035265513
164,138,6,8036,64.19,94.120991981748,63.0902140333599,32.1574035265513
164,138,7,9221,76.03,94.120991981748,63.0902140333599,32.1574035265513
164,138,8,9042,82.82,94.120991981748,63.0902140333599,32.1574035265513
164,138,9,9381,77.9,94.120991981748,63.0902140333599,32.1574035265513
164,138,10,9361,74.42,94.120991981748,63.0902140333599,32.1574035265513
164,138,11,10217,76.44,94.120991981748,63.0902140333599,32.1574035265513
164,138,12,10292,78.55,94.120991981748,63.0902140333599,32.1574035265513
164,138,13,9728,89.6,94.120991981748,63.0902140333599,32.1574035265513
164,138,14,10151,87.48,94.120991981748,63.0902140333599,32.1574035265513
164,138,15,9785,92.24,94.120991981748,63.0902140333599,32.1574035265513
164,138,16,8716,91.72,94.120991981748,63.0902140333599,32.1574035265513
164,138,17,6245,96.88,94.120991981748,63.0902140333599,32.1574035265513
164,138,18,3666,80.88,94.120991981748,63.0902140333599,32.1574035265513
164,138,19,1864,69.93,94.120991981748,63.0902140333599,32.1574035265513
164,138,20,625,63.75,94.120991981748,63.0902140333599,32.1574035265513
164,138,21,140,62.11,94.120991981748,63.0902140333599,32.1574035265513
164,138,22,81,64.16,94.120991981748,63.0902140333599,32.1574035265513
164,138,23,64,139.9,94.120991981748,63.0902140333599,32.1574035265513
165,138,1,6,81.3,178.157857778054,119.420940454198,60.8694617785777
165,138,2,37,77.97,178.157857778054,119.420940454198,60.8694617785777
165,138,3,316,81.36,178.157857778054,119.420940454198,60.8694617785777
165,138,4,506,84.62,178.157857778054,119.420940454198,60.8694617785777
165,138,5,462,88.91,178.157857778054,119.420940454198,60.8694617785777
165,138,6,354,100.92,178.157857778054,119.420940454198,60.8694617785777
165,138,7,381,117.17,178.157857778054,119.420940454198,60.8694617785777
165,138,8,356,116.18,178.157857778054,119.420940454198,60.8694617785777
165,138,9,239,110,178.157857778054,119.420940454198,60.8694617785777
165,138,10,235,109.29,178.157857778054,119.420940454198,60.8694617785777
165,138,11,195,111.92,178.157857778054,119.420940454198,60.8694617785777
165,138,12,208,112.63,178.157857778054,119.420940454198,60.8694617785777
165,138,13,175,117.75,178.157857778054,119.420940454198,60.8694617785777
165,138,14,207,128.11,178.157857778054,119.420940454198,60.8694617785777
165,138,15,202,131.48,178.157857778054,119.420940454198,60.8694617785777
165,138,16,179,135.43,178.157857778054,119.420940454198,60.8694617785777
165,138,17,210,126.02,178.157857778054,119.420940454198,60.8694617785777
165,138,18,118,112.92,178.157857778054,119.420940454198,60.8694617785777
165,138,19,95,103.12,178.157857778054,119.420940454198,60.8694617785777
165,138,20,33,91.35,178.157857778054,119.420940454198,60.8694617785777
165,138,21,5,85.25,178.157857778054,119.420940454198,60.8694617785777
165,138,23,4,79.38,178.157857778054,119.420940454198,60.8694617785777
166,138,0,13,54.55,78.3988986819761,52.5515423677721,26.7857888858886
166,138,1,23,46.08,78.3988986819761,52.5515423677721,26.7857888858886
166,138,2,102,49.75,78.3988986819761,52.5515423677721,26.7857888858886
166,138,3,893,53.22,78.3988986819761,52.5515423677721,26.7857888858886
166,138,4,2006,54.61,78.3988986819761,52.5515423677721,26.7857888858886
166,138,5,2046,55.42,78.3988986819761,52.5515423677721,26.7857888858886
166,138,6,1838,58.02,78.3988986819761,52.5515423677721,26.7857888858886
166,138,7,2027,63.94,78.3988986819761,52.5515423677721,26.7857888858886
166,138,8,1875,65.61,78.3988986819761,52.5515423677721,26.7857888858886
166,138,9,1795,79.89,78.3988986819761,52.5515423677721,26.7857888858886
166,138,10,1676,80.03,78.3988986819761,52.5515423677721,26.7857888858886
166,138,11,1804,66.58,78.3988986819761,52.5515423677721,26.7857888858886
166,138,12,2048,67.99,78.3988986819761,52.5515423677721,26.7857888858886
166,138,13,1923,70.08,78.3988986819761,52.5515423677721,26.7857888858886
166,138,14,1978,73.24,78.3988986819761,52.5515423677721,26.7857888858886
166,138,15,1985,93.06,78.3988986819761,52.5515423677721,26.7857888858886
166,138,16,1826,80.97,78.3988986819761,52.5515423677721,26.7857888858886
166,138,17,1555,80.42,78.3988986819761,52.5515423677721,26.7857888858886
166,138,18,1044,72.29,78.3988986819761,52.5515423677721,26.7857888858886
166,138,19,575,65.16,78.3988986819761,52.5515423677721,26.7857888858886
166,138,20,232,57.04,78.3988986819761,52.5515423677721,26.7857888858886
166,138,21,104,50.64,78.3988986819761,52.5515423677721,26.7857888858886
166,138,22,44,55.69,78.3988986819761,52.5515423677721,26.7857888858886
166,138,23,24,51.35,78.3988986819761,52.5515423677721,26.7857888858886
167,138,0,2,45.7,58.2498367100275,39.045430653308,19.901654933719
167,138,1,19,40.59,58.2498367100275,39.045430653308,19.901654933719
167,138,2,194,44.63,58.2498367100275,39.045430653308,19.901654933719
167,138,3,510,46.42,58.2498367100275,39.045430653308,19.901654933719
167,138,4,648,49.46,58.2498367100275,39.045430653308,19.901654933719
167,138,5,437,51.58,58.2498367100275,39.045430653308,19.901654933719
167,138,6,380,54.75,58.2498367100275,39.045430653308,19.901654933719
167,138,7,284,57.52,58.2498367100275,39.045430653308,19.901654933719
167,138,8,249,57.63,58.2498367100275,39.045430653308,19.901654933719
167,138,9,291,53.15,58.2498367100275,39.045430653308,19.901654933719
167,138,10,220,53.85,58.2498367100275,39.045430653308,19.901654933719
167,138,11,286,56.38,58.2498367100275,39.045430653308,19.901654933719
167,138,12,322,54,58.2498367100275,39.045430653308,19.901654933719
167,138,13,403,55.22,58.2498367100275,39.045430653308,19.901654933719
167,138,14,205,60,58.2498367100275,39.045430653308,19.901654933719
167,138,15,221,65.91,58.2498367100275,39.045430653308,19.901654933719
167,138,16,175,68.45,58.2498367100275,39.045430653308,19.901654933719
167,138,17,188,64.27,58.2498367100275,39.045430653308,19.901654933719
167,138,18,126,60.65,58.2498367100275,39.045430653308,19.901654933719
167,138,19,84,52.39,58.2498367100275,39.045430653308,19.901654933719
167,138,20,57,50.17,58.2498367100275,39.045430653308,19.901654933719
167,138,21,44,45.33,58.2498367100275,39.045430653308,19.901654933719
167,138,22,14,45.81,58.2498367100275,39.045430653308,19.901654933719
167,138,23,3,78.56,58.2498367100275,39.045430653308,19.901654933719
168,138,0,8,31.63,47.1247768550741,31.5881951035695,16.1006639806896
168,138,1,16,38.66,47.1247768550741,31.5881951035695,16.1006639806896
168,138,2,74,44.35,47.1247768550741,31.5881951035695,16.1006639806896
168,138,3,683,40.83,47.1247768550741,31.5881951035695,16.1006639806896
168,138,4,1559,40.06,47.1247768550741,31.5881951035695,16.1006639806896
168,138,5,1274,41.25,47.1247768550741,31.5881951035695,16.1006639806896
168,138,6,1016,43.12,47.1247768550741,31.5881951035695,16.1006639806896
168,138,7,916,44.78,47.1247768550741,31.5881951035695,16.1006639806896
168,138,8,882,45.9,47.1247768550741,31.5881951035695,16.1006639806896
168,138,9,919,43.31,47.1247768550741,31.5881951035695,16.1006639806896
168,138,10,821,44.4,47.1247768550741,31.5881951035695,16.1006639806896
168,138,11,977,44.7,47.1247768550741,31.5881951035695,16.1006639806896
168,138,12,829,45.35,47.1247768550741,31.5881951035695,16.1006639806896
168,138,13,844,45.68,47.1247768550741,31.5881951035695,16.1006639806896
168,138,14,714,47.73,47.1247768550741,31.5881951035695,16.1006639806896
168,138,15,824,50.81,47.1247768550741,31.5881951035695,16.1006639806896
168,138,16,636,53.65,47.1247768550741,31.5881951035695,16.1006639806896
168,138,17,593,52.41,47.1247768550741,31.5881951035695,16.1006639806896
168,138,18,462,48.61,47.1247768550741,31.5881951035695,16.1006639806896
168,138,19,256,45.87,47.1247768550741,31.5881951035695,16.1006639806896
168,138,20,133,40.25,47.1247768550741,31.5881951035695,16.1006639806896
168,138,21,63,38.6,47.1247768550741,31.5881951035695,16.1006639806896
168,138,22,186,31.2,47.1247768550741,31.5881951035695,16.1006639806896
168,138,23,26,33.51,47.1247768550741,31.5881951035695,16.1006639806896
169,138,0,8,50.42,80.4273816287149,53.9112541661517,27.4788409170195
169,138,1,3,52.97,80.4273816287149,53.9112541661517,27.4788409170195
169,138,2,53,52.51,80.4273816287149,53.9112541661517,27.4788409170195
169,138,3,429,50.04,80.4273816287149,53.9112541661517,27.4788409170195
169,138,4,550,53.54,80.4273816287149,53.9112541661517,27.4788409170195
169,138,5,470,51.89,80.4273816287149,53.9112541661517,27.4788409170195
169,138,6,301,58.73,80.4273816287149,53.9112541661517,27.4788409170195
169,138,7,255,64.8,80.4273816287149,53.9112541661517,27.4788409170195
169,138,8,318,66.81,80.4273816287149,53.9112541661517,27.4788409170195
169,138,9,274,58.73,80.4273816287149,53.9112541661517,27.4788409170195
169,138,10,253,59.87,80.4273816287149,53.9112541661517,27.4788409170195
169,138,11,238,61,80.4273816287149,53.9112541661517,27.4788409170195
169,138,12,222,63.74,80.4273816287149,53.9112541661517,27.4788409170195
169,138,13,258,61.61,80.4273816287149,53.9112541661517,27.4788409170195
169,138,14,215,67.72,80.4273816287149,53.9112541661517,27.4788409170195
169,138,15,215,74.16,80.4273816287149,53.9112541661517,27.4788409170195
169,138,16,194,73.62,80.4273816287149,53.9112541661517,27.4788409170195
169,138,17,191,71.31,80.4273816287149,53.9112541661517,27.4788409170195
169,138,18,135,65.21,80.4273816287149,53.9112541661517,27.4788409170195
169,138,19,99,56.79,80.4273816287149,53.9112541661517,27.4788409170195
169,138,20,57,53.17,80.4273816287149,53.9112541661517,27.4788409170195
169,138,21,21,53.77,80.4273816287149,53.9112541661517,27.4788409170195
169,138,22,18,50.39,80.4273816287149,53.9112541661517,27.4788409170195
169,138,23,16,47.58,80.4273816287149,53.9112541661517,27.4788409170195
170,138,0,27,53.78,89.3679595386081,59.9042102755229,30.5334811790427
170,138,1,47,241.63,89.3679595386081,59.9042102755229,30.5334811790427
170,138,2,116,52.48,89.3679595386081,59.9042102755229,30.5334811790427
170,138,3,1335,52.74,89.3679595386081,59.9042102755229,30.5334811790427
170,138,4,5368,54,89.3679595386081,59.9042102755229,30.5334811790427
170,138,5,6921,53.18,89.3679595386081,59.9042102755229,30.5334811790427
170,138,6,6447,56.44,89.3679595386081,59.9042102755229,30.5334811790427
170,138,7,6905,66.7,89.3679595386081,59.9042102755229,30.5334811790427
170,138,8,6382,66.73,89.3679595386081,59.9042102755229,30.5334811790427
170,138,9,6476,80.62,89.3679595386081,59.9042102755229,30.5334811790427
170,138,10,6049,72.03,89.3679595386081,59.9042102755229,30.5334811790427
170,138,11,6955,69.9,89.3679595386081,59.9042102755229,30.5334811790427
170,138,12,7795,71.94,89.3679595386081,59.9042102755229,30.5334811790427
170,138,13,8250,68.48,89.3679595386081,59.9042102755229,30.5334811790427
170,138,14,8960,84.3,89.3679595386081,59.9042102755229,30.5334811790427
170,138,15,8708,80.18,89.3679595386081,59.9042102755229,30.5334811790427
170,138,16,8864,89.27,89.3679595386081,59.9042102755229,30.5334811790427
170,138,17,6953,95.97,89.3679595386081,59.9042102755229,30.5334811790427
170,138,18,4103,73.88,89.3679595386081,59.9042102755229,30.5334811790427
170,138,19,2033,63.23,89.3679595386081,59.9042102755229,30.5334811790427
170,138,20,646,56.46,89.3679595386081,59.9042102755229,30.5334811790427
170,138,21,162,57.24,89.3679595386081,59.9042102755229,30.5334811790427
170,138,22,84,64.41,89.3679595386081,59.9042102755229,30.5334811790427
170,138,23,55,55.76,89.3679595386081,59.9042102755229,30.5334811790427
171,138,0,12,29.64,52.5069395452392,35.1959109694491,17.9395351382179
171,138,1,8,37.26,52.5069395452392,35.1959109694491,17.9395351382179
171,138,2,98,28.78,52.5069395452392,35.1959109694491,17.9395351382179
171,138,3,678,28.01,52.5069395452392,35.1959109694491,17.9395351382179
171,138,4,1009,31.81,52.5069395452392,35.1959109694491,17.9395351382179
171,138,5,906,31.18,52.5069395452392,35.1959109694491,17.9395351382179
171,138,6,633,33.14,52.5069395452392,35.1959109694491,17.9395351382179
171,138,7,607,37.91,52.5069395452392,35.1959109694491,17.9395351382179
171,138,8,667,36.67,52.5069395452392,35.1959109694491,17.9395351382179
171,138,9,522,35.42,52.5069395452392,35.1959109694491,17.9395351382179
171,138,10,441,34.66,52.5069395452392,35.1959109694491,17.9395351382179
171,138,11,617,33.18,52.5069395452392,35.1959109694491,17.9395351382179
171,138,12,675,35.31,52.5069395452392,35.1959109694491,17.9395351382179
171,138,13,482,35.08,52.5069395452392,35.1959109694491,17.9395351382179
171,138,14,485,37.58,52.5069395452392,35.1959109694491,17.9395351382179
171,138,15,483,35.89,52.5069395452392,35.1959109694491,17.9395351382179
171,138,16,420,34.98,52.5069395452392,35.1959109694491,17.9395351382179
171,138,17,411,36.41,52.5069395452392,35.1959109694491,17.9395351382179
171,138,18,308,34.36,52.5069395452392,35.1959109694491,17.9395351382179
171,138,19,164,31.96,52.5069395452392,35.1959109694491,17.9395351382179
171,138,20,104,31.7,52.5069395452392,35.1959109694491,17.9395351382179
171,138,21,39,31.53,52.5069395452392,35.1959109694491,17.9395351382179
171,138,22,73,24.49,52.5069395452392,35.1959109694491,17.9395351382179
171,138,23,17,32.13,52.5069395452392,35.1959109694491,17.9395351382179
172,138,1,2,93.41,285.843943966197,191.603968734884,97.66151905331
172,138,2,5,95.88,285.843943966197,191.603968734884,97.66151905331
172,138,3,22,100.82,285.843943966197,191.603968734884,97.66151905331
172,138,4,22,112.13,285.843943966197,191.603968734884,97.66151905331
172,138,5,23,113.46,285.843943966197,191.603968734884,97.66151905331
172,138,6,18,129.22,285.843943966197,191.603968734884,97.66151905331
172,138,7,21,149.54,285.843943966197,191.603968734884,97.66151905331
172,138,8,18,152.15,285.843943966197,191.603968734884,97.66151905331
172,138,9,16,128.42,285.843943966197,191.603968734884,97.66151905331
172,138,10,15,133.65,285.843943966197,191.603968734884,97.66151905331
172,138,11,8,135.62,285.843943966197,191.603968734884,97.66151905331
172,138,12,9,128.53,285.843943966197,191.603968734884,97.66151905331
172,138,13,18,151.61,285.843943966197,191.603968734884,97.66151905331
172,138,14,17,160.57,285.843943966197,191.603968734884,97.66151905331
172,138,15,11,150.37,285.843943966197,191.603968734884,97.66151905331
172,138,16,18,167.95,285.843943966197,191.603968734884,97.66151905331
172,138,17,13,172.9,285.843943966197,191.603968734884,97.66151905331
172,138,18,2,143.63,285.843943966197,191.603968734884,97.66151905331
172,138,19,4,117.19,285.843943966197,191.603968734884,97.66151905331
172,138,20,3,99.36,285.843943966197,191.603968734884,97.66151905331
173,138,0,23,25.38,27.2299683598958,18.2525119612062,9.30339834002387
173,138,1,40,23.03,27.2299683598958,18.2525119612062,9.30339834002387
173,138,2,207,25.73,27.2299683598958,18.2525119612062,9.30339834002387
173,138,3,1481,23.52,27.2299683598958,18.2525119612062,9.30339834002387
173,138,4,1542,23.81,27.2299683598958,18.2525119612062,9.30339834002387
173,138,5,812,24.05,27.2299683598958,18.2525119612062,9.30339834002387
173,138,6,765,27.38,27.2299683598958,18.2525119612062,9.30339834002387
173,138,7,565,27.31,27.2299683598958,18.2525119612062,9.30339834002387
173,138,8,502,27.39,27.2299683598958,18.2525119612062,9.30339834002387
173,138,9,542,27.32,27.2299683598958,18.2525119612062,9.30339834002387
173,138,10,600,27.64,27.2299683598958,18.2525119612062,9.30339834002387
173,138,11,904,26.16,27.2299683598958,18.2525119612062,9.30339834002387
173,138,12,852,27,27.2299683598958,18.2525119612062,9.30339834002387
173,138,13,913,26.51,27.2299683598958,18.2525119612062,9.30339834002387
173,138,14,587,29.25,27.2299683598958,18.2525119612062,9.30339834002387
173,138,15,570,30.25,27.2299683598958,18.2525119612062,9.30339834002387
173,138,16,558,31.54,27.2299683598958,18.2525119612062,9.30339834002387
173,138,17,617,31.77,27.2299683598958,18.2525119612062,9.30339834002387
173,138,18,520,31.44,27.2299683598958,18.2525119612062,9.30339834002387
173,138,19,240,30.62,27.2299683598958,18.2525119612062,9.30339834002387
173,138,20,286,27.85,27.2299683598958,18.2525119612062,9.30339834002387
173,138,21,273,25.75,27.2299683598958,18.2525119612062,9.30339834002387
173,138,22,338,22.64,27.2299683598958,18.2525119612062,9.30339834002387
173,138,23,47,22.16,27.2299683598958,18.2525119612062,9.30339834002387
174,138,0,3,52.4,106.285028023045,71.2438854003568,36.3133713638575
174,138,1,4,51.08,106.285028023045,71.2438854003568,36.3133713638575
174,138,2,55,55.06,106.285028023045,71.2438854003568,36.3133713638575
174,138,3,508,53.64,106.285028023045,71.2438854003568,36.3133713638575
174,138,4,466,57.59,106.285028023045,71.2438854003568,36.3133713638575
174,138,5,374,59.14,106.285028023045,71.2438854003568,36.3133713638575
174,138,6,294,65.66,106.285028023045,71.2438854003568,36.3133713638575
174,138,7,306,76.02,106.285028023045,71.2438854003568,36.3133713638575
174,138,8,214,72.2,106.285028023045,71.2438854003568,36.3133713638575
174,138,9,210,65.16,106.285028023045,71.2438854003568,36.3133713638575
174,138,10,206,66.53,106.285028023045,71.2438854003568,36.3133713638575
174,138,11,251,66.72,106.285028023045,71.2438854003568,36.3133713638575
174,138,12,259,70.06,106.285028023045,71.2438854003568,36.3133713638575
174,138,13,318,69.16,106.285028023045,71.2438854003568,36.3133713638575
174,138,14,258,77.29,106.285028023045,71.2438854003568,36.3133713638575
174,138,15,276,80.92,106.285028023045,71.2438854003568,36.3133713638575
174,138,16,241,83.27,106.285028023045,71.2438854003568,36.3133713638575
174,138,17,215,83.86,106.285028023045,71.2438854003568,36.3133713638575
174,138,18,136,73.34,106.285028023045,71.2438854003568,36.3133713638575
174,138,19,95,66.94,106.285028023045,71.2438854003568,36.3133713638575
174,138,20,59,65.93,106.285028023045,71.2438854003568,36.3133713638575
174,138,21,14,68.17,106.285028023045,71.2438854003568,36.3133713638575
174,138,22,13,53.86,106.285028023045,71.2438854003568,36.3133713638575
174,138,23,5,59.37,106.285028023045,71.2438854003568,36.3133713638575
175,138,0,2,51.83,102.444830757861,68.6697639181081,35.0013285296508
175,138,2,15,48.87,102.444830757861,68.6697639181081,35.0013285296508
175,138,3,159,45.09,102.444830757861,68.6697639181081,35.0013285296508
175,138,4,506,43.69,102.444830757861,68.6697639181081,35.0013285296508
175,138,5,430,44.98,102.444830757861,68.6697639181081,35.0013285296508
175,138,6,349,53.3,102.444830757861,68.6697639181081,35.0013285296508
175,138,7,324,58.68,102.444830757861,68.6697639181081,35.0013285296508
175,138,8,416,58.21,102.444830757861,68.6697639181081,35.0013285296508
175,138,9,283,50.09,102.444830757861,68.6697639181081,35.0013285296508
175,138,10,194,49.61,102.444830757861,68.6697639181081,35.0013285296508
175,138,11,246,49.57,102.444830757861,68.6697639181081,35.0013285296508
175,138,12,229,48.18,102.444830757861,68.6697639181081,35.0013285296508
175,138,13,194,48.69,102.444830757861,68.6697639181081,35.0013285296508
175,138,14,187,51.15,102.444830757861,68.6697639181081,35.0013285296508
175,138,15,193,49.4,102.444830757861,68.6697639181081,35.0013285296508
175,138,16,162,53.65,102.444830757861,68.6697639181081,35.0013285296508
175,138,17,166,51.91,102.444830757861,68.6697639181081,35.0013285296508
175,138,18,119,48.67,102.444830757861,68.6697639181081,35.0013285296508
175,138,19,60,46.84,102.444830757861,68.6697639181081,35.0013285296508
175,138,20,23,41.97,102.444830757861,68.6697639181081,35.0013285296508
175,138,21,13,44.31,102.444830757861,68.6697639181081,35.0013285296508
175,138,22,3,72.27,102.444830757861,68.6697639181081,35.0013285296508
175,138,23,2,30.07,102.444830757861,68.6697639181081,35.0013285296508
176,138,1,2,120.03,302.922479026425,203.051876471927,103.496575951994
176,138,2,4,103.9,302.922479026425,203.051876471927,103.496575951994
176,138,3,14,105.22,302.922479026425,203.051876471927,103.496575951994
176,138,4,9,113.03,302.922479026425,203.051876471927,103.496575951994
176,138,5,16,119.84,302.922479026425,203.051876471927,103.496575951994
176,138,6,24,137.92,302.922479026425,203.051876471927,103.496575951994
176,138,7,13,147.14,302.922479026425,203.051876471927,103.496575951994
176,138,8,3,163.5,302.922479026425,203.051876471927,103.496575951994
176,138,9,4,158.29,302.922479026425,203.051876471927,103.496575951994
176,138,10,10,144.89,302.922479026425,203.051876471927,103.496575951994
176,138,11,16,139.6,302.922479026425,203.051876471927,103.496575951994
176,138,12,8,149.09,302.922479026425,203.051876471927,103.496575951994
176,138,13,7,171.41,302.922479026425,203.051876471927,103.496575951994
176,138,14,10,170,302.922479026425,203.051876471927,103.496575951994
176,138,15,9,159.37,302.922479026425,203.051876471927,103.496575951994
176,138,16,10,166.39,302.922479026425,203.051876471927,103.496575951994
176,138,17,5,145.1,302.922479026425,203.051876471927,103.496575951994
177,138,1,12,58.09,110.892893378824,74.3325822512081,37.8876958851136
177,138,2,143,49.51,110.892893378824,74.3325822512081,37.8876958851136
177,138,3,634,54.82,110.892893378824,74.3325822512081,37.8876958851136
177,138,4,1047,56.64,110.892893378824,74.3325822512081,37.8876958851136
177,138,5,866,58.38,110.892893378824,74.3325822512081,37.8876958851136
177,138,6,701,65.09,110.892893378824,74.3325822512081,37.8876958851136
177,138,7,569,75.51,110.892893378824,74.3325822512081,37.8876958851136
177,138,8,559,71.29,110.892893378824,74.3325822512081,37.8876958851136
177,138,9,583,61.97,110.892893378824,74.3325822512081,37.8876958851136
177,138,10,530,64.56,110.892893378824,74.3325822512081,37.8876958851136
177,138,11,628,62.94,110.892893378824,74.3325822512081,37.8876958851136
177,138,12,418,64.82,110.892893378824,74.3325822512081,37.8876958851136
177,138,13,429,66.79,110.892893378824,74.3325822512081,37.8876958851136
177,138,14,381,72.06,110.892893378824,74.3325822512081,37.8876958851136
177,138,15,399,74.66,110.892893378824,74.3325822512081,37.8876958851136
177,138,16,361,75.19,110.892893378824,74.3325822512081,37.8876958851136
177,138,17,320,74.03,110.892893378824,74.3325822512081,37.8876958851136
177,138,18,240,69.45,110.892893378824,74.3325822512081,37.8876958851136
177,138,19,121,63.48,110.892893378824,74.3325822512081,37.8876958851136
177,138,20,79,55.89,110.892893378824,74.3325822512081,37.8876958851136
177,138,21,43,53.42,110.892893378824,74.3325822512081,37.8876958851136
177,138,22,24,51.88,110.892893378824,74.3325822512081,37.8876958851136
177,138,23,6,51.43,110.892893378824,74.3325822512081,37.8876958851136
178,138,2,8,77.33,185.957050424635,124.648814948504,63.5341360434436
178,138,3,73,81.61,185.957050424635,124.648814948504,63.5341360434436
178,138,4,152,83.51,185.957050424635,124.648814948504,63.5341360434436
178,138,5,131,87.59,185.957050424635,124.648814948504,63.5341360434436
178,138,6,119,106.62,185.957050424635,124.648814948504,63.5341360434436
178,138,7,96,118.23,185.957050424635,124.648814948504,63.5341360434436
178,138,8,96,123.52,185.957050424635,124.648814948504,63.5341360434436
178,138,9,74,116.11,185.957050424635,124.648814948504,63.5341360434436
178,138,10,43,108.51,185.957050424635,124.648814948504,63.5341360434436
178,138,11,52,118.86,185.957050424635,124.648814948504,63.5341360434436
178,138,12,61,112.56,185.957050424635,124.648814948504,63.5341360434436
178,138,13,53,119.54,185.957050424635,124.648814948504,63.5341360434436
178,138,14,56,129.42,185.957050424635,124.648814948504,63.5341360434436
178,138,15,42,140.5,185.957050424635,124.648814948504,63.5341360434436
178,138,16,57,139.47,185.957050424635,124.648814948504,63.5341360434436
178,138,17,56,129.03,185.957050424635,124.648814948504,63.5341360434436
178,138,18,33,112.45,185.957050424635,124.648814948504,63.5341360434436
178,138,19,18,94.85,185.957050424635,124.648814948504,63.5341360434436
178,138,20,6,96.13,185.957050424635,124.648814948504,63.5341360434436
179,138,0,28,23.19,43.9611248195144,29.4675684521924,15.0197697722561
179,138,1,16,25.45,43.9611248195144,29.4675684521924,15.0197697722561
179,138,2,48,27.23,43.9611248195144,29.4675684521924,15.0197697722561
179,138,3,891,27.12,43.9611248195144,29.4675684521924,15.0197697722561
179,138,4,3067,28.27,43.9611248195144,29.4675684521924,15.0197697722561
179,138,5,3340,28.25,43.9611248195144,29.4675684521924,15.0197697722561
179,138,6,2596,29.04,43.9611248195144,29.4675684521924,15.0197697722561
179,138,7,2256,30.84,43.9611248195144,29.4675684521924,15.0197697722561
179,138,8,2086,33.01,43.9611248195144,29.4675684521924,15.0197697722561
179,138,9,2165,30.7,43.9611248195144,29.4675684521924,15.0197697722561
179,138,10,1566,31.41,43.9611248195144,29.4675684521924,15.0197697722561
179,138,11,1622,31.55,43.9611248195144,29.4675684521924,15.0197697722561
179,138,12,1674,33.29,43.9611248195144,29.4675684521924,15.0197697722561
179,138,13,1728,33.31,43.9611248195144,29.4675684521924,15.0197697722561
179,138,14,1670,36,43.9611248195144,29.4675684521924,15.0197697722561
179,138,15,1724,37.54,43.9611248195144,29.4675684521924,15.0197697722561
179,138,16,1560,39.26,43.9611248195144,29.4675684521924,15.0197697722561
179,138,17,1656,38.76,43.9611248195144,29.4675684521924,15.0197697722561
179,138,18,1244,36.26,43.9611248195144,29.4675684521924,15.0197697722561
179,138,19,621,32.22,43.9611248195144,29.4675684521924,15.0197697722561
179,138,20,296,30.99,43.9611248195144,29.4675684521924,15.0197697722561
179,138,21,164,33.31,43.9611248195144,29.4675684521924,15.0197697722561
179,138,22,83,32.68,43.9611248195144,29.4675684521924,15.0197697722561
179,138,23,60,23.89,43.9611248195144,29.4675684521924,15.0197697722561
180,138,0,2,65.12,109.500715590245,73.3993919734117,37.4120440460774
180,138,1,4,51.95,109.500715590245,73.3993919734117,37.4120440460774
180,138,2,43,52.59,109.500715590245,73.3993919734117,37.4120440460774
180,138,3,152,55.8,109.500715590245,73.3993919734117,37.4120440460774
180,138,4,217,54.82,109.500715590245,73.3993919734117,37.4120440460774
180,138,5,301,53.03,109.500715590245,73.3993919734117,37.4120440460774
180,138,6,114,61.51,109.500715590245,73.3993919734117,37.4120440460774
180,138,7,106,68.4,109.500715590245,73.3993919734117,37.4120440460774
180,138,8,129,67.38,109.500715590245,73.3993919734117,37.4120440460774
180,138,9,95,59.29,109.500715590245,73.3993919734117,37.4120440460774
180,138,10,78,59.74,109.500715590245,73.3993919734117,37.4120440460774
180,138,11,87,60.26,109.500715590245,73.3993919734117,37.4120440460774
180,138,12,118,58.66,109.500715590245,73.3993919734117,37.4120440460774
180,138,13,69,62.86,109.500715590245,73.3993919734117,37.4120440460774
180,138,14,117,75.09,109.500715590245,73.3993919734117,37.4120440460774
180,138,15,75,68.34,109.500715590245,73.3993919734117,37.4120440460774
180,138,16,62,63.63,109.500715590245,73.3993919734117,37.4120440460774
180,138,17,99,61.84,109.500715590245,73.3993919734117,37.4120440460774
180,138,18,47,62.19,109.500715590245,73.3993919734117,37.4120440460774
180,138,19,42,59.56,109.500715590245,73.3993919734117,37.4120440460774
180,138,20,26,54.86,109.500715590245,73.3993919734117,37.4120440460774
180,138,21,6,51.6,109.500715590245,73.3993919734117,37.4120440460774
180,138,22,5,62.18,109.500715590245,73.3993919734117,37.4120440460774
181,138,0,11,59.67,142.056342635465,95.221744617883,48.5350083700834
181,138,1,9,58.69,142.056342635465,95.221744617883,48.5350083700834
181,138,2,72,63.71,142.056342635465,95.221744617883,48.5350083700834
181,138,3,922,63.04,142.056342635465,95.221744617883,48.5350083700834
181,138,4,3773,63.97,142.056342635465,95.221744617883,48.5350083700834
181,138,5,4877,66.63,142.056342635465,95.221744617883,48.5350083700834
181,138,6,4575,73.14,142.056342635465,95.221744617883,48.5350083700834
181,138,7,4354,82.79,142.056342635465,95.221744617883,48.5350083700834
181,138,8,3959,87.34,142.056342635465,95.221744617883,48.5350083700834
181,138,9,3532,84.56,142.056342635465,95.221744617883,48.5350083700834
181,138,10,2846,84.63,142.056342635465,95.221744617883,48.5350083700834
181,138,11,2908,84.95,142.056342635465,95.221744617883,48.5350083700834
181,138,12,2758,86.67,142.056342635465,95.221744617883,48.5350083700834
181,138,13,2605,89.39,142.056342635465,95.221744617883,48.5350083700834
181,138,14,2640,95.12,142.056342635465,95.221744617883,48.5350083700834
181,138,15,2541,103.5,142.056342635465,95.221744617883,48.5350083700834
181,138,16,2210,106.42,142.056342635465,95.221744617883,48.5350083700834
181,138,17,1791,102.84,142.056342635465,95.221744617883,48.5350083700834
181,138,18,1088,90.1,142.056342635465,95.221744617883,48.5350083700834
181,138,19,526,76.63,142.056342635465,95.221744617883,48.5350083700834
181,138,20,185,70.15,142.056342635465,95.221744617883,48.5350083700834
181,138,21,65,67.49,142.056342635465,95.221744617883,48.5350083700834
181,138,22,42,64.55,142.056342635465,95.221744617883,48.5350083700834
181,138,23,23,76.4,142.056342635465,95.221744617883,48.5350083700834
182,138,0,2,43.33,65.7400956898467,44.0662239136864,22.4607788386086
182,138,1,4,40.67,65.7400956898467,44.0662239136864,22.4607788386086
182,138,2,48,51.02,65.7400956898467,44.0662239136864,22.4607788386086
182,138,3,410,46.23,65.7400956898467,44.0662239136864,22.4607788386086
182,138,4,639,46.64,65.7400956898467,44.0662239136864,22.4607788386086
182,138,5,497,47.25,65.7400956898467,44.0662239136864,22.4607788386086
182,138,6,304,54.63,65.7400956898467,44.0662239136864,22.4607788386086
182,138,7,279,60.24,65.7400956898467,44.0662239136864,22.4607788386086
182,138,8,261,59.06,65.7400956898467,44.0662239136864,22.4607788386086
182,138,9,241,55.04,65.7400956898467,44.0662239136864,22.4607788386086
182,138,10,228,52.51,65.7400956898467,44.0662239136864,22.4607788386086
182,138,11,228,55.73,65.7400956898467,44.0662239136864,22.4607788386086
182,138,12,211,55.54,65.7400956898467,44.0662239136864,22.4607788386086
182,138,13,209,54.66,65.7400956898467,44.0662239136864,22.4607788386086
182,138,14,177,55,65.7400956898467,44.0662239136864,22.4607788386086
182,138,15,195,58.99,65.7400956898467,44.0662239136864,22.4607788386086
182,138,16,156,60.32,65.7400956898467,44.0662239136864,22.4607788386086
182,138,17,152,56.58,65.7400956898467,44.0662239136864,22.4607788386086
182,138,18,127,56.98,65.7400956898467,44.0662239136864,22.4607788386086
182,138,19,47,53.85,65.7400956898467,44.0662239136864,22.4607788386086
182,138,20,24,46.18,65.7400956898467,44.0662239136864,22.4607788386086
182,138,21,21,42.09,65.7400956898467,44.0662239136864,22.4607788386086
182,138,22,10,50.97,65.7400956898467,44.0662239136864,22.4607788386086
182,138,23,4,41.86,65.7400956898467,44.0662239136864,22.4607788386086
183,138,1,3,34.03,83.7931723772502,56.1673763578704,28.6287978926916
183,138,2,41,48.49,83.7931723772502,56.1673763578704,28.6287978926916
183,138,3,310,43.29,83.7931723772502,56.1673763578704,28.6287978926916
183,138,4,325,47.48,83.7931723772502,56.1673763578704,28.6287978926916
183,138,5,269,48.52,83.7931723772502,56.1673763578704,28.6287978926916
183,138,6,209,53.21,83.7931723772502,56.1673763578704,28.6287978926916
183,138,7,165,57.82,83.7931723772502,56.1673763578704,28.6287978926916
183,138,8,163,52.47,83.7931723772502,56.1673763578704,28.6287978926916
183,138,9,137,50.04,83.7931723772502,56.1673763578704,28.6287978926916
183,138,10,117,54.1,83.7931723772502,56.1673763578704,28.6287978926916
183,138,11,111,53.97,83.7931723772502,56.1673763578704,28.6287978926916
183,138,12,102,53.64,83.7931723772502,56.1673763578704,28.6287978926916
183,138,13,113,54.51,83.7931723772502,56.1673763578704,28.6287978926916
183,138,14,92,52.44,83.7931723772502,56.1673763578704,28.6287978926916
183,138,15,99,59.33,83.7931723772502,56.1673763578704,28.6287978926916
183,138,16,78,56.33,83.7931723772502,56.1673763578704,28.6287978926916
183,138,17,75,56.11,83.7931723772502,56.1673763578704,28.6287978926916
183,138,18,49,52.09,83.7931723772502,56.1673763578704,28.6287978926916
183,138,19,38,51.98,83.7931723772502,56.1673763578704,28.6287978926916
183,138,20,18,56.87,83.7931723772502,56.1673763578704,28.6287978926916
183,138,21,9,53.76,83.7931723772502,56.1673763578704,28.6287978926916
183,138,23,3,36.58,83.7931723772502,56.1673763578704,28.6287978926916
184,138,2,17,37.28,110.391943511381,73.9967906951321,37.7165412181816
184,138,3,43,43.69,110.391943511381,73.9967906951321,37.7165412181816
184,138,4,18,56.34,110.391943511381,73.9967906951321,37.7165412181816
184,138,5,15,53.7,110.391943511381,73.9967906951321,37.7165412181816
184,138,6,11,51.09,110.391943511381,73.9967906951321,37.7165412181816
184,138,7,13,61.4,110.391943511381,73.9967906951321,37.7165412181816
184,138,8,11,54.97,110.391943511381,73.9967906951321,37.7165412181816
184,138,9,10,55.17,110.391943511381,73.9967906951321,37.7165412181816
184,138,10,8,52.37,110.391943511381,73.9967906951321,37.7165412181816
184,138,11,10,48.03,110.391943511381,73.9967906951321,37.7165412181816
184,138,12,9,51.25,110.391943511381,73.9967906951321,37.7165412181816
184,138,13,16,58.38,110.391943511381,73.9967906951321,37.7165412181816
184,138,14,16,59.59,110.391943511381,73.9967906951321,37.7165412181816
184,138,15,5,51.89,110.391943511381,73.9967906951321,37.7165412181816
184,138,16,6,52.42,110.391943511381,73.9967906951321,37.7165412181816
184,138,17,9,59.02,110.391943511381,73.9967906951321,37.7165412181816
184,138,18,5,76.24,110.391943511381,73.9967906951321,37.7165412181816
184,138,19,4,46.03,110.391943511381,73.9967906951321,37.7165412181816
184,138,20,3,42.11,110.391943511381,73.9967906951321,37.7165412181816
185,138,0,4,44.56,83.6134950004177,56.0469368690525,28.5674092716227
185,138,1,5,42.64,83.6134950004177,56.0469368690525,28.5674092716227
185,138,2,112,47.77,83.6134950004177,56.0469368690525,28.5674092716227
185,138,3,350,52.16,83.6134950004177,56.0469368690525,28.5674092716227
185,138,4,680,51.75,83.6134950004177,56.0469368690525,28.5674092716227
185,138,5,555,52.97,83.6134950004177,56.0469368690525,28.5674092716227
185,138,6,434,58.51,83.6134950004177,56.0469368690525,28.5674092716227
185,138,7,557,62.29,83.6134950004177,56.0469368690525,28.5674092716227
185,138,8,418,60.88,83.6134950004177,56.0469368690525,28.5674092716227
185,138,9,413,57.68,83.6134950004177,56.0469368690525,28.5674092716227
185,138,10,358,57.41,83.6134950004177,56.0469368690525,28.5674092716227
185,138,11,544,59.21,83.6134950004177,56.0469368690525,28.5674092716227
185,138,12,370,59.12,83.6134950004177,56.0469368690525,28.5674092716227
185,138,13,417,60.71,83.6134950004177,56.0469368690525,28.5674092716227
185,138,14,355,61.36,83.6134950004177,56.0469368690525,28.5674092716227
185,138,15,313,65.43,83.6134950004177,56.0469368690525,28.5674092716227
185,138,16,378,68.67,83.6134950004177,56.0469368690525,28.5674092716227
185,138,17,300,66.45,83.6134950004177,56.0469368690525,28.5674092716227
185,138,18,184,60.44,83.6134950004177,56.0469368690525,28.5674092716227
185,138,19,114,54.56,83.6134950004177,56.0469368690525,28.5674092716227
185,138,20,41,52.74,83.6134950004177,56.0469368690525,28.5674092716227
185,138,21,17,54.67,83.6134950004177,56.0469368690525,28.5674092716227
185,138,22,9,43.4,83.6134950004177,56.0469368690525,28.5674092716227
186,138,0,49,61.9,99.7015078051554,66.8308879287605,34.0640440691246
186,138,1,64,57.29,99.7015078051554,66.8308879287605,34.0640440691246
186,138,2,206,61.58,99.7015078051554,66.8308879287605,34.0640440691246
186,138,3,1075,61.04,99.7015078051554,66.8308879287605,34.0640440691246
186,138,4,2661,64.14,99.7015078051554,66.8308879287605,34.0640440691246
186,138,5,3251,62.59,99.7015078051554,66.8308879287605,34.0640440691246
186,138,6,3485,67.91,99.7015078051554,66.8308879287605,34.0640440691246
186,138,7,4156,74.11,99.7015078051554,66.8308879287605,34.0640440691246
186,138,8,4093,83.6,99.7015078051554,66.8308879287605,34.0640440691246
186,138,9,4262,88.93,99.7015078051554,66.8308879287605,34.0640440691246
186,138,10,4031,83.2,99.7015078051554,66.8308879287605,34.0640440691246
186,138,11,4360,79.24,99.7015078051554,66.8308879287605,34.0640440691246
186,138,12,4247,90.22,99.7015078051554,66.8308879287605,34.0640440691246
186,138,13,3861,93.52,99.7015078051554,66.8308879287605,34.0640440691246
186,138,14,4182,102.53,99.7015078051554,66.8308879287605,34.0640440691246
186,138,15,3939,96.04,99.7015078051554,66.8308879287605,34.0640440691246
186,138,16,3351,107.03,99.7015078051554,66.8308879287605,34.0640440691246
186,138,17,2455,97.15,99.7015078051554,66.8308879287605,34.0640440691246
186,138,18,1341,84.87,99.7015078051554,66.8308879287605,34.0640440691246
186,138,19,651,74.3,99.7015078051554,66.8308879287605,34.0640440691246
186,138,20,275,70.3,99.7015078051554,66.8308879287605,34.0640440691246
186,138,21,96,67.66,99.7015078051554,66.8308879287605,34.0640440691246
186,138,22,72,73.81,99.7015078051554,66.8308879287605,34.0640440691246
186,138,23,70,68.89,99.7015078051554,66.8308879287605,34.0640440691246
187,138,3,7,98.89,266.010295417558,178.309281698025,90.8851493364878
187,138,4,11,99.08,266.010295417558,178.309281698025,90.8851493364878
187,138,5,12,111.43,266.010295417558,178.309281698025,90.8851493364878
187,138,6,11,131.98,266.010295417558,178.309281698025,90.8851493364878
187,138,7,5,174.88,266.010295417558,178.309281698025,90.8851493364878
187,138,8,7,141.32,266.010295417558,178.309281698025,90.8851493364878
187,138,9,7,148.72,266.010295417558,178.309281698025,90.8851493364878
187,138,10,9,139.38,266.010295417558,178.309281698025,90.8851493364878
187,138,11,6,142.9,266.010295417558,178.309281698025,90.8851493364878
187,138,12,6,142.62,266.010295417558,178.309281698025,90.8851493364878
187,138,13,7,127.01,266.010295417558,178.309281698025,90.8851493364878
187,138,14,8,143.38,266.010295417558,178.309281698025,90.8851493364878
187,138,15,8,166.31,266.010295417558,178.309281698025,90.8851493364878
187,138,16,7,158.5,266.010295417558,178.309281698025,90.8851493364878
187,138,17,5,144.34,266.010295417558,178.309281698025,90.8851493364878
188,138,0,10,62.87,138.391351819123,92.7650657180458,47.2828266184816
188,138,1,15,63.46,138.391351819123,92.7650657180458,47.2828266184816
188,138,2,145,63.45,138.391351819123,92.7650657180458,47.2828266184816
188,138,3,1134,66.91,138.391351819123,92.7650657180458,47.2828266184816
188,138,4,2452,67.73,138.391351819123,92.7650657180458,47.2828266184816
188,138,5,2060,71.43,138.391351819123,92.7650657180458,47.2828266184816
188,138,6,1748,78.15,138.391351819123,92.7650657180458,47.2828266184816
188,138,7,1761,91.02,138.391351819123,92.7650657180458,47.2828266184816
188,138,8,1556,94.77,138.391351819123,92.7650657180458,47.2828266184816
188,138,9,1440,86.43,138.391351819123,92.7650657180458,47.2828266184816
188,138,10,1227,85.64,138.391351819123,92.7650657180458,47.2828266184816
188,138,11,1249,86.34,138.391351819123,92.7650657180458,47.2828266184816
188,138,12,1273,89.5,138.391351819123,92.7650657180458,47.2828266184816
188,138,13,1017,93.71,138.391351819123,92.7650657180458,47.2828266184816
188,138,14,1043,99.77,138.391351819123,92.7650657180458,47.2828266184816
188,138,15,997,104.07,138.391351819123,92.7650657180458,47.2828266184816
188,138,16,992,105.42,138.391351819123,92.7650657180458,47.2828266184816
188,138,17,901,101.19,138.391351819123,92.7650657180458,47.2828266184816
188,138,18,567,91.64,138.391351819123,92.7650657180458,47.2828266184816
188,138,19,298,82.88,138.391351819123,92.7650657180458,47.2828266184816
188,138,20,197,73.89,138.391351819123,92.7650657180458,47.2828266184816
188,138,21,62,73.04,138.391351819123,92.7650657180458,47.2828266184816
188,138,22,28,69.71,138.391351819123,92.7650657180458,47.2828266184816
188,138,23,6,66.21,138.391351819123,92.7650657180458,47.2828266184816
189,138,0,3,77.22,129.265264117858,86.6477605958077,44.1648050310634
189,138,1,5,49.82,129.265264117858,86.6477605958077,44.1648050310634
189,138,2,31,55.6,129.265264117858,86.6477605958077,44.1648050310634
189,138,3,433,60.51,129.265264117858,86.6477605958077,44.1648050310634
189,138,4,1784,61.6,129.265264117858,86.6477605958077,44.1648050310634
189,138,5,2262,63.53,129.265264117858,86.6477605958077,44.1648050310634
189,138,6,2065,69.26,129.265264117858,86.6477605958077,44.1648050310634
189,138,7,1867,76.82,129.265264117858,86.6477605958077,44.1648050310634
189,138,8,1803,81.75,129.265264117858,86.6477605958077,44.1648050310634
189,138,9,1590,75.87,129.265264117858,86.6477605958077,44.1648050310634
189,138,10,1234,76.68,129.265264117858,86.6477605958077,44.1648050310634
189,138,11,1327,77.2,129.265264117858,86.6477605958077,44.1648050310634
189,138,12,1358,79.29,129.265264117858,86.6477605958077,44.1648050310634
189,138,13,1205,82.51,129.265264117858,86.6477605958077,44.1648050310634
189,138,14,1251,87.29,129.265264117858,86.6477605958077,44.1648050310634
189,138,15,1153,93.35,129.265264117858,86.6477605958077,44.1648050310634
189,138,16,1144,94.15,129.265264117858,86.6477605958077,44.1648050310634
189,138,17,951,93.57,129.265264117858,86.6477605958077,44.1648050310634
189,138,18,619,83.45,129.265264117858,86.6477605958077,44.1648050310634
189,138,19,301,73.22,129.265264117858,86.6477605958077,44.1648050310634
189,138,20,108,66.86,129.265264117858,86.6477605958077,44.1648050310634
189,138,21,32,60.8,129.265264117858,86.6477605958077,44.1648050310634
189,138,22,9,61.36,129.265264117858,86.6477605958077,44.1648050310634
189,138,23,9,68,129.265264117858,86.6477605958077,44.1648050310634
190,138,2,6,57.68,143.976863758996,96.5090885587826,49.191174135555
190,138,3,44,65.98,143.976863758996,96.5090885587826,49.191174135555
190,138,4,82,67.09,143.976863758996,96.5090885587826,49.191174135555
190,138,5,84,72.68,143.976863758996,96.5090885587826,49.191174135555
190,138,6,70,80.54,143.976863758996,96.5090885587826,49.191174135555
190,138,7,68,91.32,143.976863758996,96.5090885587826,49.191174135555
190,138,8,70,94.63,143.976863758996,96.5090885587826,49.191174135555
190,138,9,68,87.11,143.976863758996,96.5090885587826,49.191174135555
190,138,10,72,89.8,143.976863758996,96.5090885587826,49.191174135555
190,138,11,81,93.18,143.976863758996,96.5090885587826,49.191174135555
190,138,12,96,93.49,143.976863758996,96.5090885587826,49.191174135555
190,138,13,98,96.18,143.976863758996,96.5090885587826,49.191174135555
190,138,14,137,107.29,143.976863758996,96.5090885587826,49.191174135555
190,138,15,138,109.43,143.976863758996,96.5090885587826,49.191174135555
190,138,16,119,107.44,143.976863758996,96.5090885587826,49.191174135555
190,138,17,66,107.58,143.976863758996,96.5090885587826,49.191174135555
190,138,18,39,90.05,143.976863758996,96.5090885587826,49.191174135555
190,138,19,17,86.31,143.976863758996,96.5090885587826,49.191174135555
190,138,20,9,66.99,143.976863758996,96.5090885587826,49.191174135555
190,138,22,2,56,143.976863758996,96.5090885587826,49.191174135555
190,138,23,3,58.02,143.976863758996,96.5090885587826,49.191174135555
191,138,0,4,48.39,124.686004495862,83.5782384458279,42.6002539525333
191,138,1,4,50.46,124.686004495862,83.5782384458279,42.6002539525333
191,138,2,50,49.65,124.686004495862,83.5782384458279,42.6002539525333
191,138,3,527,49.56,124.686004495862,83.5782384458279,42.6002539525333
191,138,4,883,50.81,124.686004495862,83.5782384458279,42.6002539525333
191,138,5,699,51.3,124.686004495862,83.5782384458279,42.6002539525333
191,138,6,416,62.21,124.686004495862,83.5782384458279,42.6002539525333
191,138,7,345,69.53,124.686004495862,83.5782384458279,42.6002539525333
191,138,8,336,65.31,124.686004495862,83.5782384458279,42.6002539525333
191,138,9,342,59.06,124.686004495862,83.5782384458279,42.6002539525333
191,138,10,265,55.47,124.686004495862,83.5782384458279,42.6002539525333
191,138,11,336,57.62,124.686004495862,83.5782384458279,42.6002539525333
191,138,12,318,56.89,124.686004495862,83.5782384458279,42.6002539525333
191,138,13,282,60.94,124.686004495862,83.5782384458279,42.6002539525333
191,138,14,255,57.24,124.686004495862,83.5782384458279,42.6002539525333
191,138,15,254,58.59,124.686004495862,83.5782384458279,42.6002539525333
191,138,16,253,61,124.686004495862,83.5782384458279,42.6002539525333
191,138,17,230,59.34,124.686004495862,83.5782384458279,42.6002539525333
191,138,18,174,56.01,124.686004495862,83.5782384458279,42.6002539525333
191,138,19,107,53.34,124.686004495862,83.5782384458279,42.6002539525333
191,138,20,233,49.52,124.686004495862,83.5782384458279,42.6002539525333
191,138,21,50,49.75,124.686004495862,83.5782384458279,42.6002539525333
191,138,22,12,53.02,124.686004495862,83.5782384458279,42.6002539525333
191,138,23,18,47.91,124.686004495862,83.5782384458279,42.6002539525333
192,138,0,3,20.5,58.8081432155278,39.4196689203151,20.0924060850918
192,138,1,2,33.23,58.8081432155278,39.4196689203151,20.0924060850918
192,138,2,27,25.69,58.8081432155278,39.4196689203151,20.0924060850918
192,138,3,196,28.64,58.8081432155278,39.4196689203151,20.0924060850918
192,138,4,473,27.48,58.8081432155278,39.4196689203151,20.0924060850918
192,138,5,418,26.09,58.8081432155278,39.4196689203151,20.0924060850918
192,138,6,386,29.89,58.8081432155278,39.4196689203151,20.0924060850918
192,138,7,515,34.07,58.8081432155278,39.4196689203151,20.0924060850918
192,138,8,385,32.46,58.8081432155278,39.4196689203151,20.0924060850918
192,138,9,426,32.23,58.8081432155278,39.4196689203151,20.0924060850918
192,138,10,573,28.91,58.8081432155278,39.4196689203151,20.0924060850918
192,138,11,421,30.27,58.8081432155278,39.4196689203151,20.0924060850918
192,138,12,604,29.75,58.8081432155278,39.4196689203151,20.0924060850918
192,138,13,342,31.98,58.8081432155278,39.4196689203151,20.0924060850918
192,138,14,569,30.13,58.8081432155278,39.4196689203151,20.0924060850918
192,138,15,414,30.31,58.8081432155278,39.4196689203151,20.0924060850918
192,138,16,382,30.66,58.8081432155278,39.4196689203151,20.0924060850918
192,138,17,379,30.58,58.8081432155278,39.4196689203151,20.0924060850918
192,138,18,222,29.74,58.8081432155278,39.4196689203151,20.0924060850918
192,138,19,113,30.76,58.8081432155278,39.4196689203151,20.0924060850918
192,138,20,86,26,58.8081432155278,39.4196689203151,20.0924060850918
192,138,21,31,29.28,58.8081432155278,39.4196689203151,20.0924060850918
192,138,22,60,24.09,58.8081432155278,39.4196689203151,20.0924060850918
192,138,23,9,26.63,58.8081432155278,39.4196689203151,20.0924060850918
193,138,0,7,37.17,57.3262232659811,38.4263236013948,19.5860929151152
193,138,1,8,55.87,57.3262232659811,38.4263236013948,19.5860929151152
193,138,2,43,40.44,57.3262232659811,38.4263236013948,19.5860929151152
193,138,3,451,41.21,57.3262232659811,38.4263236013948,19.5860929151152
193,138,4,943,41.31,57.3262232659811,38.4263236013948,19.5860929151152
193,138,5,843,41.23,57.3262232659811,38.4263236013948,19.5860929151152
193,138,6,703,42.43,57.3262232659811,38.4263236013948,19.5860929151152
193,138,7,672,47.28,57.3262232659811,38.4263236013948,19.5860929151152
193,138,8,674,48.32,57.3262232659811,38.4263236013948,19.5860929151152
193,138,9,659,46.09,57.3262232659811,38.4263236013948,19.5860929151152
193,138,10,657,46.75,57.3262232659811,38.4263236013948,19.5860929151152
193,138,11,666,51.97,57.3262232659811,38.4263236013948,19.5860929151152
193,138,12,537,49.01,57.3262232659811,38.4263236013948,19.5860929151152
193,138,13,436,48.97,57.3262232659811,38.4263236013948,19.5860929151152
193,138,14,375,51.52,57.3262232659811,38.4263236013948,19.5860929151152
193,138,15,415,54.63,57.3262232659811,38.4263236013948,19.5860929151152
193,138,16,337,56.22,57.3262232659811,38.4263236013948,19.5860929151152
193,138,17,311,52.92,57.3262232659811,38.4263236013948,19.5860929151152
193,138,18,189,50.56,57.3262232659811,38.4263236013948,19.5860929151152
193,138,19,125,44.84,57.3262232659811,38.4263236013948,19.5860929151152
193,138,20,62,41.61,57.3262232659811,38.4263236013948,19.5860929151152
193,138,21,38,41.9,57.3262232659811,38.4263236013948,19.5860929151152
193,138,22,16,38.53,57.3262232659811,38.4263236013948,19.5860929151152
193,138,23,7,36.09,57.3262232659811,38.4263236013948,19.5860929151152
194,138,1,2,33.65,43.2551311875431,28.9943340715359,14.778559797388
194,138,2,12,47.38,43.2551311875431,28.9943340715359,14.778559797388
194,138,3,36,52.19,43.2551311875431,28.9943340715359,14.778559797388
194,138,4,40,49.54,43.2551311875431,28.9943340715359,14.778559797388
194,138,5,39,47.33,43.2551311875431,28.9943340715359,14.778559797388
194,138,6,34,60.98,43.2551311875431,28.9943340715359,14.778559797388
194,138,7,28,48.39,43.2551311875431,28.9943340715359,14.778559797388
194,138,8,40,66.15,43.2551311875431,28.9943340715359,14.778559797388
194,138,9,39,54.69,43.2551311875431,28.9943340715359,14.778559797388
194,138,10,61,53.26,43.2551311875431,28.9943340715359,14.778559797388
194,138,11,46,61.17,43.2551311875431,28.9943340715359,14.778559797388
194,138,12,55,54.32,43.2551311875431,28.9943340715359,14.778559797388
194,138,13,65,50.67,43.2551311875431,28.9943340715359,14.778559797388
194,138,14,62,54.8,43.2551311875431,28.9943340715359,14.778559797388
194,138,15,79,56.92,43.2551311875431,28.9943340715359,14.778559797388
194,138,16,53,69.57,43.2551311875431,28.9943340715359,14.778559797388
194,138,17,49,59.69,43.2551311875431,28.9943340715359,14.778559797388
194,138,18,45,52.91,43.2551311875431,28.9943340715359,14.778559797388
194,138,19,13,57.14,43.2551311875431,28.9943340715359,14.778559797388
194,138,20,6,36.49,43.2551311875431,28.9943340715359,14.778559797388
194,138,21,2,39.57,43.2551311875431,28.9943340715359,14.778559797388
195,138,0,2,67.49,152.691108383,102.350331270866,52.1684853060272
195,138,1,4,73.15,152.691108383,102.350331270866,52.1684853060272
195,138,2,108,55.8,152.691108383,102.350331270866,52.1684853060272
195,138,3,126,57.45,152.691108383,102.350331270866,52.1684853060272
195,138,4,261,61.57,152.691108383,102.350331270866,52.1684853060272
195,138,5,258,65.83,152.691108383,102.350331270866,52.1684853060272
195,138,6,247,71.36,152.691108383,102.350331270866,52.1684853060272
195,138,7,734,80.52,152.691108383,102.350331270866,52.1684853060272
195,138,8,875,103.19,152.691108383,102.350331270866,52.1684853060272
195,138,9,779,90.28,152.691108383,102.350331270866,52.1684853060272
195,138,10,686,91.18,152.691108383,102.350331270866,52.1684853060272
195,138,11,319,92.93,152.691108383,102.350331270866,52.1684853060272
195,138,12,232,88.31,152.691108383,102.350331270866,52.1684853060272
195,138,13,216,90.72,152.691108383,102.350331270866,52.1684853060272
195,138,14,236,92.78,152.691108383,102.350331270866,52.1684853060272
195,138,15,199,101.61,152.691108383,102.350331270866,52.1684853060272
195,138,16,179,109.51,152.691108383,102.350331270866,52.1684853060272
195,138,17,155,101.52,152.691108383,102.350331270866,52.1684853060272
195,138,18,96,85.83,152.691108383,102.350331270866,52.1684853060272
195,138,19,54,78.92,152.691108383,102.350331270866,52.1684853060272
195,138,20,11,81.23,152.691108383,102.350331270866,52.1684853060272
195,138,21,6,71.52,152.691108383,102.350331270866,52.1684853060272
195,138,22,6,69.13,152.691108383,102.350331270866,52.1684853060272
195,138,23,3,72.4,152.691108383,102.350331270866,52.1684853060272
196,138,0,11,28.08,54.4444951794882,36.494673308142,18.6015209192196
196,138,1,9,29.79,54.4444951794882,36.494673308142,18.6015209192196
196,138,2,56,31.42,54.4444951794882,36.494673308142,18.6015209192196
196,138,3,786,29.71,54.4444951794882,36.494673308142,18.6015209192196
196,138,4,1316,31.61,54.4444951794882,36.494673308142,18.6015209192196
196,138,5,1216,31.16,54.4444951794882,36.494673308142,18.6015209192196
196,138,6,873,34.07,54.4444951794882,36.494673308142,18.6015209192196
196,138,7,797,38.4,54.4444951794882,36.494673308142,18.6015209192196
196,138,8,819,38.15,54.4444951794882,36.494673308142,18.6015209192196
196,138,9,754,38.12,54.4444951794882,36.494673308142,18.6015209192196
196,138,10,641,37.08,54.4444951794882,36.494673308142,18.6015209192196
196,138,11,603,36.54,54.4444951794882,36.494673308142,18.6015209192196
196,138,12,607,36.7,54.4444951794882,36.494673308142,18.6015209192196
196,138,13,814,35.32,54.4444951794882,36.494673308142,18.6015209192196
196,138,14,592,37.53,54.4444951794882,36.494673308142,18.6015209192196
196,138,15,550,36.99,54.4444951794882,36.494673308142,18.6015209192196
196,138,16,466,38.88,54.4444951794882,36.494673308142,18.6015209192196
196,138,17,519,41.37,54.4444951794882,36.494673308142,18.6015209192196
196,138,18,367,37.26,54.4444951794882,36.494673308142,18.6015209192196
196,138,19,191,35.58,54.4444951794882,36.494673308142,18.6015209192196
196,138,20,105,32.77,54.4444951794882,36.494673308142,18.6015209192196
196,138,21,99,29.35,54.4444951794882,36.494673308142,18.6015209192196
196,138,22,42,29.44,54.4444951794882,36.494673308142,18.6015209192196
196,138,23,24,30.83,54.4444951794882,36.494673308142,18.6015209192196
197,138,0,5,66.11,93.8670623855504,62.9200025615491,32.0706458721713
197,138,1,11,37.6,93.8670623855504,62.9200025615491,32.0706458721713
197,138,2,339,41.04,93.8670623855504,62.9200025615491,32.0706458721713
197,138,3,613,41.18,93.8670623855504,62.9200025615491,32.0706458721713
197,138,4,1179,40.96,93.8670623855504,62.9200025615491,32.0706458721713
197,138,5,993,41.02,93.8670623855504,62.9200025615491,32.0706458721713
197,138,6,712,45.82,93.8670623855504,62.9200025615491,32.0706458721713
197,138,7,503,52.24,93.8670623855504,62.9200025615491,32.0706458721713
197,138,8,444,52.18,93.8670623855504,62.9200025615491,32.0706458721713
197,138,9,458,46.82,93.8670623855504,62.9200025615491,32.0706458721713
197,138,10,387,44.64,93.8670623855504,62.9200025615491,32.0706458721713
197,138,11,511,43.6,93.8670623855504,62.9200025615491,32.0706458721713
197,138,12,417,44.81,93.8670623855504,62.9200025615491,32.0706458721713
197,138,13,495,48.29,93.8670623855504,62.9200025615491,32.0706458721713
197,138,14,459,48.12,93.8670623855504,62.9200025615491,32.0706458721713
197,138,15,387,47.49,93.8670623855504,62.9200025615491,32.0706458721713
197,138,16,334,49.93,93.8670623855504,62.9200025615491,32.0706458721713
197,138,17,301,46.75,93.8670623855504,62.9200025615491,32.0706458721713
197,138,18,232,45.21,93.8670623855504,62.9200025615491,32.0706458721713
197,138,19,166,42.36,93.8670623855504,62.9200025615491,32.0706458721713
197,138,20,189,39.37,93.8670623855504,62.9200025615491,32.0706458721713
197,138,21,207,43.09,93.8670623855504,62.9200025615491,32.0706458721713
197,138,22,80,38.22,93.8670623855504,62.9200025615491,32.0706458721713
197,138,23,11,35.8,93.8670623855504,62.9200025615491,32.0706458721713
198,138,0,16,45.37,77.8128112570256,52.1586822809431,26.5855460980775
198,138,1,19,43.92,77.8128112570256,52.1586822809431,26.5855460980775
198,138,2,97,49.26,77.8128112570256,52.1586822809431,26.5855460980775
198,138,3,850,49.57,77.8128112570256,52.1586822809431,26.5855460980775
198,138,4,1985,51.31,77.8128112570256,52.1586822809431,26.5855460980775
198,138,5,1930,50.43,77.8128112570256,52.1586822809431,26.5855460980775
198,138,6,1640,55.73,77.8128112570256,52.1586822809431,26.5855460980775
198,138,7,1776,62.34,77.8128112570256,52.1586822809431,26.5855460980775
198,138,8,1591,61.08,77.8128112570256,52.1586822809431,26.5855460980775
198,138,9,1531,55.81,77.8128112570256,52.1586822809431,26.5855460980775
198,138,10,1305,55.78,77.8128112570256,52.1586822809431,26.5855460980775
198,138,11,1259,56.14,77.8128112570256,52.1586822809431,26.5855460980775
198,138,12,1266,57.37,77.8128112570256,52.1586822809431,26.5855460980775
198,138,13,1175,58.79,77.8128112570256,52.1586822809431,26.5855460980775
198,138,14,1183,64.34,77.8128112570256,52.1586822809431,26.5855460980775
198,138,15,1107,64.24,77.8128112570256,52.1586822809431,26.5855460980775
198,138,16,977,64.3,77.8128112570256,52.1586822809431,26.5855460980775
198,138,17,933,64.85,77.8128112570256,52.1586822809431,26.5855460980775
198,138,18,623,61.8,77.8128112570256,52.1586822809431,26.5855460980775
198,138,19,385,54.6,77.8128112570256,52.1586822809431,26.5855460980775
198,138,20,167,50.71,77.8128112570256,52.1586822809431,26.5855460980775
198,138,21,82,50.48,77.8128112570256,52.1586822809431,26.5855460980775
198,138,22,34,47.3,77.8128112570256,52.1586822809431,26.5855460980775
198,138,23,20,54.34,77.8128112570256,52.1586822809431,26.5855460980775
199,138,4,3,35.68,16.6036012299811,11.1295549830924,5.67279087804329
199,138,5,2,30.55,16.6036012299811,11.1295549830924,5.67279087804329
199,138,8,2,27.56,16.6036012299811,11.1295549830924,5.67279087804329
200,138,1,3,67.21,132.597146275691,88.8811535302175,45.3031767884834
200,138,2,32,66.62,132.597146275691,88.8811535302175,45.3031767884834
200,138,3,253,65.67,132.597146275691,88.8811535302175,45.3031767884834
200,138,4,640,66.32,132.597146275691,88.8811535302175,45.3031767884834
200,138,5,709,68.26,132.597146275691,88.8811535302175,45.3031767884834
200,138,6,651,75.36,132.597146275691,88.8811535302175,45.3031767884834
200,138,7,583,84.13,132.597146275691,88.8811535302175,45.3031767884834
200,138,8,540,81.82,132.597146275691,88.8811535302175,45.3031767884834
200,138,9,501,75.48,132.597146275691,88.8811535302175,45.3031767884834
200,138,10,375,76.25,132.597146275691,88.8811535302175,45.3031767884834
200,138,11,440,75.65,132.597146275691,88.8811535302175,45.3031767884834
200,138,12,419,78.24,132.597146275691,88.8811535302175,45.3031767884834
200,138,13,366,78.69,132.597146275691,88.8811535302175,45.3031767884834
200,138,14,407,81.17,132.597146275691,88.8811535302175,45.3031767884834
200,138,15,335,85.9,132.597146275691,88.8811535302175,45.3031767884834
200,138,16,338,89.12,132.597146275691,88.8811535302175,45.3031767884834
200,138,17,241,88.48,132.597146275691,88.8811535302175,45.3031767884834
200,138,18,171,80.77,132.597146275691,88.8811535302175,45.3031767884834
200,138,19,79,72.16,132.597146275691,88.8811535302175,45.3031767884834
200,138,20,28,72.19,132.597146275691,88.8811535302175,45.3031767884834
200,138,21,7,73.72,132.597146275691,88.8811535302175,45.3031767884834
200,138,22,2,61.86,132.597146275691,88.8811535302175,45.3031767884834
200,138,23,3,57.81,132.597146275691,88.8811535302175,45.3031767884834
201,138,2,11,92.45,212.191293850701,142.233882826611,72.4973347337993
201,138,3,40,91.75,212.191293850701,142.233882826611,72.4973347337993
201,138,4,97,92.98,212.191293850701,142.233882826611,72.4973347337993
201,138,5,100,95.84,212.191293850701,142.233882826611,72.4973347337993
201,138,6,83,109.4,212.191293850701,142.233882826611,72.4973347337993
201,138,7,78,117.6,212.191293850701,142.233882826611,72.4973347337993
201,138,8,78,103.93,212.191293850701,142.233882826611,72.4973347337993
201,138,9,71,107.4,212.191293850701,142.233882826611,72.4973347337993
201,138,10,84,106.19,212.191293850701,142.233882826611,72.4973347337993
201,138,11,81,105.47,212.191293850701,142.233882826611,72.4973347337993
201,138,12,63,109.37,212.191293850701,142.233882826611,72.4973347337993
201,138,13,55,108.84,212.191293850701,142.233882826611,72.4973347337993
201,138,14,52,111.31,212.191293850701,142.233882826611,72.4973347337993
201,138,15,43,111.09,212.191293850701,142.233882826611,72.4973347337993
201,138,16,47,111.09,212.191293850701,142.233882826611,72.4973347337993
201,138,17,35,110.96,212.191293850701,142.233882826611,72.4973347337993
201,138,18,20,117.25,212.191293850701,142.233882826611,72.4973347337993
201,138,19,5,93.78,212.191293850701,142.233882826611,72.4973347337993
201,138,20,2,108.69,212.191293850701,142.233882826611,72.4973347337993
201,138,22,2,83.49,212.191293850701,142.233882826611,72.4973347337993
202,138,0,5,40.93,62.9874038036355,42.2210678373179,21.520293385732
202,138,1,4,46.24,62.9874038036355,42.2210678373179,21.520293385732
202,138,2,23,43.28,62.9874038036355,42.2210678373179,21.520293385732
202,138,3,244,47.53,62.9874038036355,42.2210678373179,21.520293385732
202,138,4,917,48.21,62.9874038036355,42.2210678373179,21.520293385732
202,138,5,928,47.73,62.9874038036355,42.2210678373179,21.520293385732
202,138,6,823,49.04,62.9874038036355,42.2210678373179,21.520293385732
202,138,7,893,51.91,62.9874038036355,42.2210678373179,21.520293385732
202,138,8,871,54.56,62.9874038036355,42.2210678373179,21.520293385732
202,138,9,846,51.86,62.9874038036355,42.2210678373179,21.520293385732
202,138,10,638,54.21,62.9874038036355,42.2210678373179,21.520293385732
202,138,11,614,55.18,62.9874038036355,42.2210678373179,21.520293385732
202,138,12,682,56.75,62.9874038036355,42.2210678373179,21.520293385732
202,138,13,684,59.13,62.9874038036355,42.2210678373179,21.520293385732
202,138,14,601,63.86,62.9874038036355,42.2210678373179,21.520293385732
202,138,15,617,62.34,62.9874038036355,42.2210678373179,21.520293385732
202,138,16,614,62.69,62.9874038036355,42.2210678373179,21.520293385732
202,138,17,564,62.73,62.9874038036355,42.2210678373179,21.520293385732
202,138,18,319,58.06,62.9874038036355,42.2210678373179,21.520293385732
202,138,19,194,51.32,62.9874038036355,42.2210678373179,21.520293385732
202,138,20,105,47.98,62.9874038036355,42.2210678373179,21.520293385732
202,138,21,36,43.69,62.9874038036355,42.2210678373179,21.520293385732
202,138,22,23,41.19,62.9874038036355,42.2210678373179,21.520293385732
202,138,23,13,48.22,62.9874038036355,42.2210678373179,21.520293385732
203,138,1,2,68.12,166.081271509748,111.325887518424,56.7433720543169
203,138,2,26,55.33,166.081271509748,111.325887518424,56.7433720543169
203,138,3,205,57.82,166.081271509748,111.325887518424,56.7433720543169
203,138,4,325,60.27,166.081271509748,111.325887518424,56.7433720543169
203,138,5,275,60.82,166.081271509748,111.325887518424,56.7433720543169
203,138,6,186,77.14,166.081271509748,111.325887518424,56.7433720543169
203,138,7,127,83.17,166.081271509748,111.325887518424,56.7433720543169
203,138,8,122,77.71,166.081271509748,111.325887518424,56.7433720543169
203,138,9,135,72.56,166.081271509748,111.325887518424,56.7433720543169
203,138,10,172,74.63,166.081271509748,111.325887518424,56.7433720543169
203,138,11,145,70.61,166.081271509748,111.325887518424,56.7433720543169
203,138,12,148,73.39,166.081271509748,111.325887518424,56.7433720543169
203,138,13,123,74.42,166.081271509748,111.325887518424,56.7433720543169
203,138,14,101,76.53,166.081271509748,111.325887518424,56.7433720543169
203,138,15,95,82.24,166.081271509748,111.325887518424,56.7433720543169
203,138,16,90,74.04,166.081271509748,111.325887518424,56.7433720543169
203,138,17,103,77.37,166.081271509748,111.325887518424,56.7433720543169
203,138,18,51,78.6,166.081271509748,111.325887518424,56.7433720543169
203,138,19,39,72.98,166.081271509748,111.325887518424,56.7433720543169
203,138,20,31,66.53,166.081271509748,111.325887518424,56.7433720543169
203,138,21,8,62.09,166.081271509748,111.325887518424,56.7433720543169
203,138,22,4,62.83,166.081271509748,111.325887518424,56.7433720543169
203,138,23,2,64.68,166.081271509748,111.325887518424,56.7433720543169
204,138,3,8,118.81,367.191698707434,246.132157927292,125.45481489639
204,138,4,3,121.79,367.191698707434,246.132157927292,125.45481489639
204,138,5,9,144.28,367.191698707434,246.132157927292,125.45481489639
204,138,6,2,168.64,367.191698707434,246.132157927292,125.45481489639
204,138,7,5,183.7,367.191698707434,246.132157927292,125.45481489639
204,138,8,2,149.23,367.191698707434,246.132157927292,125.45481489639
204,138,9,7,161.05,367.191698707434,246.132157927292,125.45481489639
204,138,10,3,146.91,367.191698707434,246.132157927292,125.45481489639
204,138,11,4,165.4,367.191698707434,246.132157927292,125.45481489639
204,138,12,3,141.04,367.191698707434,246.132157927292,125.45481489639
204,138,13,2,165.08,367.191698707434,246.132157927292,125.45481489639
204,138,14,4,160.9,367.191698707434,246.132157927292,125.45481489639
204,138,15,6,188.58,367.191698707434,246.132157927292,125.45481489639
204,138,16,5,177.48,367.191698707434,246.132157927292,125.45481489639
204,138,17,3,181.22,367.191698707434,246.132157927292,125.45481489639
204,138,18,3,155.39,367.191698707434,246.132157927292,125.45481489639
205,138,0,11,51.33,127.14952611396,85.2295608861161,43.4419414135509
205,138,1,14,50.82,127.14952611396,85.2295608861161,43.4419414135509
205,138,2,131,50.73,127.14952611396,85.2295608861161,43.4419414135509
205,138,3,747,54.38,127.14952611396,85.2295608861161,43.4419414135509
205,138,4,1044,55.9,127.14952611396,85.2295608861161,43.4419414135509
205,138,5,671,56.72,127.14952611396,85.2295608861161,43.4419414135509
205,138,6,440,66.51,127.14952611396,85.2295608861161,43.4419414135509
205,138,7,354,70.12,127.14952611396,85.2295608861161,43.4419414135509
205,138,8,387,67.46,127.14952611396,85.2295608861161,43.4419414135509
205,138,9,367,64.22,127.14952611396,85.2295608861161,43.4419414135509
205,138,10,420,62.29,127.14952611396,85.2295608861161,43.4419414135509
205,138,11,381,60.55,127.14952611396,85.2295608861161,43.4419414135509
205,138,12,306,61.61,127.14952611396,85.2295608861161,43.4419414135509
205,138,13,300,63.06,127.14952611396,85.2295608861161,43.4419414135509
205,138,14,305,64.91,127.14952611396,85.2295608861161,43.4419414135509
205,138,15,307,64.38,127.14952611396,85.2295608861161,43.4419414135509
205,138,16,210,63.65,127.14952611396,85.2295608861161,43.4419414135509
205,138,17,244,65.89,127.14952611396,85.2295608861161,43.4419414135509
205,138,18,180,61.56,127.14952611396,85.2295608861161,43.4419414135509
205,138,19,133,56.65,127.14952611396,85.2295608861161,43.4419414135509
205,138,20,65,59.15,127.14952611396,85.2295608861161,43.4419414135509
205,138,21,36,57.88,127.14952611396,85.2295608861161,43.4419414135509
205,138,22,37,52.17,127.14952611396,85.2295608861161,43.4419414135509
205,138,23,15,46.51,127.14952611396,85.2295608861161,43.4419414135509
206,138,1,2,130.08,234.49310911442,157.183005957329,80.1169789567276
206,138,2,8,121.46,234.49310911442,157.183005957329,80.1169789567276
206,138,3,60,98.8,234.49310911442,157.183005957329,80.1169789567276
206,138,4,56,102.53,234.49310911442,157.183005957329,80.1169789567276
206,138,5,46,114.59,234.49310911442,157.183005957329,80.1169789567276
206,138,6,39,133.55,234.49310911442,157.183005957329,80.1169789567276
206,138,7,31,158.04,234.49310911442,157.183005957329,80.1169789567276
206,138,8,31,167.94,234.49310911442,157.183005957329,80.1169789567276
206,138,9,21,140.33,234.49310911442,157.183005957329,80.1169789567276
206,138,10,30,142.16,234.49310911442,157.183005957329,80.1169789567276
206,138,11,38,132.35,234.49310911442,157.183005957329,80.1169789567276
206,138,12,30,133.77,234.49310911442,157.183005957329,80.1169789567276
206,138,13,31,147.52,234.49310911442,157.183005957329,80.1169789567276
206,138,14,18,145.06,234.49310911442,157.183005957329,80.1169789567276
206,138,15,19,169.29,234.49310911442,157.183005957329,80.1169789567276
206,138,16,13,165.57,234.49310911442,157.183005957329,80.1169789567276
206,138,17,6,144.92,234.49310911442,157.183005957329,80.1169789567276
206,138,18,12,131.39,234.49310911442,157.183005957329,80.1169789567276
206,138,19,3,107.52,234.49310911442,157.183005957329,80.1169789567276
206,138,20,4,105.04,234.49310911442,157.183005957329,80.1169789567276
206,138,23,2,159.34,234.49310911442,157.183005957329,80.1169789567276
207,138,3,5,22,24.5179244609116,16.4346026250194,8.37680068943526
207,138,4,20,19.05,24.5179244609116,16.4346026250194,8.37680068943526
207,138,5,15,24.71,24.5179244609116,16.4346026250194,8.37680068943526
207,138,6,23,21.96,24.5179244609116,16.4346026250194,8.37680068943526
207,138,7,15,26.88,24.5179244609116,16.4346026250194,8.37680068943526
207,138,8,13,22.43,24.5179244609116,16.4346026250194,8.37680068943526
207,138,9,14,21.16,24.5179244609116,16.4346026250194,8.37680068943526
207,138,10,16,43.66,24.5179244609116,16.4346026250194,8.37680068943526
207,138,11,24,37.82,24.5179244609116,16.4346026250194,8.37680068943526
207,138,12,12,24.4,24.5179244609116,16.4346026250194,8.37680068943526
207,138,13,34,29.92,24.5179244609116,16.4346026250194,8.37680068943526
207,138,14,25,29.15,24.5179244609116,16.4346026250194,8.37680068943526
207,138,15,31,29.74,24.5179244609116,16.4346026250194,8.37680068943526
207,138,16,17,26.53,24.5179244609116,16.4346026250194,8.37680068943526
207,138,17,23,28.9,24.5179244609116,16.4346026250194,8.37680068943526
207,138,18,15,27.68,24.5179244609116,16.4346026250194,8.37680068943526
207,138,19,10,33.65,24.5179244609116,16.4346026250194,8.37680068943526
207,138,20,5,27.64,24.5179244609116,16.4346026250194,8.37680068943526
207,138,21,4,21.06,24.5179244609116,16.4346026250194,8.37680068943526
208,138,0,3,36.7,63.6956437324367,42.6958079325317,21.7622708309813
208,138,1,6,35.56,63.6956437324367,42.6958079325317,21.7622708309813
208,138,2,109,41.17,63.6956437324367,42.6958079325317,21.7622708309813
208,138,3,462,45.28,63.6956437324367,42.6958079325317,21.7622708309813
208,138,4,969,46.33,63.6956437324367,42.6958079325317,21.7622708309813
208,138,5,751,46.5,63.6956437324367,42.6958079325317,21.7622708309813
208,138,6,560,53.91,63.6956437324367,42.6958079325317,21.7622708309813
208,138,7,483,57.5,63.6956437324367,42.6958079325317,21.7622708309813
208,138,8,473,54.46,63.6956437324367,42.6958079325317,21.7622708309813
208,138,9,406,54.01,63.6956437324367,42.6958079325317,21.7622708309813
208,138,10,360,50.78,63.6956437324367,42.6958079325317,21.7622708309813
208,138,11,433,51.69,63.6956437324367,42.6958079325317,21.7622708309813
208,138,12,431,53.57,63.6956437324367,42.6958079325317,21.7622708309813
208,138,13,355,53.41,63.6956437324367,42.6958079325317,21.7622708309813
208,138,14,346,57.68,63.6956437324367,42.6958079325317,21.7622708309813
208,138,15,383,54.27,63.6956437324367,42.6958079325317,21.7622708309813
208,138,16,302,55.49,63.6956437324367,42.6958079325317,21.7622708309813
208,138,17,295,56.64,63.6956437324367,42.6958079325317,21.7622708309813
208,138,18,228,56.8,63.6956437324367,42.6958079325317,21.7622708309813
208,138,19,127,50.22,63.6956437324367,42.6958079325317,21.7622708309813
208,138,20,56,45.49,63.6956437324367,42.6958079325317,21.7622708309813
208,138,21,34,47.04,63.6956437324367,42.6958079325317,21.7622708309813
208,138,22,8,55.78,63.6956437324367,42.6958079325317,21.7622708309813
208,138,23,9,43.6,63.6956437324367,42.6958079325317,21.7622708309813
209,138,0,6,62.88,126.491571800017,84.7885277263838,43.2171445650475
209,138,1,2,55.92,126.491571800017,84.7885277263838,43.2171445650475
209,138,2,32,59.45,126.491571800017,84.7885277263838,43.2171445650475
209,138,3,338,60.93,126.491571800017,84.7885277263838,43.2171445650475
209,138,4,1121,65.64,126.491571800017,84.7885277263838,43.2171445650475
209,138,5,1373,65.67,126.491571800017,84.7885277263838,43.2171445650475
209,138,6,1370,68.61,126.491571800017,84.7885277263838,43.2171445650475
209,138,7,1516,73.19,126.491571800017,84.7885277263838,43.2171445650475
209,138,8,1435,77.38,126.491571800017,84.7885277263838,43.2171445650475
209,138,9,1326,75.05,126.491571800017,84.7885277263838,43.2171445650475
209,138,10,1210,96.83,126.491571800017,84.7885277263838,43.2171445650475
209,138,11,1208,77.89,126.491571800017,84.7885277263838,43.2171445650475
209,138,12,1268,80.98,126.491571800017,84.7885277263838,43.2171445650475
209,138,13,1264,86.28,126.491571800017,84.7885277263838,43.2171445650475
209,138,14,1356,90.88,126.491571800017,84.7885277263838,43.2171445650475
209,138,15,1174,100.69,126.491571800017,84.7885277263838,43.2171445650475
209,138,16,1133,103.33,126.491571800017,84.7885277263838,43.2171445650475
209,138,17,817,104.82,126.491571800017,84.7885277263838,43.2171445650475
209,138,18,499,93.07,126.491571800017,84.7885277263838,43.2171445650475
209,138,19,291,77.39,126.491571800017,84.7885277263838,43.2171445650475
209,138,20,78,77.09,126.491571800017,84.7885277263838,43.2171445650475
209,138,21,24,74.18,126.491571800017,84.7885277263838,43.2171445650475
209,138,22,10,58.37,126.491571800017,84.7885277263838,43.2171445650475
209,138,23,8,67.08,126.491571800017,84.7885277263838,43.2171445650475
210,138,2,19,82.92,203.047735844679,136.104867189608,69.3733442373424
210,138,3,134,86.04,203.047735844679,136.104867189608,69.3733442373424
210,138,4,195,85.83,203.047735844679,136.104867189608,69.3733442373424
210,138,5,140,91.53,203.047735844679,136.104867189608,69.3733442373424
210,138,6,140,107.41,203.047735844679,136.104867189608,69.3733442373424
210,138,7,112,118.08,203.047735844679,136.104867189608,69.3733442373424
210,138,8,109,111.08,203.047735844679,136.104867189608,69.3733442373424
210,138,9,115,106.49,203.047735844679,136.104867189608,69.3733442373424
210,138,10,84,113.43,203.047735844679,136.104867189608,69.3733442373424
210,138,11,86,107.13,203.047735844679,136.104867189608,69.3733442373424
210,138,12,83,109.08,203.047735844679,136.104867189608,69.3733442373424
210,138,13,101,110.9,203.047735844679,136.104867189608,69.3733442373424
210,138,14,117,122.72,203.047735844679,136.104867189608,69.3733442373424
210,138,15,79,129,203.047735844679,136.104867189608,69.3733442373424
210,138,16,92,127.66,203.047735844679,136.104867189608,69.3733442373424
210,138,17,64,126.57,203.047735844679,136.104867189608,69.3733442373424
210,138,18,33,115.16,203.047735844679,136.104867189608,69.3733442373424
210,138,19,30,104.87,203.047735844679,136.104867189608,69.3733442373424
210,138,20,10,90.15,203.047735844679,136.104867189608,69.3733442373424
210,138,21,4,90.1,203.047735844679,136.104867189608,69.3733442373424
211,138,0,2,56.53,116.770341591069,78.2722928075144,39.895786427808
211,138,1,2,61.64,116.770341591069,78.2722928075144,39.895786427808
211,138,2,18,59.57,116.770341591069,78.2722928075144,39.895786427808
211,138,3,217,65.61,116.770341591069,78.2722928075144,39.895786427808
211,138,4,1124,66,116.770341591069,78.2722928075144,39.895786427808
211,138,5,1583,65.23,116.770341591069,78.2722928075144,39.895786427808
211,138,6,1560,68.18,116.770341591069,78.2722928075144,39.895786427808
211,138,7,1628,74.88,116.770341591069,78.2722928075144,39.895786427808
211,138,8,1557,95.95,116.770341591069,78.2722928075144,39.895786427808
211,138,9,1631,80.91,116.770341591069,78.2722928075144,39.895786427808
211,138,10,1504,83.59,116.770341591069,78.2722928075144,39.895786427808
211,138,11,1717,85.52,116.770341591069,78.2722928075144,39.895786427808
211,138,12,1939,102.89,116.770341591069,78.2722928075144,39.895786427808
211,138,13,1942,93.86,116.770341591069,78.2722928075144,39.895786427808
211,138,14,2011,102.19,116.770341591069,78.2722928075144,39.895786427808
211,138,15,1770,109.2,116.770341591069,78.2722928075144,39.895786427808
211,138,16,1581,114.98,116.770341591069,78.2722928075144,39.895786427808
211,138,17,1325,124.15,116.770341591069,78.2722928075144,39.895786427808
211,138,18,800,119.56,116.770341591069,78.2722928075144,39.895786427808
211,138,19,413,82.58,116.770341591069,78.2722928075144,39.895786427808
211,138,20,125,80.08,116.770341591069,78.2722928075144,39.895786427808
211,138,21,31,68.07,116.770341591069,78.2722928075144,39.895786427808
211,138,22,9,64.43,116.770341591069,78.2722928075144,39.895786427808
211,138,23,7,79.81,116.770341591069,78.2722928075144,39.895786427808
212,138,0,3,36.3,54.1516115908543,36.2983505972917,18.5014542332689
212,138,1,7,40.66,54.1516115908543,36.2983505972917,18.5014542332689
212,138,2,27,43.48,54.1516115908543,36.2983505972917,18.5014542332689
212,138,3,342,42.44,54.1516115908543,36.2983505972917,18.5014542332689
212,138,4,422,44.85,54.1516115908543,36.2983505972917,18.5014542332689
212,138,5,350,44.86,54.1516115908543,36.2983505972917,18.5014542332689
212,138,6,197,50.91,54.1516115908543,36.2983505972917,18.5014542332689
212,138,7,219,54.49,54.1516115908543,36.2983505972917,18.5014542332689
212,138,8,222,52.93,54.1516115908543,36.2983505972917,18.5014542332689
212,138,9,210,49.51,54.1516115908543,36.2983505972917,18.5014542332689
212,138,10,161,52.25,54.1516115908543,36.2983505972917,18.5014542332689
212,138,11,200,52.42,54.1516115908543,36.2983505972917,18.5014542332689
212,138,12,186,54.06,54.1516115908543,36.2983505972917,18.5014542332689
212,138,13,149,48.89,54.1516115908543,36.2983505972917,18.5014542332689
212,138,14,142,53.05,54.1516115908543,36.2983505972917,18.5014542332689
212,138,15,121,61.02,54.1516115908543,36.2983505972917,18.5014542332689
212,138,16,101,58.09,54.1516115908543,36.2983505972917,18.5014542332689
212,138,17,124,53.41,54.1516115908543,36.2983505972917,18.5014542332689
212,138,18,93,57.6,54.1516115908543,36.2983505972917,18.5014542332689
212,138,19,49,48.46,54.1516115908543,36.2983505972917,18.5014542332689
212,138,20,29,48.01,54.1516115908543,36.2983505972917,18.5014542332689
212,138,21,12,43.72,54.1516115908543,36.2983505972917,18.5014542332689
212,138,22,8,39.49,54.1516115908543,36.2983505972917,18.5014542332689
212,138,23,4,42.47,54.1516115908543,36.2983505972917,18.5014542332689
213,138,0,3,42.35,45.2260164340832,30.3154375726924,15.4519329827217
213,138,1,6,46.77,45.2260164340832,30.3154375726924,15.4519329827217
213,138,2,60,45.37,45.2260164340832,30.3154375726924,15.4519329827217
213,138,3,505,45.96,45.2260164340832,30.3154375726924,15.4519329827217
213,138,4,952,47.83,45.2260164340832,30.3154375726924,15.4519329827217
213,138,5,699,48.2,45.2260164340832,30.3154375726924,15.4519329827217
213,138,6,518,54.19,45.2260164340832,30.3154375726924,15.4519329827217
213,138,7,512,58.64,45.2260164340832,30.3154375726924,15.4519329827217
213,138,8,458,56.61,45.2260164340832,30.3154375726924,15.4519329827217
213,138,9,459,52.34,45.2260164340832,30.3154375726924,15.4519329827217
213,138,10,364,53.33,45.2260164340832,30.3154375726924,15.4519329827217
213,138,11,419,53.07,45.2260164340832,30.3154375726924,15.4519329827217
213,138,12,403,51.78,45.2260164340832,30.3154375726924,15.4519329827217
213,138,13,422,53.42,45.2260164340832,30.3154375726924,15.4519329827217
213,138,14,356,55.18,45.2260164340832,30.3154375726924,15.4519329827217
213,138,15,344,57,45.2260164340832,30.3154375726924,15.4519329827217
213,138,16,275,54.8,45.2260164340832,30.3154375726924,15.4519329827217
213,138,17,286,54.99,45.2260164340832,30.3154375726924,15.4519329827217
213,138,18,174,54.03,45.2260164340832,30.3154375726924,15.4519329827217
213,138,19,105,49.01,45.2260164340832,30.3154375726924,15.4519329827217
213,138,20,54,47.54,45.2260164340832,30.3154375726924,15.4519329827217
213,138,21,36,45.51,45.2260164340832,30.3154375726924,15.4519329827217
213,138,22,175,43.12,45.2260164340832,30.3154375726924,15.4519329827217
213,138,23,13,41.45,45.2260164340832,30.3154375726924,15.4519329827217
214,138,2,7,86.31,263.556204472084,176.664280729088,90.0466839616249
214,138,3,30,96.33,263.556204472084,176.664280729088,90.0466839616249
214,138,4,45,94.93,263.556204472084,176.664280729088,90.0466839616249
214,138,5,22,109.81,263.556204472084,176.664280729088,90.0466839616249
214,138,6,38,121.07,263.556204472084,176.664280729088,90.0466839616249
214,138,7,35,148.85,263.556204472084,176.664280729088,90.0466839616249
214,138,8,19,146.2,263.556204472084,176.664280729088,90.0466839616249
214,138,9,15,142.02,263.556204472084,176.664280729088,90.0466839616249
214,138,10,21,133.5,263.556204472084,176.664280729088,90.0466839616249
214,138,11,21,136.71,263.556204472084,176.664280729088,90.0466839616249
214,138,12,22,120.18,263.556204472084,176.664280729088,90.0466839616249
214,138,13,25,145.93,263.556204472084,176.664280729088,90.0466839616249
214,138,14,28,144.57,263.556204472084,176.664280729088,90.0466839616249
214,138,15,23,153.68,263.556204472084,176.664280729088,90.0466839616249
214,138,16,27,143.26,263.556204472084,176.664280729088,90.0466839616249
214,138,17,10,155.38,263.556204472084,176.664280729088,90.0466839616249
214,138,18,7,120.98,263.556204472084,176.664280729088,90.0466839616249
214,138,19,4,108.73,263.556204472084,176.664280729088,90.0466839616249
214,138,20,2,96.22,263.556204472084,176.664280729088,90.0466839616249
215,138,0,2,43.54,109.9118614533,73.6749870341187,37.552516252629
215,138,1,3,42.33,109.9118614533,73.6749870341187,37.552516252629
215,138,2,49,41.71,109.9118614533,73.6749870341187,37.552516252629
215,138,3,836,41.87,109.9118614533,73.6749870341187,37.552516252629
215,138,4,993,42.92,109.9118614533,73.6749870341187,37.552516252629
215,138,5,657,42.6,109.9118614533,73.6749870341187,37.552516252629
215,138,6,286,52.25,109.9118614533,73.6749870341187,37.552516252629
215,138,7,265,58.92,109.9118614533,73.6749870341187,37.552516252629
215,138,8,268,56.54,109.9118614533,73.6749870341187,37.552516252629
215,138,9,211,50.88,109.9118614533,73.6749870341187,37.552516252629
215,138,10,213,52.3,109.9118614533,73.6749870341187,37.552516252629
215,138,11,401,48.89,109.9118614533,73.6749870341187,37.552516252629
215,138,12,262,50.2,109.9118614533,73.6749870341187,37.552516252629
215,138,13,296,49.54,109.9118614533,73.6749870341187,37.552516252629
215,138,14,231,51.43,109.9118614533,73.6749870341187,37.552516252629
215,138,15,249,52.5,109.9118614533,73.6749870341187,37.552516252629
215,138,16,169,53.33,109.9118614533,73.6749870341187,37.552516252629
215,138,17,157,50.67,109.9118614533,73.6749870341187,37.552516252629
215,138,18,139,49.9,109.9118614533,73.6749870341187,37.552516252629
215,138,19,78,47.36,109.9118614533,73.6749870341187,37.552516252629
215,138,20,66,46.73,109.9118614533,73.6749870341187,37.552516252629
215,138,21,50,43.56,109.9118614533,73.6749870341187,37.552516252629
215,138,22,74,48.74,109.9118614533,73.6749870341187,37.552516252629
215,138,23,14,52.22,109.9118614533,73.6749870341187,37.552516252629
216,138,0,17,55.11,115.382467166666,77.3419871164741,39.4216048773378
216,138,1,10,49.77,115.382467166666,77.3419871164741,39.4216048773378
216,138,2,121,44.4,115.382467166666,77.3419871164741,39.4216048773378
216,138,3,915,43.5,115.382467166666,77.3419871164741,39.4216048773378
216,138,4,1203,48.43,115.382467166666,77.3419871164741,39.4216048773378
216,138,5,958,48.87,115.382467166666,77.3419871164741,39.4216048773378
216,138,6,684,56.11,115.382467166666,77.3419871164741,39.4216048773378
216,138,7,669,62.11,115.382467166666,77.3419871164741,39.4216048773378
216,138,8,602,62.97,115.382467166666,77.3419871164741,39.4216048773378
216,138,9,538,55.96,115.382467166666,77.3419871164741,39.4216048773378
216,138,10,583,56.51,115.382467166666,77.3419871164741,39.4216048773378
216,138,11,567,56.66,115.382467166666,77.3419871164741,39.4216048773378
216,138,12,606,55.15,115.382467166666,77.3419871164741,39.4216048773378
216,138,13,495,56.87,115.382467166666,77.3419871164741,39.4216048773378
216,138,14,452,58.45,115.382467166666,77.3419871164741,39.4216048773378
216,138,15,367,59.54,115.382467166666,77.3419871164741,39.4216048773378
216,138,16,333,57.26,115.382467166666,77.3419871164741,39.4216048773378
216,138,17,317,56.46,115.382467166666,77.3419871164741,39.4216048773378
216,138,18,230,54.75,115.382467166666,77.3419871164741,39.4216048773378
216,138,19,157,52.5,115.382467166666,77.3419871164741,39.4216048773378
216,138,20,178,44.86,115.382467166666,77.3419871164741,39.4216048773378
216,138,21,75,44.55,115.382467166666,77.3419871164741,39.4216048773378
216,138,22,25,51.14,115.382467166666,77.3419871164741,39.4216048773378
216,138,23,28,55.34,115.382467166666,77.3419871164741,39.4216048773378
217,138,0,2,37.14,102.920359781228,68.9885156357817,35.163797904134
217,138,1,2,48.08,102.920359781228,68.9885156357817,35.163797904134
217,138,2,12,45.34,102.920359781228,68.9885156357817,35.163797904134
217,138,3,91,46.45,102.920359781228,68.9885156357817,35.163797904134
217,138,4,284,48.82,102.920359781228,68.9885156357817,35.163797904134
217,138,5,266,48.8,102.920359781228,68.9885156357817,35.163797904134
217,138,6,198,52.7,102.920359781228,68.9885156357817,35.163797904134
217,138,7,259,54.98,102.920359781228,68.9885156357817,35.163797904134
217,138,8,224,58.48,102.920359781228,68.9885156357817,35.163797904134
217,138,9,266,57.94,102.920359781228,68.9885156357817,35.163797904134
217,138,10,192,58.7,102.920359781228,68.9885156357817,35.163797904134
217,138,11,205,56.84,102.920359781228,68.9885156357817,35.163797904134
217,138,12,155,57.92,102.920359781228,68.9885156357817,35.163797904134
217,138,13,209,60.89,102.920359781228,68.9885156357817,35.163797904134
217,138,14,148,69.35,102.920359781228,68.9885156357817,35.163797904134
217,138,15,179,67.93,102.920359781228,68.9885156357817,35.163797904134
217,138,16,156,70.18,102.920359781228,68.9885156357817,35.163797904134
217,138,17,156,70.04,102.920359781228,68.9885156357817,35.163797904134
217,138,18,131,61.94,102.920359781228,68.9885156357817,35.163797904134
217,138,19,97,50.59,102.920359781228,68.9885156357817,35.163797904134
217,138,20,38,46.99,102.920359781228,68.9885156357817,35.163797904134
217,138,21,19,46.12,102.920359781228,68.9885156357817,35.163797904134
217,138,22,11,46.46,102.920359781228,68.9885156357817,35.163797904134
217,138,23,4,47.91,102.920359781228,68.9885156357817,35.163797904134
218,138,0,2,55.17,137.499281706898,92.1671024674674,46.9780417031423
218,138,1,6,50.12,137.499281706898,92.1671024674674,46.9780417031423
218,138,2,61,48.82,137.499281706898,92.1671024674674,46.9780417031423
218,138,3,515,50.98,137.499281706898,92.1671024674674,46.9780417031423
218,138,4,497,52.32,137.499281706898,92.1671024674674,46.9780417031423
218,138,5,444,52.94,137.499281706898,92.1671024674674,46.9780417031423
218,138,6,289,61.6,137.499281706898,92.1671024674674,46.9780417031423
218,138,7,243,69.53,137.499281706898,92.1671024674674,46.9780417031423
218,138,8,201,66.83,137.499281706898,92.1671024674674,46.9780417031423
218,138,9,168,63.22,137.499281706898,92.1671024674674,46.9780417031423
218,138,10,180,65.12,137.499281706898,92.1671024674674,46.9780417031423
218,138,11,190,69.38,137.499281706898,92.1671024674674,46.9780417031423
218,138,12,153,68.42,137.499281706898,92.1671024674674,46.9780417031423
218,138,13,177,63.51,137.499281706898,92.1671024674674,46.9780417031423
218,138,14,177,68.73,137.499281706898,92.1671024674674,46.9780417031423
218,138,15,153,65.1,137.499281706898,92.1671024674674,46.9780417031423
218,138,16,115,66.65,137.499281706898,92.1671024674674,46.9780417031423
218,138,17,109,60.82,137.499281706898,92.1671024674674,46.9780417031423
218,138,18,79,62.49,137.499281706898,92.1671024674674,46.9780417031423
218,138,19,50,61.53,137.499281706898,92.1671024674674,46.9780417031423
218,138,20,37,51.93,137.499281706898,92.1671024674674,46.9780417031423
218,138,21,22,51.27,137.499281706898,92.1671024674674,46.9780417031423
218,138,22,22,58.38,137.499281706898,92.1671024674674,46.9780417031423
218,138,23,4,72.47,137.499281706898,92.1671024674674,46.9780417031423
219,138,0,5,64.65,150.019546255724,100.559557258986,51.2557186684876
219,138,1,6,48.39,150.019546255724,100.559557258986,51.2557186684876
219,138,2,37,49.51,150.019546255724,100.559557258986,51.2557186684876
219,138,3,252,55.06,150.019546255724,100.559557258986,51.2557186684876
219,138,4,377,55.27,150.019546255724,100.559557258986,51.2557186684876
219,138,5,277,57.4,150.019546255724,100.559557258986,51.2557186684876
219,138,6,183,69.69,150.019546255724,100.559557258986,51.2557186684876
219,138,7,193,75.07,150.019546255724,100.559557258986,51.2557186684876
219,138,8,194,69.01,150.019546255724,100.559557258986,51.2557186684876
219,138,9,150,69.41,150.019546255724,100.559557258986,51.2557186684876
219,138,10,173,68.83,150.019546255724,100.559557258986,51.2557186684876
219,138,11,197,68.35,150.019546255724,100.559557258986,51.2557186684876
219,138,12,148,71.1,150.019546255724,100.559557258986,51.2557186684876
219,138,13,124,72.45,150.019546255724,100.559557258986,51.2557186684876
219,138,14,110,71.51,150.019546255724,100.559557258986,51.2557186684876
219,138,15,108,70.71,150.019546255724,100.559557258986,51.2557186684876
219,138,16,99,72.45,150.019546255724,100.559557258986,51.2557186684876
219,138,17,105,70.4,150.019546255724,100.559557258986,51.2557186684876
219,138,18,70,66.86,150.019546255724,100.559557258986,51.2557186684876
219,138,19,63,63.81,150.019546255724,100.559557258986,51.2557186684876
219,138,20,25,62.28,150.019546255724,100.559557258986,51.2557186684876
219,138,21,8,57.17,150.019546255724,100.559557258986,51.2557186684876
219,138,22,4,53.59,150.019546255724,100.559557258986,51.2557186684876
219,138,23,6,55.46,150.019546255724,100.559557258986,51.2557186684876
220,138,0,3,66.1,115.588415963123,77.4800365927365,39.4919693987271
220,138,1,6,62.1,115.588415963123,77.4800365927365,39.4919693987271
220,138,2,33,59.67,115.588415963123,77.4800365927365,39.4919693987271
220,138,3,303,60.98,115.588415963123,77.4800365927365,39.4919693987271
220,138,4,817,61.7,115.588415963123,77.4800365927365,39.4919693987271
220,138,5,784,62.95,115.588415963123,77.4800365927365,39.4919693987271
220,138,6,646,69.58,115.588415963123,77.4800365927365,39.4919693987271
220,138,7,623,73.66,115.588415963123,77.4800365927365,39.4919693987271
220,138,8,637,75.28,115.588415963123,77.4800365927365,39.4919693987271
220,138,9,567,71.18,115.588415963123,77.4800365927365,39.4919693987271
220,138,10,422,70,115.588415963123,77.4800365927365,39.4919693987271
220,138,11,377,70.04,115.588415963123,77.4800365927365,39.4919693987271
220,138,12,407,72.71,115.588415963123,77.4800365927365,39.4919693987271
220,138,13,327,73.23,115.588415963123,77.4800365927365,39.4919693987271
220,138,14,342,77.97,115.588415963123,77.4800365927365,39.4919693987271
220,138,15,357,80.24,115.588415963123,77.4800365927365,39.4919693987271
220,138,16,329,85.63,115.588415963123,77.4800365927365,39.4919693987271
220,138,17,257,81.79,115.588415963123,77.4800365927365,39.4919693987271
220,138,18,192,75.34,115.588415963123,77.4800365927365,39.4919693987271
220,138,19,100,62.95,115.588415963123,77.4800365927365,39.4919693987271
220,138,20,41,58.72,115.588415963123,77.4800365927365,39.4919693987271
220,138,21,9,59.07,115.588415963123,77.4800365927365,39.4919693987271
220,138,22,3,57.99,115.588415963123,77.4800365927365,39.4919693987271
220,138,23,4,54.61,115.588415963123,77.4800365927365,39.4919693987271
221,138,0,2,83.31,231.970425035284,155.492026345447,79.2550780333022
221,138,2,24,93.59,231.970425035284,155.492026345447,79.2550780333022
221,138,3,56,92.15,231.970425035284,155.492026345447,79.2550780333022
221,138,4,60,96.65,231.970425035284,155.492026345447,79.2550780333022
221,138,5,44,103.84,231.970425035284,155.492026345447,79.2550780333022
221,138,6,51,124.14,231.970425035284,155.492026345447,79.2550780333022
221,138,7,40,137.6,231.970425035284,155.492026345447,79.2550780333022
221,138,8,32,145.87,231.970425035284,155.492026345447,79.2550780333022
221,138,9,52,141.19,231.970425035284,155.492026345447,79.2550780333022
221,138,10,44,128.01,231.970425035284,155.492026345447,79.2550780333022
221,138,11,30,130.3,231.970425035284,155.492026345447,79.2550780333022
221,138,12,29,130.97,231.970425035284,155.492026345447,79.2550780333022
221,138,13,39,133.88,231.970425035284,155.492026345447,79.2550780333022
221,138,14,26,139.71,231.970425035284,155.492026345447,79.2550780333022
221,138,15,23,157.34,231.970425035284,155.492026345447,79.2550780333022
221,138,16,20,150.37,231.970425035284,155.492026345447,79.2550780333022
221,138,17,18,151.6,231.970425035284,155.492026345447,79.2550780333022
221,138,18,5,112.01,231.970425035284,155.492026345447,79.2550780333022
221,138,19,4,164.04,231.970425035284,155.492026345447,79.2550780333022
221,138,20,5,112.33,231.970425035284,155.492026345447,79.2550780333022
222,138,1,2,80.85,137.246464348626,91.9976365395282,46.891664056272
222,138,2,11,57.61,137.246464348626,91.9976365395282,46.891664056272
222,138,3,90,64.03,137.246464348626,91.9976365395282,46.891664056272
222,138,4,151,60.22,137.246464348626,91.9976365395282,46.891664056272
222,138,5,137,62.85,137.246464348626,91.9976365395282,46.891664056272
222,138,6,60,74.8,137.246464348626,91.9976365395282,46.891664056272
222,138,7,53,84.49,137.246464348626,91.9976365395282,46.891664056272
222,138,8,47,79.45,137.246464348626,91.9976365395282,46.891664056272
222,138,9,45,73.57,137.246464348626,91.9976365395282,46.891664056272
222,138,10,59,74.74,137.246464348626,91.9976365395282,46.891664056272
222,138,11,95,72.49,137.246464348626,91.9976365395282,46.891664056272
222,138,12,56,79.96,137.246464348626,91.9976365395282,46.891664056272
222,138,13,33,79.37,137.246464348626,91.9976365395282,46.891664056272
222,138,14,39,82.18,137.246464348626,91.9976365395282,46.891664056272
222,138,15,30,79.85,137.246464348626,91.9976365395282,46.891664056272
222,138,16,37,81.12,137.246464348626,91.9976365395282,46.891664056272
222,138,17,38,85.33,137.246464348626,91.9976365395282,46.891664056272
222,138,18,38,77.48,137.246464348626,91.9976365395282,46.891664056272
222,138,19,17,72.18,137.246464348626,91.9976365395282,46.891664056272
222,138,20,14,65.29,137.246464348626,91.9976365395282,46.891664056272
222,138,21,47,59.24,137.246464348626,91.9976365395282,46.891664056272
222,138,22,13,61.84,137.246464348626,91.9976365395282,46.891664056272
223,138,0,43,180.21,25.2064178922068,16.8961064513858,8.61203154101653
223,138,1,44,22.72,25.2064178922068,16.8961064513858,8.61203154101653
223,138,2,121,24.29,25.2064178922068,16.8961064513858,8.61203154101653
223,138,3,1072,25.91,25.2064178922068,16.8961064513858,8.61203154101653
223,138,4,4670,26.55,25.2064178922068,16.8961064513858,8.61203154101653
223,138,5,5194,25.64,25.2064178922068,16.8961064513858,8.61203154101653
223,138,6,3758,26.35,25.2064178922068,16.8961064513858,8.61203154101653
223,138,7,3173,28.58,25.2064178922068,16.8961064513858,8.61203154101653
223,138,8,3162,29.41,25.2064178922068,16.8961064513858,8.61203154101653
223,138,9,3128,28.09,25.2064178922068,16.8961064513858,8.61203154101653
223,138,10,2618,28.27,25.2064178922068,16.8961064513858,8.61203154101653
223,138,11,2673,28.07,25.2064178922068,16.8961064513858,8.61203154101653
223,138,12,2811,28.83,25.2064178922068,16.8961064513858,8.61203154101653
223,138,13,3010,28.62,25.2064178922068,16.8961064513858,8.61203154101653
223,138,14,2718,31.45,25.2064178922068,16.8961064513858,8.61203154101653
223,138,15,2922,32,25.2064178922068,16.8961064513858,8.61203154101653
223,138,16,2573,32.36,25.2064178922068,16.8961064513858,8.61203154101653
223,138,17,2574,32.15,25.2064178922068,16.8961064513858,8.61203154101653
223,138,18,2110,31.27,25.2064178922068,16.8961064513858,8.61203154101653
223,138,19,1192,29.31,25.2064178922068,16.8961064513858,8.61203154101653
223,138,20,633,26.35,25.2064178922068,16.8961064513858,8.61203154101653
223,138,21,351,27.06,25.2064178922068,16.8961064513858,8.61203154101653
223,138,22,254,25.36,25.2064178922068,16.8961064513858,8.61203154101653
223,138,23,94,27.01,25.2064178922068,16.8961064513858,8.61203154101653
224,138,0,9,51.61,95.1990476025069,63.8128451746333,32.5257323009393
224,138,1,8,52.92,95.1990476025069,63.8128451746333,32.5257323009393
224,138,2,41,56.14,95.1990476025069,63.8128451746333,32.5257323009393
224,138,3,497,56.41,95.1990476025069,63.8128451746333,32.5257323009393
224,138,4,1750,58.66,95.1990476025069,63.8128451746333,32.5257323009393
224,138,5,2058,58.2,95.1990476025069,63.8128451746333,32.5257323009393
224,138,6,1655,60.43,95.1990476025069,63.8128451746333,32.5257323009393
224,138,7,1567,65.2,95.1990476025069,63.8128451746333,32.5257323009393
224,138,8,1374,70.08,95.1990476025069,63.8128451746333,32.5257323009393
224,138,9,1299,66.87,95.1990476025069,63.8128451746333,32.5257323009393
224,138,10,976,65.37,95.1990476025069,63.8128451746333,32.5257323009393
224,138,11,1062,86.71,95.1990476025069,63.8128451746333,32.5257323009393
224,138,12,1134,66.16,95.1990476025069,63.8128451746333,32.5257323009393
224,138,13,1035,69.68,95.1990476025069,63.8128451746333,32.5257323009393
224,138,14,1149,75.02,95.1990476025069,63.8128451746333,32.5257323009393
224,138,15,1239,81.61,95.1990476025069,63.8128451746333,32.5257323009393
224,138,16,1217,84.8,95.1990476025069,63.8128451746333,32.5257323009393
224,138,17,1047,82.49,95.1990476025069,63.8128451746333,32.5257323009393
224,138,18,716,71.85,95.1990476025069,63.8128451746333,32.5257323009393
224,138,19,327,62.91,95.1990476025069,63.8128451746333,32.5257323009393
224,138,20,111,56.45,95.1990476025069,63.8128451746333,32.5257323009393
224,138,21,26,52.93,95.1990476025069,63.8128451746333,32.5257323009393
224,138,22,20,53.97,95.1990476025069,63.8128451746333,32.5257323009393
224,138,23,9,48.85,95.1990476025069,63.8128451746333,32.5257323009393
225,138,0,9,57.47,104.878943152656,70.3013730707044,35.8329680274961
225,138,1,14,54.49,104.878943152656,70.3013730707044,35.8329680274961
225,138,2,148,57.46,104.878943152656,70.3013730707044,35.8329680274961
225,138,3,1525,58.63,104.878943152656,70.3013730707044,35.8329680274961
225,138,4,3265,62.38,104.878943152656,70.3013730707044,35.8329680274961
225,138,5,2869,63.97,104.878943152656,70.3013730707044,35.8329680274961
225,138,6,2441,69.34,104.878943152656,70.3013730707044,35.8329680274961
225,138,7,2427,77.85,104.878943152656,70.3013730707044,35.8329680274961
225,138,8,2311,79.08,104.878943152656,70.3013730707044,35.8329680274961
225,138,9,2182,73.36,104.878943152656,70.3013730707044,35.8329680274961
225,138,10,1975,71.08,104.878943152656,70.3013730707044,35.8329680274961
225,138,11,1819,71.28,104.878943152656,70.3013730707044,35.8329680274961
225,138,12,1675,74.09,104.878943152656,70.3013730707044,35.8329680274961
225,138,13,1523,76.32,104.878943152656,70.3013730707044,35.8329680274961
225,138,14,1599,81.29,104.878943152656,70.3013730707044,35.8329680274961
225,138,15,1534,82.89,104.878943152656,70.3013730707044,35.8329680274961
225,138,16,1401,83.74,104.878943152656,70.3013730707044,35.8329680274961
225,138,17,1156,83.51,104.878943152656,70.3013730707044,35.8329680274961
225,138,18,803,75.94,104.878943152656,70.3013730707044,35.8329680274961
225,138,19,471,68.95,104.878943152656,70.3013730707044,35.8329680274961
225,138,20,194,63.14,104.878943152656,70.3013730707044,35.8329680274961
225,138,21,76,60.67,104.878943152656,70.3013730707044,35.8329680274961
225,138,22,24,56.72,104.878943152656,70.3013730707044,35.8329680274961
225,138,23,26,57.57,104.878943152656,70.3013730707044,35.8329680274961
226,138,0,18,39.83,58.1328479683366,38.9670119647948,19.8616845286541
226,138,1,22,86.83,58.1328479683366,38.9670119647948,19.8616845286541
226,138,2,240,34.32,58.1328479683366,38.9670119647948,19.8616845286541
226,138,3,1235,36.14,58.1328479683366,38.9670119647948,19.8616845286541
226,138,4,2891,37.48,58.1328479683366,38.9670119647948,19.8616845286541
226,138,5,2921,37.85,58.1328479683366,38.9670119647948,19.8616845286541
226,138,6,2270,38.46,58.1328479683366,38.9670119647948,19.8616845286541
226,138,7,2142,40.68,58.1328479683366,38.9670119647948,19.8616845286541
226,138,8,2144,41.03,58.1328479683366,38.9670119647948,19.8616845286541
226,138,9,2022,40.35,58.1328479683366,38.9670119647948,19.8616845286541
226,138,10,1645,59.27,58.1328479683366,38.9670119647948,19.8616845286541
226,138,11,1609,41.65,58.1328479683366,38.9670119647948,19.8616845286541
226,138,12,1849,42.4,58.1328479683366,38.9670119647948,19.8616845286541
226,138,13,1757,44.22,58.1328479683366,38.9670119647948,19.8616845286541
226,138,14,1736,46.48,58.1328479683366,38.9670119647948,19.8616845286541
226,138,15,1760,47.9,58.1328479683366,38.9670119647948,19.8616845286541
226,138,16,1607,49.02,58.1328479683366,38.9670119647948,19.8616845286541
226,138,17,1475,50.12,58.1328479683366,38.9670119647948,19.8616845286541
226,138,18,1105,44.88,58.1328479683366,38.9670119647948,19.8616845286541
226,138,19,557,63.36,58.1328479683366,38.9670119647948,19.8616845286541
226,138,20,327,36.04,58.1328479683366,38.9670119647948,19.8616845286541
226,138,21,107,36.61,58.1328479683366,38.9670119647948,19.8616845286541
226,138,22,78,35.79,58.1328479683366,38.9670119647948,19.8616845286541
226,138,23,51,34.32,58.1328479683366,38.9670119647948,19.8616845286541
227,138,0,5,76.99,177.418344273973,118.925237378075,60.6167993951567
227,138,1,3,69.63,177.418344273973,118.925237378075,60.6167993951567
227,138,2,47,67.82,177.418344273973,118.925237378075,60.6167993951567
227,138,3,248,73.72,177.418344273973,118.925237378075,60.6167993951567
227,138,4,346,74.64,177.418344273973,118.925237378075,60.6167993951567
227,138,5,323,78.72,177.418344273973,118.925237378075,60.6167993951567
227,138,6,297,89.8,177.418344273973,118.925237378075,60.6167993951567
227,138,7,274,102.56,177.418344273973,118.925237378075,60.6167993951567
227,138,8,271,102.91,177.418344273973,118.925237378075,60.6167993951567
227,138,9,250,100,177.418344273973,118.925237378075,60.6167993951567
227,138,10,238,102.5,177.418344273973,118.925237378075,60.6167993951567
227,138,11,252,102.19,177.418344273973,118.925237378075,60.6167993951567
227,138,12,173,106.21,177.418344273973,118.925237378075,60.6167993951567
227,138,13,171,108.83,177.418344273973,118.925237378075,60.6167993951567
227,138,14,165,114.9,177.418344273973,118.925237378075,60.6167993951567
227,138,15,148,126.58,177.418344273973,118.925237378075,60.6167993951567
227,138,16,140,126.88,177.418344273973,118.925237378075,60.6167993951567
227,138,17,111,122.27,177.418344273973,118.925237378075,60.6167993951567
227,138,18,67,105.16,177.418344273973,118.925237378075,60.6167993951567
227,138,19,27,91.3,177.418344273973,118.925237378075,60.6167993951567
227,138,20,23,84.62,177.418344273973,118.925237378075,60.6167993951567
227,138,21,5,84.44,177.418344273973,118.925237378075,60.6167993951567
227,138,22,4,83.32,177.418344273973,118.925237378075,60.6167993951567
228,138,0,4,79.02,171.956883344986,115.264367133407,58.7508351799476
228,138,1,10,75.17,171.956883344986,115.264367133407,58.7508351799476
228,138,2,50,68.41,171.956883344986,115.264367133407,58.7508351799476
228,138,3,355,69.52,171.956883344986,115.264367133407,58.7508351799476
228,138,4,702,69.83,171.956883344986,115.264367133407,58.7508351799476
228,138,5,704,74.57,171.956883344986,115.264367133407,58.7508351799476
228,138,6,646,81.25,171.956883344986,115.264367133407,58.7508351799476
228,138,7,644,92.13,171.956883344986,115.264367133407,58.7508351799476
228,138,8,616,94.95,171.956883344986,115.264367133407,58.7508351799476
228,138,9,545,94.56,171.956883344986,115.264367133407,58.7508351799476
228,138,10,528,94.65,171.956883344986,115.264367133407,58.7508351799476
228,138,11,533,97.15,171.956883344986,115.264367133407,58.7508351799476
228,138,12,543,98.33,171.956883344986,115.264367133407,58.7508351799476
228,138,13,557,104.98,171.956883344986,115.264367133407,58.7508351799476
228,138,14,555,114.93,171.956883344986,115.264367133407,58.7508351799476
228,138,15,534,124.07,171.956883344986,115.264367133407,58.7508351799476
228,138,16,490,130.23,171.956883344986,115.264367133407,58.7508351799476
228,138,17,377,119.97,171.956883344986,115.264367133407,58.7508351799476
228,138,18,205,102.93,171.956883344986,115.264367133407,58.7508351799476
228,138,19,78,88.37,171.956883344986,115.264367133407,58.7508351799476
228,138,20,27,85.12,171.956883344986,115.264367133407,58.7508351799476
228,138,21,15,84.07,171.956883344986,115.264367133407,58.7508351799476
228,138,22,8,74.81,171.956883344986,115.264367133407,58.7508351799476
228,138,23,7,97.09,171.956883344986,115.264367133407,58.7508351799476
229,138,0,10,59.55,76.2023570946684,51.0791792322105,26.0353178942569
229,138,1,16,49.52,76.2023570946684,51.0791792322105,26.0353178942569
229,138,2,72,50.85,76.2023570946684,51.0791792322105,26.0353178942569
229,138,3,946,54.1,76.2023570946684,51.0791792322105,26.0353178942569
229,138,4,4189,63.48,76.2023570946684,51.0791792322105,26.0353178942569
229,138,5,5530,63.78,76.2023570946684,51.0791792322105,26.0353178942569
229,138,6,4847,57.63,76.2023570946684,51.0791792322105,26.0353178942569
229,138,7,4792,71.36,76.2023570946684,51.0791792322105,26.0353178942569
229,138,8,4310,65.1,76.2023570946684,51.0791792322105,26.0353178942569
229,138,9,4223,65.69,76.2023570946684,51.0791792322105,26.0353178942569
229,138,10,3435,65.05,76.2023570946684,51.0791792322105,26.0353178942569
229,138,11,3538,64.86,76.2023570946684,51.0791792322105,26.0353178942569
229,138,12,3848,66.73,76.2023570946684,51.0791792322105,26.0353178942569
229,138,13,3840,68.89,76.2023570946684,51.0791792322105,26.0353178942569
229,138,14,3756,82.01,76.2023570946684,51.0791792322105,26.0353178942569
229,138,15,3432,92.14,76.2023570946684,51.0791792322105,26.0353178942569
229,138,16,3428,82.06,76.2023570946684,51.0791792322105,26.0353178942569
229,138,17,3223,98.95,76.2023570946684,51.0791792322105,26.0353178942569
229,138,18,2079,72.41,76.2023570946684,51.0791792322105,26.0353178942569
229,138,19,1058,62.75,76.2023570946684,51.0791792322105,26.0353178942569
229,138,20,347,60.17,76.2023570946684,51.0791792322105,26.0353178942569
229,138,21,94,59.36,76.2023570946684,51.0791792322105,26.0353178942569
229,138,22,52,51.68,76.2023570946684,51.0791792322105,26.0353178942569
229,138,23,26,53.05,76.2023570946684,51.0791792322105,26.0353178942569
230,138,0,92,64.75,90.2631152540394,60.5042418358649,30.8393203224062
230,138,1,152,61.79,90.2631152540394,60.5042418358649,30.8393203224062
230,138,2,715,63.09,90.2631152540394,60.5042418358649,30.8393203224062
230,138,3,5032,64.79,90.2631152540394,60.5042418358649,30.8393203224062
230,138,4,10180,75.15,90.2631152540394,60.5042418358649,30.8393203224062
230,138,5,11888,68.27,90.2631152540394,60.5042418358649,30.8393203224062
230,138,6,13813,72.95,90.2631152540394,60.5042418358649,30.8393203224062
230,138,7,16842,89.97,90.2631152540394,60.5042418358649,30.8393203224062
230,138,8,17135,94.33,90.2631152540394,60.5042418358649,30.8393203224062
230,138,9,17509,98.57,90.2631152540394,60.5042418358649,30.8393203224062
230,138,10,18633,92.8,90.2631152540394,60.5042418358649,30.8393203224062
230,138,11,21009,93.74,90.2631152540394,60.5042418358649,30.8393203224062
230,138,12,19344,101,90.2631152540394,60.5042418358649,30.8393203224062
230,138,13,17118,104.99,90.2631152540394,60.5042418358649,30.8393203224062
230,138,14,17594,106.28,90.2631152540394,60.5042418358649,30.8393203224062
230,138,15,16426,110.24,90.2631152540394,60.5042418358649,30.8393203224062
230,138,16,14621,110.29,90.2631152540394,60.5042418358649,30.8393203224062
230,138,17,9594,111.23,90.2631152540394,60.5042418358649,30.8393203224062
230,138,18,5043,100.35,90.2631152540394,60.5042418358649,30.8393203224062
230,138,19,2191,81.25,90.2631152540394,60.5042418358649,30.8393203224062
230,138,20,764,75.89,90.2631152540394,60.5042418358649,30.8393203224062
230,138,21,236,73.71,90.2631152540394,60.5042418358649,30.8393203224062
230,138,22,163,108.29,90.2631152540394,60.5042418358649,30.8393203224062
230,138,23,148,68.87,90.2631152540394,60.5042418358649,30.8393203224062
231,138,0,11,76.68,124.396608519289,83.3842535151771,42.5013788450609
231,138,1,9,68.06,124.396608519289,83.3842535151771,42.5013788450609
231,138,2,51,64.67,124.396608519289,83.3842535151771,42.5013788450609
231,138,3,612,65.8,124.396608519289,83.3842535151771,42.5013788450609
231,138,4,3282,67.87,124.396608519289,83.3842535151771,42.5013788450609
231,138,5,4838,69.53,124.396608519289,83.3842535151771,42.5013788450609
231,138,6,4340,72.19,124.396608519289,83.3842535151771,42.5013788450609
231,138,7,4567,78.42,124.396608519289,83.3842535151771,42.5013788450609
231,138,8,4136,82.14,124.396608519289,83.3842535151771,42.5013788450609
231,138,9,4118,82.5,124.396608519289,83.3842535151771,42.5013788450609
231,138,10,3564,86.26,124.396608519289,83.3842535151771,42.5013788450609
231,138,11,3876,96.96,124.396608519289,83.3842535151771,42.5013788450609
231,138,12,4374,91.48,124.396608519289,83.3842535151771,42.5013788450609
231,138,13,4389,95.36,124.396608519289,83.3842535151771,42.5013788450609
231,138,14,4607,110.56,124.396608519289,83.3842535151771,42.5013788450609
231,138,15,4569,114.17,124.396608519289,83.3842535151771,42.5013788450609
231,138,16,4356,125.14,124.396608519289,83.3842535151771,42.5013788450609
231,138,17,3401,116.15,124.396608519289,83.3842535151771,42.5013788450609
231,138,18,1830,101.83,124.396608519289,83.3842535151771,42.5013788450609
231,138,19,923,86.57,124.396608519289,83.3842535151771,42.5013788450609
231,138,20,303,78.88,124.396608519289,83.3842535151771,42.5013788450609
231,138,21,65,75.5,124.396608519289,83.3842535151771,42.5013788450609
231,138,22,25,69.04,124.396608519289,83.3842535151771,42.5013788450609
231,138,23,15,62.29,124.396608519289,83.3842535151771,42.5013788450609
232,138,0,6,47.7,109.537933957565,73.4243398060973,37.4247600835022
232,138,1,17,51.02,109.537933957565,73.4243398060973,37.4247600835022
232,138,2,47,52.94,109.537933957565,73.4243398060973,37.4247600835022
232,138,3,519,51.54,109.537933957565,73.4243398060973,37.4247600835022
232,138,4,1673,54,109.537933957565,73.4243398060973,37.4247600835022
232,138,5,1838,52.85,109.537933957565,73.4243398060973,37.4247600835022
232,138,6,1594,56.64,109.537933957565,73.4243398060973,37.4247600835022
232,138,7,1488,61.99,109.537933957565,73.4243398060973,37.4247600835022
232,138,8,1362,65.62,109.537933957565,73.4243398060973,37.4247600835022
232,138,9,1352,61.22,109.537933957565,73.4243398060973,37.4247600835022
232,138,10,1126,62.16,109.537933957565,73.4243398060973,37.4247600835022
232,138,11,1111,64.28,109.537933957565,73.4243398060973,37.4247600835022
232,138,12,1137,64.98,109.537933957565,73.4243398060973,37.4247600835022
232,138,13,1051,68.83,109.537933957565,73.4243398060973,37.4247600835022
232,138,14,1084,74.96,109.537933957565,73.4243398060973,37.4247600835022
232,138,15,1226,80.1,109.537933957565,73.4243398060973,37.4247600835022
232,138,16,1151,83.94,109.537933957565,73.4243398060973,37.4247600835022
232,138,17,970,82.86,109.537933957565,73.4243398060973,37.4247600835022
232,138,18,698,72.17,109.537933957565,73.4243398060973,37.4247600835022
232,138,19,358,61.41,109.537933957565,73.4243398060973,37.4247600835022
232,138,20,116,58.19,109.537933957565,73.4243398060973,37.4247600835022
232,138,21,53,52.36,109.537933957565,73.4243398060973,37.4247600835022
232,138,22,34,53.35,109.537933957565,73.4243398060973,37.4247600835022
232,138,23,11,53.68,109.537933957565,73.4243398060973,37.4247600835022
233,138,0,11,52.68,82.5111879003276,55.3080497259095,28.1907947302603
233,138,1,18,44,82.5111879003276,55.3080497259095,28.1907947302603
233,138,2,95,50.05,82.5111879003276,55.3080497259095,28.1907947302603
233,138,3,1293,70.39,82.5111879003276,55.3080497259095,28.1907947302603
233,138,4,4879,54.28,82.5111879003276,55.3080497259095,28.1907947302603
233,138,5,6055,53.8,82.5111879003276,55.3080497259095,28.1907947302603
233,138,6,5579,56.26,82.5111879003276,55.3080497259095,28.1907947302603
233,138,7,5792,60.71,82.5111879003276,55.3080497259095,28.1907947302603
233,138,8,5509,68.31,82.5111879003276,55.3080497259095,28.1907947302603
233,138,9,5159,64.58,82.5111879003276,55.3080497259095,28.1907947302603
233,138,10,4854,71.78,82.5111879003276,55.3080497259095,28.1907947302603
233,138,11,5118,73.74,82.5111879003276,55.3080497259095,28.1907947302603
233,138,12,5427,62.85,82.5111879003276,55.3080497259095,28.1907947302603
233,138,13,5269,70.69,82.5111879003276,55.3080497259095,28.1907947302603
233,138,14,5581,75.9,82.5111879003276,55.3080497259095,28.1907947302603
233,138,15,5321,74.48,82.5111879003276,55.3080497259095,28.1907947302603
233,138,16,5058,79.36,82.5111879003276,55.3080497259095,28.1907947302603
233,138,17,4107,79.57,82.5111879003276,55.3080497259095,28.1907947302603
233,138,18,2407,70.25,82.5111879003276,55.3080497259095,28.1907947302603
233,138,19,1249,59.96,82.5111879003276,55.3080497259095,28.1907947302603
233,138,20,399,56.06,82.5111879003276,55.3080497259095,28.1907947302603
233,138,21,107,53.13,82.5111879003276,55.3080497259095,28.1907947302603
233,138,22,51,107.61,82.5111879003276,55.3080497259095,28.1907947302603
233,138,23,31,49.16,82.5111879003276,55.3080497259095,28.1907947302603
234,138,0,9,59.03,101.178602569526,67.8209988792462,34.5687086650315
234,138,1,8,61.07,101.178602569526,67.8209988792462,34.5687086650315
234,138,2,40,58.14,101.178602569526,67.8209988792462,34.5687086650315
234,138,3,486,61.26,101.178602569526,67.8209988792462,34.5687086650315
234,138,4,2694,64.73,101.178602569526,67.8209988792462,34.5687086650315
234,138,5,4014,63,101.178602569526,67.8209988792462,34.5687086650315
234,138,6,3670,67.03,101.178602569526,67.8209988792462,34.5687086650315
234,138,7,3773,73.4,101.178602569526,67.8209988792462,34.5687086650315
234,138,8,3346,79.02,101.178602569526,67.8209988792462,34.5687086650315
234,138,9,3525,87.37,101.178602569526,67.8209988792462,34.5687086650315
234,138,10,3105,78.62,101.178602569526,67.8209988792462,34.5687086650315
234,138,11,3991,77.5,101.178602569526,67.8209988792462,34.5687086650315
234,138,12,4797,88.68,101.178602569526,67.8209988792462,34.5687086650315
234,138,13,5382,84.06,101.178602569526,67.8209988792462,34.5687086650315
234,138,14,5946,97.23,101.178602569526,67.8209988792462,34.5687086650315
234,138,15,5910,98.23,101.178602569526,67.8209988792462,34.5687086650315
234,138,16,5809,101.86,101.178602569526,67.8209988792462,34.5687086650315
234,138,17,4373,99.24,101.178602569526,67.8209988792462,34.5687086650315
234,138,18,2563,86.01,101.178602569526,67.8209988792462,34.5687086650315
234,138,19,1210,74.22,101.178602569526,67.8209988792462,34.5687086650315
234,138,20,382,67.89,101.178602569526,67.8209988792462,34.5687086650315
234,138,21,90,68.26,101.178602569526,67.8209988792462,34.5687086650315
234,138,22,37,74.12,101.178602569526,67.8209988792462,34.5687086650315
234,138,23,23,80.68,101.178602569526,67.8209988792462,34.5687086650315
235,138,0,3,48.26,86.9091997293948,58.2560797219269,29.6934206389342
235,138,1,2,50.09,86.9091997293948,58.2560797219269,29.6934206389342
235,138,2,61,50.73,86.9091997293948,58.2560797219269,29.6934206389342
235,138,3,313,52.23,86.9091997293948,58.2560797219269,29.6934206389342
235,138,4,482,54.16,86.9091997293948,58.2560797219269,29.6934206389342
235,138,5,388,52.32,86.9091997293948,58.2560797219269,29.6934206389342
235,138,6,272,57.13,86.9091997293948,58.2560797219269,29.6934206389342
235,138,7,253,62.24,86.9091997293948,58.2560797219269,29.6934206389342
235,138,8,230,65.6,86.9091997293948,58.2560797219269,29.6934206389342
235,138,9,220,62.47,86.9091997293948,58.2560797219269,29.6934206389342
235,138,10,187,59.55,86.9091997293948,58.2560797219269,29.6934206389342
235,138,11,313,57.72,86.9091997293948,58.2560797219269,29.6934206389342
235,138,12,279,60.16,86.9091997293948,58.2560797219269,29.6934206389342
235,138,13,229,59.51,86.9091997293948,58.2560797219269,29.6934206389342
235,138,14,199,63.91,86.9091997293948,58.2560797219269,29.6934206389342
235,138,15,202,70.4,86.9091997293948,58.2560797219269,29.6934206389342
235,138,16,158,67.01,86.9091997293948,58.2560797219269,29.6934206389342
235,138,17,153,64.73,86.9091997293948,58.2560797219269,29.6934206389342
235,138,18,140,63.8,86.9091997293948,58.2560797219269,29.6934206389342
235,138,19,70,57.66,86.9091997293948,58.2560797219269,29.6934206389342
235,138,20,157,48.77,86.9091997293948,58.2560797219269,29.6934206389342
235,138,21,163,57.03,86.9091997293948,58.2560797219269,29.6934206389342
235,138,22,14,52.49,86.9091997293948,58.2560797219269,29.6934206389342
235,138,23,4,71.92,86.9091997293948,58.2560797219269,29.6934206389342
236,138,0,7,46.33,66.7097869183005,44.7162173515083,22.7920838054708
236,138,1,5,47.03,66.7097869183005,44.7162173515083,22.7920838054708
236,138,2,37,49.11,66.7097869183005,44.7162173515083,22.7920838054708
236,138,3,541,50.44,66.7097869183005,44.7162173515083,22.7920838054708
236,138,4,3918,52.87,66.7097869183005,44.7162173515083,22.7920838054708
236,138,5,6558,52.6,66.7097869183005,44.7162173515083,22.7920838054708
236,138,6,5754,53.9,66.7097869183005,44.7162173515083,22.7920838054708
236,138,7,6109,59.5,66.7097869183005,44.7162173515083,22.7920838054708
236,138,8,5592,80.26,66.7097869183005,44.7162173515083,22.7920838054708
236,138,9,5215,60.42,66.7097869183005,44.7162173515083,22.7920838054708
236,138,10,3844,61.15,66.7097869183005,44.7162173515083,22.7920838054708
236,138,11,3801,62.95,66.7097869183005,44.7162173515083,22.7920838054708
236,138,12,4179,64.26,66.7097869183005,44.7162173515083,22.7920838054708
236,138,13,4300,74.33,66.7097869183005,44.7162173515083,22.7920838054708
236,138,14,4093,72.02,66.7097869183005,44.7162173515083,22.7920838054708
236,138,15,3787,83.82,66.7097869183005,44.7162173515083,22.7920838054708
236,138,16,3425,76.86,66.7097869183005,44.7162173515083,22.7920838054708
236,138,17,3069,73.39,66.7097869183005,44.7162173515083,22.7920838054708
236,138,18,1919,66.56,66.7097869183005,44.7162173515083,22.7920838054708
236,138,19,979,61.63,66.7097869183005,44.7162173515083,22.7920838054708
236,138,20,317,55.86,66.7097869183005,44.7162173515083,22.7920838054708
236,138,21,89,53.1,66.7097869183005,44.7162173515083,22.7920838054708
236,138,22,34,54.3,66.7097869183005,44.7162173515083,22.7920838054708
236,138,23,16,46.22,66.7097869183005,44.7162173515083,22.7920838054708
237,138,0,20,274.11,74.0516716813204,49.6375539349244,25.3005141353982
237,138,1,8,51.94,74.0516716813204,49.6375539349244,25.3005141353982
237,138,2,17,56.15,74.0516716813204,49.6375539349244,25.3005141353982
237,138,3,395,58.1,74.0516716813204,49.6375539349244,25.3005141353982
237,138,4,2463,60.48,74.0516716813204,49.6375539349244,25.3005141353982
237,138,5,4053,70.95,74.0516716813204,49.6375539349244,25.3005141353982
237,138,6,3924,64.04,74.0516716813204,49.6375539349244,25.3005141353982
237,138,7,4640,79.64,74.0516716813204,49.6375539349244,25.3005141353982
237,138,8,4318,74.08,74.0516716813204,49.6375539349244,25.3005141353982
237,138,9,4505,73.54,74.0516716813204,49.6375539349244,25.3005141353982
237,138,10,3735,97.55,74.0516716813204,49.6375539349244,25.3005141353982
237,138,11,3857,90.72,74.0516716813204,49.6375539349244,25.3005141353982
237,138,12,4546,86.51,74.0516716813204,49.6375539349244,25.3005141353982
237,138,13,4701,99.06,74.0516716813204,49.6375539349244,25.3005141353982
237,138,14,4228,83,74.0516716813204,49.6375539349244,25.3005141353982
237,138,15,3829,102.3,74.0516716813204,49.6375539349244,25.3005141353982
237,138,16,3468,90.88,74.0516716813204,49.6375539349244,25.3005141353982
237,138,17,2925,98.12,74.0516716813204,49.6375539349244,25.3005141353982
237,138,18,1752,98.15,74.0516716813204,49.6375539349244,25.3005141353982
237,138,19,839,71.21,74.0516716813204,49.6375539349244,25.3005141353982
237,138,20,332,63.48,74.0516716813204,49.6375539349244,25.3005141353982
237,138,21,62,65.74,74.0516716813204,49.6375539349244,25.3005141353982
237,138,22,30,68.23,74.0516716813204,49.6375539349244,25.3005141353982
237,138,23,19,56.92,74.0516716813204,49.6375539349244,25.3005141353982
238,138,0,8,52.43,80.9984509259493,54.2940474562754,27.6739526072613
238,138,1,10,58.11,80.9984509259493,54.2940474562754,27.6739526072613
238,138,2,64,57.04,80.9984509259493,54.2940474562754,27.6739526072613
238,138,3,904,58.48,80.9984509259493,54.2940474562754,27.6739526072613
238,138,4,3460,59.43,80.9984509259493,54.2940474562754,27.6739526072613
238,138,5,4880,60.77,80.9984509259493,54.2940474562754,27.6739526072613
238,138,6,4303,62.81,80.9984509259493,54.2940474562754,27.6739526072613
238,138,7,4550,71.03,80.9984509259493,54.2940474562754,27.6739526072613
238,138,8,3779,74.8,80.9984509259493,54.2940474562754,27.6739526072613
238,138,9,3601,81.14,80.9984509259493,54.2940474562754,27.6739526072613
238,138,10,2739,82.29,80.9984509259493,54.2940474562754,27.6739526072613
238,138,11,2662,71.75,80.9984509259493,54.2940474562754,27.6739526072613
238,138,12,2809,72.86,80.9984509259493,54.2940474562754,27.6739526072613
238,138,13,2595,73.6,80.9984509259493,54.2940474562754,27.6739526072613
238,138,14,2643,77.22,80.9984509259493,54.2940474562754,27.6739526072613
238,138,15,2376,83.13,80.9984509259493,54.2940474562754,27.6739526072613
238,138,16,2310,102.13,80.9984509259493,54.2940474562754,27.6739526072613
238,138,17,1983,80.21,80.9984509259493,54.2940474562754,27.6739526072613
238,138,18,1234,72.68,80.9984509259493,54.2940474562754,27.6739526072613
238,138,19,632,66.52,80.9984509259493,54.2940474562754,27.6739526072613
238,138,20,220,62.94,80.9984509259493,54.2940474562754,27.6739526072613
238,138,21,57,63.28,80.9984509259493,54.2940474562754,27.6739526072613
238,138,22,40,51.24,80.9984509259493,54.2940474562754,27.6739526072613
238,138,23,18,52.94,80.9984509259493,54.2940474562754,27.6739526072613
239,138,0,8,66.41,84.2817704328502,56.4948883746377,28.7957324362551
239,138,1,10,59.35,84.2817704328502,56.4948883746377,28.7957324362551
239,138,2,72,62.51,84.2817704328502,56.4948883746377,28.7957324362551
239,138,3,1036,62.65,84.2817704328502,56.4948883746377,28.7957324362551
239,138,4,4177,64.94,84.2817704328502,56.4948883746377,28.7957324362551
239,138,5,5721,65.3,84.2817704328502,56.4948883746377,28.7957324362551
239,138,6,5578,68.8,84.2817704328502,56.4948883746377,28.7957324362551
239,138,7,5696,76.71,84.2817704328502,56.4948883746377,28.7957324362551
239,138,8,5229,89.07,84.2817704328502,56.4948883746377,28.7957324362551
239,138,9,4826,86.06,84.2817704328502,56.4948883746377,28.7957324362551
239,138,10,4229,78.3,84.2817704328502,56.4948883746377,28.7957324362551
239,138,11,4197,80.34,84.2817704328502,56.4948883746377,28.7957324362551
239,138,12,4121,80.51,84.2817704328502,56.4948883746377,28.7957324362551
239,138,13,3764,91.68,84.2817704328502,56.4948883746377,28.7957324362551
239,138,14,3743,94.56,84.2817704328502,56.4948883746377,28.7957324362551
239,138,15,3190,100.22,84.2817704328502,56.4948883746377,28.7957324362551
239,138,16,2850,91.12,84.2817704328502,56.4948883746377,28.7957324362551
239,138,17,2378,86.95,84.2817704328502,56.4948883746377,28.7957324362551
239,138,18,1553,80.13,84.2817704328502,56.4948883746377,28.7957324362551
239,138,19,721,72.58,84.2817704328502,56.4948883746377,28.7957324362551
239,138,20,233,76.81,84.2817704328502,56.4948883746377,28.7957324362551
239,138,21,68,65.88,84.2817704328502,56.4948883746377,28.7957324362551
239,138,22,36,66.53,84.2817704328502,56.4948883746377,28.7957324362551
239,138,23,13,57.49,84.2817704328502,56.4948883746377,28.7957324362551
240,138,2,9,57.7,124.874092438848,83.704315618733,42.6645161299045
240,138,3,30,62.16,124.874092438848,83.704315618733,42.6645161299045
240,138,4,61,58.28,124.874092438848,83.704315618733,42.6645161299045
240,138,5,37,60.2,124.874092438848,83.704315618733,42.6645161299045
240,138,6,30,73.94,124.874092438848,83.704315618733,42.6645161299045
240,138,7,29,78.05,124.874092438848,83.704315618733,42.6645161299045
240,138,8,29,75.46,124.874092438848,83.704315618733,42.6645161299045
240,138,9,20,77.1,124.874092438848,83.704315618733,42.6645161299045
240,138,10,12,70.84,124.874092438848,83.704315618733,42.6645161299045
240,138,11,19,66.24,124.874092438848,83.704315618733,42.6645161299045
240,138,12,22,70.19,124.874092438848,83.704315618733,42.6645161299045
240,138,13,24,69.27,124.874092438848,83.704315618733,42.6645161299045
240,138,14,20,71.72,124.874092438848,83.704315618733,42.6645161299045
240,138,15,36,87.75,124.874092438848,83.704315618733,42.6645161299045
240,138,16,17,82.28,124.874092438848,83.704315618733,42.6645161299045
240,138,17,24,82.14,124.874092438848,83.704315618733,42.6645161299045
240,138,18,9,85.68,124.874092438848,83.704315618733,42.6645161299045
240,138,19,8,76.47,124.874092438848,83.704315618733,42.6645161299045
240,138,21,2,72.34,124.874092438848,83.704315618733,42.6645161299045
241,138,0,2,48.78,106.96020289089,71.6964616644333,36.5440517914552
241,138,1,8,55.4,106.96020289089,71.6964616644333,36.5440517914552
241,138,2,44,57.41,106.96020289089,71.6964616644333,36.5440517914552
241,138,3,306,57.77,106.96020289089,71.6964616644333,36.5440517914552
241,138,4,609,58.87,106.96020289089,71.6964616644333,36.5440517914552
241,138,5,434,57.78,106.96020289089,71.6964616644333,36.5440517914552
241,138,6,341,64.37,106.96020289089,71.6964616644333,36.5440517914552
241,138,7,336,70.55,106.96020289089,71.6964616644333,36.5440517914552
241,138,8,264,71.16,106.96020289089,71.6964616644333,36.5440517914552
241,138,9,245,67.8,106.96020289089,71.6964616644333,36.5440517914552
241,138,10,247,65.17,106.96020289089,71.6964616644333,36.5440517914552
241,138,11,229,65.42,106.96020289089,71.6964616644333,36.5440517914552
241,138,12,247,68.11,106.96020289089,71.6964616644333,36.5440517914552
241,138,13,229,69.88,106.96020289089,71.6964616644333,36.5440517914552
241,138,14,262,74.89,106.96020289089,71.6964616644333,36.5440517914552
241,138,15,233,81.89,106.96020289089,71.6964616644333,36.5440517914552
241,138,16,198,79.45,106.96020289089,71.6964616644333,36.5440517914552
241,138,17,167,82.51,106.96020289089,71.6964616644333,36.5440517914552
241,138,18,136,71.37,106.96020289089,71.6964616644333,36.5440517914552
241,138,19,56,58.41,106.96020289089,71.6964616644333,36.5440517914552
241,138,20,38,64.18,106.96020289089,71.6964616644333,36.5440517914552
241,138,21,22,62.58,106.96020289089,71.6964616644333,36.5440517914552
241,138,22,9,55.91,106.96020289089,71.6964616644333,36.5440517914552
241,138,23,2,72.04,106.96020289089,71.6964616644333,36.5440517914552
242,138,0,4,37.29,76.3731014533339,51.193630832288,26.0936544579276
242,138,1,7,42.63,76.3731014533339,51.193630832288,26.0936544579276
242,138,2,39,46.33,76.3731014533339,51.193630832288,26.0936544579276
242,138,3,460,45.41,76.3731014533339,51.193630832288,26.0936544579276
242,138,4,452,49.77,76.3731014533339,51.193630832288,26.0936544579276
242,138,5,397,51.23,76.3731014533339,51.193630832288,26.0936544579276
242,138,6,293,57.95,76.3731014533339,51.193630832288,26.0936544579276
242,138,7,302,59.62,76.3731014533339,51.193630832288,26.0936544579276
242,138,8,342,57.44,76.3731014533339,51.193630832288,26.0936544579276
242,138,9,269,60.34,76.3731014533339,51.193630832288,26.0936544579276
242,138,10,248,61.07,76.3731014533339,51.193630832288,26.0936544579276
242,138,11,285,57.23,76.3731014533339,51.193630832288,26.0936544579276
242,138,12,269,55.88,76.3731014533339,51.193630832288,26.0936544579276
242,138,13,267,59.81,76.3731014533339,51.193630832288,26.0936544579276
242,138,14,318,59.94,76.3731014533339,51.193630832288,26.0936544579276
242,138,15,330,62.36,76.3731014533339,51.193630832288,26.0936544579276
242,138,16,318,66.51,76.3731014533339,51.193630832288,26.0936544579276
242,138,17,212,62.29,76.3731014533339,51.193630832288,26.0936544579276
242,138,18,127,56.92,76.3731014533339,51.193630832288,26.0936544579276
242,138,19,90,49.3,76.3731014533339,51.193630832288,26.0936544579276
242,138,20,39,51.71,76.3731014533339,51.193630832288,26.0936544579276
242,138,21,14,43.75,76.3731014533339,51.193630832288,26.0936544579276
242,138,22,13,46.15,76.3731014533339,51.193630832288,26.0936544579276
243,138,0,8,52.58,97.2020672255758,65.1554886601263,33.2100845260318
243,138,1,11,44.63,97.2020672255758,65.1554886601263,33.2100845260318
243,138,2,120,52.14,97.2020672255758,65.1554886601263,33.2100845260318
243,138,3,897,52.82,97.2020672255758,65.1554886601263,33.2100845260318
243,138,4,2311,53.2,97.2020672255758,65.1554886601263,33.2100845260318
243,138,5,2157,54.2,97.2020672255758,65.1554886601263,33.2100845260318
243,138,6,1842,61.52,97.2020672255758,65.1554886601263,33.2100845260318
243,138,7,1803,65.74,97.2020672255758,65.1554886601263,33.2100845260318
243,138,8,1704,67.03,97.2020672255758,65.1554886601263,33.2100845260318
243,138,9,1574,61.77,97.2020672255758,65.1554886601263,33.2100845260318
243,138,10,1249,60.12,97.2020672255758,65.1554886601263,33.2100845260318
243,138,11,1366,59.76,97.2020672255758,65.1554886601263,33.2100845260318
243,138,12,1261,62.58,97.2020672255758,65.1554886601263,33.2100845260318
243,138,13,1072,62.75,97.2020672255758,65.1554886601263,33.2100845260318
243,138,14,1039,66.19,97.2020672255758,65.1554886601263,33.2100845260318
243,138,15,992,70.5,97.2020672255758,65.1554886601263,33.2100845260318
243,138,16,941,71.44,97.2020672255758,65.1554886601263,33.2100845260318
243,138,17,850,71.84,97.2020672255758,65.1554886601263,33.2100845260318
243,138,18,606,65.89,97.2020672255758,65.1554886601263,33.2100845260318
243,138,19,333,58.44,97.2020672255758,65.1554886601263,33.2100845260318
243,138,20,141,56.42,97.2020672255758,65.1554886601263,33.2100845260318
243,138,21,44,50.33,97.2020672255758,65.1554886601263,33.2100845260318
243,138,22,22,51.7,97.2020672255758,65.1554886601263,33.2100845260318
243,138,23,18,56.11,97.2020672255758,65.1554886601263,33.2100845260318
244,138,0,15,56.09,87.3908297667643,58.5789210084746,29.8579744875082
244,138,1,31,46.93,87.3908297667643,58.5789210084746,29.8579744875082
244,138,2,159,49.91,87.3908297667643,58.5789210084746,29.8579744875082
244,138,3,1316,50.53,87.3908297667643,58.5789210084746,29.8579744875082
244,138,4,3025,51.16,87.3908297667643,58.5789210084746,29.8579744875082
244,138,5,2681,51.45,87.3908297667643,58.5789210084746,29.8579744875082
244,138,6,2159,54.67,87.3908297667643,58.5789210084746,29.8579744875082
244,138,7,2213,61.08,87.3908297667643,58.5789210084746,29.8579744875082
244,138,8,2068,63.1,87.3908297667643,58.5789210084746,29.8579744875082
244,138,9,1895,59.34,87.3908297667643,58.5789210084746,29.8579744875082
244,138,10,1712,58.61,87.3908297667643,58.5789210084746,29.8579744875082
244,138,11,1869,58.84,87.3908297667643,58.5789210084746,29.8579744875082
244,138,12,1868,59.3,87.3908297667643,58.5789210084746,29.8579744875082
244,138,13,1768,61,87.3908297667643,58.5789210084746,29.8579744875082
244,138,14,1843,63.53,87.3908297667643,58.5789210084746,29.8579744875082
244,138,15,1858,68.84,87.3908297667643,58.5789210084746,29.8579744875082
244,138,16,1669,73.22,87.3908297667643,58.5789210084746,29.8579744875082
244,138,17,1448,72.77,87.3908297667643,58.5789210084746,29.8579744875082
244,138,18,917,64.24,87.3908297667643,58.5789210084746,29.8579744875082
244,138,19,517,57.16,87.3908297667643,58.5789210084746,29.8579744875082
244,138,20,213,51.57,87.3908297667643,58.5789210084746,29.8579744875082
244,138,21,102,50.07,87.3908297667643,58.5789210084746,29.8579744875082
244,138,22,38,48.34,87.3908297667643,58.5789210084746,29.8579744875082
244,138,23,25,46.26,87.3908297667643,58.5789210084746,29.8579744875082
245,138,2,7,98.79,240.843590547638,161.439795270751,82.2866861573857
245,138,3,21,91.55,240.843590547638,161.439795270751,82.2866861573857
245,138,4,31,101.75,240.843590547638,161.439795270751,82.2866861573857
245,138,5,27,109,240.843590547638,161.439795270751,82.2866861573857
245,138,6,31,130.19,240.843590547638,161.439795270751,82.2866861573857
245,138,7,18,156.41,240.843590547638,161.439795270751,82.2866861573857
245,138,8,23,136.77,240.843590547638,161.439795270751,82.2866861573857
245,138,9,19,137.89,240.843590547638,161.439795270751,82.2866861573857
245,138,10,16,150.69,240.843590547638,161.439795270751,82.2866861573857
245,138,11,9,131.89,240.843590547638,161.439795270751,82.2866861573857
245,138,12,16,154.92,240.843590547638,161.439795270751,82.2866861573857
245,138,13,12,146.82,240.843590547638,161.439795270751,82.2866861573857
245,138,14,12,164.55,240.843590547638,161.439795270751,82.2866861573857
245,138,15,14,144.9,240.843590547638,161.439795270751,82.2866861573857
245,138,16,9,153.65,240.843590547638,161.439795270751,82.2866861573857
245,138,17,8,149.57,240.843590547638,161.439795270751,82.2866861573857
245,138,18,5,137.02,240.843590547638,161.439795270751,82.2866861573857
245,138,20,4,126.59,240.843590547638,161.439795270751,82.2866861573857
246,138,0,6,73.95,107.291469432354,71.9185128409351,36.6572324074306
246,138,1,11,59.42,107.291469432354,71.9185128409351,36.6572324074306
246,138,2,57,124.12,107.291469432354,71.9185128409351,36.6572324074306
246,138,3,532,67.37,107.291469432354,71.9185128409351,36.6572324074306
246,138,4,1986,70.12,107.291469432354,71.9185128409351,36.6572324074306
246,138,5,2398,72.52,107.291469432354,71.9185128409351,36.6572324074306
246,138,6,2193,76.9,107.291469432354,71.9185128409351,36.6572324074306
246,138,7,2036,86.16,107.291469432354,71.9185128409351,36.6572324074306
246,138,8,1891,93.82,107.291469432354,71.9185128409351,36.6572324074306
246,138,9,1941,95.92,107.291469432354,71.9185128409351,36.6572324074306
246,138,10,2069,96.78,107.291469432354,71.9185128409351,36.6572324074306
246,138,11,2752,99.02,107.291469432354,71.9185128409351,36.6572324074306
246,138,12,3678,102.24,107.291469432354,71.9185128409351,36.6572324074306
246,138,13,4068,103.32,107.291469432354,71.9185128409351,36.6572324074306
246,138,14,4865,109.09,107.291469432354,71.9185128409351,36.6572324074306
246,138,15,5271,115.86,107.291469432354,71.9185128409351,36.6572324074306
246,138,16,5165,119.04,107.291469432354,71.9185128409351,36.6572324074306
246,138,17,3508,127.12,107.291469432354,71.9185128409351,36.6572324074306
246,138,18,1859,103.73,107.291469432354,71.9185128409351,36.6572324074306
246,138,19,738,88.23,107.291469432354,71.9185128409351,36.6572324074306
246,138,20,269,81.53,107.291469432354,71.9185128409351,36.6572324074306
246,138,21,64,83.6,107.291469432354,71.9185128409351,36.6572324074306
246,138,22,37,96.24,107.291469432354,71.9185128409351,36.6572324074306
246,138,23,22,80.2,107.291469432354,71.9185128409351,36.6572324074306
247,138,0,5,84.57,68.415551460198,45.8596078722935,23.3748757792923
247,138,1,4,42.09,68.415551460198,45.8596078722935,23.3748757792923
247,138,2,48,53.06,68.415551460198,45.8596078722935,23.3748757792923
247,138,3,342,47.8,68.415551460198,45.8596078722935,23.3748757792923
247,138,4,685,47.48,68.415551460198,45.8596078722935,23.3748757792923
247,138,5,509,47.41,68.415551460198,45.8596078722935,23.3748757792923
247,138,6,410,48.91,68.415551460198,45.8596078722935,23.3748757792923
247,138,7,335,53.59,68.415551460198,45.8596078722935,23.3748757792923
247,138,8,350,56.7,68.415551460198,45.8596078722935,23.3748757792923
247,138,9,281,53.95,68.415551460198,45.8596078722935,23.3748757792923
247,138,10,307,55.12,68.415551460198,45.8596078722935,23.3748757792923
247,138,11,404,53.98,68.415551460198,45.8596078722935,23.3748757792923
247,138,12,333,56.92,68.415551460198,45.8596078722935,23.3748757792923
247,138,13,330,55.32,68.415551460198,45.8596078722935,23.3748757792923
247,138,14,293,57.01,68.415551460198,45.8596078722935,23.3748757792923
247,138,15,369,68.95,68.415551460198,45.8596078722935,23.3748757792923
247,138,16,381,66.43,68.415551460198,45.8596078722935,23.3748757792923
247,138,17,291,63.88,68.415551460198,45.8596078722935,23.3748757792923
247,138,18,203,58.88,68.415551460198,45.8596078722935,23.3748757792923
247,138,19,111,53.18,68.415551460198,45.8596078722935,23.3748757792923
247,138,20,63,50.79,68.415551460198,45.8596078722935,23.3748757792923
247,138,21,30,47.73,68.415551460198,45.8596078722935,23.3748757792923
247,138,22,24,59.51,68.415551460198,45.8596078722935,23.3748757792923
247,138,23,10,58.94,68.415551460198,45.8596078722935,23.3748757792923
248,138,0,3,38.67,60.6922112920801,40.6825780301782,20.7361172926929
248,138,1,5,38.47,60.6922112920801,40.6825780301782,20.7361172926929
248,138,2,43,41.58,60.6922112920801,40.6825780301782,20.7361172926929
248,138,3,335,43.51,60.6922112920801,40.6825780301782,20.7361172926929
248,138,4,393,46.43,60.6922112920801,40.6825780301782,20.7361172926929
248,138,5,331,45.93,60.6922112920801,40.6825780301782,20.7361172926929
248,138,6,243,51.9,60.6922112920801,40.6825780301782,20.7361172926929
248,138,7,170,57.73,60.6922112920801,40.6825780301782,20.7361172926929
248,138,8,183,54.48,60.6922112920801,40.6825780301782,20.7361172926929
248,138,9,167,51.8,60.6922112920801,40.6825780301782,20.7361172926929
248,138,10,144,51.41,60.6922112920801,40.6825780301782,20.7361172926929
248,138,11,164,54.29,60.6922112920801,40.6825780301782,20.7361172926929
248,138,12,234,52.68,60.6922112920801,40.6825780301782,20.7361172926929
248,138,13,148,55.89,60.6922112920801,40.6825780301782,20.7361172926929
248,138,14,143,55.77,60.6922112920801,40.6825780301782,20.7361172926929
248,138,15,156,60.24,60.6922112920801,40.6825780301782,20.7361172926929
248,138,16,117,58.13,60.6922112920801,40.6825780301782,20.7361172926929
248,138,17,117,56.92,60.6922112920801,40.6825780301782,20.7361172926929
248,138,18,95,53.39,60.6922112920801,40.6825780301782,20.7361172926929
248,138,19,40,50.51,60.6922112920801,40.6825780301782,20.7361172926929
248,138,20,30,49.12,60.6922112920801,40.6825780301782,20.7361172926929
248,138,21,11,45.97,60.6922112920801,40.6825780301782,20.7361172926929
248,138,22,13,45.86,60.6922112920801,40.6825780301782,20.7361172926929
248,138,23,3,50.02,60.6922112920801,40.6825780301782,20.7361172926929
249,138,0,10,74.71,112.741291733358,75.5715816003553,38.5192201658617
249,138,1,8,55.82,112.741291733358,75.5715816003553,38.5192201658617
249,138,2,34,65.46,112.741291733358,75.5715816003553,38.5192201658617
249,138,3,483,67.02,112.741291733358,75.5715816003553,38.5192201658617
249,138,4,3109,68.6,112.741291733358,75.5715816003553,38.5192201658617
249,138,5,4340,67.84,112.741291733358,75.5715816003553,38.5192201658617
249,138,6,3468,71.77,112.741291733358,75.5715816003553,38.5192201658617
249,138,7,3234,78.07,112.741291733358,75.5715816003553,38.5192201658617
249,138,8,2696,81.62,112.741291733358,75.5715816003553,38.5192201658617
249,138,9,2446,82.28,112.741291733358,75.5715816003553,38.5192201658617
249,138,10,1997,85.25,112.741291733358,75.5715816003553,38.5192201658617
249,138,11,2123,86.71,112.741291733358,75.5715816003553,38.5192201658617
249,138,12,2376,90.35,112.741291733358,75.5715816003553,38.5192201658617
249,138,13,2413,94.12,112.741291733358,75.5715816003553,38.5192201658617
249,138,14,2541,101.11,112.741291733358,75.5715816003553,38.5192201658617
249,138,15,2265,107.63,112.741291733358,75.5715816003553,38.5192201658617
249,138,16,2213,110.02,112.741291733358,75.5715816003553,38.5192201658617
249,138,17,1901,106.83,112.741291733358,75.5715816003553,38.5192201658617
249,138,18,1277,94.57,112.741291733358,75.5715816003553,38.5192201658617
249,138,19,684,85.42,112.741291733358,75.5715816003553,38.5192201658617
249,138,20,203,76.07,112.741291733358,75.5715816003553,38.5192201658617
249,138,21,57,73.75,112.741291733358,75.5715816003553,38.5192201658617
249,138,22,26,206.4,112.741291733358,75.5715816003553,38.5192201658617
249,138,23,12,84.7,112.741291733358,75.5715816003553,38.5192201658617
250,138,1,3,39.08,61.9252021969697,41.5090637954978,21.1573812980786
250,138,2,37,43,61.9252021969697,41.5090637954978,21.1573812980786
250,138,3,228,43.01,61.9252021969697,41.5090637954978,21.1573812980786
250,138,4,353,45.49,61.9252021969697,41.5090637954978,21.1573812980786
250,138,5,275,44.49,61.9252021969697,41.5090637954978,21.1573812980786
250,138,6,176,55.72,61.9252021969697,41.5090637954978,21.1573812980786
250,138,7,202,55.92,61.9252021969697,41.5090637954978,21.1573812980786
250,138,8,177,54.21,61.9252021969697,41.5090637954978,21.1573812980786
250,138,9,197,52.12,61.9252021969697,41.5090637954978,21.1573812980786
250,138,10,177,51.88,61.9252021969697,41.5090637954978,21.1573812980786
250,138,11,222,50.65,61.9252021969697,41.5090637954978,21.1573812980786
250,138,12,193,55.31,61.9252021969697,41.5090637954978,21.1573812980786
250,138,13,166,54.3,61.9252021969697,41.5090637954978,21.1573812980786
250,138,14,134,53.59,61.9252021969697,41.5090637954978,21.1573812980786
250,138,15,173,54.6,61.9252021969697,41.5090637954978,21.1573812980786
250,138,16,131,55.85,61.9252021969697,41.5090637954978,21.1573812980786
250,138,17,149,55.67,61.9252021969697,41.5090637954978,21.1573812980786
250,138,18,92,52.23,61.9252021969697,41.5090637954978,21.1573812980786
250,138,19,50,45.22,61.9252021969697,41.5090637954978,21.1573812980786
250,138,20,22,49.24,61.9252021969697,41.5090637954978,21.1573812980786
250,138,21,11,41.98,61.9252021969697,41.5090637954978,21.1573812980786
250,138,22,2,57.18,61.9252021969697,41.5090637954978,21.1573812980786
250,138,23,7,53.04,61.9252021969697,41.5090637954978,21.1573812980786
251,138,2,4,87.24,263.663089709338,176.735926940559,90.0832024006365
251,138,3,17,95.18,263.663089709338,176.735926940559,90.0832024006365
251,138,4,18,103.01,263.663089709338,176.735926940559,90.0832024006365
251,138,5,53,110.97,263.663089709338,176.735926940559,90.0832024006365
251,138,6,14,135.04,263.663089709338,176.735926940559,90.0832024006365
251,138,7,13,153.76,263.663089709338,176.735926940559,90.0832024006365
251,138,8,11,138.43,263.663089709338,176.735926940559,90.0832024006365
251,138,9,14,134.55,263.663089709338,176.735926940559,90.0832024006365
251,138,10,16,120.83,263.663089709338,176.735926940559,90.0832024006365
251,138,11,14,124.19,263.663089709338,176.735926940559,90.0832024006365
251,138,12,9,126.95,263.663089709338,176.735926940559,90.0832024006365
251,138,13,14,128.99,263.663089709338,176.735926940559,90.0832024006365
251,138,14,11,149.2,263.663089709338,176.735926940559,90.0832024006365
251,138,15,7,161.29,263.663089709338,176.735926940559,90.0832024006365
251,138,16,16,155.34,263.663089709338,176.735926940559,90.0832024006365
251,138,17,5,155.28,263.663089709338,176.735926940559,90.0832024006365
251,138,18,2,143.05,263.663089709338,176.735926940559,90.0832024006365
252,138,0,8,28.52,48.3140119330365,32.3853509136057,16.5069783584363
252,138,2,24,29.32,48.3140119330365,32.3853509136057,16.5069783584363
252,138,3,256,36.08,48.3140119330365,32.3853509136057,16.5069783584363
252,138,4,955,33.6,48.3140119330365,32.3853509136057,16.5069783584363
252,138,5,966,33.47,48.3140119330365,32.3853509136057,16.5069783584363
252,138,6,671,38.01,48.3140119330365,32.3853509136057,16.5069783584363
252,138,7,636,41.51,48.3140119330365,32.3853509136057,16.5069783584363
252,138,8,522,40.85,48.3140119330365,32.3853509136057,16.5069783584363
252,138,9,543,37.72,48.3140119330365,32.3853509136057,16.5069783584363
252,138,10,445,34.88,48.3140119330365,32.3853509136057,16.5069783584363
252,138,11,433,37.8,48.3140119330365,32.3853509136057,16.5069783584363
252,138,12,451,36.25,48.3140119330365,32.3853509136057,16.5069783584363
252,138,13,451,34.86,48.3140119330365,32.3853509136057,16.5069783584363
252,138,14,432,36.27,48.3140119330365,32.3853509136057,16.5069783584363
252,138,15,442,37.19,48.3140119330365,32.3853509136057,16.5069783584363
252,138,16,414,36.13,48.3140119330365,32.3853509136057,16.5069783584363
252,138,17,428,35.37,48.3140119330365,32.3853509136057,16.5069783584363
252,138,18,310,35.28,48.3140119330365,32.3853509136057,16.5069783584363
252,138,19,114,33.54,48.3140119330365,32.3853509136057,16.5069783584363
252,138,20,67,29.17,48.3140119330365,32.3853509136057,16.5069783584363
252,138,21,36,31.92,48.3140119330365,32.3853509136057,16.5069783584363
252,138,22,17,31.24,48.3140119330365,32.3853509136057,16.5069783584363
252,138,23,8,19.69,48.3140119330365,32.3853509136057,16.5069783584363
253,138,0,2,15.37,31.4340869931025,21.0705734669974,10.7397786470625
253,138,3,3,18.69,31.4340869931025,21.0705734669974,10.7397786470625
253,138,4,7,28.75,31.4340869931025,21.0705734669974,10.7397786470625
253,138,5,10,19.42,31.4340869931025,21.0705734669974,10.7397786470625
253,138,6,32,17.84,31.4340869931025,21.0705734669974,10.7397786470625
253,138,7,8,21.05,31.4340869931025,21.0705734669974,10.7397786470625
253,138,8,4,17.74,31.4340869931025,21.0705734669974,10.7397786470625
253,138,9,13,19.36,31.4340869931025,21.0705734669974,10.7397786470625
253,138,10,10,19.33,31.4340869931025,21.0705734669974,10.7397786470625
253,138,11,8,30.17,31.4340869931025,21.0705734669974,10.7397786470625
253,138,12,14,21.28,31.4340869931025,21.0705734669974,10.7397786470625
253,138,13,24,21.38,31.4340869931025,21.0705734669974,10.7397786470625
253,138,14,18,21.18,31.4340869931025,21.0705734669974,10.7397786470625
253,138,15,20,25.76,31.4340869931025,21.0705734669974,10.7397786470625
253,138,16,26,28.8,31.4340869931025,21.0705734669974,10.7397786470625
253,138,17,33,26.87,31.4340869931025,21.0705734669974,10.7397786470625
253,138,18,22,23.6,31.4340869931025,21.0705734669974,10.7397786470625
253,138,19,9,22.48,31.4340869931025,21.0705734669974,10.7397786470625
253,138,20,5,26.61,31.4340869931025,21.0705734669974,10.7397786470625
253,138,21,3,20.9,31.4340869931025,21.0705734669974,10.7397786470625
253,138,23,3,40.88,31.4340869931025,21.0705734669974,10.7397786470625
254,138,0,7,50.91,112.177909689401,75.1939411506802,38.3267349046494
254,138,1,7,76.72,112.177909689401,75.1939411506802,38.3267349046494
254,138,2,80,57.99,112.177909689401,75.1939411506802,38.3267349046494
254,138,3,429,59.21,112.177909689401,75.1939411506802,38.3267349046494
254,138,4,776,59.08,112.177909689401,75.1939411506802,38.3267349046494
254,138,5,573,60.47,112.177909689401,75.1939411506802,38.3267349046494
254,138,6,393,70.28,112.177909689401,75.1939411506802,38.3267349046494
254,138,7,327,75.48,112.177909689401,75.1939411506802,38.3267349046494
254,138,8,367,69.99,112.177909689401,75.1939411506802,38.3267349046494
254,138,9,316,67.58,112.177909689401,75.1939411506802,38.3267349046494
254,138,10,320,67.6,112.177909689401,75.1939411506802,38.3267349046494
254,138,11,336,68.57,112.177909689401,75.1939411506802,38.3267349046494
254,138,12,424,66.84,112.177909689401,75.1939411506802,38.3267349046494
254,138,13,365,67.23,112.177909689401,75.1939411506802,38.3267349046494
254,138,14,327,70.62,112.177909689401,75.1939411506802,38.3267349046494
254,138,15,294,76.51,112.177909689401,75.1939411506802,38.3267349046494
254,138,16,232,76.17,112.177909689401,75.1939411506802,38.3267349046494
254,138,17,200,75.3,112.177909689401,75.1939411506802,38.3267349046494
254,138,18,166,70.94,112.177909689401,75.1939411506802,38.3267349046494
254,138,19,96,62.3,112.177909689401,75.1939411506802,38.3267349046494
254,138,20,60,62.81,112.177909689401,75.1939411506802,38.3267349046494
254,138,21,38,55.97,112.177909689401,75.1939411506802,38.3267349046494
254,138,22,14,64.67,112.177909689401,75.1939411506802,38.3267349046494
254,138,23,12,61.97,112.177909689401,75.1939411506802,38.3267349046494
255,138,0,17,48.11,90.9565641091202,60.9690673308695,31.0762442454157
255,138,1,12,48.96,90.9565641091202,60.9690673308695,31.0762442454157
255,138,2,43,51.29,90.9565641091202,60.9690673308695,31.0762442454157
255,138,3,671,51.65,90.9565641091202,60.9690673308695,31.0762442454157
255,138,4,4269,50.37,90.9565641091202,60.9690673308695,31.0762442454157
255,138,5,6430,49.21,90.9565641091202,60.9690673308695,31.0762442454157
255,138,6,5455,51.3,90.9565641091202,60.9690673308695,31.0762442454157
255,138,7,5463,55.23,90.9565641091202,60.9690673308695,31.0762442454157
255,138,8,5107,58.16,90.9565641091202,60.9690673308695,31.0762442454157
255,138,9,5011,55.63,90.9565641091202,60.9690673308695,31.0762442454157
255,138,10,4183,55.13,90.9565641091202,60.9690673308695,31.0762442454157
255,138,11,4170,57.76,90.9565641091202,60.9690673308695,31.0762442454157
255,138,12,4358,59.46,90.9565641091202,60.9690673308695,31.0762442454157
255,138,13,4224,60.53,90.9565641091202,60.9690673308695,31.0762442454157
255,138,14,4498,65.24,90.9565641091202,60.9690673308695,31.0762442454157
255,138,15,4236,67.23,90.9565641091202,60.9690673308695,31.0762442454157
255,138,16,3964,68.66,90.9565641091202,60.9690673308695,31.0762442454157
255,138,17,3614,70.26,90.9565641091202,60.9690673308695,31.0762442454157
255,138,18,2492,63.65,90.9565641091202,60.9690673308695,31.0762442454157
255,138,19,1297,55.81,90.9565641091202,60.9690673308695,31.0762442454157
255,138,20,412,51.2,90.9565641091202,60.9690673308695,31.0762442454157
255,138,21,120,48.32,90.9565641091202,60.9690673308695,31.0762442454157
255,138,22,49,45.9,90.9565641091202,60.9690673308695,31.0762442454157
255,138,23,28,46.26,90.9565641091202,60.9690673308695,31.0762442454157
256,138,0,8,41.02,98.2297844552869,65.844377489526,33.5612146721465
256,138,1,14,55.78,98.2297844552869,65.844377489526,33.5612146721465
256,138,2,56,53.35,98.2297844552869,65.844377489526,33.5612146721465
256,138,3,854,48.16,98.2297844552869,65.844377489526,33.5612146721465
256,138,4,3809,50.69,98.2297844552869,65.844377489526,33.5612146721465
256,138,5,5129,49.5,98.2297844552869,65.844377489526,33.5612146721465
256,138,6,3901,51.79,98.2297844552869,65.844377489526,33.5612146721465
256,138,7,3905,57.32,98.2297844552869,65.844377489526,33.5612146721465
256,138,8,3650,60.81,98.2297844552869,65.844377489526,33.5612146721465
256,138,9,3479,56.62,98.2297844552869,65.844377489526,33.5612146721465
256,138,10,3015,56.47,98.2297844552869,65.844377489526,33.5612146721465
256,138,11,3027,58.32,98.2297844552869,65.844377489526,33.5612146721465
256,138,12,2996,59.73,98.2297844552869,65.844377489526,33.5612146721465
256,138,13,2978,60.87,98.2297844552869,65.844377489526,33.5612146721465
256,138,14,3180,67,98.2297844552869,65.844377489526,33.5612146721465
256,138,15,2976,70.19,98.2297844552869,65.844377489526,33.5612146721465
256,138,16,2809,71.52,98.2297844552869,65.844377489526,33.5612146721465
256,138,17,2641,71.83,98.2297844552869,65.844377489526,33.5612146721465
256,138,18,1729,65.31,98.2297844552869,65.844377489526,33.5612146721465
256,138,19,925,57.14,98.2297844552869,65.844377489526,33.5612146721465
256,138,20,315,52.48,98.2297844552869,65.844377489526,33.5612146721465
256,138,21,105,48.46,98.2297844552869,65.844377489526,33.5612146721465
256,138,22,43,45.51,98.2297844552869,65.844377489526,33.5612146721465
256,138,23,31,47.47,98.2297844552869,65.844377489526,33.5612146721465
257,138,1,2,54.55,155.044405537386,103.927769183793,52.9725134470198
257,138,2,9,69.53,155.044405537386,103.927769183793,52.9725134470198
257,138,3,206,67.53,155.044405537386,103.927769183793,52.9725134470198
257,138,4,653,67.24,155.044405537386,103.927769183793,52.9725134470198
257,138,5,806,74.05,155.044405537386,103.927769183793,52.9725134470198
257,138,6,767,82.6,155.044405537386,103.927769183793,52.9725134470198
257,138,7,731,91.45,155.044405537386,103.927769183793,52.9725134470198
257,138,8,629,97.43,155.044405537386,103.927769183793,52.9725134470198
257,138,9,538,94.56,155.044405537386,103.927769183793,52.9725134470198
257,138,10,445,91.82,155.044405537386,103.927769183793,52.9725134470198
257,138,11,379,91.71,155.044405537386,103.927769183793,52.9725134470198
257,138,12,394,94.65,155.044405537386,103.927769183793,52.9725134470198
257,138,13,328,95.97,155.044405537386,103.927769183793,52.9725134470198
257,138,14,361,101.8,155.044405537386,103.927769183793,52.9725134470198
257,138,15,325,111.18,155.044405537386,103.927769183793,52.9725134470198
257,138,16,247,114.51,155.044405537386,103.927769183793,52.9725134470198
257,138,17,213,113.45,155.044405537386,103.927769183793,52.9725134470198
257,138,18,108,99.32,155.044405537386,103.927769183793,52.9725134470198
257,138,19,36,88.19,155.044405537386,103.927769183793,52.9725134470198
257,138,20,19,78.01,155.044405537386,103.927769183793,52.9725134470198
257,138,21,4,70.23,155.044405537386,103.927769183793,52.9725134470198
257,138,22,5,77.15,155.044405537386,103.927769183793,52.9725134470198
258,138,0,7,52.19,94.5717257199772,63.3923452308557,32.3114013372212
258,138,1,2,39.58,94.5717257199772,63.3923452308557,32.3114013372212
258,138,2,106,42.38,94.5717257199772,63.3923452308557,32.3114013372212
258,138,3,524,45.87,94.5717257199772,63.3923452308557,32.3114013372212
258,138,4,652,47.11,94.5717257199772,63.3923452308557,32.3114013372212
258,138,5,453,48.11,94.5717257199772,63.3923452308557,32.3114013372212
258,138,6,376,52.31,94.5717257199772,63.3923452308557,32.3114013372212
258,138,7,393,59.52,94.5717257199772,63.3923452308557,32.3114013372212
258,138,8,352,60.39,94.5717257199772,63.3923452308557,32.3114013372212
258,138,9,336,53.33,94.5717257199772,63.3923452308557,32.3114013372212
258,138,10,254,52.08,94.5717257199772,63.3923452308557,32.3114013372212
258,138,11,582,50.86,94.5717257199772,63.3923452308557,32.3114013372212
258,138,12,317,52.08,94.5717257199772,63.3923452308557,32.3114013372212
258,138,13,298,54.96,94.5717257199772,63.3923452308557,32.3114013372212
258,138,14,255,58.7,94.5717257199772,63.3923452308557,32.3114013372212
258,138,15,226,60.62,94.5717257199772,63.3923452308557,32.3114013372212
258,138,16,175,57.62,94.5717257199772,63.3923452308557,32.3114013372212
258,138,17,196,57.56,94.5717257199772,63.3923452308557,32.3114013372212
258,138,18,122,54.07,94.5717257199772,63.3923452308557,32.3114013372212
258,138,19,89,51.39,94.5717257199772,63.3923452308557,32.3114013372212
258,138,20,55,54.02,94.5717257199772,63.3923452308557,32.3114013372212
258,138,21,43,50.6,94.5717257199772,63.3923452308557,32.3114013372212
258,138,22,12,56.55,94.5717257199772,63.3923452308557,32.3114013372212
258,138,23,5,43.66,94.5717257199772,63.3923452308557,32.3114013372212
259,138,0,2,61.21,129.42580469892,86.7553725047668,44.219655369324
259,138,1,4,57.33,129.42580469892,86.7553725047668,44.219655369324
259,138,2,70,69.79,129.42580469892,86.7553725047668,44.219655369324
259,138,3,403,62.01,129.42580469892,86.7553725047668,44.219655369324
259,138,4,696,63.82,129.42580469892,86.7553725047668,44.219655369324
259,138,5,532,66.52,129.42580469892,86.7553725047668,44.219655369324
259,138,6,321,73.64,129.42580469892,86.7553725047668,44.219655369324
259,138,7,330,79.59,129.42580469892,86.7553725047668,44.219655369324
259,138,8,323,75.25,129.42580469892,86.7553725047668,44.219655369324
259,138,9,254,68.97,129.42580469892,86.7553725047668,44.219655369324
259,138,10,275,69,129.42580469892,86.7553725047668,44.219655369324
259,138,11,322,71.02,129.42580469892,86.7553725047668,44.219655369324
259,138,12,253,70.12,129.42580469892,86.7553725047668,44.219655369324
259,138,13,222,74.75,129.42580469892,86.7553725047668,44.219655369324
259,138,14,221,76.28,129.42580469892,86.7553725047668,44.219655369324
259,138,15,217,79.32,129.42580469892,86.7553725047668,44.219655369324
259,138,16,195,82.74,129.42580469892,86.7553725047668,44.219655369324
259,138,17,173,82.47,129.42580469892,86.7553725047668,44.219655369324
259,138,18,131,75.79,129.42580469892,86.7553725047668,44.219655369324
259,138,19,63,68.6,129.42580469892,86.7553725047668,44.219655369324
259,138,20,30,66.79,129.42580469892,86.7553725047668,44.219655369324
259,138,21,13,63.27,129.42580469892,86.7553725047668,44.219655369324
259,138,22,5,66.82,129.42580469892,86.7553725047668,44.219655369324
259,138,23,3,75.45,129.42580469892,86.7553725047668,44.219655369324
260,138,0,46,24.94,43.2471190307555,28.9889634451119,14.7758223617372
260,138,1,57,23.07,43.2471190307555,28.9889634451119,14.7758223617372
260,138,2,111,27.45,43.2471190307555,28.9889634451119,14.7758223617372
260,138,3,958,27.34,43.2471190307555,28.9889634451119,14.7758223617372
260,138,4,2235,28.04,43.2471190307555,28.9889634451119,14.7758223617372
260,138,5,1874,28.06,43.2471190307555,28.9889634451119,14.7758223617372
260,138,6,1680,28.64,43.2471190307555,28.9889634451119,14.7758223617372
260,138,7,1581,56.71,43.2471190307555,28.9889634451119,14.7758223617372
260,138,8,1595,91.31,43.2471190307555,28.9889634451119,14.7758223617372
260,138,9,1637,62.77,43.2471190307555,28.9889634451119,14.7758223617372
260,138,10,1612,59.4,43.2471190307555,28.9889634451119,14.7758223617372
260,138,11,1620,30.35,43.2471190307555,28.9889634451119,14.7758223617372
260,138,12,1576,31.89,43.2471190307555,28.9889634451119,14.7758223617372
260,138,13,1782,47.63,43.2471190307555,28.9889634451119,14.7758223617372
260,138,14,1405,52.31,43.2471190307555,28.9889634451119,14.7758223617372
260,138,15,1857,68.52,43.2471190307555,28.9889634451119,14.7758223617372
260,138,16,1754,32.27,43.2471190307555,28.9889634451119,14.7758223617372
260,138,17,1865,50.21,43.2471190307555,28.9889634451119,14.7758223617372
260,138,18,1414,33.36,43.2471190307555,28.9889634451119,14.7758223617372
260,138,19,763,29.99,43.2471190307555,28.9889634451119,14.7758223617372
260,138,20,367,101.4,43.2471190307555,28.9889634451119,14.7758223617372
260,138,21,271,27.09,43.2471190307555,28.9889634451119,14.7758223617372
260,138,22,129,28.43,43.2471190307555,28.9889634451119,14.7758223617372
260,138,23,90,26.18,43.2471190307555,28.9889634451119,14.7758223617372
261,138,0,7,61.14,132.704537526637,88.9531389275744,45.3398681122695
261,138,1,7,76.99,132.704537526637,88.9531389275744,45.3398681122695
261,138,2,90,62.71,132.704537526637,88.9531389275744,45.3398681122695
261,138,3,864,67.65,132.704537526637,88.9531389275744,45.3398681122695
261,138,4,2154,70.46,132.704537526637,88.9531389275744,45.3398681122695
261,138,5,2661,81.53,132.704537526637,88.9531389275744,45.3398681122695
261,138,6,2494,91.8,132.704537526637,88.9531389275744,45.3398681122695
261,138,7,2729,79.5,132.704537526637,88.9531389275744,45.3398681122695
261,138,8,2494,84.55,132.704537526637,88.9531389275744,45.3398681122695
261,138,9,2610,83.44,132.704537526637,88.9531389275744,45.3398681122695
261,138,10,2621,86.07,132.704537526637,88.9531389275744,45.3398681122695
261,138,11,2940,88.5,132.704537526637,88.9531389275744,45.3398681122695
261,138,12,3293,106.58,132.704537526637,88.9531389275744,45.3398681122695
261,138,13,3412,96.58,132.704537526637,88.9531389275744,45.3398681122695
261,138,14,3901,109.5,132.704537526637,88.9531389275744,45.3398681122695
261,138,15,4269,115.18,132.704537526637,88.9531389275744,45.3398681122695
261,138,16,4188,119.66,132.704537526637,88.9531389275744,45.3398681122695
261,138,17,2839,136.51,132.704537526637,88.9531389275744,45.3398681122695
261,138,18,1526,102.62,132.704537526637,88.9531389275744,45.3398681122695
261,138,19,624,86.86,132.704537526637,88.9531389275744,45.3398681122695
261,138,20,174,77.56,132.704537526637,88.9531389275744,45.3398681122695
261,138,21,48,73.05,132.704537526637,88.9531389275744,45.3398681122695
261,138,22,32,63.64,132.704537526637,88.9531389275744,45.3398681122695
261,138,23,15,79.06,132.704537526637,88.9531389275744,45.3398681122695
262,138,0,8,40.26,58.1896636870126,39.0050960922169,19.8810962024332
262,138,1,9,41.07,58.1896636870126,39.0050960922169,19.8810962024332
262,138,2,65,45.73,58.1896636870126,39.0050960922169,19.8810962024332
262,138,3,763,46.04,58.1896636870126,39.0050960922169,19.8810962024332
262,138,4,3795,47.19,58.1896636870126,39.0050960922169,19.8810962024332
262,138,5,5384,55.94,58.1896636870126,39.0050960922169,19.8810962024332
262,138,6,4272,47.5,58.1896636870126,39.0050960922169,19.8810962024332
262,138,7,4316,51.2,58.1896636870126,39.0050960922169,19.8810962024332
262,138,8,3939,53.86,58.1896636870126,39.0050960922169,19.8810962024332
262,138,9,3771,67.05,58.1896636870126,39.0050960922169,19.8810962024332
262,138,10,2702,63.31,58.1896636870126,39.0050960922169,19.8810962024332
262,138,11,2742,71.3,58.1896636870126,39.0050960922169,19.8810962024332
262,138,12,2891,53.19,58.1896636870126,39.0050960922169,19.8810962024332
262,138,13,2710,54.1,58.1896636870126,39.0050960922169,19.8810962024332
262,138,14,2587,55.63,58.1896636870126,39.0050960922169,19.8810962024332
262,138,15,2384,82.73,58.1896636870126,39.0050960922169,19.8810962024332
262,138,16,2306,80.59,58.1896636870126,39.0050960922169,19.8810962024332
262,138,17,2057,65.94,58.1896636870126,39.0050960922169,19.8810962024332
262,138,18,1412,58.19,58.1896636870126,39.0050960922169,19.8810962024332
262,138,19,779,52.74,58.1896636870126,39.0050960922169,19.8810962024332
262,138,20,249,48,58.1896636870126,39.0050960922169,19.8810962024332
262,138,21,67,44.82,58.1896636870126,39.0050960922169,19.8810962024332
262,138,22,31,41.19,58.1896636870126,39.0050960922169,19.8810962024332
262,138,23,12,41.36,58.1896636870126,39.0050960922169,19.8810962024332
263,138,0,16,41.51,61.8212858718663,41.4394076746442,21.1218772183936
263,138,1,12,40.18,61.8212858718663,41.4394076746442,21.1218772183936
263,138,2,52,52.68,61.8212858718663,41.4394076746442,21.1218772183936
263,138,3,1061,46.05,61.8212858718663,41.4394076746442,21.1218772183936
263,138,4,5459,47.37,61.8212858718663,41.4394076746442,21.1218772183936
263,138,5,7094,47.45,61.8212858718663,41.4394076746442,21.1218772183936
263,138,6,5857,48.2,61.8212858718663,41.4394076746442,21.1218772183936
263,138,7,5536,51.9,61.8212858718663,41.4394076746442,21.1218772183936
263,138,8,4877,54.74,61.8212858718663,41.4394076746442,21.1218772183936
263,138,9,4758,61.37,61.8212858718663,41.4394076746442,21.1218772183936
263,138,10,3372,52.78,61.8212858718663,41.4394076746442,21.1218772183936
263,138,11,3391,54.45,61.8212858718663,41.4394076746442,21.1218772183936
263,138,12,3721,65.3,61.8212858718663,41.4394076746442,21.1218772183936
263,138,13,3726,67.09,61.8212858718663,41.4394076746442,21.1218772183936
263,138,14,3703,58.33,61.8212858718663,41.4394076746442,21.1218772183936
263,138,15,3594,64.06,61.8212858718663,41.4394076746442,21.1218772183936
263,138,16,3562,69.61,61.8212858718663,41.4394076746442,21.1218772183936
263,138,17,3285,76.55,61.8212858718663,41.4394076746442,21.1218772183936
263,138,18,2307,79.86,61.8212858718663,41.4394076746442,21.1218772183936
263,138,19,1228,53.68,61.8212858718663,41.4394076746442,21.1218772183936
263,138,20,466,48.4,61.8212858718663,41.4394076746442,21.1218772183936
263,138,21,130,45.64,61.8212858718663,41.4394076746442,21.1218772183936
263,138,22,58,47.49,61.8212858718663,41.4394076746442,21.1218772183936
263,138,23,27,43.59,61.8212858718663,41.4394076746442,21.1218772183936
